row_id,task_type,source_module,source_artifact_path,source_artifact_hash,model_id,dataset_id,domain_id,seed,trajectory_id,state_index,prediction_horizon,extraction_timestamp,builder_version,config_hash,outcome_semantics,failure_definition,label_source,label_available_at_runtime,true_class,predicted_class,prediction_correct,prediction_error,ood_score,uncertainty_score,drift_score,fused_risk,stress_robust_fused_risk,signal_disagreement,ood_drift_redundancy,stress_robustness,fault_sensitivity,memory_similarity,temporal_failure_probability,early_warning_state,has_ood,has_uncertainty,has_drift,has_fused_risk,has_memory,has_temporal,has_early_warning,has_ground_truth,is_censored,eventual_failure,failure_event_index,failure_within_horizon,states_remaining_before_failure
67eb94a0f942639ca6c7f62e,AUXILIARY_SIMULATED_SEQUENCE,Module_12_CrossDomain,sklearn_fixture,a8f87e9c543290360692566b136efc8d5d1d5ec80dab71bf0b939a065c4ac0ec,rf_breast_cancer_v1,breast_cancer_wisconsin,classification_breast_cancer,42,sim_unit_0,0,5,2026-09-02T20:45:00Z,1.1.0,51e186f20a1e7e28,SAMPLE_PREDICTION_ERROR,prediction_error == 1 when model prediction != true target,model_prediction_versus_ground_truth,False,0,0,True,0,1.0,0.15,0.08,0.575,0.575,0.41817061908587827,,,,,,NORMAL,True,True,True,True,False,False,False,True,False,,,,
9cf0fb8a61bf915ead9fd24b,AUXILIARY_SIMULATED_SEQUENCE,Module_12_CrossDomain,sklearn_fixture,a8f87e9c543290360692566b136efc8d5d1d5ec80dab71bf0b939a065c4ac0ec,rf_breast_cancer_v1,breast_cancer_wisconsin,classification_breast_cancer,42,sim_unit_0,1,5,2026-09-02T20:45:00Z,1.1.0,51e186f20a1e7e28,SAMPLE_PREDICTION_ERROR,prediction_error == 1 when model prediction != true target,model_prediction_versus_ground_truth,False,0,0,True,0,1.0,0.15,0.08,0.575,0.575,0.41817061908587827,,,,,,NORMAL,True,True,True,True,False,False,False,True,False,,,,
d5920e2a60f2ed96e9e4ae47,AUXILIARY_SIMULATED_SEQUENCE,Module_12_CrossDomain,sklearn_fixture,a8f87e9c543290360692566b136efc8d5d1d5ec80dab71bf0b939a065c4ac0ec,rf_breast_cancer_v1,breast_cancer_wisconsin,classification_breast_cancer,42,sim_unit_0,2,5,2026-09-02T20:45:00Z,1.1.0,51e186f20a1e7e28,SAMPLE_PREDICTION_ERROR,prediction_error == 1 when model prediction != true target,model_prediction_versus_ground_truth,False,0,0,True,0,1.0,0.15,0.08,0.575,0.575,0.41817061908587827,,,,,,NORMAL,True,True,True,True,False,False,False,True,False,,,,
cac231bc95d9288d6ebcd36f,AUXILIARY_SIMULATED_SEQUENCE,Module_12_CrossDomain,sklearn_fixture,a8f87e9c543290360692566b136efc8d5d1d5ec80dab71bf0b939a065c4ac0ec,rf_breast_cancer_v1,breast_cancer_wisconsin,classification_breast_cancer,42,sim_unit_0,3,5,2026-09-02T20:45:00Z,1.1.0,51e186f20a1e7e28,SAMPLE_PREDICTION_ERROR,prediction_error == 1 when model prediction != true target,model_prediction_versus_ground_truth,False,0,0,True,0,0.7682311429530115,0.15,0.08,0.4591155714765058,0.4591155714765058,0.3092593036860448,,,,,,NORMAL,True,True,True,True,False,False,False,True,False,,,,
409753e4559f5f13b00100af,AUXILIARY_SIMULATED_SEQUENCE,Module_12_CrossDomain,sklearn_fixture,a8f87e9c543290360692566b136efc8d5d1d5ec80dab71bf0b939a065c4ac0ec,rf_breast_cancer_v1,breast_cancer_wisconsin,classification_breast_cancer,42,sim_unit_0,4,5,2026-09-02T20:45:00Z,1.1.0,51e186f20a1e7e28,SAMPLE_PREDICTION_ERROR,prediction_error == 1 when model prediction != true target,model_prediction_versus_ground_truth,False,0,0,True,0,1.0,0.15,0.08,0.575,0.575,0.41817061908587827,,,,,,NORMAL,True,True,True,True,False,False,False,True,False,,,,
470b72ffd2a12722649b804c,AUXILIARY_SIMULATED_SEQUENCE,Module_12_CrossDomain,sklearn_fixture,a8f87e9c543290360692566b136efc8d5d1d5ec80dab71bf0b939a065c4ac0ec,rf_breast_cancer_v1,breast_cancer_wisconsin,classification_breast_cancer,42,sim_unit_0,5,5,2026-09-02T20:45:00Z,1.1.0,51e186f20a1e7e28,SAMPLE_PREDICTION_ERROR,prediction_error == 1 when model prediction != true target,model_prediction_versus_ground_truth,False,0,0,True,0,0.47595452363587015,0.15,0.08,0.31297726181793506,0.31297726181793506,0.1725386707914734,,,,,,NORMAL,True,True,True,True,False,False,False,True,False,,,,
4b7af36825f7977a06f765d5,AUXILIARY_SIMULATED_SEQUENCE,Module_12_CrossDomain,sklearn_fixture,a8f87e9c543290360692566b136efc8d5d1d5ec80dab71bf0b939a065c4ac0ec,rf_breast_cancer_v1,breast_cancer_wisconsin,classification_breast_cancer,42,sim_unit_0,6,5,2026-09-02T20:45:00Z,1.1.0,51e186f20a1e7e28,SAMPLE_PREDICTION_ERROR,prediction_error == 1 when model prediction != true target,model_prediction_versus_ground_truth,False,0,0,True,0,1.0,0.15,0.08,0.575,0.575,0.41817061908587827,,,,,,NORMAL,True,True,True,True,False,False,False,True,False,,,,
562d4e43098c260bf40ee0fb,AUXILIARY_SIMULATED_SEQUENCE,Module_12_CrossDomain,sklearn_fixture,a8f87e9c543290360692566b136efc8d5d1d5ec80dab71bf0b939a065c4ac0ec,rf_breast_cancer_v1,breast_cancer_wisconsin,classification_breast_cancer,42,sim_unit_0,7,5,2026-09-02T20:45:00Z,1.1.0,51e186f20a1e7e28,SAMPLE_PREDICTION_ERROR,prediction_error == 1 when model prediction != true target,model_prediction_versus_ground_truth,False,0,0,True,0,0.11841225146150239,0.15,0.08,0.1342061257307512,0.1342061257307512,0.02862261522346165,,,,,,NORMAL,True,True,True,True,False,False,False,True,False,,,,
b70f38eb7a262bd09e35d8bc,AUXILIARY_SIMULATED_SEQUENCE,Module_12_CrossDomain,sklearn_fixture,a8f87e9c543290360692566b136efc8d5d1d5ec80dab71bf0b939a065c4ac0ec,rf_breast_cancer_v1,breast_cancer_wisconsin,classification_breast_cancer,42,sim_unit_0,8,5,2026-09-02T20:45:00Z,1.1.0,51e186f20a1e7e28,SAMPLE_PREDICTION_ERROR,prediction_error == 1 when model prediction != true target,model_prediction_versus_ground_truth,False,0,0,True,0,0.31988448419467785,0.15,0.08,0.23494224209733894,0.23494224209733894,0.10072255828508903,,,,,,NORMAL,True,True,True,True,False,False,False,True,False,,,,
a9693148b640af5360e44c1e,AUXILIARY_SIMULATED_SEQUENCE,Module_12_CrossDomain,sklearn_fixture,a8f87e9c543290360692566b136efc8d5d1d5ec80dab71bf0b939a065c4ac0ec,rf_breast_cancer_v1,breast_cancer_wisconsin,classification_breast_cancer,42,sim_unit_0,9,5,2026-09-02T20:45:00Z,1.1.0,51e186f20a1e7e28,SAMPLE_PREDICTION_ERROR,prediction_error == 1 when model prediction != true target,model_prediction_versus_ground_truth,False,0,0,True,0,0.47311688655512074,0.15,0.08,0.3115584432775604,0.3115584432775604,0.1712196149432608,,,,,,NORMAL,True,True,True,True,False,False,False,True,False,,,,
d32eae07c40fd9310d38fae0,AUXILIARY_SIMULATED_SEQUENCE,Module_12_CrossDomain,sklearn_fixture,a8f87e9c543290360692566b136efc8d5d1d5ec80dab71bf0b939a065c4ac0ec,rf_breast_cancer_v1,breast_cancer_wisconsin,classification_breast_cancer,42,sim_unit_0,10,5,2026-09-02T20:45:00Z,1.1.0,51e186f20a1e7e28,SAMPLE_PREDICTION_ERROR,prediction_error == 1 when model prediction != true target,model_prediction_versus_ground_truth,False,0,0,True,0,0.537081914191504,0.15,0.08,0.343540957095752,0.343540957095752,0.20101306883305103,,,,,,NORMAL,True,True,True,True,False,False,False,True,False,,,,
f5984fb70b9da3c05e411318,AUXILIARY_SIMULATED_SEQUENCE,Module_12_CrossDomain,sklearn_fixture,a8f87e9c543290360692566b136efc8d5d1d5ec80dab71bf0b939a065c4ac0ec,rf_breast_cancer_v1,breast_cancer_wisconsin,classification_breast_cancer,42,sim_unit_0,11,5,2026-09-02T20:45:00Z,1.1.0,51e186f20a1e7e28,SAMPLE_PREDICTION_ERROR,prediction_error == 1 when model prediction != true target,model_prediction_versus_ground_truth,False,0,0,True,0,0.4689786242535292,0.15,0.08,0.3094893121267646,0.3094893121267646,0.16929649627431828,,,,,,NORMAL,True,True,True,True,False,False,False,True,False,,,,
bbc89f12f064a7e2f94fd86d,AUXILIARY_SIMULATED_SEQUENCE,Module_12_CrossDomain,sklearn_fixture,a8f87e9c543290360692566b136efc8d5d1d5ec80dab71bf0b939a065c4ac0ec,rf_breast_cancer_v1,breast_cancer_wisconsin,classification_breast_cancer,42,sim_unit_0,12,5,2026-09-02T20:45:00Z,1.1.0,51e186f20a1e7e28,SAMPLE_PREDICTION_ERROR,prediction_error == 1 when model prediction != true target,model_prediction_versus_ground_truth,False,0,0,True,0,1.0,0.15,0.08,0.575,0.575,0.41817061908587827,,,,,,NORMAL,True,True,True,True,False,False,False,True,False,,,,
c132da91a606deecd66b605d,AUXILIARY_SIMULATED_SEQUENCE,Module_12_CrossDomain,sklearn_fixture,a8f87e9c543290360692566b136efc8d5d1d5ec80dab71bf0b939a065c4ac0ec,rf_breast_cancer_v1,breast_cancer_wisconsin,classification_breast_cancer,42,sim_unit_0,13,5,2026-09-02T20:45:00Z,1.1.0,51e186f20a1e7e28,SAMPLE_PREDICTION_ERROR,prediction_error == 1 when model prediction != true target,model_prediction_versus_ground_truth,False,0,0,True,0,0.48884208381877187,0.15,0.08,0.3194210419093859,0.3194210419093859,0.17853285015740047,,,,,,NORMAL,True,True,True,True,False,False,False,True,False,,,,
c71822b8a00ab2e323489801,AUXILIARY_SIMULATED_SEQUENCE,Module_12_CrossDomain,sklearn_fixture,a8f87e9c543290360692566b136efc8d5d1d5ec80dab71bf0b939a065c4ac0ec,rf_breast_cancer_v1,breast_cancer_wisconsin,classification_breast_cancer,42,sim_unit_0,14,5,2026-09-02T20:45:00Z,1.1.0,51e186f20a1e7e28,SAMPLE_PREDICTION_ERROR,prediction_error == 1 when model prediction != true target,model_prediction_versus_ground_truth,False,0,0,True,0,0.11273697730000462,0.15,0.08,0.1313684886500023,0.1313684886500023,0.02859728530915981,,,,,,NORMAL,True,True,True,True,False,False,False,True,False,,,,
1cc934874887603a6e43ff3c,AUXILIARY_SIMULATED_SEQUENCE,Module_12_CrossDomain,sklearn_fixture,a8f87e9c543290360692566b136efc8d5d1d5ec80dab71bf0b939a065c4ac0ec,rf_breast_cancer_v1,breast_cancer_wisconsin,classification_breast_cancer,42,sim_unit_0,15,5,2026-09-02T20:45:00Z,1.1.0,51e186f20a1e7e28,SAMPLE_PREDICTION_ERROR,prediction_error == 1 when model prediction != true target,model_prediction_versus_ground_truth,False,0,0,True,0,0.11711162624065971,0.15,0.08,0.13355581312032985,0.13355581312032985,0.028594711886330944,,,,,,NORMAL,True,True,True,True,False,False,False,True,False,,,,
8e70fead1455c641ffbafd0d,AUXILIARY_SIMULATED_SEQUENCE,Module_12_CrossDomain,sklearn_fixture,a8f87e9c543290360692566b136efc8d5d1d5ec80dab71bf0b939a065c4ac0ec,rf_breast_cancer_v1,breast_cancer_wisconsin,classification_breast_cancer,42,sim_unit_0,16,5,2026-09-02T20:45:00Z,1.1.0,51e186f20a1e7e28,SAMPLE_PREDICTION_ERROR,prediction_error == 1 when model prediction != true target,model_prediction_versus_ground_truth,False,0,0,True,0,0.15683854537114514,0.15,0.08,0.15341927268557257,0.15341927268557257,0.03472259552117922,,,,,,NORMAL,True,True,True,True,False,False,False,True,False,,,,
622d916bb282481837c304bd,AUXILIARY_SIMULATED_SEQUENCE,Module_12_CrossDomain,sklearn_fixture,a8f87e9c543290360692566b136efc8d5d1d5ec80dab71bf0b939a065c4ac0ec,rf_breast_cancer_v1,breast_cancer_wisconsin,classification_breast_cancer,42,sim_unit_0,17,5,2026-09-02T20:45:00Z,1.1.0,51e186f20a1e7e28,SAMPLE_PREDICTION_ERROR,prediction_error == 1 when model prediction != true target,model_prediction_versus_ground_truth,False,0,0,True,0,0.5682959220797422,0.15,0.08,0.3591479610398711,0.3591479610398711,0.21558818405784863,,,,,,NORMAL,True,True,True,True,False,False,False,True,False,,,,
bb4fbff437862e357896566f,AUXILIARY_SIMULATED_SEQUENCE,Module_12_CrossDomain,sklearn_fixture,a8f87e9c543290360692566b136efc8d5d1d5ec80dab71bf0b939a065c4ac0ec,rf_breast_cancer_v1,breast_cancer_wisconsin,classification_breast_cancer,42,sim_unit_0,18,5,2026-09-02T20:45:00Z,1.1.0,51e186f20a1e7e28,SAMPLE_PREDICTION_ERROR,prediction_error == 1 when model prediction != true target,model_prediction_versus_ground_truth,False,0,0,True,0,1.0,0.15,0.08,0.575,0.575,0.41817061908587827,,,,,,NORMAL,True,True,True,True,False,False,False,True,False,,,,
9c5c447e3c159f8d48434602,AUXILIARY_SIMULATED_SEQUENCE,Module_12_CrossDomain,sklearn_fixture,a8f87e9c543290360692566b136efc8d5d1d5ec80dab71bf0b939a065c4ac0ec,rf_breast_cancer_v1,breast_cancer_wisconsin,classification_breast_cancer,42,sim_unit_0,19,5,2026-09-02T20:45:00Z,1.1.0,51e186f20a1e7e28,SAMPLE_PREDICTION_ERROR,prediction_error == 1 when model prediction != true target,model_prediction_versus_ground_truth,False,1,1,True,0,0.16665208183423497,0.15,0.08,0.1583260409171175,0.1583260409171175,0.037543863406866454,,,,,,NORMAL,True,True,True,True,False,False,False,True,False,,,,
621852162e98b80ca9acd0d6,AUXILIARY_SIMULATED_SEQUENCE,Module_12_CrossDomain,sklearn_fixture,a8f87e9c543290360692566b136efc8d5d1d5ec80dab71bf0b939a065c4ac0ec,rf_breast_cancer_v1,breast_cancer_wisconsin,classification_breast_cancer,42,sim_unit_1,0,5,2026-09-02T20:45:00Z,1.1.0,51e186f20a1e7e28,SAMPLE_PREDICTION_ERROR,prediction_error == 1 when model prediction != true target,model_prediction_versus_ground_truth,False,1,1,True,0,0.2971833875486863,0.15,0.08,0.22359169377434313,0.22359169377434313,0.09051186134512343,,,,,,NORMAL,True,True,True,True,False,False,False,True,False,,,,
e2e7e7268a37afcb162a3f15,AUXILIARY_SIMULATED_SEQUENCE,Module_12_CrossDomain,sklearn_fixture,a8f87e9c543290360692566b136efc8d5d1d5ec80dab71bf0b939a065c4ac0ec,rf_breast_cancer_v1,breast_cancer_wisconsin,classification_breast_cancer,42,sim_unit_1,1,5,2026-09-02T20:45:00Z,1.1.0,51e186f20a1e7e28,SAMPLE_PREDICTION_ERROR,prediction_error == 1 when model prediction != true target,model_prediction_versus_ground_truth,False,1,1,True,0,1.0,0.15,0.08,0.575,0.575,0.41817061908587827,,,,,,NORMAL,True,True,True,True,False,False,False,True,False,,,,
dbd6331df5edaa22a38cc72e,AUXILIARY_SIMULATED_SEQUENCE,Module_12_CrossDomain,sklearn_fixture,a8f87e9c543290360692566b136efc8d5d1d5ec80dab71bf0b939a065c4ac0ec,rf_breast_cancer_v1,breast_cancer_wisconsin,classification_breast_cancer,42,sim_unit_1,2,5,2026-09-02T20:45:00Z,1.1.0,51e186f20a1e7e28,SAMPLE_PREDICTION_ERROR,prediction_error == 1 when model prediction != true target,model_prediction_versus_ground_truth,False,0,0,True,0,0.34412259270057566,0.15,0.08,0.24706129635028784,0.24706129635028784,0.1117260165522326,,,,,,NORMAL,True,True,True,True,False,False,False,True,False,,,,
2088c51f679c786c8c4a6741,AUXILIARY_SIMULATED_SEQUENCE,Module_12_CrossDomain,sklearn_fixture,a8f87e9c543290360692566b136efc8d5d1d5ec80dab71bf0b939a065c4ac0ec,rf_breast_cancer_v1,breast_cancer_wisconsin,classification_breast_cancer,42,sim_unit_1,3,5,2026-09-02T20:45:00Z,1.1.0,51e186f20a1e7e28,SAMPLE_PREDICTION_ERROR,prediction_error == 1 when model prediction != true target,model_prediction_versus_ground_truth,False,0,0,True,0,1.0,0.15,0.08,0.575,0.575,0.41817061908587827,,,,,,NORMAL,True,True,True,True,False,False,False,True,False,,,,
2bcd56cf2e2d3701bba9fa96,AUXILIARY_SIMULATED_SEQUENCE,Module_12_CrossDomain,sklearn_fixture,a8f87e9c543290360692566b136efc8d5d1d5ec80dab71bf0b939a065c4ac0ec,rf_breast_cancer_v1,breast_cancer_wisconsin,classification_breast_cancer,42,sim_unit_1,4,5,2026-09-02T20:45:00Z,1.1.0,51e186f20a1e7e28,SAMPLE_PREDICTION_ERROR,prediction_error == 1 when model prediction != true target,model_prediction_versus_ground_truth,False,0,0,True,0,0.7158530502786873,0.15,0.08,0.43292652513934365,0.43292652513934365,0.2846828207864569,,,,,,NORMAL,True,True,True,True,False,False,False,True,False,,,,
28e125fd86155b80f957a069,AUXILIARY_SIMULATED_SEQUENCE,Module_12_CrossDomain,sklearn_fixture,a8f87e9c543290360692566b136efc8d5d1d5ec80dab71bf0b939a065c4ac0ec,rf_breast_cancer_v1,breast_cancer_wisconsin,classification_breast_cancer,42,sim_unit_1,5,5,2026-09-02T20:45:00Z,1.1.0,51e186f20a1e7e28,SAMPLE_PREDICTION_ERROR,prediction_error == 1 when model prediction != true target,model_prediction_versus_ground_truth,False,0,0,True,0,0.8548972672353863,0.15,0.08,0.5024486336176931,0.5024486336176931,0.3499596694421905,,,,,,NORMAL,True,True,True,True,False,False,False,True,False,,,,
2cfab018001d45be23ef31df,AUXILIARY_SIMULATED_SEQUENCE,Module_12_CrossDomain,sklearn_fixture,a8f87e9c543290360692566b136efc8d5d1d5ec80dab71bf0b939a065c4ac0ec,rf_breast_cancer_v1,breast_cancer_wisconsin,classification_breast_cancer,42,sim_unit_1,6,5,2026-09-02T20:45:00Z,1.1.0,51e186f20a1e7e28,SAMPLE_PREDICTION_ERROR,prediction_error == 1 when model prediction != true target,model_prediction_versus_ground_truth,False,0,0,True,0,0.12846217456365577,0.15,0.08,0.13923108728182787,0.13923108728182787,0.029273538084694777,,,,,,NORMAL,True,True,True,True,False,False,False,True,False,,,,
131cfc1266f39eebcba8c627,AUXILIARY_SIMULATED_SEQUENCE,Module_12_CrossDomain,sklearn_fixture,a8f87e9c543290360692566b136efc8d5d1d5ec80dab71bf0b939a065c4ac0ec,rf_breast_cancer_v1,breast_cancer_wisconsin,classification_breast_cancer,42,sim_unit_1,7,5,2026-09-02T20:45:00Z,1.1.0,51e186f20a1e7e28,SAMPLE_PREDICTION_ERROR,prediction_error == 1 when model prediction != true target,model_prediction_versus_ground_truth,False,0,0,True,0,1.0,0.15,0.08,0.575,0.575,0.41817061908587827,,,,,,NORMAL,True,True,True,True,False,False,False,True,False,,,,
9cc3a2fbd46cdf0188a3d1a8,AUXILIARY_SIMULATED_SEQUENCE,Module_12_CrossDomain,sklearn_fixture,a8f87e9c543290360692566b136efc8d5d1d5ec80dab71bf0b939a065c4ac0ec,rf_breast_cancer_v1,breast_cancer_wisconsin,classification_breast_cancer,42,sim_unit_1,8,5,2026-09-02T20:45:00Z,1.1.0,51e186f20a1e7e28,SAMPLE_PREDICTION_ERROR,prediction_error == 1 when model prediction != true target,model_prediction_versus_ground_truth,False,0,0,True,0,0.3327720443775801,0.15,0.08,0.24138602218879007,0.24138602218879007,0.10656209802780174,,,,,,NORMAL,True,True,True,True,False,False,False,True,False,,,,
79d841ed474aeb5ca932c4aa,AUXILIARY_SIMULATED_SEQUENCE,Module_12_CrossDomain,sklearn_fixture,a8f87e9c543290360692566b136efc8d5d1d5ec80dab71bf0b939a065c4ac0ec,rf_breast_cancer_v1,breast_cancer_wisconsin,classification_breast_cancer,42,sim_unit_1,9,5,2026-09-02T20:45:00Z,1.1.0,51e186f20a1e7e28,SAMPLE_PREDICTION_ERROR,prediction_error == 1 when model prediction != true target,model_prediction_versus_ground_truth,False,0,0,True,0,0.9769156617075909,0.15,0.08,0.5634578308537954,0.5634578308537954,0.4073146771223651,,,,,,NORMAL,True,True,True,True,False,False,False,True,False,,,,
7cd203c31981788b7805c90c,AUXILIARY_SIMULATED_SEQUENCE,Module_12_CrossDomain,sklearn_fixture,a8f87e9c543290360692566b136efc8d5d1d5ec80dab71bf0b939a065c4ac0ec,rf_breast_cancer_v1,breast_cancer_wisconsin,classification_breast_cancer,42,sim_unit_1,10,5,2026-09-02T20:45:00Z,1.1.0,51e186f20a1e7e28,SAMPLE_PREDICTION_ERROR,prediction_error == 1 when model prediction != true target,model_prediction_versus_ground_truth,False,0,0,True,0,1.0,0.15,0.08,0.575,0.575,0.41817061908587827,,,,,,NORMAL,True,True,True,True,False,False,False,True,False,,,,
49611660a5cb5aa90e3a4ec7,AUXILIARY_SIMULATED_SEQUENCE,Module_12_CrossDomain,sklearn_fixture,a8f87e9c543290360692566b136efc8d5d1d5ec80dab71bf0b939a065c4ac0ec,rf_breast_cancer_v1,breast_cancer_wisconsin,classification_breast_cancer,42,sim_unit_1,11,5,2026-09-02T20:45:00Z,1.1.0,51e186f20a1e7e28,SAMPLE_PREDICTION_ERROR,prediction_error == 1 when model prediction != true target,model_prediction_versus_ground_truth,False,0,0,True,0,0.6490503855615557,0.15,0.08,0.39952519278077786,0.39952519278077786,0.25337052986505587,,,,,,NORMAL,True,True,True,True,False,False,False,True,False,,,,
0af03467954960da57deb64b,AUXILIARY_SIMULATED_SEQUENCE,Module_12_CrossDomain,sklearn_fixture,a8f87e9c543290360692566b136efc8d5d1d5ec80dab71bf0b939a065c4ac0ec,rf_breast_cancer_v1,breast_cancer_wisconsin,classification_breast_cancer,42,sim_unit_1,12,5,2026-09-02T20:45:00Z,1.1.0,51e186f20a1e7e28,SAMPLE_PREDICTION_ERROR,prediction_error == 1 when model prediction != true target,model_prediction_versus_ground_truth,False,0,0,True,0,0.8208456222663987,0.15,0.08,0.48542281113319935,0.48542281113319935,0.3339637513505652,,,,,,NORMAL,True,True,True,True,False,False,False,True,False,,,,
5d2a40cffeecbfc884245e59,AUXILIARY_SIMULATED_SEQUENCE,Module_12_CrossDomain,sklearn_fixture,a8f87e9c543290360692566b136efc8d5d1d5ec80dab71bf0b939a065c4ac0ec,rf_breast_cancer_v1,breast_cancer_wisconsin,classification_breast_cancer,42,sim_unit_1,13,5,2026-09-02T20:45:00Z,1.1.0,51e186f20a1e7e28,SAMPLE_PREDICTION_ERROR,prediction_error == 1 when model prediction != true target,model_prediction_versus_ground_truth,False,0,0,True,0,1.0,0.15,0.08,0.575,0.575,0.41817061908587827,,,,,,NORMAL,True,True,True,True,False,False,False,True,False,,,,
a18148d0962983bf53889e1a,AUXILIARY_SIMULATED_SEQUENCE,Module_12_CrossDomain,sklearn_fixture,a8f87e9c543290360692566b136efc8d5d1d5ec80dab71bf0b939a065c4ac0ec,rf_breast_cancer_v1,breast_cancer_wisconsin,classification_breast_cancer,42,sim_unit_1,14,5,2026-09-02T20:45:00Z,1.1.0,51e186f20a1e7e28,SAMPLE_PREDICTION_ERROR,prediction_error == 1 when model prediction != true target,model_prediction_versus_ground_truth,False,0,0,True,0,0.5682959220797422,0.15,0.08,0.3591479610398711,0.3591479610398711,0.21558818405784863,,,,,,NORMAL,True,True,True,True,False,False,False,True,False,,,,
12b1e3cc401d315db9869b77,AUXILIARY_SIMULATED_SEQUENCE,Module_12_CrossDomain,sklearn_fixture,a8f87e9c543290360692566b136efc8d5d1d5ec80dab71bf0b939a065c4ac0ec,rf_breast_cancer_v1,breast_cancer_wisconsin,classification_breast_cancer,42,sim_unit_1,15,5,2026-09-02T20:45:00Z,1.1.0,51e186f20a1e7e28,SAMPLE_PREDICTION_ERROR,prediction_error == 1 when model prediction != true target,model_prediction_versus_ground_truth,False,0,0,True,0,0.7413917840054278,0.15,0.08,0.4456958920027139,0.4456958920027139,0.29666354570249837,,,,,,NORMAL,True,True,True,True,False,False,False,True,False,,,,
1cfe2f381f92163bd28fbd5e,AUXILIARY_SIMULATED_SEQUENCE,Module_12_CrossDomain,sklearn_fixture,a8f87e9c543290360692566b136efc8d5d1d5ec80dab71bf0b939a065c4ac0ec,rf_breast_cancer_v1,breast_cancer_wisconsin,classification_breast_cancer,42,sim_unit_1,16,5,2026-09-02T20:45:00Z,1.1.0,51e186f20a1e7e28,SAMPLE_PREDICTION_ERROR,prediction_error == 1 when model prediction != true target,model_prediction_versus_ground_truth,False,0,0,True,0,0.0348201508989405,0.15,0.08,0.09241007544947025,0.09241007544947025,0.04738449864171163,,,,,,NORMAL,True,True,True,True,False,False,False,True,False,,,,
1b4e4e746f8c41c76780dc31,AUXILIARY_SIMULATED_SEQUENCE,Module_12_CrossDomain,sklearn_fixture,a8f87e9c543290360692566b136efc8d5d1d5ec80dab71bf0b939a065c4ac0ec,rf_breast_cancer_v1,breast_cancer_wisconsin,classification_breast_cancer,42,sim_unit_1,17,5,2026-09-02T20:45:00Z,1.1.0,51e186f20a1e7e28,SAMPLE_PREDICTION_ERROR,prediction_error == 1 when model prediction != true target,model_prediction_versus_ground_truth,False,1,1,True,0,0.3113715729524312,0.15,0.08,0.23068578647621557,0.23068578647621557,0.0968811352624235,,,,,,NORMAL,True,True,True,True,False,False,False,True,False,,,,
5ebc30dca85a60f15be63d54,AUXILIARY_SIMULATED_SEQUENCE,Module_12_CrossDomain,sklearn_fixture,a8f87e9c543290360692566b136efc8d5d1d5ec80dab71bf0b939a065c4ac0ec,rf_breast_cancer_v1,breast_cancer_wisconsin,classification_breast_cancer,42,sim_unit_1,18,5,2026-09-02T20:45:00Z,1.1.0,51e186f20a1e7e28,SAMPLE_PREDICTION_ERROR,prediction_error == 1 when model prediction != true target,model_prediction_versus_ground_truth,False,0,0,True,0,0.24480529487436262,0.15,0.08,0.1974026474371813,0.1974026474371813,0.06753503547940502,,,,,,NORMAL,True,True,True,True,False,False,False,True,False,,,,
12f12c44833c8fea802e724b,AUXILIARY_SIMULATED_SEQUENCE,Module_12_CrossDomain,sklearn_fixture,a8f87e9c543290360692566b136efc8d5d1d5ec80dab71bf0b939a065c4ac0ec,rf_breast_cancer_v1,breast_cancer_wisconsin,classification_breast_cancer,42,sim_unit_1,19,5,2026-09-02T20:45:00Z,1.1.0,51e186f20a1e7e28,SAMPLE_PREDICTION_ERROR,prediction_error == 1 when model prediction != true target,model_prediction_versus_ground_truth,False,0,0,True,0,0.1836779043187283,0.15,0.08,0.16683895215936415,0.16683895215936415,0.04318347045292111,,,,,,NORMAL,True,True,True,True,False,False,False,True,False,,,,
d1d27bd3fa96540325aeb69b,AUXILIARY_SIMULATED_SEQUENCE,Module_12_CrossDomain,sklearn_fixture,a8f87e9c543290360692566b136efc8d5d1d5ec80dab71bf0b939a065c4ac0ec,rf_breast_cancer_v1,breast_cancer_wisconsin,classification_breast_cancer,42,sim_unit_2,0,5,2026-09-02T20:45:00Z,1.1.0,51e186f20a1e7e28,SAMPLE_PREDICTION_ERROR,prediction_error == 1 when model prediction != true target,model_prediction_versus_ground_truth,False,0,0,True,0,0.19502845264172433,0.15,0.08,0.17251422632086216,0.17251422632086216,0.047327589398500396,,,,,,NORMAL,True,True,True,True,False,False,False,True,False,,,,
242611e8faa08af0c1ad67e8,AUXILIARY_SIMULATED_SEQUENCE,Module_12_CrossDomain,sklearn_fixture,a8f87e9c543290360692566b136efc8d5d1d5ec80dab71bf0b939a065c4ac0ec,rf_breast_cancer_v1,breast_cancer_wisconsin,classification_breast_cancer,42,sim_unit_2,1,5,2026-09-02T20:45:00Z,1.1.0,51e186f20a1e7e28,SAMPLE_PREDICTION_ERROR,prediction_error == 1 when model prediction != true target,model_prediction_versus_ground_truth,False,0,0,True,0,0.9016000857482122,0.15,0.08,0.5258000428741061,0.5258000428741061,0.37190640844739864,,,,,,NORMAL,True,True,True,True,False,False,False,True,False,,,,
44e7d3528b057a61a79d3032,AUXILIARY_SIMULATED_SEQUENCE,Module_12_CrossDomain,sklearn_fixture,a8f87e9c543290360692566b136efc8d5d1d5ec80dab71bf0b939a065c4ac0ec,rf_breast_cancer_v1,breast_cancer_wisconsin,classification_breast_cancer,42,sim_unit_2,2,5,2026-09-02T20:45:00Z,1.1.0,51e186f20a1e7e28,SAMPLE_PREDICTION_ERROR,prediction_error == 1 when model prediction != true target,model_prediction_versus_ground_truth,False,0,0,True,0,1.0,0.15,0.08,0.575,0.575,0.41817061908587827,,,,,,NORMAL,True,True,True,True,False,False,False,True,False,,,,
2a4b32e1d1e23586751dda4a,AUXILIARY_SIMULATED_SEQUENCE,Module_12_CrossDomain,sklearn_fixture,a8f87e9c543290360692566b136efc8d5d1d5ec80dab71bf0b939a065c4ac0ec,rf_breast_cancer_v1,breast_cancer_wisconsin,classification_breast_cancer,42,sim_unit_2,3,5,2026-09-02T20:45:00Z,1.1.0,51e186f20a1e7e28,SAMPLE_PREDICTION_ERROR,prediction_error == 1 when model prediction != true target,model_prediction_versus_ground_truth,False,0,0,True,0,0.24043064593370753,0.15,0.08,0.19521532296685376,0.19521532296685376,0.06567232960243201,,,,,,NORMAL,True,True,True,True,False,False,False,True,False,,,,
143b6db2ff639bf113881b33,AUXILIARY_SIMULATED_SEQUENCE,Module_12_CrossDomain,sklearn_fixture,a8f87e9c543290360692566b136efc8d5d1d5ec80dab71bf0b939a065c4ac0ec,rf_breast_cancer_v1,breast_cancer_wisconsin,classification_breast_cancer,42,sim_unit_2,4,5,2026-09-02T20:45:00Z,1.1.0,51e186f20a1e7e28,SAMPLE_PREDICTION_ERROR,prediction_error == 1 when model prediction != true target,model_prediction_versus_ground_truth,False,0,0,True,0,0.2716446538219458,0.15,0.08,0.2108223269109729,0.2108223269109729,0.079179890223321,,,,,,NORMAL,True,True,True,True,False,False,False,True,False,,,,
f59f8069dbcc17103c0d329f,AUXILIARY_SIMULATED_SEQUENCE,Module_12_CrossDomain,sklearn_fixture,a8f87e9c543290360692566b136efc8d5d1d5ec80dab71bf0b939a065c4ac0ec,rf_breast_cancer_v1,breast_cancer_wisconsin,classification_breast_cancer,42,sim_unit_2,5,5,2026-09-02T20:45:00Z,1.1.0,51e186f20a1e7e28,SAMPLE_PREDICTION_ERROR,prediction_error == 1 when model prediction != true target,model_prediction_versus_ground_truth,False,0,0,True,0,1.0,0.15,0.08,0.575,0.575,0.41817061908587827,,,,,,NORMAL,True,True,True,True,False,False,False,True,False,,,,
14c1e15f0bb2b737339444c2,AUXILIARY_SIMULATED_SEQUENCE,Module_12_CrossDomain,sklearn_fixture,a8f87e9c543290360692566b136efc8d5d1d5ec80dab71bf0b939a065c4ac0ec,rf_breast_cancer_v1,breast_cancer_wisconsin,classification_breast_cancer,42,sim_unit_2,6,5,2026-09-02T20:45:00Z,1.1.0,51e186f20a1e7e28,SAMPLE_PREDICTION_ERROR,prediction_error == 1 when model prediction != true target,model_prediction_versus_ground_truth,False,1,1,True,0,1.0,0.15,0.08,0.575,0.575,0.41817061908587827,,,,,,NORMAL,True,True,True,True,False,False,False,True,False,,,,
4f0440f77d36b9cdd53cf9fd,AUXILIARY_SIMULATED_SEQUENCE,Module_12_CrossDomain,sklearn_fixture,a8f87e9c543290360692566b136efc8d5d1d5ec80dab71bf0b939a065c4ac0ec,rf_breast_cancer_v1,breast_cancer_wisconsin,classification_breast_cancer,42,sim_unit_2,7,5,2026-09-02T20:45:00Z,1.1.0,51e186f20a1e7e28,SAMPLE_PREDICTION_ERROR,prediction_error == 1 when model prediction != true target,model_prediction_versus_ground_truth,False,0,0,True,0,0.2716446538219458,0.15,0.08,0.2108223269109729,0.2108223269109729,0.079179890223321,,,,,,NORMAL,True,True,True,True,False,False,False,True,False,,,,
6195a326e76e4da8f7fb865b,AUXILIARY_SIMULATED_SEQUENCE,Module_12_CrossDomain,sklearn_fixture,a8f87e9c543290360692566b136efc8d5d1d5ec80dab71bf0b939a065c4ac0ec,rf_breast_cancer_v1,breast_cancer_wisconsin,classification_breast_cancer,42,sim_unit_2,8,5,2026-09-02T20:45:00Z,1.1.0,51e186f20a1e7e28,SAMPLE_PREDICTION_ERROR,prediction_error == 1 when model prediction != true target,model_prediction_versus_ground_truth,False,1,1,True,0,0.5894600068658276,0.15,0.08,0.3697300034329138,0.3697300034329138,0.22548086793198277,,,,,,NORMAL,True,True,True,True,False,False,False,True,False,,,,
50503b156a1b7cdc01931395,AUXILIARY_SIMULATED_SEQUENCE,Module_12_CrossDomain,sklearn_fixture,a8f87e9c543290360692566b136efc8d5d1d5ec80dab71bf0b939a065c4ac0ec,rf_breast_cancer_v1,breast_cancer_wisconsin,classification_breast_cancer,42,sim_unit_2,9,5,2026-09-02T20:45:00Z,1.1.0,51e186f20a1e7e28,SAMPLE_PREDICTION_ERROR,prediction_error == 1 when model prediction != true target,model_prediction_versus_ground_truth,False,1,1,True,0,0.1808402672379794,0.15,0.08,0.16542013361898972,0.16542013361898972,0.04218989028446545,,,,,,NORMAL,True,True,True,True,False,False,False,True,False,,,,
e64a770a4893bab55cbe9c60,AUXILIARY_SIMULATED_SEQUENCE,Module_12_CrossDomain,sklearn_fixture,a8f87e9c543290360692566b136efc8d5d1d5ec80dab71bf0b939a065c4ac0ec,rf_breast_cancer_v1,breast_cancer_wisconsin,classification_breast_cancer,42,sim_unit_2,10,5,2026-09-02T20:45:00Z,1.1.0,51e186f20a1e7e28,SAMPLE_PREDICTION_ERROR,prediction_error == 1 when model prediction != true target,model_prediction_versus_ground_truth,False,1,1,True,0,0.6717514822075473,0.15,0.08,0.4108757411037737,0.4108757411037737,0.26400640267501124,,,,,,NORMAL,True,True,True,True,False,False,False,True,False,,,,
e934a4cf4a5ec185379af005,AUXILIARY_SIMULATED_SEQUENCE,Module_12_CrossDomain,sklearn_fixture,a8f87e9c543290360692566b136efc8d5d1d5ec80dab71bf0b939a065c4ac0ec,rf_breast_cancer_v1,breast_cancer_wisconsin,classification_breast_cancer,42,sim_unit_2,11,5,2026-09-02T20:45:00Z,1.1.0,51e186f20a1e7e28,SAMPLE_PREDICTION_ERROR,prediction_error == 1 when model prediction != true target,model_prediction_versus_ground_truth,False,1,1,True,0,0.1382757110267451,0.15,0.08,0.14413785551337255,0.14413785551337255,0.03061139484208288,,,,,,NORMAL,True,True,True,True,False,False,False,True,False,,,,
4f37c7b0f1692854d8e2617c,AUXILIARY_SIMULATED_SEQUENCE,Module_12_CrossDomain,sklearn_fixture,a8f87e9c543290360692566b136efc8d5d1d5ec80dab71bf0b939a065c4ac0ec,rf_breast_cancer_v1,breast_cancer_wisconsin,classification_breast_cancer,42,sim_unit_2,12,5,2026-09-02T20:45:00Z,1.1.0,51e186f20a1e7e28,SAMPLE_PREDICTION_ERROR,prediction_error == 1 when model prediction != true target,model_prediction_versus_ground_truth,False,1,1,True,0,0.6206740147540664,0.15,0.08,0.3853370073770332,0.3853370073770332,0.2400838784894867,,,,,,NORMAL,True,True,True,True,False,False,False,True,False,,,,
938422dad759e8e9ba0da79c,AUXILIARY_SIMULATED_SEQUENCE,Module_12_CrossDomain,sklearn_fixture,a8f87e9c543290360692566b136efc8d5d1d5ec80dab71bf0b939a065c4ac0ec,rf_breast_cancer_v1,breast_cancer_wisconsin,classification_breast_cancer,42,sim_unit_2,13,5,2026-09-02T20:45:00Z,1.1.0,51e186f20a1e7e28,SAMPLE_PREDICTION_ERROR,prediction_error == 1 when model prediction != true target,model_prediction_versus_ground_truth,False,0,0,True,0,1.0,0.15,0.08,0.575,0.575,0.41817061908587827,,,,,,NORMAL,True,True,True,True,False,False,False,True,False,,,,
2b44161a86a154708f63412c,AUXILIARY_SIMULATED_SEQUENCE,Module_12_CrossDomain,sklearn_fixture,a8f87e9c543290360692566b136efc8d5d1d5ec80dab71bf0b939a065c4ac0ec,rf_breast_cancer_v1,breast_cancer_wisconsin,classification_breast_cancer,42,sim_unit_2,14,5,2026-09-02T20:45:00Z,1.1.0,51e186f20a1e7e28,SAMPLE_PREDICTION_ERROR,prediction_error == 1 when model prediction != true target,model_prediction_versus_ground_truth,False,0,0,True,0,0.2760193027626009,0.15,0.08,0.21300965138130046,0.21300965138130046,0.0811065360596161,,,,,,NORMAL,True,True,True,True,False,False,False,True,False,,,,
1f32a64559fe64577ce52676,AUXILIARY_SIMULATED_SEQUENCE,Module_12_CrossDomain,sklearn_fixture,a8f87e9c543290360692566b136efc8d5d1d5ec80dab71bf0b939a065c4ac0ec,rf_breast_cancer_v1,breast_cancer_wisconsin,classification_breast_cancer,42,sim_unit_2,15,5,2026-09-02T20:45:00Z,1.1.0,51e186f20a1e7e28,SAMPLE_PREDICTION_ERROR,prediction_error == 1 when model prediction != true target,model_prediction_versus_ground_truth,False,1,1,True,0,0.7398547721455221,0.15,0.08,0.44492738607276106,0.44492738607276106,0.29594236911677857,,,,,,NORMAL,True,True,True,True,False,False,False,True,False,,,,
fae469d358d1987e43c8414a,AUXILIARY_SIMULATED_SEQUENCE,Module_12_CrossDomain,sklearn_fixture,a8f87e9c543290360692566b136efc8d5d1d5ec80dab71bf0b939a065c4ac0ec,rf_breast_cancer_v1,breast_cancer_wisconsin,classification_breast_cancer,42,sim_unit_2,16,5,2026-09-02T20:45:00Z,1.1.0,51e186f20a1e7e28,SAMPLE_PREDICTION_ERROR,prediction_error == 1 when model prediction != true target,model_prediction_versus_ground_truth,False,0,0,True,0,1.0,0.15,0.08,0.575,0.575,0.41817061908587827,,,,,,NORMAL,True,True,True,True,False,False,False,True,False,,,,
d71c07381b79dde382213e52,AUXILIARY_SIMULATED_SEQUENCE,Module_12_CrossDomain,sklearn_fixture,a8f87e9c543290360692566b136efc8d5d1d5ec80dab71bf0b939a065c4ac0ec,rf_breast_cancer_v1,breast_cancer_wisconsin,classification_breast_cancer,42,sim_unit_2,17,5,2026-09-02T20:45:00Z,1.1.0,51e186f20a1e7e28,SAMPLE_PREDICTION_ERROR,prediction_error == 1 when model prediction != true target,model_prediction_versus_ground_truth,False,0,0,True,0,0.1653514566133923,0.15,0.08,0.15767572830669613,0.15767572830669613,0.0371491563627563,,,,,,NORMAL,True,True,True,True,False,False,False,True,False,,,,
a1cd4b98561774785ec9a397,AUXILIARY_SIMULATED_SEQUENCE,Module_12_CrossDomain,sklearn_fixture,a8f87e9c543290360692566b136efc8d5d1d5ec80dab71bf0b939a065c4ac0ec,rf_breast_cancer_v1,breast_cancer_wisconsin,classification_breast_cancer,42,sim_unit_2,18,5,2026-09-02T20:45:00Z,1.1.0,51e186f20a1e7e28,SAMPLE_PREDICTION_ERROR,prediction_error == 1 when model prediction != true target,model_prediction_versus_ground_truth,False,1,1,True,0,0.3056962987909329,0.15,0.08,0.22784814939546644,0.22784814939546644,0.09432812514781788,,,,,,NORMAL,True,True,True,True,False,False,False,True,False,,,,
d1c75c088424e42a1505ac96,AUXILIARY_SIMULATED_SEQUENCE,Module_12_CrossDomain,sklearn_fixture,a8f87e9c543290360692566b136efc8d5d1d5ec80dab71bf0b939a065c4ac0ec,rf_breast_cancer_v1,breast_cancer_wisconsin,classification_breast_cancer,42,sim_unit_2,19,5,2026-09-02T20:45:00Z,1.1.0,51e186f20a1e7e28,SAMPLE_PREDICTION_ERROR,prediction_error == 1 when model prediction != true target,model_prediction_versus_ground_truth,False,1,1,True,0,1.0,0.15,0.08,0.575,0.575,0.41817061908587827,,,,,,NORMAL,True,True,True,True,False,False,False,True,False,,,,
81c1c3637af62f42386d56ef,AUXILIARY_SIMULATED_SEQUENCE,Module_12_CrossDomain,sklearn_fixture,a8f87e9c543290360692566b136efc8d5d1d5ec80dab71bf0b939a065c4ac0ec,rf_breast_cancer_v1,breast_cancer_wisconsin,classification_breast_cancer,42,sim_unit_3,0,5,2026-09-02T20:45:00Z,1.1.0,51e186f20a1e7e28,SAMPLE_PREDICTION_ERROR,prediction_error == 1 when model prediction != true target,model_prediction_versus_ground_truth,False,1,1,True,0,1.0,0.15,0.08,0.575,0.575,0.41817061908587827,,,,,,NORMAL,True,True,True,True,False,False,False,True,False,,,,
88108b1470fe8a555dd74ddd,AUXILIARY_SIMULATED_SEQUENCE,Module_12_CrossDomain,sklearn_fixture,a8f87e9c543290360692566b136efc8d5d1d5ec80dab71bf0b939a065c4ac0ec,rf_breast_cancer_v1,breast_cancer_wisconsin,classification_breast_cancer,42,sim_unit_3,1,5,2026-09-02T20:45:00Z,1.1.0,51e186f20a1e7e28,SAMPLE_PREDICTION_ERROR,prediction_error == 1 when model prediction != true target,model_prediction_versus_ground_truth,False,1,1,True,0,1.0,0.15,0.08,0.575,0.575,0.41817061908587827,,,,,,NORMAL,True,True,True,True,False,False,False,True,False,,,,
9e78255670a6d99f8e8434bc,AUXILIARY_SIMULATED_SEQUENCE,Module_12_CrossDomain,sklearn_fixture,a8f87e9c543290360692566b136efc8d5d1d5ec80dab71bf0b939a065c4ac0ec,rf_breast_cancer_v1,breast_cancer_wisconsin,classification_breast_cancer,42,sim_unit_3,2,5,2026-09-02T20:45:00Z,1.1.0,51e186f20a1e7e28,SAMPLE_PREDICTION_ERROR,prediction_error == 1 when model prediction != true target,model_prediction_versus_ground_truth,False,0,0,True,0,0.0348201508989405,0.15,0.08,0.09241007544947025,0.09241007544947025,0.04738449864171163,,,,,,NORMAL,True,True,True,True,False,False,False,True,False,,,,
b37f1d502c1ae091528aee3a,AUXILIARY_SIMULATED_SEQUENCE,Module_12_CrossDomain,sklearn_fixture,a8f87e9c543290360692566b136efc8d5d1d5ec80dab71bf0b939a065c4ac0ec,rf_breast_cancer_v1,breast_cancer_wisconsin,classification_breast_cancer,42,sim_unit_3,3,5,2026-09-02T20:45:00Z,1.1.0,51e186f20a1e7e28,SAMPLE_PREDICTION_ERROR,prediction_error == 1 when model prediction != true target,model_prediction_versus_ground_truth,False,1,1,True,0,1.0,0.15,0.08,0.575,0.575,0.41817061908587827,,,,,,NORMAL,True,True,True,True,False,False,False,True,False,,,,
649521b6179e4fb276dcaecf,AUXILIARY_SIMULATED_SEQUENCE,Module_12_CrossDomain,sklearn_fixture,a8f87e9c543290360692566b136efc8d5d1d5ec80dab71bf0b939a065c4ac0ec,rf_breast_cancer_v1,breast_cancer_wisconsin,classification_breast_cancer,42,sim_unit_3,4,5,2026-09-02T20:45:00Z,1.1.0,51e186f20a1e7e28,SAMPLE_PREDICTION_ERROR,prediction_error == 1 when model prediction != true target,model_prediction_versus_ground_truth,False,0,0,True,0,0.41068887077864424,0.15,0.08,0.28034443538932213,0.28034443538932213,0.1422883678406088,,,,,,NORMAL,True,True,True,True,False,False,False,True,False,,,,
2f7c1ca48052619238972513,AUXILIARY_SIMULATED_SEQUENCE,Module_12_CrossDomain,sklearn_fixture,a8f87e9c543290360692566b136efc8d5d1d5ec80dab71bf0b939a065c4ac0ec,rf_breast_cancer_v1,breast_cancer_wisconsin,classification_breast_cancer,42,sim_unit_3,5,5,2026-09-02T20:45:00Z,1.1.0,51e186f20a1e7e28,SAMPLE_PREDICTION_ERROR,prediction_error == 1 when model prediction != true target,model_prediction_versus_ground_truth,False,0,0,True,0,0.1852149161786345,0.15,0.08,0.16760745808931726,0.16760745808931726,0.0437293048296313,,,,,,NORMAL,True,True,True,True,False,False,False,True,False,,,,
b44f8b6e626defef37933ff4,AUXILIARY_SIMULATED_SEQUENCE,Module_12_CrossDomain,sklearn_fixture,a8f87e9c543290360692566b136efc8d5d1d5ec80dab71bf0b939a065c4ac0ec,rf_breast_cancer_v1,breast_cancer_wisconsin,classification_breast_cancer,42,sim_unit_3,6,5,2026-09-02T20:45:00Z,1.1.0,51e186f20a1e7e28,SAMPLE_PREDICTION_ERROR,prediction_error == 1 when model prediction != true target,model_prediction_versus_ground_truth,False,1,1,True,0,1.0,0.15,0.08,0.575,0.575,0.41817061908587827,,,,,,NORMAL,True,True,True,True,False,False,False,True,False,,,,
ce4a2bebe26b1616c2b12893,AUXILIARY_SIMULATED_SEQUENCE,Module_12_CrossDomain,sklearn_fixture,a8f87e9c543290360692566b136efc8d5d1d5ec80dab71bf0b939a065c4ac0ec,rf_breast_cancer_v1,breast_cancer_wisconsin,classification_breast_cancer,42,sim_unit_3,7,5,2026-09-02T20:45:00Z,1.1.0,51e186f20a1e7e28,SAMPLE_PREDICTION_ERROR,prediction_error == 1 when model prediction != true target,model_prediction_versus_ground_truth,False,1,1,True,0,0.7994451508412498,0.15,0.08,0.4747225754206249,0.4747225754206249,0.3239136251499777,,,,,,NORMAL,True,True,True,True,False,False,False,True,False,,,,
6f80644d16920518a042d0f1,AUXILIARY_SIMULATED_SEQUENCE,Module_12_CrossDomain,sklearn_fixture,a8f87e9c543290360692566b136efc8d5d1d5ec80dab71bf0b939a065c4ac0ec,rf_breast_cancer_v1,breast_cancer_wisconsin,classification_breast_cancer,42,sim_unit_3,8,5,2026-09-02T20:45:00Z,1.1.0,51e186f20a1e7e28,SAMPLE_PREDICTION_ERROR,prediction_error == 1 when model prediction != true target,model_prediction_versus_ground_truth,False,1,1,True,0,1.0,0.15,0.08,0.575,0.575,0.41817061908587827,,,,,,NORMAL,True,True,True,True,False,False,False,True,False,,,,
d54f9889315da68a7865b4ad,AUXILIARY_SIMULATED_SEQUENCE,Module_12_CrossDomain,sklearn_fixture,a8f87e9c543290360692566b136efc8d5d1d5ec80dab71bf0b939a065c4ac0ec,rf_breast_cancer_v1,breast_cancer_wisconsin,classification_breast_cancer,42,sim_unit_3,9,5,2026-09-02T20:45:00Z,1.1.0,51e186f20a1e7e28,SAMPLE_PREDICTION_ERROR,prediction_error == 1 when model prediction != true target,model_prediction_versus_ground_truth,False,1,1,True,0,0.38231249997115485,0.15,0.08,0.2661562499855774,0.2661562499855774,0.12921211900577254,,,,,,NORMAL,True,True,True,True,False,False,False,True,False,,,,
198cec007d287d43fb0c18c8,AUXILIARY_SIMULATED_SEQUENCE,Module_12_CrossDomain,sklearn_fixture,a8f87e9c543290360692566b136efc8d5d1d5ec80dab71bf0b939a065c4ac0ec,rf_breast_cancer_v1,breast_cancer_wisconsin,classification_breast_cancer,42,sim_unit_3,10,5,2026-09-02T20:45:00Z,1.1.0,51e186f20a1e7e28,SAMPLE_PREDICTION_ERROR,prediction_error == 1 when model prediction != true target,model_prediction_versus_ground_truth,False,0,0,True,0,1.0,0.15,0.08,0.575,0.575,0.41817061908587827,,,,,,NORMAL,True,True,True,True,False,False,False,True,False,,,,
6921286ac7f205d3effb5f14,AUXILIARY_SIMULATED_SEQUENCE,Module_12_CrossDomain,sklearn_fixture,a8f87e9c543290360692566b136efc8d5d1d5ec80dab71bf0b939a065c4ac0ec,rf_breast_cancer_v1,breast_cancer_wisconsin,classification_breast_cancer,42,sim_unit_3,11,5,2026-09-02T20:45:00Z,1.1.0,51e186f20a1e7e28,SAMPLE_PREDICTION_ERROR,prediction_error == 1 when model prediction != true target,model_prediction_versus_ground_truth,False,1,1,True,0,1.0,0.15,0.08,0.575,0.575,0.41817061908587827,,,,,,NORMAL,True,True,True,True,False,False,False,True,False,,,,
4285edf3798772ff603d9943,AUXILIARY_SIMULATED_SEQUENCE,Module_12_CrossDomain,sklearn_fixture,a8f87e9c543290360692566b136efc8d5d1d5ec80dab71bf0b939a065c4ac0ec,rf_breast_cancer_v1,breast_cancer_wisconsin,classification_breast_cancer,42,sim_unit_3,12,5,2026-09-02T20:45:00Z,1.1.0,51e186f20a1e7e28,SAMPLE_PREDICTION_ERROR,prediction_error == 1 when model prediction != true target,model_prediction_versus_ground_truth,False,0,0,True,0,0.8719230897198796,0.15,0.08,0.5109615448599398,0.5109615448599398,0.35795951470370035,,,,,,NORMAL,True,True,True,True,False,False,False,True,False,,,,
098963b7090510e1ce5366d3,AUXILIARY_SIMULATED_SEQUENCE,Module_12_CrossDomain,sklearn_fixture,a8f87e9c543290360692566b136efc8d5d1d5ec80dab71bf0b939a065c4ac0ec,rf_breast_cancer_v1,breast_cancer_wisconsin,classification_breast_cancer,42,sim_unit_3,13,5,2026-09-02T20:45:00Z,1.1.0,51e186f20a1e7e28,SAMPLE_PREDICTION_ERROR,prediction_error == 1 when model prediction != true target,model_prediction_versus_ground_truth,False,0,0,True,0,0.0928735177347619,0.15,0.08,0.12143675886738095,0.12143675886738095,0.030421415035515487,,,,,,NORMAL,True,True,True,True,False,False,False,True,False,,,,
4043c4e1ad69adb6ed5e2f5c,AUXILIARY_SIMULATED_SEQUENCE,Module_12_CrossDomain,sklearn_fixture,a8f87e9c543290360692566b136efc8d5d1d5ec80dab71bf0b939a065c4ac0ec,rf_breast_cancer_v1,breast_cancer_wisconsin,classification_breast_cancer,42,sim_unit_3,14,5,2026-09-02T20:45:00Z,1.1.0,51e186f20a1e7e28,SAMPLE_PREDICTION_ERROR,prediction_error == 1 when model prediction != true target,model_prediction_versus_ground_truth,False,1,1,True,0,0.5156814427663551,0.15,0.08,0.33284072138317755,0.33284072138317755,0.1910326432706247,,,,,,NORMAL,True,True,True,True,False,False,False,True,False,,,,
ccd968d07ae9ef88ec43e41e,AUXILIARY_SIMULATED_SEQUENCE,Module_12_CrossDomain,sklearn_fixture,a8f87e9c543290360692566b136efc8d5d1d5ec80dab71bf0b939a065c4ac0ec,rf_breast_cancer_v1,breast_cancer_wisconsin,classification_breast_cancer,42,sim_unit_3,15,5,2026-09-02T20:45:00Z,1.1.0,51e186f20a1e7e28,SAMPLE_PREDICTION_ERROR,prediction_error == 1 when model prediction != true target,model_prediction_versus_ground_truth,False,0,0,True,0,0.5512700995952489,0.15,0.08,0.35063504979762444,0.35063504979762444,0.20763568511583422,,,,,,NORMAL,True,True,True,True,False,False,False,True,False,,,,
82e9aedfa20b57a29c8885ec,AUXILIARY_SIMULATED_SEQUENCE,Module_12_CrossDomain,sklearn_fixture,a8f87e9c543290360692566b136efc8d5d1d5ec80dab71bf0b939a065c4ac0ec,rf_breast_cancer_v1,breast_cancer_wisconsin,classification_breast_cancer,42,sim_unit_3,16,5,2026-09-02T20:45:00Z,1.1.0,51e186f20a1e7e28,SAMPLE_PREDICTION_ERROR,prediction_error == 1 when model prediction != true target,model_prediction_versus_ground_truth,False,1,1,True,0,0.16948971891498385,0.15,0.08,0.15974485945749192,0.15974485945749192,0.038424903578087505,,,,,,NORMAL,True,True,True,True,False,False,False,True,False,,,,
a619d810499d29ae3764fdb9,AUXILIARY_SIMULATED_SEQUENCE,Module_12_CrossDomain,sklearn_fixture,a8f87e9c543290360692566b136efc8d5d1d5ec80dab71bf0b939a065c4ac0ec,rf_breast_cancer_v1,breast_cancer_wisconsin,classification_breast_cancer,42,sim_unit_3,17,5,2026-09-02T20:45:00Z,1.1.0,51e186f20a1e7e28,SAMPLE_PREDICTION_ERROR,prediction_error == 1 when model prediction != true target,model_prediction_versus_ground_truth,False,0,0,True,0,1.0,0.15,0.08,0.575,0.575,0.41817061908587827,,,,,,NORMAL,True,True,True,True,False,False,False,True,False,,,,
be57388674226c1dd7ed6fcb,AUXILIARY_SIMULATED_SEQUENCE,Module_12_CrossDomain,sklearn_fixture,a8f87e9c543290360692566b136efc8d5d1d5ec80dab71bf0b939a065c4ac0ec,rf_breast_cancer_v1,breast_cancer_wisconsin,classification_breast_cancer,42,sim_unit_3,18,5,2026-09-02T20:45:00Z,1.1.0,51e186f20a1e7e28,SAMPLE_PREDICTION_ERROR,prediction_error == 1 when model prediction != true target,model_prediction_versus_ground_truth,False,0,0,True,0,1.0,0.15,0.08,0.575,0.575,0.41817061908587827,,,,,,NORMAL,True,True,True,True,False,False,False,True,False,,,,
c924543f4e19ace1ad095762,AUXILIARY_SIMULATED_SEQUENCE,Module_12_CrossDomain,sklearn_fixture,a8f87e9c543290360692566b136efc8d5d1d5ec80dab71bf0b939a065c4ac0ec,rf_breast_cancer_v1,breast_cancer_wisconsin,classification_breast_cancer,42,sim_unit_3,19,5,2026-09-02T20:45:00Z,1.1.0,51e186f20a1e7e28,SAMPLE_PREDICTION_ERROR,prediction_error == 1 when model prediction != true target,model_prediction_versus_ground_truth,False,1,1,True,0,0.3596114033251633,0.15,0.08,0.25480570166258165,0.25480570166258165,0.11879930661666872,,,,,,NORMAL,True,True,True,True,False,False,False,True,False,,,,
8a0a92fcf9bcf01d1a7f075d,AUXILIARY_SIMULATED_SEQUENCE,Module_12_CrossDomain,sklearn_fixture,a8f87e9c543290360692566b136efc8d5d1d5ec80dab71bf0b939a065c4ac0ec,rf_breast_cancer_v1,breast_cancer_wisconsin,classification_breast_cancer,42,sim_unit_4,0,5,2026-09-02T20:45:00Z,1.1.0,51e186f20a1e7e28,SAMPLE_PREDICTION_ERROR,prediction_error == 1 when model prediction != true target,model_prediction_versus_ground_truth,False,1,1,True,0,0.7597182317107648,0.15,0.08,0.4548591158553824,0.4548591158553824,0.3052636741136916,,,,,,NORMAL,True,True,True,True,False,False,False,True,False,,,,
5be3715e15c833e062e993fd,AUXILIARY_SIMULATED_SEQUENCE,Module_12_CrossDomain,sklearn_fixture,a8f87e9c543290360692566b136efc8d5d1d5ec80dab71bf0b939a065c4ac0ec,rf_breast_cancer_v1,breast_cancer_wisconsin,classification_breast_cancer,42,sim_unit_4,1,5,2026-09-02T20:45:00Z,1.1.0,51e186f20a1e7e28,SAMPLE_PREDICTION_ERROR,prediction_error == 1 when model prediction != true target,model_prediction_versus_ground_truth,False,1,1,True,0,0.2234048234492137,0.15,0.08,0.18670241172460683,0.18670241172460683,0.05855027421333489,,,,,,NORMAL,True,True,True,True,False,False,False,True,False,,,,
5c0e88ac100cdcc9509a0d37,AUXILIARY_SIMULATED_SEQUENCE,Module_12_CrossDomain,sklearn_fixture,a8f87e9c543290360692566b136efc8d5d1d5ec80dab71bf0b939a065c4ac0ec,rf_breast_cancer_v1,breast_cancer_wisconsin,classification_breast_cancer,42,sim_unit_4,2,5,2026-09-02T20:45:00Z,1.1.0,51e186f20a1e7e28,SAMPLE_PREDICTION_ERROR,prediction_error == 1 when model prediction != true target,model_prediction_versus_ground_truth,False,0,0,True,0,1.0,0.15,0.08,0.575,0.575,0.41817061908587827,,,,,,NORMAL,True,True,True,True,False,False,False,True,False,,,,
13d55ab8284d2cd8bc52bb07,AUXILIARY_SIMULATED_SEQUENCE,Module_12_CrossDomain,sklearn_fixture,a8f87e9c543290360692566b136efc8d5d1d5ec80dab71bf0b939a065c4ac0ec,rf_breast_cancer_v1,breast_cancer_wisconsin,classification_breast_cancer,42,sim_unit_4,3,5,2026-09-02T20:45:00Z,1.1.0,51e186f20a1e7e28,SAMPLE_PREDICTION_ERROR,prediction_error == 1 when model prediction != true target,model_prediction_versus_ground_truth,False,0,0,True,0,1.0,0.15,0.08,0.575,0.575,0.41817061908587827,,,,,,NORMAL,True,True,True,True,False,False,False,True,False,,,,
d6712f1f2f4f5ae78f98bdac,AUXILIARY_SIMULATED_SEQUENCE,Module_12_CrossDomain,sklearn_fixture,a8f87e9c543290360692566b136efc8d5d1d5ec80dab71bf0b939a065c4ac0ec,rf_breast_cancer_v1,breast_cancer_wisconsin,classification_breast_cancer,42,sim_unit_4,4,5,2026-09-02T20:45:00Z,1.1.0,51e186f20a1e7e28,SAMPLE_PREDICTION_ERROR,prediction_error == 1 when model prediction != true target,model_prediction_versus_ground_truth,False,1,1,True,0,0.6036481922695726,0.15,0.08,0.3768240961347863,0.3768240961347863,0.23211685553632544,,,,,,NORMAL,True,True,True,True,False,False,False,True,False,,,,
83a874a588b4f2b752584e23,AUXILIARY_SIMULATED_SEQUENCE,Module_12_CrossDomain,sklearn_fixture,a8f87e9c543290360692566b136efc8d5d1d5ec80dab71bf0b939a065c4ac0ec,rf_breast_cancer_v1,breast_cancer_wisconsin,classification_breast_cancer,42,sim_unit_4,5,5,2026-09-02T20:45:00Z,1.1.0,51e186f20a1e7e28,SAMPLE_PREDICTION_ERROR,prediction_error == 1 when model prediction != true target,model_prediction_versus_ground_truth,False,0,0,True,0,1.0,0.15,0.08,0.575,0.575,0.41817061908587827,,,,,,NORMAL,True,True,True,True,False,False,False,True,False,,,,
cab5d5c61d16614636ab76bd,AUXILIARY_SIMULATED_SEQUENCE,Module_12_CrossDomain,sklearn_fixture,a8f87e9c543290360692566b136efc8d5d1d5ec80dab71bf0b939a065c4ac0ec,rf_breast_cancer_v1,breast_cancer_wisconsin,classification_breast_cancer,42,sim_unit_4,6,5,2026-09-02T20:45:00Z,1.1.0,51e186f20a1e7e28,SAMPLE_PREDICTION_ERROR,prediction_error == 1 when model prediction != true target,model_prediction_versus_ground_truth,False,0,0,True,0,0.1000858037561664,0.15,0.08,0.1250429018780832,0.1250429018780832,0.02942951371818426,,,,,,NORMAL,True,True,True,True,False,False,False,True,False,,,,
cc645973489c62b7a3aad28b,AUXILIARY_SIMULATED_SEQUENCE,Module_12_CrossDomain,sklearn_fixture,a8f87e9c543290360692566b136efc8d5d1d5ec80dab71bf0b939a065c4ac0ec,rf_breast_cancer_v1,breast_cancer_wisconsin,classification_breast_cancer,42,sim_unit_4,7,5,2026-09-02T20:45:00Z,1.1.0,51e186f20a1e7e28,SAMPLE_PREDICTION_ERROR,prediction_error == 1 when model prediction != true target,model_prediction_versus_ground_truth,False,0,0,True,0,1.0,0.15,0.08,0.575,0.575,0.41817061908587827,,,,,,NORMAL,True,True,True,True,False,False,False,True,False,,,,
e5913a59fa846c2452999169,AUXILIARY_SIMULATED_SEQUENCE,Module_12_CrossDomain,sklearn_fixture,a8f87e9c543290360692566b136efc8d5d1d5ec80dab71bf0b939a065c4ac0ec,rf_breast_cancer_v1,breast_cancer_wisconsin,classification_breast_cancer,42,sim_unit_4,8,5,2026-09-02T20:45:00Z,1.1.0,51e186f20a1e7e28,SAMPLE_PREDICTION_ERROR,prediction_error == 1 when model prediction != true target,model_prediction_versus_ground_truth,False,1,1,True,0,0.5014932573626106,0.15,0.08,0.32574662868130533,0.32574662868130533,0.18442224376972002,,,,,,NORMAL,True,True,True,True,False,False,False,True,False,,,,
6e8b757f6769f635bc3c7d5a,AUXILIARY_SIMULATED_SEQUENCE,Module_12_CrossDomain,sklearn_fixture,a8f87e9c543290360692566b136efc8d5d1d5ec80dab71bf0b939a065c4ac0ec,rf_breast_cancer_v1,breast_cancer_wisconsin,classification_breast_cancer,42,sim_unit_4,9,5,2026-09-02T20:45:00Z,1.1.0,51e186f20a1e7e28,SAMPLE_PREDICTION_ERROR,prediction_error == 1 when model prediction != true target,model_prediction_versus_ground_truth,False,1,1,True,0,0.14548799704814958,0.15,0.08,0.14774399852407477,0.14774399852407477,0.031987907312357816,,,,,,NORMAL,True,True,True,True,False,False,False,True,False,,,,
17b44b54472248d09fc38f9e,AUXILIARY_SIMULATED_SEQUENCE,Module_12_CrossDomain,sklearn_fixture,a8f87e9c543290360692566b136efc8d5d1d5ec80dab71bf0b939a065c4ac0ec,rf_breast_cancer_v1,breast_cancer_wisconsin,classification_breast_cancer,42,sim_unit_4,10,5,2026-09-02T20:45:00Z,1.1.0,51e186f20a1e7e28,SAMPLE_PREDICTION_ERROR,prediction_error == 1 when model prediction != true target,model_prediction_versus_ground_truth,False,1,1,True,0,0.1398127228866513,0.15,0.08,0.14490636144332564,0.14490636144332564,0.03087851182744599,,,,,,NORMAL,True,True,True,True,False,False,False,True,False,,,,
eaae8c7969752622c398e5bc,AUXILIARY_SIMULATED_SEQUENCE,Module_12_CrossDomain,sklearn_fixture,a8f87e9c543290360692566b136efc8d5d1d5ec80dab71bf0b939a065c4ac0ec,rf_breast_cancer_v1,breast_cancer_wisconsin,classification_breast_cancer,42,sim_unit_4,11,5,2026-09-02T20:45:00Z,1.1.0,51e186f20a1e7e28,SAMPLE_PREDICTION_ERROR,prediction_error == 1 when model prediction != true target,model_prediction_versus_ground_truth,False,0,0,True,0,0.35263550394282234,0.15,0.08,0.25131775197141115,0.25131775197141115,0.1156101040703038,,,,,,NORMAL,True,True,True,True,False,False,False,True,False,,,,
ef00bfca6c2842af0b4086cf,AUXILIARY_SIMULATED_SEQUENCE,Module_12_CrossDomain,sklearn_fixture,a8f87e9c543290360692566b136efc8d5d1d5ec80dab71bf0b939a065c4ac0ec,rf_breast_cancer_v1,breast_cancer_wisconsin,classification_breast_cancer,42,sim_unit_4,12,5,2026-09-02T20:45:00Z,1.1.0,51e186f20a1e7e28,SAMPLE_PREDICTION_ERROR,prediction_error == 1 when model prediction != true target,model_prediction_versus_ground_truth,False,1,1,True,0,0.2432682830144564,0.15,0.08,0.1966341415072282,0.1966341415072282,0.06687924844652934,,,,,,NORMAL,True,True,True,True,False,False,False,True,False,,,,
1149fed6d5bcc0a77e45faec,AUXILIARY_SIMULATED_SEQUENCE,Module_12_CrossDomain,sklearn_fixture,a8f87e9c543290360692566b136efc8d5d1d5ec80dab71bf0b939a065c4ac0ec,rf_breast_cancer_v1,breast_cancer_wisconsin,classification_breast_cancer,42,sim_unit_4,13,5,2026-09-02T20:45:00Z,1.1.0,51e186f20a1e7e28,SAMPLE_PREDICTION_ERROR,prediction_error == 1 when model prediction != true target,model_prediction_versus_ground_truth,False,1,1,True,0,0.19219081556097545,0.15,0.08,0.1710954077804877,0.1710954077804877,0.046268352531649605,,,,,,NORMAL,True,True,True,True,False,False,False,True,False,,,,
3daed21e9cbac04f7040eaa0,AUXILIARY_SIMULATED_SEQUENCE,Module_12_CrossDomain,sklearn_fixture,a8f87e9c543290360692566b136efc8d5d1d5ec80dab71bf0b939a065c4ac0ec,rf_breast_cancer_v1,breast_cancer_wisconsin,classification_breast_cancer,42,sim_unit_4,14,5,2026-09-02T20:45:00Z,1.1.0,51e186f20a1e7e28,SAMPLE_PREDICTION_ERROR,prediction_error == 1 when model prediction != true target,model_prediction_versus_ground_truth,False,0,0,True,0,0.26466875443960536,0.15,0.08,0.2073343772198027,0.2073343772198027,0.07612232269402962,,,,,,NORMAL,True,True,True,True,False,False,False,True,False,,,,
a77d66fde41e1f2cdb36d785,AUXILIARY_SIMULATED_SEQUENCE,Module_12_CrossDomain,sklearn_fixture,a8f87e9c543290360692566b136efc8d5d1d5ec80dab71bf0b939a065c4ac0ec,rf_breast_cancer_v1,breast_cancer_wisconsin,classification_breast_cancer,42,sim_unit_4,15,5,2026-09-02T20:45:00Z,1.1.0,51e186f20a1e7e28,SAMPLE_PREDICTION_ERROR,prediction_error == 1 when model prediction != true target,model_prediction_versus_ground_truth,False,0,0,True,0,1.0,0.15,0.08,0.575,0.575,0.41817061908587827,,,,,,NORMAL,True,True,True,True,False,False,False,True,False,,,,
2f2fa48a7499e10c0b712efb,AUXILIARY_SIMULATED_SEQUENCE,Module_12_CrossDomain,sklearn_fixture,a8f87e9c543290360692566b136efc8d5d1d5ec80dab71bf0b939a065c4ac0ec,rf_breast_cancer_v1,breast_cancer_wisconsin,classification_breast_cancer,42,sim_unit_4,16,5,2026-09-02T20:45:00Z,1.1.0,51e186f20a1e7e28,SAMPLE_PREDICTION_ERROR,prediction_error == 1 when model prediction != true target,model_prediction_versus_ground_truth,False,1,1,True,0,0.5525707248160916,0.15,0.08,0.3512853624080458,0.3512853624080458,0.2082429879924357,,,,,,NORMAL,True,True,True,True,False,False,False,True,False,,,,
016a894241825e0838f0559a,AUXILIARY_SIMULATED_SEQUENCE,Module_12_CrossDomain,sklearn_fixture,a8f87e9c543290360692566b136efc8d5d1d5ec80dab71bf0b939a065c4ac0ec,rf_breast_cancer_v1,breast_cancer_wisconsin,classification_breast_cancer,42,sim_unit_4,17,5,2026-09-02T20:45:00Z,1.1.0,51e186f20a1e7e28,SAMPLE_PREDICTION_ERROR,prediction_error == 1 when model prediction != true target,model_prediction_versus_ground_truth,False,1,1,True,0,1.0,0.15,0.08,0.575,0.575,0.41817061908587827,,,,,,NORMAL,True,True,True,True,False,False,False,True,False,,,,
3871eba4a41607ffdca8c3dc,AUXILIARY_SIMULATED_SEQUENCE,Module_12_CrossDomain,sklearn_fixture,a8f87e9c543290360692566b136efc8d5d1d5ec80dab71bf0b939a065c4ac0ec,rf_breast_cancer_v1,breast_cancer_wisconsin,classification_breast_cancer,42,sim_unit_4,18,5,2026-09-02T20:45:00Z,1.1.0,51e186f20a1e7e28,SAMPLE_PREDICTION_ERROR,prediction_error == 1 when model prediction != true target,model_prediction_versus_ground_truth,False,1,1,True,0,0.7171536754995306,0.15,0.08,0.4335768377497653,0.4335768377497653,0.2852928510681199,,,,,,NORMAL,True,True,True,True,False,False,False,True,False,,,,
580ac783a7537ecd2cab2289,AUXILIARY_SIMULATED_SEQUENCE,Module_12_CrossDomain,sklearn_fixture,a8f87e9c543290360692566b136efc8d5d1d5ec80dab71bf0b939a065c4ac0ec,rf_breast_cancer_v1,breast_cancer_wisconsin,classification_breast_cancer,42,sim_unit_4,19,5,2026-09-02T20:45:00Z,1.1.0,51e186f20a1e7e28,SAMPLE_PREDICTION_ERROR,prediction_error == 1 when model prediction != true target,model_prediction_versus_ground_truth,False,0,0,True,0,0.08305998127167258,0.15,0.08,0.11652999063583629,0.11652999063583629,0.032301237665884865,,,,,,NORMAL,True,True,True,True,False,False,False,True,False,,,,
17c02684cd854c586744e914,AUXILIARY_SIMULATED_SEQUENCE,Module_12_CrossDomain,sklearn_fixture,a8f87e9c543290360692566b136efc8d5d1d5ec80dab71bf0b939a065c4ac0ec,rf_breast_cancer_v1,breast_cancer_wisconsin,classification_breast_cancer,42,sim_unit_5,0,5,2026-09-02T20:45:00Z,1.1.0,51e186f20a1e7e28,SAMPLE_PREDICTION_ERROR,prediction_error == 1 when model prediction != true target,model_prediction_versus_ground_truth,False,0,0,True,0,0.14678862226899225,0.15,0.08,0.14839431113449614,0.14839431113449614,0.03226803201574335,,,,,,NORMAL,True,True,True,True,False,False,False,True,False,,,,
e9f5d7d08d99ab70746aafc4,AUXILIARY_SIMULATED_SEQUENCE,Module_12_CrossDomain,sklearn_fixture,a8f87e9c543290360692566b136efc8d5d1d5ec80dab71bf0b939a065c4ac0ec,rf_breast_cancer_v1,breast_cancer_wisconsin,classification_breast_cancer,42,sim_unit_5,1,5,2026-09-02T20:45:00Z,1.1.0,51e186f20a1e7e28,SAMPLE_PREDICTION_ERROR,prediction_error == 1 when model prediction != true target,model_prediction_versus_ground_truth,False,1,1,True,0,1.0,0.15,0.08,0.575,0.575,0.41817061908587827,,,,,,NORMAL,True,True,True,True,False,False,False,True,False,,,,
b04909ba61693d40be8ea445,AUXILIARY_SIMULATED_SEQUENCE,Module_12_CrossDomain,sklearn_fixture,a8f87e9c543290360692566b136efc8d5d1d5ec80dab71bf0b939a065c4ac0ec,rf_breast_cancer_v1,breast_cancer_wisconsin,classification_breast_cancer,42,sim_unit_5,2,5,2026-09-02T20:45:00Z,1.1.0,51e186f20a1e7e28,SAMPLE_PREDICTION_ERROR,prediction_error == 1 when model prediction != true target,model_prediction_versus_ground_truth,False,1,1,True,0,0.5525707248160916,0.15,0.08,0.3512853624080458,0.3512853624080458,0.2082429879924357,,,,,,NORMAL,True,True,True,True,False,False,False,True,False,,,,
7da91de1834061274fea59d9,AUXILIARY_SIMULATED_SEQUENCE,Module_12_CrossDomain,sklearn_fixture,a8f87e9c543290360692566b136efc8d5d1d5ec80dab71bf0b939a065c4ac0ec,rf_breast_cancer_v1,breast_cancer_wisconsin,classification_breast_cancer,42,sim_unit_5,3,5,2026-09-02T20:45:00Z,1.1.0,51e186f20a1e7e28,SAMPLE_PREDICTION_ERROR,prediction_error == 1 when model prediction != true target,model_prediction_versus_ground_truth,False,1,1,True,0,1.0,0.15,0.08,0.575,0.575,0.41817061908587827,,,,,,NORMAL,True,True,True,True,False,False,False,True,False,,,,
d1ac0e47b7de3c8bf7f1e921,AUXILIARY_SIMULATED_SEQUENCE,Module_12_CrossDomain,sklearn_fixture,a8f87e9c543290360692566b136efc8d5d1d5ec80dab71bf0b939a065c4ac0ec,rf_breast_cancer_v1,breast_cancer_wisconsin,classification_breast_cancer,42,sim_unit_5,4,5,2026-09-02T20:45:00Z,1.1.0,51e186f20a1e7e28,SAMPLE_PREDICTION_ERROR,prediction_error == 1 when model prediction != true target,model_prediction_versus_ground_truth,False,1,1,True,0,1.0,0.15,0.08,0.575,0.575,0.41817061908587827,,,,,,NORMAL,True,True,True,True,False,False,False,True,False,,,,
2524e1bbfee0b283156e2fa5,AUXILIARY_SIMULATED_SEQUENCE,Module_12_CrossDomain,sklearn_fixture,a8f87e9c543290360692566b136efc8d5d1d5ec80dab71bf0b939a065c4ac0ec,rf_breast_cancer_v1,breast_cancer_wisconsin,classification_breast_cancer,42,sim_unit_5,5,5,2026-09-02T20:45:00Z,1.1.0,51e186f20a1e7e28,SAMPLE_PREDICTION_ERROR,prediction_error == 1 when model prediction != true target,model_prediction_versus_ground_truth,False,0,0,True,0,0.2886704763064396,0.15,0.08,0.2193352381532198,0.2193352381532198,0.08671336477858224,,,,,,NORMAL,True,True,True,True,False,False,False,True,False,,,,
b91d7d3810b7071c858138d6,AUXILIARY_SIMULATED_SEQUENCE,Module_12_CrossDomain,sklearn_fixture,a8f87e9c543290360692566b136efc8d5d1d5ec80dab71bf0b939a065c4ac0ec,rf_breast_cancer_v1,breast_cancer_wisconsin,classification_breast_cancer,42,sim_unit_5,6,5,2026-09-02T20:45:00Z,1.1.0,51e186f20a1e7e28,SAMPLE_PREDICTION_ERROR,prediction_error == 1 when model prediction != true target,model_prediction_versus_ground_truth,False,1,1,True,0,0.7058031271765345,0.15,0.08,0.42790156358826725,0.42790156358826725,0.2799695757604039,,,,,,NORMAL,True,True,True,True,False,False,False,True,False,,,,
06131623869303994e12ab43,AUXILIARY_SIMULATED_SEQUENCE,Module_12_CrossDomain,sklearn_fixture,a8f87e9c543290360692566b136efc8d5d1d5ec80dab71bf0b939a065c4ac0ec,rf_breast_cancer_v1,breast_cancer_wisconsin,classification_breast_cancer,42,sim_unit_5,7,5,2026-09-02T20:45:00Z,1.1.0,51e186f20a1e7e28,SAMPLE_PREDICTION_ERROR,prediction_error == 1 when model prediction != true target,model_prediction_versus_ground_truth,False,1,1,True,0,0.5014932573626106,0.15,0.08,0.32574662868130533,0.32574662868130533,0.18442224376972002,,,,,,NORMAL,True,True,True,True,False,False,False,True,False,,,,
2a80d2f21f7b207c16b4fc03,AUXILIARY_SIMULATED_SEQUENCE,Module_12_CrossDomain,sklearn_fixture,a8f87e9c543290360692566b136efc8d5d1d5ec80dab71bf0b939a065c4ac0ec,rf_breast_cancer_v1,breast_cancer_wisconsin,classification_breast_cancer,42,sim_unit_5,8,5,2026-09-02T20:45:00Z,1.1.0,51e186f20a1e7e28,SAMPLE_PREDICTION_ERROR,prediction_error == 1 when model prediction != true target,model_prediction_versus_ground_truth,False,0,0,True,0,1.0,0.15,0.08,0.575,0.575,0.41817061908587827,,,,,,NORMAL,True,True,True,True,False,False,False,True,False,,,,
16c5d2455e4d3f0281ea549d,AUXILIARY_SIMULATED_SEQUENCE,Module_12_CrossDomain,sklearn_fixture,a8f87e9c543290360692566b136efc8d5d1d5ec80dab71bf0b939a065c4ac0ec,rf_breast_cancer_v1,breast_cancer_wisconsin,classification_breast_cancer,42,sim_unit_5,9,5,2026-09-02T20:45:00Z,1.1.0,51e186f20a1e7e28,SAMPLE_PREDICTION_ERROR,prediction_error == 1 when model prediction != true target,model_prediction_versus_ground_truth,False,1,1,True,0,0.790932239599003,0.15,0.08,0.47046611979950154,0.47046611979950154,0.31991644483080756,,,,,,NORMAL,True,True,True,True,False,False,False,True,False,,,,
7977c92025d700666dfffe74,AUXILIARY_SIMULATED_SEQUENCE,Module_12_CrossDomain,sklearn_fixture,a8f87e9c543290360692566b136efc8d5d1d5ec80dab71bf0b939a065c4ac0ec,rf_breast_cancer_v1,breast_cancer_wisconsin,classification_breast_cancer,42,sim_unit_5,10,5,2026-09-02T20:45:00Z,1.1.0,51e186f20a1e7e28,SAMPLE_PREDICTION_ERROR,prediction_error == 1 when model prediction != true target,model_prediction_versus_ground_truth,False,1,1,True,0,1.0,0.15,0.08,0.575,0.575,0.41817061908587827,,,,,,NORMAL,True,True,True,True,False,False,False,True,False,,,,
f2ddbcdfae925ca5c07b8856,AUXILIARY_SIMULATED_SEQUENCE,Module_12_CrossDomain,sklearn_fixture,a8f87e9c543290360692566b136efc8d5d1d5ec80dab71bf0b939a065c4ac0ec,rf_breast_cancer_v1,breast_cancer_wisconsin,classification_breast_cancer,42,sim_unit_5,11,5,2026-09-02T20:45:00Z,1.1.0,51e186f20a1e7e28,SAMPLE_PREDICTION_ERROR,prediction_error == 1 when model prediction != true target,model_prediction_versus_ground_truth,False,1,1,True,0,0.4248770561823887,0.15,0.08,0.28743852809119436,0.28743852809119436,0.14884652046712285,,,,,,NORMAL,True,True,True,True,False,False,False,True,False,,,,
67245484ed5f27da33d2180d,AUXILIARY_SIMULATED_SEQUENCE,Module_12_CrossDomain,sklearn_fixture,a8f87e9c543290360692566b136efc8d5d1d5ec80dab71bf0b939a065c4ac0ec,rf_breast_cancer_v1,breast_cancer_wisconsin,classification_breast_cancer,42,sim_unit_5,12,5,2026-09-02T20:45:00Z,1.1.0,51e186f20a1e7e28,SAMPLE_PREDICTION_ERROR,prediction_error == 1 when model prediction != true target,model_prediction_versus_ground_truth,False,1,1,True,0,0.03765778797968938,0.15,0.08,0.09382889398984469,0.09382889398984469,0.046324502180438855,,,,,,NORMAL,True,True,True,True,False,False,False,True,False,,,,
9c075af79f1ce614e373d3c0,AUXILIARY_SIMULATED_SEQUENCE,Module_12_CrossDomain,sklearn_fixture,a8f87e9c543290360692566b136efc8d5d1d5ec80dab71bf0b939a065c4ac0ec,rf_breast_cancer_v1,breast_cancer_wisconsin,classification_breast_cancer,42,sim_unit_5,13,5,2026-09-02T20:45:00Z,1.1.0,51e186f20a1e7e28,SAMPLE_PREDICTION_ERROR,prediction_error == 1 when model prediction != true target,model_prediction_versus_ground_truth,False,1,1,True,0,1.0,0.15,0.08,0.575,0.575,0.41817061908587827,,,,,,NORMAL,True,True,True,True,False,False,False,True,False,,,,
eb0ec71dd253f55e093a17c4,AUXILIARY_SIMULATED_SEQUENCE,Module_12_CrossDomain,sklearn_fixture,a8f87e9c543290360692566b136efc8d5d1d5ec80dab71bf0b939a065c4ac0ec,rf_breast_cancer_v1,breast_cancer_wisconsin,classification_breast_cancer,42,sim_unit_5,14,5,2026-09-02T20:45:00Z,1.1.0,51e186f20a1e7e28,SAMPLE_PREDICTION_ERROR,prediction_error == 1 when model prediction != true target,model_prediction_versus_ground_truth,False,1,1,True,0,1.0,0.15,0.08,0.575,0.575,0.41817061908587827,,,,,,NORMAL,True,True,True,True,False,False,False,True,False,,,,
a907fe567af29a07d2f8dd03,AUXILIARY_SIMULATED_SEQUENCE,Module_12_CrossDomain,sklearn_fixture,a8f87e9c543290360692566b136efc8d5d1d5ec80dab71bf0b939a065c4ac0ec,rf_breast_cancer_v1,breast_cancer_wisconsin,classification_breast_cancer,42,sim_unit_5,15,5,2026-09-02T20:45:00Z,1.1.0,51e186f20a1e7e28,SAMPLE_PREDICTION_ERROR,prediction_error == 1 when model prediction != true target,model_prediction_versus_ground_truth,False,1,1,True,0,0.6235116518348153,0.15,0.08,0.38675582591740765,0.38675582591740765,0.24141209582683504,,,,,,NORMAL,True,True,True,True,False,False,False,True,False,,,,
0451e947378768c82234190b,AUXILIARY_SIMULATED_SEQUENCE,Module_12_CrossDomain,sklearn_fixture,a8f87e9c543290360692566b136efc8d5d1d5ec80dab71bf0b939a065c4ac0ec,rf_breast_cancer_v1,breast_cancer_wisconsin,classification_breast_cancer,42,sim_unit_5,16,5,2026-09-02T20:45:00Z,1.1.0,51e186f20a1e7e28,SAMPLE_PREDICTION_ERROR,prediction_error == 1 when model prediction != true target,model_prediction_versus_ground_truth,False,1,1,True,0,1.0,0.15,0.08,0.575,0.575,0.41817061908587827,,,,,,NORMAL,True,True,True,True,False,False,False,True,False,,,,
c35dfe4c0925ff0e7df6fcec,AUXILIARY_SIMULATED_SEQUENCE,Module_12_CrossDomain,sklearn_fixture,a8f87e9c543290360692566b136efc8d5d1d5ec80dab71bf0b939a065c4ac0ec,rf_breast_cancer_v1,breast_cancer_wisconsin,classification_breast_cancer,42,sim_unit_5,17,5,2026-09-02T20:45:00Z,1.1.0,51e186f20a1e7e28,SAMPLE_PREDICTION_ERROR,prediction_error == 1 when model prediction != true target,model_prediction_versus_ground_truth,False,0,0,True,0,0.21075364990537498,0.15,0.08,0.18037682495268748,0.18037682495268748,0.05342442527159509,,,,,,NORMAL,True,True,True,True,False,False,False,True,False,,,,
d5de084e9716c93356823c4e,AUXILIARY_SIMULATED_SEQUENCE,Module_12_CrossDomain,sklearn_fixture,a8f87e9c543290360692566b136efc8d5d1d5ec80dab71bf0b939a065c4ac0ec,rf_breast_cancer_v1,breast_cancer_wisconsin,classification_breast_cancer,42,sim_unit_5,18,5,2026-09-02T20:45:00Z,1.1.0,51e186f20a1e7e28,SAMPLE_PREDICTION_ERROR,prediction_error == 1 when model prediction != true target,model_prediction_versus_ground_truth,False,0,0,True,0,0.4689786242535292,0.15,0.08,0.3094893121267646,0.3094893121267646,0.16929649627431828,,,,,,NORMAL,True,True,True,True,False,False,False,True,False,,,,
c290af13c2fcdf0b4611035f,AUXILIARY_SIMULATED_SEQUENCE,Module_12_CrossDomain,sklearn_fixture,a8f87e9c543290360692566b136efc8d5d1d5ec80dab71bf0b939a065c4ac0ec,rf_breast_cancer_v1,breast_cancer_wisconsin,classification_breast_cancer,42,sim_unit_5,19,5,2026-09-02T20:45:00Z,1.1.0,51e186f20a1e7e28,SAMPLE_PREDICTION_ERROR,prediction_error == 1 when model prediction != true target,model_prediction_versus_ground_truth,False,0,0,True,0,1.0,0.15,0.08,0.575,0.575,0.41817061908587827,,,,,,NORMAL,True,True,True,True,False,False,False,True,False,,,,
5f99debbb9feb1d8cc70949b,AUXILIARY_SIMULATED_SEQUENCE,Module_12_CrossDomain,sklearn_fixture,a8f87e9c543290360692566b136efc8d5d1d5ec80dab71bf0b939a065c4ac0ec,rf_breast_cancer_v1,breast_cancer_wisconsin,classification_breast_cancer,42,sim_unit_6,0,5,2026-09-02T20:45:00Z,1.1.0,51e186f20a1e7e28,SAMPLE_PREDICTION_ERROR,prediction_error == 1 when model prediction != true target,model_prediction_versus_ground_truth,False,1,1,True,0,0.7710687800337603,0.15,0.08,0.4605343900168802,0.4605343900168802,0.31059127988581414,,,,,,NORMAL,True,True,True,True,False,False,False,True,False,,,,
333b5b4957c4b36a2c257540,AUXILIARY_SIMULATED_SEQUENCE,Module_12_CrossDomain,sklearn_fixture,a8f87e9c543290360692566b136efc8d5d1d5ec80dab71bf0b939a065c4ac0ec,rf_breast_cancer_v1,breast_cancer_wisconsin,classification_breast_cancer,42,sim_unit_6,1,5,2026-09-02T20:45:00Z,1.1.0,51e186f20a1e7e28,SAMPLE_PREDICTION_ERROR,prediction_error == 1 when model prediction != true target,model_prediction_versus_ground_truth,False,0,0,True,0,1.0,0.15,0.08,0.575,0.575,0.41817061908587827,,,,,,NORMAL,True,True,True,True,False,False,False,True,False,,,,
97e6cd5eeda791eda491e078,AUXILIARY_SIMULATED_SEQUENCE,Module_12_CrossDomain,sklearn_fixture,a8f87e9c543290360692566b136efc8d5d1d5ec80dab71bf0b939a065c4ac0ec,rf_breast_cancer_v1,breast_cancer_wisconsin,classification_breast_cancer,42,sim_unit_6,2,5,2026-09-02T20:45:00Z,1.1.0,51e186f20a1e7e28,SAMPLE_PREDICTION_ERROR,prediction_error == 1 when model prediction != true target,model_prediction_versus_ground_truth,False,0,0,True,0,1.0,0.15,0.08,0.575,0.575,0.41817061908587827,,,,,,NORMAL,True,True,True,True,False,False,False,True,False,,,,
948d0d31604dece93c1ec02b,AUXILIARY_SIMULATED_SEQUENCE,Module_12_CrossDomain,sklearn_fixture,a8f87e9c543290360692566b136efc8d5d1d5ec80dab71bf0b939a065c4ac0ec,rf_breast_cancer_v1,breast_cancer_wisconsin,classification_breast_cancer,42,sim_unit_6,3,5,2026-09-02T20:45:00Z,1.1.0,51e186f20a1e7e28,SAMPLE_PREDICTION_ERROR,prediction_error == 1 when model prediction != true target,model_prediction_versus_ground_truth,False,1,1,True,0,0.10576107791766416,0.15,0.08,0.12788053895883209,0.12788053895883209,0.028907352702665926,,,,,,NORMAL,True,True,True,True,False,False,False,True,False,,,,
f9237253bd8a659bfe18fc12,AUXILIARY_SIMULATED_SEQUENCE,Module_12_CrossDomain,sklearn_fixture,a8f87e9c543290360692566b136efc8d5d1d5ec80dab71bf0b939a065c4ac0ec,rf_breast_cancer_v1,breast_cancer_wisconsin,classification_breast_cancer,42,sim_unit_6,4,5,2026-09-02T20:45:00Z,1.1.0,51e186f20a1e7e28,SAMPLE_PREDICTION_ERROR,prediction_error == 1 when model prediction != true target,model_prediction_versus_ground_truth,False,1,1,True,0,0.21489191220696705,0.15,0.08,0.18244595610348352,0.18244595610348352,0.05508255243897192,,,,,,NORMAL,True,True,True,True,False,False,False,True,False,,,,
f8b72d2f5ae9d1032cd29736,AUXILIARY_SIMULATED_SEQUENCE,Module_12_CrossDomain,sklearn_fixture,a8f87e9c543290360692566b136efc8d5d1d5ec80dab71bf0b939a065c4ac0ec,rf_breast_cancer_v1,breast_cancer_wisconsin,classification_breast_cancer,42,sim_unit_6,5,5,2026-09-02T20:45:00Z,1.1.0,51e186f20a1e7e28,SAMPLE_PREDICTION_ERROR,prediction_error == 1 when model prediction != true target,model_prediction_versus_ground_truth,False,1,1,True,0,0.07868533233101747,0.15,0.08,0.11434266616550873,0.11434266616550873,0.03331251045581206,,,,,,NORMAL,True,True,True,True,False,False,False,True,False,,,,
cf84a4c179b54888706f7272,AUXILIARY_SIMULATED_SEQUENCE,Module_12_CrossDomain,sklearn_fixture,a8f87e9c543290360692566b136efc8d5d1d5ec80dab71bf0b939a065c4ac0ec,rf_breast_cancer_v1,breast_cancer_wisconsin,classification_breast_cancer,42,sim_unit_6,6,5,2026-09-02T20:45:00Z,1.1.0,51e186f20a1e7e28,SAMPLE_PREDICTION_ERROR,prediction_error == 1 when model prediction != true target,model_prediction_versus_ground_truth,False,0,0,True,0,0.14678862226899225,0.15,0.08,0.14839431113449614,0.14839431113449614,0.03226803201574335,,,,,,NORMAL,True,True,True,True,False,False,False,True,False,,,,
9497d4a7adeb23df9cb92719,AUXILIARY_SIMULATED_SEQUENCE,Module_12_CrossDomain,sklearn_fixture,a8f87e9c543290360692566b136efc8d5d1d5ec80dab71bf0b939a065c4ac0ec,rf_breast_cancer_v1,breast_cancer_wisconsin,classification_breast_cancer,42,sim_unit_6,7,5,2026-09-02T20:45:00Z,1.1.0,51e186f20a1e7e28,SAMPLE_PREDICTION_ERROR,prediction_error == 1 when model prediction != true target,model_prediction_versus_ground_truth,False,0,0,True,0,1.0,0.15,0.08,0.575,0.575,0.41817061908587827,,,,,,NORMAL,True,True,True,True,False,False,False,True,False,,,,
20ec395dd4bb59da7ec64eda,AUXILIARY_SIMULATED_SEQUENCE,Module_12_CrossDomain,sklearn_fixture,a8f87e9c543290360692566b136efc8d5d1d5ec80dab71bf0b939a065c4ac0ec,rf_breast_cancer_v1,breast_cancer_wisconsin,classification_breast_cancer,42,sim_unit_6,8,5,2026-09-02T20:45:00Z,1.1.0,51e186f20a1e7e28,SAMPLE_PREDICTION_ERROR,prediction_error == 1 when model prediction != true target,model_prediction_versus_ground_truth,False,1,1,True,0,0.2760193027626009,0.15,0.08,0.21300965138130046,0.21300965138130046,0.0811065360596161,,,,,,NORMAL,True,True,True,True,False,False,False,True,False,,,,
3c3151c9f0667cf7fc3a7935,AUXILIARY_SIMULATED_SEQUENCE,Module_12_CrossDomain,sklearn_fixture,a8f87e9c543290360692566b136efc8d5d1d5ec80dab71bf0b939a065c4ac0ec,rf_breast_cancer_v1,breast_cancer_wisconsin,classification_breast_cancer,42,sim_unit_6,9,5,2026-09-02T20:45:00Z,1.1.0,51e186f20a1e7e28,SAMPLE_PREDICTION_ERROR,prediction_error == 1 when model prediction != true target,model_prediction_versus_ground_truth,False,0,0,True,0,1.0,0.15,0.08,0.575,0.575,0.41817061908587827,,,,,,NORMAL,True,True,True,True,False,False,False,True,False,,,,
9f7e005ed1ef4c667c0d3e34,AUXILIARY_SIMULATED_SEQUENCE,Module_12_CrossDomain,sklearn_fixture,a8f87e9c543290360692566b136efc8d5d1d5ec80dab71bf0b939a065c4ac0ec,rf_breast_cancer_v1,breast_cancer_wisconsin,classification_breast_cancer,42,sim_unit_6,10,5,2026-09-02T20:45:00Z,1.1.0,51e186f20a1e7e28,SAMPLE_PREDICTION_ERROR,prediction_error == 1 when model prediction != true target,model_prediction_versus_ground_truth,False,1,1,True,0,0.5497330877353427,0.15,0.08,0.34986654386767135,0.34986654386767135,0.20691805010782255,,,,,,NORMAL,True,True,True,True,False,False,False,True,False,,,,
1c44589d179b6b30b281825f,AUXILIARY_SIMULATED_SEQUENCE,Module_12_CrossDomain,sklearn_fixture,a8f87e9c543290360692566b136efc8d5d1d5ec80dab71bf0b939a065c4ac0ec,rf_breast_cancer_v1,breast_cancer_wisconsin,classification_breast_cancer,42,sim_unit_6,11,5,2026-09-02T20:45:00Z,1.1.0,51e186f20a1e7e28,SAMPLE_PREDICTION_ERROR,prediction_error == 1 when model prediction != true target,model_prediction_versus_ground_truth,False,0,0,True,0,0.3781742376695633,0.15,0.08,0.26408711883478164,0.26408711883478164,0.12731036387327518,,,,,,NORMAL,True,True,True,True,False,False,False,True,False,,,,
1be1f0e3d58903dc175cea46,AUXILIARY_SIMULATED_SEQUENCE,Module_12_CrossDomain,sklearn_fixture,a8f87e9c543290360692566b136efc8d5d1d5ec80dab71bf0b939a065c4ac0ec,rf_breast_cancer_v1,breast_cancer_wisconsin,classification_breast_cancer,42,sim_unit_6,12,5,2026-09-02T20:45:00Z,1.1.0,51e186f20a1e7e28,SAMPLE_PREDICTION_ERROR,prediction_error == 1 when model prediction != true target,model_prediction_versus_ground_truth,False,0,0,True,0,0.5768088333219894,0.15,0.08,0.3634044166609947,0.3634044166609947,0.2195664407337621,,,,,,NORMAL,True,True,True,True,False,False,False,True,False,,,,
5442b0933ffc3f83cb579737,AUXILIARY_SIMULATED_SEQUENCE,Module_12_CrossDomain,sklearn_fixture,a8f87e9c543290360692566b136efc8d5d1d5ec80dab71bf0b939a065c4ac0ec,rf_breast_cancer_v1,breast_cancer_wisconsin,classification_breast_cancer,42,sim_unit_6,13,5,2026-09-02T20:45:00Z,1.1.0,51e186f20a1e7e28,SAMPLE_PREDICTION_ERROR,prediction_error == 1 when model prediction != true target,model_prediction_versus_ground_truth,False,1,1,True,0,0.449115164688287,0.15,0.08,0.2995575823441435,0.2995575823441435,0.16007494305597483,,,,,,NORMAL,True,True,True,True,False,False,False,True,False,,,,
a5fbbd0a98a1dbb07ecb5027,AUXILIARY_SIMULATED_SEQUENCE,Module_12_CrossDomain,sklearn_fixture,a8f87e9c543290360692566b136efc8d5d1d5ec80dab71bf0b939a065c4ac0ec,rf_breast_cancer_v1,breast_cancer_wisconsin,classification_breast_cancer,42,sim_unit_6,14,5,2026-09-02T20:45:00Z,1.1.0,51e186f20a1e7e28,SAMPLE_PREDICTION_ERROR,prediction_error == 1 when model prediction != true target,model_prediction_versus_ground_truth,False,0,0,True,0,1.0,0.15,0.08,0.575,0.575,0.41817061908587827,,,,,,NORMAL,True,True,True,True,False,False,False,True,False,,,,
a3519a45bb5704603199e33f,AUXILIARY_SIMULATED_SEQUENCE,Module_12_CrossDomain,sklearn_fixture,a8f87e9c543290360692566b136efc8d5d1d5ec80dab71bf0b939a065c4ac0ec,rf_breast_cancer_v1,breast_cancer_wisconsin,classification_breast_cancer,42,sim_unit_6,15,5,2026-09-02T20:45:00Z,1.1.0,51e186f20a1e7e28,SAMPLE_PREDICTION_ERROR,prediction_error == 1 when model prediction != true target,model_prediction_versus_ground_truth,False,0,0,True,0,0.38515013705190376,0.15,0.08,0.26757506852595186,0.26757506852595186,0.13051700319129336,,,,,,NORMAL,True,True,True,True,False,False,False,True,False,,,,
248b9069dbc9fcaf3b1fb346,AUXILIARY_SIMULATED_SEQUENCE,Module_12_CrossDomain,sklearn_fixture,a8f87e9c543290360692566b136efc8d5d1d5ec80dab71bf0b939a065c4ac0ec,rf_breast_cancer_v1,breast_cancer_wisconsin,classification_breast_cancer,42,sim_unit_6,16,5,2026-09-02T20:45:00Z,1.1.0,51e186f20a1e7e28,SAMPLE_PREDICTION_ERROR,prediction_error == 1 when model prediction != true target,model_prediction_versus_ground_truth,False,1,1,True,0,0.6859396676112918,0.15,0.08,0.4179698338056459,0.4179698338056459,0.270656446462256,,,,,,NORMAL,True,True,True,True,False,False,False,True,False,,,,
4819168c00428a0ef6e963f8,AUXILIARY_SIMULATED_SEQUENCE,Module_12_CrossDomain,sklearn_fixture,a8f87e9c543290360692566b136efc8d5d1d5ec80dab71bf0b939a065c4ac0ec,rf_breast_cancer_v1,breast_cancer_wisconsin,classification_breast_cancer,42,sim_unit_6,17,5,2026-09-02T20:45:00Z,1.1.0,51e186f20a1e7e28,SAMPLE_PREDICTION_ERROR,prediction_error == 1 when model prediction != true target,model_prediction_versus_ground_truth,False,1,1,True,0,0.7653935058722626,0.15,0.08,0.4576967529361313,0.4576967529361313,0.3079273768929626,,,,,,NORMAL,True,True,True,True,False,False,False,True,False,,,,
78fe575571393bcf764fe691,AUXILIARY_SIMULATED_SEQUENCE,Module_12_CrossDomain,sklearn_fixture,a8f87e9c543290360692566b136efc8d5d1d5ec80dab71bf0b939a065c4ac0ec,rf_breast_cancer_v1,breast_cancer_wisconsin,classification_breast_cancer,42,sim_unit_6,18,5,2026-09-02T20:45:00Z,1.1.0,51e186f20a1e7e28,SAMPLE_PREDICTION_ERROR,prediction_error == 1 when model prediction != true target,model_prediction_versus_ground_truth,False,0,0,True,0,0.23345474655136658,0.15,0.08,0.1917273732756833,0.1917273732756833,0.06272785484499865,,,,,,NORMAL,True,True,True,True,False,False,False,True,False,,,,
31130d16de7deda7eab74029,AUXILIARY_SIMULATED_SEQUENCE,Module_12_CrossDomain,sklearn_fixture,a8f87e9c543290360692566b136efc8d5d1d5ec80dab71bf0b939a065c4ac0ec,rf_breast_cancer_v1,breast_cancer_wisconsin,classification_breast_cancer,42,sim_unit_6,19,5,2026-09-02T20:45:00Z,1.1.0,51e186f20a1e7e28,SAMPLE_PREDICTION_ERROR,prediction_error == 1 when model prediction != true target,model_prediction_versus_ground_truth,False,1,1,True,0,0.8079580620834969,0.15,0.08,0.47897903104174844,0.47897903104174844,0.3279111925189893,,,,,,NORMAL,True,True,True,True,False,False,False,True,False,,,,
34f75cfc6921de553630c83c,AUXILIARY_SIMULATED_SEQUENCE,Module_12_CrossDomain,sklearn_fixture,a8f87e9c543290360692566b136efc8d5d1d5ec80dab71bf0b939a065c4ac0ec,rf_breast_cancer_v1,breast_cancer_wisconsin,classification_breast_cancer,42,sim_unit_7,0,5,2026-09-02T20:45:00Z,1.1.0,51e186f20a1e7e28,SAMPLE_PREDICTION_ERROR,prediction_error == 1 when model prediction != true target,model_prediction_versus_ground_truth,False,1,1,True,0,1.0,0.15,0.08,0.575,0.575,0.41817061908587827,,,,,,NORMAL,True,True,True,True,False,False,False,True,False,,,,
c2540a77b8032ae5a2290559,AUXILIARY_SIMULATED_SEQUENCE,Module_12_CrossDomain,sklearn_fixture,a8f87e9c543290360692566b136efc8d5d1d5ec80dab71bf0b939a065c4ac0ec,rf_breast_cancer_v1,breast_cancer_wisconsin,classification_breast_cancer,42,sim_unit_7,1,5,2026-09-02T20:45:00Z,1.1.0,51e186f20a1e7e28,SAMPLE_PREDICTION_ERROR,prediction_error == 1 when model prediction != true target,model_prediction_versus_ground_truth,False,0,0,True,0,0.5626206479182444,0.15,0.08,0.3563103239591222,0.3563103239591222,0.21293673783687697,,,,,,NORMAL,True,True,True,True,False,False,False,True,False,,,,
ed0faaeb46b0c97f50b56e79,AUXILIARY_SIMULATED_SEQUENCE,Module_12_CrossDomain,sklearn_fixture,a8f87e9c543290360692566b136efc8d5d1d5ec80dab71bf0b939a065c4ac0ec,rf_breast_cancer_v1,breast_cancer_wisconsin,classification_breast_cancer,42,sim_unit_7,2,5,2026-09-02T20:45:00Z,1.1.0,51e186f20a1e7e28,SAMPLE_PREDICTION_ERROR,prediction_error == 1 when model prediction != true target,model_prediction_versus_ground_truth,False,1,1,True,0,0.7653935058722626,0.15,0.08,0.4576967529361313,0.4576967529361313,0.3079273768929626,,,,,,NORMAL,True,True,True,True,False,False,False,True,False,,,,
0655678567acb9503ec4bd15,AUXILIARY_SIMULATED_SEQUENCE,Module_12_CrossDomain,sklearn_fixture,a8f87e9c543290360692566b136efc8d5d1d5ec80dab71bf0b939a065c4ac0ec,rf_breast_cancer_v1,breast_cancer_wisconsin,classification_breast_cancer,42,sim_unit_7,3,5,2026-09-02T20:45:00Z,1.1.0,51e186f20a1e7e28,SAMPLE_PREDICTION_ERROR,prediction_error == 1 when model prediction != true target,model_prediction_versus_ground_truth,False,1,1,True,0,0.34826085500216725,0.15,0.08,0.2491304275010836,0.2491304275010836,0.11361301419618568,,,,,,NORMAL,True,True,True,True,False,False,False,True,False,,,,
b81ac5521162b98f22d9dfca,AUXILIARY_SIMULATED_SEQUENCE,Module_12_CrossDomain,sklearn_fixture,a8f87e9c543290360692566b136efc8d5d1d5ec80dab71bf0b939a065c4ac0ec,rf_breast_cancer_v1,breast_cancer_wisconsin,classification_breast_cancer,42,sim_unit_7,4,5,2026-09-02T20:45:00Z,1.1.0,51e186f20a1e7e28,SAMPLE_PREDICTION_ERROR,prediction_error == 1 when model prediction != true target,model_prediction_versus_ground_truth,False,1,1,True,0,0.9583528273631909,0.15,0.08,0.5541764136815954,0.5541764136815954,0.39858610987157206,,,,,,NORMAL,True,True,True,True,False,False,False,True,False,,,,
3ad560041691ef462c5a6bbb,AUXILIARY_SIMULATED_SEQUENCE,Module_12_CrossDomain,sklearn_fixture,a8f87e9c543290360692566b136efc8d5d1d5ec80dab71bf0b939a065c4ac0ec,rf_breast_cancer_v1,breast_cancer_wisconsin,classification_breast_cancer,42,sim_unit_7,5,5,2026-09-02T20:45:00Z,1.1.0,51e186f20a1e7e28,SAMPLE_PREDICTION_ERROR,prediction_error == 1 when model prediction != true target,model_prediction_versus_ground_truth,False,1,1,True,0,0.6320245630770619,0.15,0.08,0.39101228153853096,0.39101228153853096,0.24539736430035572,,,,,,NORMAL,True,True,True,True,False,False,False,True,False,,,,
8da39761f3eba75abdf801e3,AUXILIARY_SIMULATED_SEQUENCE,Module_12_CrossDomain,sklearn_fixture,a8f87e9c543290360692566b136efc8d5d1d5ec80dab71bf0b939a065c4ac0ec,rf_breast_cancer_v1,breast_cancer_wisconsin,classification_breast_cancer,42,sim_unit_7,6,5,2026-09-02T20:45:00Z,1.1.0,51e186f20a1e7e28,SAMPLE_PREDICTION_ERROR,prediction_error == 1 when model prediction != true target,model_prediction_versus_ground_truth,False,0,0,True,0,0.6604009338845512,0.15,0.08,0.40520046694227563,0.40520046694227563,0.2586877906675839,,,,,,NORMAL,True,True,True,True,False,False,False,True,False,,,,
c63ba6dde6a5b015bfff99f0,AUXILIARY_SIMULATED_SEQUENCE,Module_12_CrossDomain,sklearn_fixture,a8f87e9c543290360692566b136efc8d5d1d5ec80dab71bf0b939a065c4ac0ec,rf_breast_cancer_v1,breast_cancer_wisconsin,classification_breast_cancer,42,sim_unit_7,7,5,2026-09-02T20:45:00Z,1.1.0,51e186f20a1e7e28,SAMPLE_PREDICTION_ERROR,prediction_error == 1 when model prediction != true target,model_prediction_versus_ground_truth,False,1,1,True,0,0.23345474655136658,0.15,0.08,0.1917273732756833,0.1917273732756833,0.06272785484499865,,,,,,NORMAL,True,True,True,True,False,False,False,True,False,,,,
32377d0fd730f9b6d6223f1a,AUXILIARY_SIMULATED_SEQUENCE,Module_12_CrossDomain,sklearn_fixture,a8f87e9c543290360692566b136efc8d5d1d5ec80dab71bf0b939a065c4ac0ec,rf_breast_cancer_v1,breast_cancer_wisconsin,classification_breast_cancer,42,sim_unit_7,8,5,2026-09-02T20:45:00Z,1.1.0,51e186f20a1e7e28,SAMPLE_PREDICTION_ERROR,prediction_error == 1 when model prediction != true target,model_prediction_versus_ground_truth,False,1,1,True,0,0.08873525543317035,0.15,0.08,0.11936762771658517,0.11936762771658517,0.031144240798655274,,,,,,NORMAL,True,True,True,True,False,False,False,True,False,,,,
e9993a955a7b63f5a6fac65d,AUXILIARY_SIMULATED_SEQUENCE,Module_12_CrossDomain,sklearn_fixture,a8f87e9c543290360692566b136efc8d5d1d5ec80dab71bf0b939a065c4ac0ec,rf_breast_cancer_v1,breast_cancer_wisconsin,classification_breast_cancer,42,sim_unit_7,9,5,2026-09-02T20:45:00Z,1.1.0,51e186f20a1e7e28,SAMPLE_PREDICTION_ERROR,prediction_error == 1 when model prediction != true target,model_prediction_versus_ground_truth,False,1,1,True,0,0.10989934021925574,0.15,0.08,0.12994967010962788,0.12994967010962788,0.02867835703568847,,,,,,NORMAL,True,True,True,True,False,False,False,True,False,,,,
2e25ae757b4ad8efd9b52d8f,AUXILIARY_SIMULATED_SEQUENCE,Module_12_CrossDomain,sklearn_fixture,a8f87e9c543290360692566b136efc8d5d1d5ec80dab71bf0b939a065c4ac0ec,rf_breast_cancer_v1,breast_cancer_wisconsin,classification_breast_cancer,42,sim_unit_7,10,5,2026-09-02T20:45:00Z,1.1.0,51e186f20a1e7e28,SAMPLE_PREDICTION_ERROR,prediction_error == 1 when model prediction != true target,model_prediction_versus_ground_truth,False,1,1,True,0,0.31988448419467785,0.15,0.08,0.23494224209733894,0.23494224209733894,0.10072255828508903,,,,,,NORMAL,True,True,True,True,False,False,False,True,False,,,,
3f9ecf633bcf2eb66782e855,AUXILIARY_SIMULATED_SEQUENCE,Module_12_CrossDomain,sklearn_fixture,a8f87e9c543290360692566b136efc8d5d1d5ec80dab71bf0b939a065c4ac0ec,rf_breast_cancer_v1,breast_cancer_wisconsin,classification_breast_cancer,42,sim_unit_7,11,5,2026-09-02T20:45:00Z,1.1.0,51e186f20a1e7e28,SAMPLE_PREDICTION_ERROR,prediction_error == 1 when model prediction != true target,model_prediction_versus_ground_truth,False,1,1,True,0,1.0,0.15,0.08,0.575,0.575,0.41817061908587827,,,,,,NORMAL,True,True,True,True,False,False,False,True,False,,,,
a5d92be6bd79d7b4d0d4cebf,AUXILIARY_SIMULATED_SEQUENCE,Module_12_CrossDomain,sklearn_fixture,a8f87e9c543290360692566b136efc8d5d1d5ec80dab71bf0b939a065c4ac0ec,rf_breast_cancer_v1,breast_cancer_wisconsin,classification_breast_cancer,42,sim_unit_7,12,5,2026-09-02T20:45:00Z,1.1.0,51e186f20a1e7e28,SAMPLE_PREDICTION_ERROR,prediction_error == 1 when model prediction != true target,model_prediction_versus_ground_truth,False,1,1,True,0,1.0,0.15,0.08,0.575,0.575,0.41817061908587827,,,,,,NORMAL,True,True,True,True,False,False,False,True,False,,,,
63df6d737b60762415352b78,AUXILIARY_SIMULATED_SEQUENCE,Module_12_CrossDomain,sklearn_fixture,a8f87e9c543290360692566b136efc8d5d1d5ec80dab71bf0b939a065c4ac0ec,rf_breast_cancer_v1,breast_cancer_wisconsin,classification_breast_cancer,42,sim_unit_7,13,5,2026-09-02T20:45:00Z,1.1.0,51e186f20a1e7e28,SAMPLE_PREDICTION_ERROR,prediction_error == 1 when model prediction != true target,model_prediction_versus_ground_truth,False,1,1,True,0,0.8448473441332329,0.15,0.08,0.4974236720666165,0.4974236720666165,0.3452381290060959,,,,,,NORMAL,True,True,True,True,False,False,False,True,False,,,,
e23c4177e1895d0de7bbbb0f,AUXILIARY_SIMULATED_SEQUENCE,Module_12_CrossDomain,sklearn_fixture,a8f87e9c543290360692566b136efc8d5d1d5ec80dab71bf0b939a065c4ac0ec,rf_breast_cancer_v1,breast_cancer_wisconsin,classification_breast_cancer,42,sim_unit_7,14,5,2026-09-02T20:45:00Z,1.1.0,51e186f20a1e7e28,SAMPLE_PREDICTION_ERROR,prediction_error == 1 when model prediction != true target,model_prediction_versus_ground_truth,False,1,1,True,0,0.27731992798344357,0.15,0.08,0.21365996399172177,0.21365996399172177,0.08168062332517399,,,,,,NORMAL,True,True,True,True,False,False,False,True,False,,,,
00da0708ec3163c7239e5465,AUXILIARY_SIMULATED_SEQUENCE,Module_12_CrossDomain,sklearn_fixture,a8f87e9c543290360692566b136efc8d5d1d5ec80dab71bf0b939a065c4ac0ec,rf_breast_cancer_v1,breast_cancer_wisconsin,classification_breast_cancer,42,sim_unit_7,15,5,2026-09-02T20:45:00Z,1.1.0,51e186f20a1e7e28,SAMPLE_PREDICTION_ERROR,prediction_error == 1 when model prediction != true target,model_prediction_versus_ground_truth,False,1,1,True,0,0.5327072652508489,0.15,0.08,0.34135363262542445,0.34135363262542445,0.1989720021864288,,,,,,NORMAL,True,True,True,True,False,False,False,True,False,,,,
a9e8a257b1cec1b91de38a0e,AUXILIARY_SIMULATED_SEQUENCE,Module_12_CrossDomain,sklearn_fixture,a8f87e9c543290360692566b136efc8d5d1d5ec80dab71bf0b939a065c4ac0ec,rf_breast_cancer_v1,breast_cancer_wisconsin,classification_breast_cancer,42,sim_unit_7,16,5,2026-09-02T20:45:00Z,1.1.0,51e186f20a1e7e28,SAMPLE_PREDICTION_ERROR,prediction_error == 1 when model prediction != true target,model_prediction_versus_ground_truth,False,0,0,True,0,1.0,0.15,0.08,0.575,0.575,0.41817061908587827,,,,,,NORMAL,True,True,True,True,False,False,False,True,False,,,,
595613a70db777b222adfea6,AUXILIARY_SIMULATED_SEQUENCE,Module_12_CrossDomain,sklearn_fixture,a8f87e9c543290360692566b136efc8d5d1d5ec80dab71bf0b939a065c4ac0ec,rf_breast_cancer_v1,breast_cancer_wisconsin,classification_breast_cancer,42,sim_unit_7,17,5,2026-09-02T20:45:00Z,1.1.0,51e186f20a1e7e28,SAMPLE_PREDICTION_ERROR,prediction_error == 1 when model prediction != true target,model_prediction_versus_ground_truth,False,1,1,True,0,0.7697681548129177,0.15,0.08,0.45988407740645887,0.45988407740645887,0.3099807651943416,,,,,,NORMAL,True,True,True,True,False,False,False,True,False,,,,
efee4ffa819b216c8d9878c8,AUXILIARY_SIMULATED_SEQUENCE,Module_12_CrossDomain,sklearn_fixture,a8f87e9c543290360692566b136efc8d5d1d5ec80dab71bf0b939a065c4ac0ec,rf_breast_cancer_v1,breast_cancer_wisconsin,classification_breast_cancer,42,sim_unit_7,18,5,2026-09-02T20:45:00Z,1.1.0,51e186f20a1e7e28,SAMPLE_PREDICTION_ERROR,prediction_error == 1 when model prediction != true target,model_prediction_versus_ground_truth,False,1,1,True,0,0.5866223697850788,0.15,0.08,0.3683111848925394,0.3683111848925394,0.22415404409651143,,,,,,NORMAL,True,True,True,True,False,False,False,True,False,,,,
d78a0decc2add8ad849d0dfb,AUXILIARY_SIMULATED_SEQUENCE,Module_12_CrossDomain,sklearn_fixture,a8f87e9c543290360692566b136efc8d5d1d5ec80dab71bf0b939a065c4ac0ec,rf_breast_cancer_v1,breast_cancer_wisconsin,classification_breast_cancer,42,sim_unit_7,19,5,2026-09-02T20:45:00Z,1.1.0,51e186f20a1e7e28,SAMPLE_PREDICTION_ERROR,prediction_error == 1 when model prediction != true target,model_prediction_versus_ground_truth,False,1,1,True,0,0.9157882711519566,0.15,0.08,0.5328941355759783,0.5328941355759783,0.37857535730523534,,,,,,NORMAL,True,True,True,True,False,False,False,True,False,,,,
6768714376b49189212b0ea9,AUXILIARY_SIMULATED_SEQUENCE,Module_12_CrossDomain,sklearn_fixture,a8f87e9c543290360692566b136efc8d5d1d5ec80dab71bf0b939a065c4ac0ec,rf_breast_cancer_v1,breast_cancer_wisconsin,classification_breast_cancer,42,sim_unit_8,0,5,2026-09-02T20:45:00Z,1.1.0,51e186f20a1e7e28,SAMPLE_PREDICTION_ERROR,prediction_error == 1 when model prediction != true target,model_prediction_versus_ground_truth,False,1,1,True,0,0.6745891192882962,0.15,0.08,0.41229455964414813,0.41229455964414813,0.26533625728114674,,,,,,NORMAL,True,True,True,True,False,False,False,True,False,,,,
af8f5d55d676a37c585a100b,AUXILIARY_SIMULATED_SEQUENCE,Module_12_CrossDomain,sklearn_fixture,a8f87e9c543290360692566b136efc8d5d1d5ec80dab71bf0b939a065c4ac0ec,rf_breast_cancer_v1,breast_cancer_wisconsin,classification_breast_cancer,42,sim_unit_8,1,5,2026-09-02T20:45:00Z,1.1.0,51e186f20a1e7e28,SAMPLE_PREDICTION_ERROR,prediction_error == 1 when model prediction != true target,model_prediction_versus_ground_truth,False,0,0,True,0,1.0,0.15,0.08,0.575,0.575,0.41817061908587827,,,,,,NORMAL,True,True,True,True,False,False,False,True,False,,,,
033a8a29cb8ceac70b3bd17d,AUXILIARY_SIMULATED_SEQUENCE,Module_12_CrossDomain,sklearn_fixture,a8f87e9c543290360692566b136efc8d5d1d5ec80dab71bf0b939a065c4ac0ec,rf_breast_cancer_v1,breast_cancer_wisconsin,classification_breast_cancer,42,sim_unit_8,2,5,2026-09-02T20:45:00Z,1.1.0,51e186f20a1e7e28,SAMPLE_PREDICTION_ERROR,prediction_error == 1 when model prediction != true target,model_prediction_versus_ground_truth,False,0,0,True,0,1.0,0.15,0.08,0.575,0.575,0.41817061908587827,,,,,,NORMAL,True,True,True,True,False,False,False,True,False,,,,
87c177c58aaa83197eede5e3,AUXILIARY_SIMULATED_SEQUENCE,Module_12_CrossDomain,sklearn_fixture,a8f87e9c543290360692566b136efc8d5d1d5ec80dab71bf0b939a065c4ac0ec,rf_breast_cancer_v1,breast_cancer_wisconsin,classification_breast_cancer,42,sim_unit_8,3,5,2026-09-02T20:45:00Z,1.1.0,51e186f20a1e7e28,SAMPLE_PREDICTION_ERROR,prediction_error == 1 when model prediction != true target,model_prediction_versus_ground_truth,False,1,1,True,0,0.5071685315241083,0.15,0.08,0.3285842657620542,0.3285842657620542,0.18706573836653462,,,,,,NORMAL,True,True,True,True,False,False,False,True,False,,,,
da600f6f463c7f34ae3f353e,AUXILIARY_SIMULATED_SEQUENCE,Module_12_CrossDomain,sklearn_fixture,a8f87e9c543290360692566b136efc8d5d1d5ec80dab71bf0b939a065c4ac0ec,rf_breast_cancer_v1,breast_cancer_wisconsin,classification_breast_cancer,42,sim_unit_8,4,5,2026-09-02T20:45:00Z,1.1.0,51e186f20a1e7e28,SAMPLE_PREDICTION_ERROR,prediction_error == 1 when model prediction != true target,model_prediction_versus_ground_truth,False,0,0,True,0,1.0,0.15,0.08,0.575,0.575,0.41817061908587827,,,,,,NORMAL,True,True,True,True,False,False,False,True,False,,,,
8828303f5aa3ebdaa0ad5b61,AUXILIARY_SIMULATED_SEQUENCE,Module_12_CrossDomain,sklearn_fixture,a8f87e9c543290360692566b136efc8d5d1d5ec80dab71bf0b939a065c4ac0ec,rf_breast_cancer_v1,breast_cancer_wisconsin,classification_breast_cancer,42,sim_unit_8,5,5,2026-09-02T20:45:00Z,1.1.0,51e186f20a1e7e28,SAMPLE_PREDICTION_ERROR,prediction_error == 1 when model prediction != true target,model_prediction_versus_ground_truth,False,1,1,True,0,0.23913002071286485,0.15,0.08,0.19456501035643242,0.19456501035643242,0.06512084841478488,,,,,,NORMAL,True,True,True,True,False,False,False,True,False,,,,
ad7b74b29969417fdf4f4f96,AUXILIARY_SIMULATED_SEQUENCE,Module_12_CrossDomain,sklearn_fixture,a8f87e9c543290360692566b136efc8d5d1d5ec80dab71bf0b939a065c4ac0ec,rf_breast_cancer_v1,breast_cancer_wisconsin,classification_breast_cancer,42,sim_unit_8,6,5,2026-09-02T20:45:00Z,1.1.0,51e186f20a1e7e28,SAMPLE_PREDICTION_ERROR,prediction_error == 1 when model prediction != true target,model_prediction_versus_ground_truth,False,1,1,True,0,0.9441646419594459,0.15,0.08,0.547082320979723,0.547082320979723,0.39191524125497,,,,,,NORMAL,True,True,True,True,False,False,False,True,False,,,,
99925a4e7ef644a3d28bed44,AUXILIARY_SIMULATED_SEQUENCE,Module_12_CrossDomain,sklearn_fixture,a8f87e9c543290360692566b136efc8d5d1d5ec80dab71bf0b939a065c4ac0ec,rf_breast_cancer_v1,breast_cancer_wisconsin,classification_breast_cancer,42,sim_unit_8,7,5,2026-09-02T20:45:00Z,1.1.0,51e186f20a1e7e28,SAMPLE_PREDICTION_ERROR,prediction_error == 1 when model prediction != true target,model_prediction_versus_ground_truth,False,0,0,True,0,0.7527423323284244,0.15,0.08,0.4513711661642122,0.4513711661642122,0.3019898020514006,,,,,,NORMAL,True,True,True,True,False,False,False,True,False,,,,
36004be98a533279dbce92c3,AUXILIARY_SIMULATED_SEQUENCE,Module_12_CrossDomain,sklearn_fixture,a8f87e9c543290360692566b136efc8d5d1d5ec80dab71bf0b939a065c4ac0ec,rf_breast_cancer_v1,breast_cancer_wisconsin,classification_breast_cancer,42,sim_unit_8,8,5,2026-09-02T20:45:00Z,1.1.0,51e186f20a1e7e28,SAMPLE_PREDICTION_ERROR,prediction_error == 1 when model prediction != true target,model_prediction_versus_ground_truth,False,0,0,True,0,0.948539290900101,0.15,0.08,0.5492696454500505,0.5492696454500505,0.39397200957378886,,,,,,NORMAL,True,True,True,True,False,False,False,True,False,,,,
f4f890c8838c987d66fa4680,AUXILIARY_SIMULATED_SEQUENCE,Module_12_CrossDomain,sklearn_fixture,a8f87e9c543290360692566b136efc8d5d1d5ec80dab71bf0b939a065c4ac0ec,rf_breast_cancer_v1,breast_cancer_wisconsin,classification_breast_cancer,42,sim_unit_8,9,5,2026-09-02T20:45:00Z,1.1.0,51e186f20a1e7e28,SAMPLE_PREDICTION_ERROR,prediction_error == 1 when model prediction != true target,model_prediction_versus_ground_truth,False,1,1,True,0,0.23913002071286485,0.15,0.08,0.19456501035643242,0.19456501035643242,0.06512084841478488,,,,,,NORMAL,True,True,True,True,False,False,False,True,False,,,,
492981dcbbe4e384e4288d81,AUXILIARY_SIMULATED_SEQUENCE,Module_12_CrossDomain,sklearn_fixture,a8f87e9c543290360692566b136efc8d5d1d5ec80dab71bf0b939a065c4ac0ec,rf_breast_cancer_v1,breast_cancer_wisconsin,classification_breast_cancer,42,sim_unit_8,10,5,2026-09-02T20:45:00Z,1.1.0,51e186f20a1e7e28,SAMPLE_PREDICTION_ERROR,prediction_error == 1 when model prediction != true target,model_prediction_versus_ground_truth,False,1,1,True,0,0.5128438056856062,0.15,0.08,0.3314219028428031,0.3314219028428031,0.18971012608269633,,,,,,NORMAL,True,True,True,True,False,False,False,True,False,,,,
97c3bb306e5f45a052a9e5d3,AUXILIARY_SIMULATED_SEQUENCE,Module_12_CrossDomain,sklearn_fixture,a8f87e9c543290360692566b136efc8d5d1d5ec80dab71bf0b939a065c4ac0ec,rf_breast_cancer_v1,breast_cancer_wisconsin,classification_breast_cancer,42,sim_unit_8,11,5,2026-09-02T20:45:00Z,1.1.0,51e186f20a1e7e28,SAMPLE_PREDICTION_ERROR,prediction_error == 1 when model prediction != true target,model_prediction_versus_ground_truth,False,0,0,True,0,0.19786608972247322,0.15,0.08,0.17393304486123662,0.17393304486123662,0.04840061713539744,,,,,,NORMAL,True,True,True,True,False,False,False,True,False,,,,
53d138441ec29f4dfe4ccfaf,AUXILIARY_SIMULATED_SEQUENCE,Module_12_CrossDomain,sklearn_fixture,a8f87e9c543290360692566b136efc8d5d1d5ec80dab71bf0b939a065c4ac0ec,rf_breast_cancer_v1,breast_cancer_wisconsin,classification_breast_cancer,42,sim_unit_8,12,5,2026-09-02T20:45:00Z,1.1.0,51e186f20a1e7e28,SAMPLE_PREDICTION_ERROR,prediction_error == 1 when model prediction != true target,model_prediction_versus_ground_truth,False,0,0,True,0,0.3781742376695633,0.15,0.08,0.26408711883478164,0.26408711883478164,0.12731036387327518,,,,,,NORMAL,True,True,True,True,False,False,False,True,False,,,,
047ede14074744e325c4419c,AUXILIARY_SIMULATED_SEQUENCE,Module_12_CrossDomain,sklearn_fixture,a8f87e9c543290360692566b136efc8d5d1d5ec80dab71bf0b939a065c4ac0ec,rf_breast_cancer_v1,breast_cancer_wisconsin,classification_breast_cancer,42,sim_unit_8,13,5,2026-09-02T20:45:00Z,1.1.0,51e186f20a1e7e28,SAMPLE_PREDICTION_ERROR,prediction_error == 1 when model prediction != true target,model_prediction_versus_ground_truth,False,1,1,True,0,0.8647108036984756,0.15,0.08,0.5073554018492378,0.5073554018492378,0.3545705662980735,,,,,,NORMAL,True,True,True,True,False,False,False,True,False,,,,
5c6552170dbe6bf58d1579d9,AUXILIARY_SIMULATED_SEQUENCE,Module_12_CrossDomain,sklearn_fixture,a8f87e9c543290360692566b136efc8d5d1d5ec80dab71bf0b939a065c4ac0ec,rf_breast_cancer_v1,breast_cancer_wisconsin,classification_breast_cancer,42,sim_unit_8,14,5,2026-09-02T20:45:00Z,1.1.0,51e186f20a1e7e28,SAMPLE_PREDICTION_ERROR,prediction_error == 1 when model prediction != true target,model_prediction_versus_ground_truth,False,1,1,True,0,0.9838915610899314,0.15,0.08,0.5669457805449657,0.5669457805449657,0.41059510873670996,,,,,,NORMAL,True,True,True,True,False,False,False,True,False,,,,
f9d02d3c0d1b61cd41668a7d,AUXILIARY_SIMULATED_SEQUENCE,Module_12_CrossDomain,sklearn_fixture,a8f87e9c543290360692566b136efc8d5d1d5ec80dab71bf0b939a065c4ac0ec,rf_breast_cancer_v1,breast_cancer_wisconsin,classification_breast_cancer,42,sim_unit_8,15,5,2026-09-02T20:45:00Z,1.1.0,51e186f20a1e7e28,SAMPLE_PREDICTION_ERROR,prediction_error == 1 when model prediction != true target,model_prediction_versus_ground_truth,False,1,1,True,0,1.0,0.15,0.08,0.575,0.575,0.41817061908587827,,,,,,NORMAL,True,True,True,True,False,False,False,True,False,,,,
b06c1f4cf676b3c1aaebe1b9,AUXILIARY_SIMULATED_SEQUENCE,Module_12_CrossDomain,sklearn_fixture,a8f87e9c543290360692566b136efc8d5d1d5ec80dab71bf0b939a065c4ac0ec,rf_breast_cancer_v1,breast_cancer_wisconsin,classification_breast_cancer,42,sim_unit_8,16,5,2026-09-02T20:45:00Z,1.1.0,51e186f20a1e7e28,SAMPLE_PREDICTION_ERROR,prediction_error == 1 when model prediction != true target,model_prediction_versus_ground_truth,False,1,1,True,0,1.0,0.15,0.08,0.575,0.575,0.41817061908587827,,,,,,NORMAL,True,True,True,True,False,False,False,True,False,,,,
9823375a761d4ec33e70dae4,AUXILIARY_SIMULATED_SEQUENCE,Module_12_CrossDomain,sklearn_fixture,a8f87e9c543290360692566b136efc8d5d1d5ec80dab71bf0b939a065c4ac0ec,rf_breast_cancer_v1,breast_cancer_wisconsin,classification_breast_cancer,42,sim_unit_8,17,5,2026-09-02T20:45:00Z,1.1.0,51e186f20a1e7e28,SAMPLE_PREDICTION_ERROR,prediction_error == 1 when model prediction != true target,model_prediction_versus_ground_truth,False,0,0,True,0,0.661937945744458,0.15,0.08,0.405968972872229,0.405968972872229,0.25940792264743856,,,,,,NORMAL,True,True,True,True,False,False,False,True,False,,,,
bf15466da78ef9440c99780a,AUXILIARY_SIMULATED_SEQUENCE,Module_12_CrossDomain,sklearn_fixture,a8f87e9c543290360692566b136efc8d5d1d5ec80dab71bf0b939a065c4ac0ec,rf_breast_cancer_v1,breast_cancer_wisconsin,classification_breast_cancer,42,sim_unit_8,18,5,2026-09-02T20:45:00Z,1.1.0,51e186f20a1e7e28,SAMPLE_PREDICTION_ERROR,prediction_error == 1 when model prediction != true target,model_prediction_versus_ground_truth,False,1,1,True,0,0.317046847113929,0.15,0.08,0.23352342355696448,0.23352342355696448,0.09944057793328905,,,,,,NORMAL,True,True,True,True,False,False,False,True,False,,,,
98179c59b62517272b91d35e,AUXILIARY_SIMULATED_SEQUENCE,Module_12_CrossDomain,sklearn_fixture,a8f87e9c543290360692566b136efc8d5d1d5ec80dab71bf0b939a065c4ac0ec,rf_breast_cancer_v1,breast_cancer_wisconsin,classification_breast_cancer,42,sim_unit_8,19,5,2026-09-02T20:45:00Z,1.1.0,51e186f20a1e7e28,SAMPLE_PREDICTION_ERROR,prediction_error == 1 when model prediction != true target,model_prediction_versus_ground_truth,False,1,1,True,0,0.37379958872890773,0.15,0.08,0.2618997943644539,0.2618997943644539,0.12530161577946566,,,,,,NORMAL,True,True,True,True,False,False,False,True,False,,,,
46969cdeba219f5f2b0b814e,AUXILIARY_SIMULATED_SEQUENCE,Module_12_CrossDomain,sklearn_fixture,a8f87e9c543290360692566b136efc8d5d1d5ec80dab71bf0b939a065c4ac0ec,rf_breast_cancer_v1,breast_cancer_wisconsin,classification_breast_cancer,42,sim_unit_9,0,5,2026-09-02T20:45:00Z,1.1.0,51e186f20a1e7e28,SAMPLE_PREDICTION_ERROR,prediction_error == 1 when model prediction != true target,model_prediction_versus_ground_truth,False,0,0,True,0,1.0,0.15,0.08,0.575,0.575,0.41817061908587827,,,,,,NORMAL,True,True,True,True,False,False,False,True,False,,,,
33232f06181bf0cdf64a32f1,AUXILIARY_SIMULATED_SEQUENCE,Module_12_CrossDomain,sklearn_fixture,a8f87e9c543290360692566b136efc8d5d1d5ec80dab71bf0b939a065c4ac0ec,rf_breast_cancer_v1,breast_cancer_wisconsin,classification_breast_cancer,42,sim_unit_9,1,5,2026-09-02T20:45:00Z,1.1.0,51e186f20a1e7e28,SAMPLE_PREDICTION_ERROR,prediction_error == 1 when model prediction != true target,model_prediction_versus_ground_truth,False,0,0,True,0,1.0,0.15,0.08,0.575,0.575,0.41817061908587827,,,,,,NORMAL,True,True,True,True,False,False,False,True,False,,,,
b103f0b0ad65acf64012e126,AUXILIARY_SIMULATED_SEQUENCE,Module_12_CrossDomain,sklearn_fixture,a8f87e9c543290360692566b136efc8d5d1d5ec80dab71bf0b939a065c4ac0ec,rf_breast_cancer_v1,breast_cancer_wisconsin,classification_breast_cancer,42,sim_unit_9,2,5,2026-09-02T20:45:00Z,1.1.0,51e186f20a1e7e28,SAMPLE_PREDICTION_ERROR,prediction_error == 1 when model prediction != true target,model_prediction_versus_ground_truth,False,0,0,True,0,0.4462775276075376,0.15,0.08,0.2981387638037688,0.2981387638037688,0.15875893696472496,,,,,,NORMAL,True,True,True,True,False,False,False,True,False,,,,
b3ca8e3aaabebaea1849128a,AUXILIARY_SIMULATED_SEQUENCE,Module_12_CrossDomain,sklearn_fixture,a8f87e9c543290360692566b136efc8d5d1d5ec80dab71bf0b939a065c4ac0ec,rf_breast_cancer_v1,breast_cancer_wisconsin,classification_breast_cancer,42,sim_unit_9,3,5,2026-09-02T20:45:00Z,1.1.0,51e186f20a1e7e28,SAMPLE_PREDICTION_ERROR,prediction_error == 1 when model prediction != true target,model_prediction_versus_ground_truth,False,1,1,True,0,0.7710687800337603,0.15,0.08,0.4605343900168802,0.4605343900168802,0.31059127988581414,,,,,,NORMAL,True,True,True,True,False,False,False,True,False,,,,
82df2ef977dc1d24d8401389,AUXILIARY_SIMULATED_SEQUENCE,Module_12_CrossDomain,sklearn_fixture,a8f87e9c543290360692566b136efc8d5d1d5ec80dab71bf0b939a065c4ac0ec,rf_breast_cancer_v1,breast_cancer_wisconsin,classification_breast_cancer,42,sim_unit_9,4,5,2026-09-02T20:45:00Z,1.1.0,51e186f20a1e7e28,SAMPLE_PREDICTION_ERROR,prediction_error == 1 when model prediction != true target,model_prediction_versus_ground_truth,False,0,0,True,0,0.32709677021608186,0.15,0.08,0.23854838510804094,0.23854838510804094,0.10398722136888149,,,,,,NORMAL,True,True,True,True,False,False,False,True,False,,,,
ce1315ba5647aade81cf6c16,AUXILIARY_SIMULATED_SEQUENCE,Module_12_CrossDomain,sklearn_fixture,a8f87e9c543290360692566b136efc8d5d1d5ec80dab71bf0b939a065c4ac0ec,rf_breast_cancer_v1,breast_cancer_wisconsin,classification_breast_cancer,42,sim_unit_9,5,5,2026-09-02T20:45:00Z,1.1.0,51e186f20a1e7e28,SAMPLE_PREDICTION_ERROR,prediction_error == 1 when model prediction != true target,model_prediction_versus_ground_truth,False,1,1,True,0,1.0,0.15,0.08,0.575,0.575,0.41817061908587827,,,,,,NORMAL,True,True,True,True,False,False,False,True,False,,,,
5d215a71ffbd7bc6c4d79fc9,AUXILIARY_SIMULATED_SEQUENCE,Module_12_CrossDomain,sklearn_fixture,a8f87e9c543290360692566b136efc8d5d1d5ec80dab71bf0b939a065c4ac0ec,rf_breast_cancer_v1,breast_cancer_wisconsin,classification_breast_cancer,42,sim_unit_9,6,5,2026-09-02T20:45:00Z,1.1.0,51e186f20a1e7e28,SAMPLE_PREDICTION_ERROR,prediction_error == 1 when model prediction != true target,model_prediction_versus_ground_truth,False,0,0,True,0,1.0,0.15,0.08,0.575,0.575,0.41817061908587827,,,,,,NORMAL,True,True,True,True,False,False,False,True,False,,,,
a56cd853f9a49cf5b403de09,AUXILIARY_SIMULATED_SEQUENCE,Module_12_CrossDomain,sklearn_fixture,a8f87e9c543290360692566b136efc8d5d1d5ec80dab71bf0b939a065c4ac0ec,rf_breast_cancer_v1,breast_cancer_wisconsin,classification_breast_cancer,42,sim_unit_9,7,5,2026-09-02T20:45:00Z,1.1.0,51e186f20a1e7e28,SAMPLE_PREDICTION_ERROR,prediction_error == 1 when model prediction != true target,model_prediction_versus_ground_truth,False,1,1,True,0,0.6859396676112918,0.15,0.08,0.4179698338056459,0.4179698338056459,0.270656446462256,,,,,,NORMAL,True,True,True,True,False,False,False,True,False,,,,
f9cb319f1c1c6b6f216526d0,AUXILIARY_SIMULATED_SEQUENCE,Module_12_CrossDomain,sklearn_fixture,a8f87e9c543290360692566b136efc8d5d1d5ec80dab71bf0b939a065c4ac0ec,rf_breast_cancer_v1,breast_cancer_wisconsin,classification_breast_cancer,42,sim_unit_9,8,5,2026-09-02T20:45:00Z,1.1.0,51e186f20a1e7e28,SAMPLE_PREDICTION_ERROR,prediction_error == 1 when model prediction != true target,model_prediction_versus_ground_truth,False,1,1,True,0,0.6575632968038024,0.15,0.08,0.4037816484019012,0.4037816484019012,0.25735834551958914,,,,,,NORMAL,True,True,True,True,False,False,False,True,False,,,,
d6c51fb607a2332323e755c3,AUXILIARY_SIMULATED_SEQUENCE,Module_12_CrossDomain,sklearn_fixture,a8f87e9c543290360692566b136efc8d5d1d5ec80dab71bf0b939a065c4ac0ec,rf_breast_cancer_v1,breast_cancer_wisconsin,classification_breast_cancer,42,sim_unit_9,9,5,2026-09-02T20:45:00Z,1.1.0,51e186f20a1e7e28,SAMPLE_PREDICTION_ERROR,prediction_error == 1 when model prediction != true target,model_prediction_versus_ground_truth,False,1,1,True,0,0.518519079847104,0.15,0.08,0.334259539923552,0.334259539923552,0.1923553700839808,,,,,,NORMAL,True,True,True,True,False,False,False,True,False,,,,
c890f2088fb017c8602314d5,AUXILIARY_SIMULATED_SEQUENCE,Module_12_CrossDomain,sklearn_fixture,a8f87e9c543290360692566b136efc8d5d1d5ec80dab71bf0b939a065c4ac0ec,rf_breast_cancer_v1,breast_cancer_wisconsin,classification_breast_cancer,42,sim_unit_9,10,5,2026-09-02T20:45:00Z,1.1.0,51e186f20a1e7e28,SAMPLE_PREDICTION_ERROR,prediction_error == 1 when model prediction != true target,model_prediction_versus_ground_truth,False,0,0,True,0,0.026307239656693838,0.15,0.08,0.08815361982834692,0.08815361982834692,0.05064342830530409,,,,,,NORMAL,True,True,True,True,False,False,False,True,False,,,,
d23f51bdd0110e357e8470b1,AUXILIARY_SIMULATED_SEQUENCE,Module_12_CrossDomain,sklearn_fixture,a8f87e9c543290360692566b136efc8d5d1d5ec80dab71bf0b939a065c4ac0ec,rf_breast_cancer_v1,breast_cancer_wisconsin,classification_breast_cancer,42,sim_unit_9,11,5,2026-09-02T20:45:00Z,1.1.0,51e186f20a1e7e28,SAMPLE_PREDICTION_ERROR,prediction_error == 1 when model prediction != true target,model_prediction_versus_ground_truth,False,1,1,True,0,0.38515013705190376,0.15,0.08,0.26757506852595186,0.26757506852595186,0.13051700319129336,,,,,,NORMAL,True,True,True,True,False,False,False,True,False,,,,
aa2b84a5fa409820692032b5,AUXILIARY_SIMULATED_SEQUENCE,Module_12_CrossDomain,sklearn_fixture,a8f87e9c543290360692566b136efc8d5d1d5ec80dab71bf0b939a065c4ac0ec,rf_breast_cancer_v1,breast_cancer_wisconsin,classification_breast_cancer,42,sim_unit_9,12,5,2026-09-02T20:45:00Z,1.1.0,51e186f20a1e7e28,SAMPLE_PREDICTION_ERROR,prediction_error == 1 when model prediction != true target,model_prediction_versus_ground_truth,False,1,1,True,0,1.0,0.15,0.08,0.575,0.575,0.41817061908587827,,,,,,NORMAL,True,True,True,True,False,False,False,True,False,,,,
ac6f7ec20cee85ef11f82551,AUXILIARY_SIMULATED_SEQUENCE,Module_12_CrossDomain,sklearn_fixture,a8f87e9c543290360692566b136efc8d5d1d5ec80dab71bf0b939a065c4ac0ec,rf_breast_cancer_v1,breast_cancer_wisconsin,classification_breast_cancer,42,sim_unit_9,13,5,2026-09-02T20:45:00Z,1.1.0,51e186f20a1e7e28,SAMPLE_PREDICTION_ERROR,prediction_error == 1 when model prediction != true target,model_prediction_versus_ground_truth,False,0,0,True,0,0.5071685315241083,0.15,0.08,0.3285842657620542,0.3285842657620542,0.18706573836653462,,,,,,NORMAL,True,True,True,True,False,False,False,True,False,,,,
94fead468af4b5964062c989,AUXILIARY_SIMULATED_SEQUENCE,Module_12_CrossDomain,sklearn_fixture,a8f87e9c543290360692566b136efc8d5d1d5ec80dab71bf0b939a065c4ac0ec,rf_breast_cancer_v1,breast_cancer_wisconsin,classification_breast_cancer,42,sim_unit_9,14,5,2026-09-02T20:45:00Z,1.1.0,51e186f20a1e7e28,SAMPLE_PREDICTION_ERROR,prediction_error == 1 when model prediction != true target,model_prediction_versus_ground_truth,False,0,0,True,0,0.2079160128246261,0.15,0.08,0.17895800641231305,0.17895800641231305,0.052299108637456355,,,,,,NORMAL,True,True,True,True,False,False,False,True,False,,,,
8eb704137ffdce843ef66bcd,AUXILIARY_SIMULATED_SEQUENCE,Module_12_CrossDomain,sklearn_fixture,a8f87e9c543290360692566b136efc8d5d1d5ec80dab71bf0b939a065c4ac0ec,rf_breast_cancer_v1,breast_cancer_wisconsin,classification_breast_cancer,42,sim_unit_9,15,5,2026-09-02T20:45:00Z,1.1.0,51e186f20a1e7e28,SAMPLE_PREDICTION_ERROR,prediction_error == 1 when model prediction != true target,model_prediction_versus_ground_truth,False,1,1,True,0,0.34542321792141834,0.15,0.08,0.24771160896070915,0.24771160896070915,0.11231885105187665,,,,,,NORMAL,True,True,True,True,False,False,False,True,False,,,,
1b2b05bf2c2a7c5f9f5482f4,AUXILIARY_SIMULATED_SEQUENCE,Module_12_CrossDomain,sklearn_fixture,a8f87e9c543290360692566b136efc8d5d1d5ec80dab71bf0b939a065c4ac0ec,rf_breast_cancer_v1,breast_cancer_wisconsin,classification_breast_cancer,42,sim_unit_9,16,5,2026-09-02T20:45:00Z,1.1.0,51e186f20a1e7e28,SAMPLE_PREDICTION_ERROR,prediction_error == 1 when model prediction != true target,model_prediction_versus_ground_truth,False,0,0,True,0,0.10138642897700907,0.15,0.08,0.12569321448850454,0.12569321448850454,0.02928909283522913,,,,,,NORMAL,True,True,True,True,False,False,False,True,False,,,,
2b847e09de4c52223bee3137,AUXILIARY_SIMULATED_SEQUENCE,Module_12_CrossDomain,sklearn_fixture,a8f87e9c543290360692566b136efc8d5d1d5ec80dab71bf0b939a065c4ac0ec,rf_breast_cancer_v1,breast_cancer_wisconsin,classification_breast_cancer,42,sim_unit_9,17,5,2026-09-02T20:45:00Z,1.1.0,51e186f20a1e7e28,SAMPLE_PREDICTION_ERROR,prediction_error == 1 when model prediction != true target,model_prediction_versus_ground_truth,False,0,0,True,0,1.0,0.15,0.08,0.575,0.575,0.41817061908587827,,,,,,NORMAL,True,True,True,True,False,False,False,True,False,,,,
375ec70fa68bd97dc5f8b47c,AUXILIARY_SIMULATED_SEQUENCE,Module_12_CrossDomain,sklearn_fixture,a8f87e9c543290360692566b136efc8d5d1d5ec80dab71bf0b939a065c4ac0ec,rf_breast_cancer_v1,breast_cancer_wisconsin,classification_breast_cancer,42,sim_unit_9,18,5,2026-09-02T20:45:00Z,1.1.0,51e186f20a1e7e28,SAMPLE_PREDICTION_ERROR,prediction_error == 1 when model prediction != true target,model_prediction_versus_ground_truth,False,0,0,True,0,1.0,0.15,0.08,0.575,0.575,0.41817061908587827,,,,,,NORMAL,True,True,True,True,False,False,False,True,False,,,,
6446d3eafeced7e05850a05c,AUXILIARY_SIMULATED_SEQUENCE,Module_12_CrossDomain,sklearn_fixture,a8f87e9c543290360692566b136efc8d5d1d5ec80dab71bf0b939a065c4ac0ec,rf_breast_cancer_v1,breast_cancer_wisconsin,classification_breast_cancer,42,sim_unit_9,19,5,2026-09-02T20:45:00Z,1.1.0,51e186f20a1e7e28,SAMPLE_PREDICTION_ERROR,prediction_error == 1 when model prediction != true target,model_prediction_versus_ground_truth,False,0,0,True,0,0.09157289251391923,0.15,0.08,0.12078644625695961,0.12078644625695961,0.03063704861461539,,,,,,NORMAL,True,True,True,True,False,False,False,True,False,,,,
365c94a0b13be5b6f0e907f1,AUXILIARY_SIMULATED_SEQUENCE,Module_12_CrossDomain,sklearn_fixture,a8f87e9c543290360692566b136efc8d5d1d5ec80dab71bf0b939a065c4ac0ec,rf_breast_cancer_v1,breast_cancer_wisconsin,classification_breast_cancer,42,sim_unit_10,0,5,2026-09-02T20:45:00Z,1.1.0,51e186f20a1e7e28,SAMPLE_PREDICTION_ERROR,prediction_error == 1 when model prediction != true target,model_prediction_versus_ground_truth,False,1,1,True,0,0.5383825394123466,0.15,0.08,0.3441912697061733,0.3441912697061733,0.20161998064524325,,,,,,NORMAL,True,True,True,True,False,False,False,True,False,,,,
0f55bf93162b16b88500531d,AUXILIARY_SIMULATED_SEQUENCE,Module_12_CrossDomain,sklearn_fixture,a8f87e9c543290360692566b136efc8d5d1d5ec80dab71bf0b939a065c4ac0ec,rf_breast_cancer_v1,breast_cancer_wisconsin,classification_breast_cancer,42,sim_unit_10,1,5,2026-09-02T20:45:00Z,1.1.0,51e186f20a1e7e28,SAMPLE_PREDICTION_ERROR,prediction_error == 1 when model prediction != true target,model_prediction_versus_ground_truth,False,0,0,True,0,0.9684027504653437,0.15,0.08,0.5592013752326719,0.5592013752326719,0.40331163977522505,,,,,,NORMAL,True,True,True,True,False,False,False,True,False,,,,
a91053c1a46bb23b1833bf37,AUXILIARY_SIMULATED_SEQUENCE,Module_12_CrossDomain,sklearn_fixture,a8f87e9c543290360692566b136efc8d5d1d5ec80dab71bf0b939a065c4ac0ec,rf_breast_cancer_v1,breast_cancer_wisconsin,classification_breast_cancer,42,sim_unit_10,2,5,2026-09-02T20:45:00Z,1.1.0,51e186f20a1e7e28,SAMPLE_PREDICTION_ERROR,prediction_error == 1 when model prediction != true target,model_prediction_versus_ground_truth,False,0,0,True,0,1.0,0.15,0.08,0.575,0.575,0.41817061908587827,,,,,,NORMAL,True,True,True,True,False,False,False,True,False,,,,
ea93d382f00b04b0ad082db5,AUXILIARY_SIMULATED_SEQUENCE,Module_12_CrossDomain,sklearn_fixture,a8f87e9c543290360692566b136efc8d5d1d5ec80dab71bf0b939a065c4ac0ec,rf_breast_cancer_v1,breast_cancer_wisconsin,classification_breast_cancer,42,sim_unit_10,3,5,2026-09-02T20:45:00Z,1.1.0,51e186f20a1e7e28,SAMPLE_PREDICTION_ERROR,prediction_error == 1 when model prediction != true target,model_prediction_versus_ground_truth,False,0,0,True,0,0.09003588065401302,0.15,0.08,0.12001794032700651,0.12001794032700651,0.030905617090032464,,,,,,NORMAL,True,True,True,True,False,False,False,True,False,,,,
c2eadbdc267d05121953e362,AUXILIARY_SIMULATED_SEQUENCE,Module_12_CrossDomain,sklearn_fixture,a8f87e9c543290360692566b136efc8d5d1d5ec80dab71bf0b939a065c4ac0ec,rf_breast_cancer_v1,breast_cancer_wisconsin,classification_breast_cancer,42,sim_unit_10,4,5,2026-09-02T20:45:00Z,1.1.0,51e186f20a1e7e28,SAMPLE_PREDICTION_ERROR,prediction_error == 1 when model prediction != true target,model_prediction_versus_ground_truth,False,1,1,True,0,0.4702792494743719,0.15,0.08,0.3101396247371859,0.3101396247371859,0.16990085024120063,,,,,,NORMAL,True,True,True,True,False,False,False,True,False,,,,
aa66795f665506edfa6d912d,AUXILIARY_SIMULATED_SEQUENCE,Module_12_CrossDomain,sklearn_fixture,a8f87e9c543290360692566b136efc8d5d1d5ec80dab71bf0b939a065c4ac0ec,rf_breast_cancer_v1,breast_cancer_wisconsin,classification_breast_cancer,42,sim_unit_10,5,5,2026-09-02T20:45:00Z,1.1.0,51e186f20a1e7e28,SAMPLE_PREDICTION_ERROR,prediction_error == 1 when model prediction != true target,model_prediction_versus_ground_truth,False,0,0,True,0,0.28169457692409866,0.15,0.08,0.2158472884620493,0.2158472884620493,0.08361563114886574,,,,,,NORMAL,True,True,True,True,False,False,False,True,False,,,,
cf6c171e4f09066576d1306f,AUXILIARY_SIMULATED_SEQUENCE,Module_12_CrossDomain,sklearn_fixture,a8f87e9c543290360692566b136efc8d5d1d5ec80dab71bf0b939a065c4ac0ec,rf_breast_cancer_v1,breast_cancer_wisconsin,classification_breast_cancer,42,sim_unit_10,6,5,2026-09-02T20:45:00Z,1.1.0,51e186f20a1e7e28,SAMPLE_PREDICTION_ERROR,prediction_error == 1 when model prediction != true target,model_prediction_versus_ground_truth,False,1,1,True,0,1.0,0.15,0.08,0.575,0.575,0.41817061908587827,,,,,,NORMAL,True,True,True,True,False,False,False,True,False,,,,
729a41155575fc1e46b53915,AUXILIARY_SIMULATED_SEQUENCE,Module_12_CrossDomain,sklearn_fixture,a8f87e9c543290360692566b136efc8d5d1d5ec80dab71bf0b939a065c4ac0ec,rf_breast_cancer_v1,breast_cancer_wisconsin,classification_breast_cancer,42,sim_unit_10,7,5,2026-09-02T20:45:00Z,1.1.0,51e186f20a1e7e28,SAMPLE_PREDICTION_ERROR,prediction_error == 1 when model prediction != true target,model_prediction_versus_ground_truth,False,0,0,True,0,0.8180079851856503,0.15,0.08,0.48400399259282517,0.48400399259282517,0.3326310025087151,,,,,,NORMAL,True,True,True,True,False,False,False,True,False,,,,
6e6dc6c1eb52f39abec4398d,AUXILIARY_SIMULATED_SEQUENCE,Module_12_CrossDomain,sklearn_fixture,a8f87e9c543290360692566b136efc8d5d1d5ec80dab71bf0b939a065c4ac0ec,rf_breast_cancer_v1,breast_cancer_wisconsin,classification_breast_cancer,42,sim_unit_10,8,5,2026-09-02T20:45:00Z,1.1.0,51e186f20a1e7e28,SAMPLE_PREDICTION_ERROR,prediction_error == 1 when model prediction != true target,model_prediction_versus_ground_truth,False,1,1,True,0,0.2886704763064396,0.15,0.08,0.2193352381532198,0.2193352381532198,0.08671336477858224,,,,,,NORMAL,True,True,True,True,False,False,False,True,False,,,,
7ec0fc77e1fce1a7cca26da4,AUXILIARY_SIMULATED_SEQUENCE,Module_12_CrossDomain,sklearn_fixture,a8f87e9c543290360692566b136efc8d5d1d5ec80dab71bf0b939a065c4ac0ec,rf_breast_cancer_v1,breast_cancer_wisconsin,classification_breast_cancer,42,sim_unit_10,9,5,2026-09-02T20:45:00Z,1.1.0,51e186f20a1e7e28,SAMPLE_PREDICTION_ERROR,prediction_error == 1 when model prediction != true target,model_prediction_versus_ground_truth,False,1,1,True,0,0.32425913313533294,0.15,0.08,0.23712956656766648,0.23712956656766648,0.10270170917170322,,,,,,NORMAL,True,True,True,True,False,False,False,True,False,,,,
1a541b17fe980451c2aaaa81,AUXILIARY_SIMULATED_SEQUENCE,Module_12_CrossDomain,sklearn_fixture,a8f87e9c543290360692566b136efc8d5d1d5ec80dab71bf0b939a065c4ac0ec,rf_breast_cancer_v1,breast_cancer_wisconsin,classification_breast_cancer,42,sim_unit_10,10,5,2026-09-02T20:45:00Z,1.1.0,51e186f20a1e7e28,SAMPLE_PREDICTION_ERROR,prediction_error == 1 when model prediction != true target,model_prediction_versus_ground_truth,False,0,0,True,0,1.0,0.15,0.08,0.575,0.575,0.41817061908587827,,,,,,NORMAL,True,True,True,True,False,False,False,True,False,,,,
ea5ca03b03276588f60fd8de,AUXILIARY_SIMULATED_SEQUENCE,Module_12_CrossDomain,sklearn_fixture,a8f87e9c543290360692566b136efc8d5d1d5ec80dab71bf0b939a065c4ac0ec,rf_breast_cancer_v1,breast_cancer_wisconsin,classification_breast_cancer,42,sim_unit_10,11,5,2026-09-02T20:45:00Z,1.1.0,51e186f20a1e7e28,SAMPLE_PREDICTION_ERROR,prediction_error == 1 when model prediction != true target,model_prediction_versus_ground_truth,False,1,1,True,0,0.6490503855615557,0.15,0.08,0.39952519278077786,0.39952519278077786,0.25337052986505587,,,,,,NORMAL,True,True,True,True,False,False,False,True,False,,,,
b232bc396364797810643f69,AUXILIARY_SIMULATED_SEQUENCE,Module_12_CrossDomain,sklearn_fixture,a8f87e9c543290360692566b136efc8d5d1d5ec80dab71bf0b939a065c4ac0ec,rf_breast_cancer_v1,breast_cancer_wisconsin,classification_breast_cancer,42,sim_unit_10,12,5,2026-09-02T20:45:00Z,1.1.0,51e186f20a1e7e28,SAMPLE_PREDICTION_ERROR,prediction_error == 1 when model prediction != true target,model_prediction_versus_ground_truth,False,0,0,True,0,1.0,0.15,0.08,0.575,0.575,0.41817061908587827,,,,,,NORMAL,True,True,True,True,False,False,False,True,False,,,,
2775668172e817233a6ce2a6,AUXILIARY_SIMULATED_SEQUENCE,Module_12_CrossDomain,sklearn_fixture,a8f87e9c543290360692566b136efc8d5d1d5ec80dab71bf0b939a065c4ac0ec,rf_breast_cancer_v1,breast_cancer_wisconsin,classification_breast_cancer,42,sim_unit_10,13,5,2026-09-02T20:45:00Z,1.1.0,51e186f20a1e7e28,SAMPLE_PREDICTION_ERROR,prediction_error == 1 when model prediction != true target,model_prediction_versus_ground_truth,False,0,0,True,0,0.9343511054963571,0.15,0.08,0.5421755527481785,0.5421755527481785,0.387301557525658,,,,,,NORMAL,True,True,True,True,False,False,False,True,False,,,,
116bc5d2337a941acfbfca3b,AUXILIARY_SIMULATED_SEQUENCE,Module_12_CrossDomain,sklearn_fixture,a8f87e9c543290360692566b136efc8d5d1d5ec80dab71bf0b939a065c4ac0ec,rf_breast_cancer_v1,breast_cancer_wisconsin,classification_breast_cancer,42,sim_unit_10,14,5,2026-09-02T20:45:00Z,1.1.0,51e186f20a1e7e28,SAMPLE_PREDICTION_ERROR,prediction_error == 1 when model prediction != true target,model_prediction_versus_ground_truth,False,0,0,True,0,0.017794328414446673,0.15,0.08,0.08389716420722333,0.08389716420722333,0.05400399694754793,,,,,,NORMAL,True,True,True,True,False,False,False,True,False,,,,
68356f957c19a2df05d5f7f3,AUXILIARY_SIMULATED_SEQUENCE,Module_12_CrossDomain,sklearn_fixture,a8f87e9c543290360692566b136efc8d5d1d5ec80dab71bf0b939a065c4ac0ec,rf_breast_cancer_v1,breast_cancer_wisconsin,classification_breast_cancer,42,sim_unit_10,15,5,2026-09-02T20:45:00Z,1.1.0,51e186f20a1e7e28,SAMPLE_PREDICTION_ERROR,prediction_error == 1 when model prediction != true target,model_prediction_versus_ground_truth,False,0,0,True,0,0.07584769525026859,0.15,0.08,0.1129238476251343,0.1129238476251343,0.0340192852730978,,,,,,NORMAL,True,True,True,True,False,False,False,True,False,,,,
2d019bd968eb0a4e10e3d50b,AUXILIARY_SIMULATED_SEQUENCE,Module_12_CrossDomain,sklearn_fixture,a8f87e9c543290360692566b136efc8d5d1d5ec80dab71bf0b939a065c4ac0ec,rf_breast_cancer_v1,breast_cancer_wisconsin,classification_breast_cancer,42,sim_unit_10,16,5,2026-09-02T20:45:00Z,1.1.0,51e186f20a1e7e28,SAMPLE_PREDICTION_ERROR,prediction_error == 1 when model prediction != true target,model_prediction_versus_ground_truth,False,1,1,True,0,0.6348622001578108,0.15,0.08,0.3924311000789054,0.3924311000789054,0.24672598708009827,,,,,,NORMAL,True,True,True,True,False,False,False,True,False,,,,
e8750a77dc169702a447e810,AUXILIARY_SIMULATED_SEQUENCE,Module_12_CrossDomain,sklearn_fixture,a8f87e9c543290360692566b136efc8d5d1d5ec80dab71bf0b939a065c4ac0ec,rf_breast_cancer_v1,breast_cancer_wisconsin,classification_breast_cancer,42,sim_unit_10,17,5,2026-09-02T20:45:00Z,1.1.0,51e186f20a1e7e28,SAMPLE_PREDICTION_ERROR,prediction_error == 1 when model prediction != true target,model_prediction_versus_ground_truth,False,1,1,True,0,1.0,0.15,0.08,0.575,0.575,0.41817061908587827,,,,,,NORMAL,True,True,True,True,False,False,False,True,False,,,,
a9535ea169320535de72f10d,AUXILIARY_SIMULATED_SEQUENCE,Module_12_CrossDomain,sklearn_fixture,a8f87e9c543290360692566b136efc8d5d1d5ec80dab71bf0b939a065c4ac0ec,rf_breast_cancer_v1,breast_cancer_wisconsin,classification_breast_cancer,42,sim_unit_10,18,5,2026-09-02T20:45:00Z,1.1.0,51e186f20a1e7e28,SAMPLE_PREDICTION_ERROR,prediction_error == 1 when model prediction != true target,model_prediction_versus_ground_truth,False,0,0,True,0,1.0,0.15,0.08,0.575,0.575,0.41817061908587827,,,,,,NORMAL,True,True,True,True,False,False,False,True,False,,,,
fbb89223129c0e96eb705240,AUXILIARY_SIMULATED_SEQUENCE,Module_12_CrossDomain,sklearn_fixture,a8f87e9c543290360692566b136efc8d5d1d5ec80dab71bf0b939a065c4ac0ec,rf_breast_cancer_v1,breast_cancer_wisconsin,classification_breast_cancer,42,sim_unit_10,19,5,2026-09-02T20:45:00Z,1.1.0,51e186f20a1e7e28,SAMPLE_PREDICTION_ERROR,prediction_error == 1 when model prediction != true target,model_prediction_versus_ground_truth,False,0,0,True,0,1.0,0.15,0.08,0.575,0.575,0.41817061908587827,,,,,,NORMAL,True,True,True,True,False,False,False,True,False,,,,
57ba7dafddd194d31d4ee606,AUXILIARY_SIMULATED_SEQUENCE,Module_12_CrossDomain,sklearn_fixture,a8f87e9c543290360692566b136efc8d5d1d5ec80dab71bf0b939a065c4ac0ec,rf_breast_cancer_v1,breast_cancer_wisconsin,classification_breast_cancer,42,sim_unit_11,0,5,2026-09-02T20:45:00Z,1.1.0,51e186f20a1e7e28,SAMPLE_PREDICTION_ERROR,prediction_error == 1 when model prediction != true target,model_prediction_versus_ground_truth,False,1,1,True,0,0.13543807394599622,0.15,0.08,0.1427190369729981,0.1427190369729981,0.03015778825747453,,,,,,NORMAL,True,True,True,True,False,False,False,True,False,,,,
2741056707b95d7da7e3ee2e,AUXILIARY_SIMULATED_SEQUENCE,Module_12_CrossDomain,sklearn_fixture,a8f87e9c543290360692566b136efc8d5d1d5ec80dab71bf0b939a065c4ac0ec,rf_breast_cancer_v1,breast_cancer_wisconsin,classification_breast_cancer,42,sim_unit_11,1,5,2026-09-02T20:45:00Z,1.1.0,51e186f20a1e7e28,SAMPLE_PREDICTION_ERROR,prediction_error == 1 when model prediction != true target,model_prediction_versus_ground_truth,False,1,1,True,0,0.1609768076727367,0.15,0.08,0.15548840383636836,0.15548840383636836,0.035866625910063024,,,,,,NORMAL,True,True,True,True,False,False,False,True,False,,,,
e2b59e0502a1c1cacd724c3c,AUXILIARY_SIMULATED_SEQUENCE,Module_12_CrossDomain,sklearn_fixture,a8f87e9c543290360692566b136efc8d5d1d5ec80dab71bf0b939a065c4ac0ec,rf_breast_cancer_v1,breast_cancer_wisconsin,classification_breast_cancer,42,sim_unit_11,2,5,2026-09-02T20:45:00Z,1.1.0,51e186f20a1e7e28,SAMPLE_PREDICTION_ERROR,prediction_error == 1 when model prediction != true target,model_prediction_versus_ground_truth,False,1,1,True,0,1.0,0.15,0.08,0.575,0.575,0.41817061908587827,,,,,,NORMAL,True,True,True,True,False,False,False,True,False,,,,
84991aa1fa4d3bbc9fb79173,AUXILIARY_SIMULATED_SEQUENCE,Module_12_CrossDomain,sklearn_fixture,a8f87e9c543290360692566b136efc8d5d1d5ec80dab71bf0b939a065c4ac0ec,rf_breast_cancer_v1,breast_cancer_wisconsin,classification_breast_cancer,42,sim_unit_11,3,5,2026-09-02T20:45:00Z,1.1.0,51e186f20a1e7e28,SAMPLE_PREDICTION_ERROR,prediction_error == 1 when model prediction != true target,model_prediction_versus_ground_truth,False,0,0,True,0,0.46046571301128253,0.15,0.08,0.30523285650564125,0.30523285650564125,0.1653424452236387,,,,,,NORMAL,True,True,True,True,False,False,False,True,False,,,,
f6d954970bb0941b262003ec,AUXILIARY_SIMULATED_SEQUENCE,Module_12_CrossDomain,sklearn_fixture,a8f87e9c543290360692566b136efc8d5d1d5ec80dab71bf0b939a065c4ac0ec,rf_breast_cancer_v1,breast_cancer_wisconsin,classification_breast_cancer,42,sim_unit_11,4,5,2026-09-02T20:45:00Z,1.1.0,51e186f20a1e7e28,SAMPLE_PREDICTION_ERROR,prediction_error == 1 when model prediction != true target,model_prediction_versus_ground_truth,False,1,1,True,0,0.2432682830144564,0.15,0.08,0.1966341415072282,0.1966341415072282,0.06687924844652934,,,,,,NORMAL,True,True,True,True,False,False,False,True,False,,,,
eb055207ea364b1f5f2fe592,AUXILIARY_SIMULATED_SEQUENCE,Module_12_CrossDomain,sklearn_fixture,a8f87e9c543290360692566b136efc8d5d1d5ec80dab71bf0b939a065c4ac0ec,rf_breast_cancer_v1,breast_cancer_wisconsin,classification_breast_cancer,42,sim_unit_11,5,5,2026-09-02T20:45:00Z,1.1.0,51e186f20a1e7e28,SAMPLE_PREDICTION_ERROR,prediction_error == 1 when model prediction != true target,model_prediction_versus_ground_truth,False,1,1,True,0,0.06035888462568098,0.15,0.08,0.10517944231284049,0.10517944231284049,0.0384726497061358,,,,,,NORMAL,True,True,True,True,False,False,False,True,False,,,,
ff7493e45e1a25db64e4d250,AUXILIARY_SIMULATED_SEQUENCE,Module_12_CrossDomain,sklearn_fixture,a8f87e9c543290360692566b136efc8d5d1d5ec80dab71bf0b939a065c4ac0ec,rf_breast_cancer_v1,breast_cancer_wisconsin,classification_breast_cancer,42,sim_unit_11,6,5,2026-09-02T20:45:00Z,1.1.0,51e186f20a1e7e28,SAMPLE_PREDICTION_ERROR,prediction_error == 1 when model prediction != true target,model_prediction_versus_ground_truth,False,1,1,True,0,1.0,0.15,0.08,0.575,0.575,0.41817061908587827,,,,,,NORMAL,True,True,True,True,False,False,False,True,False,,,,
0a88fc59e53940c6e6ff6391,AUXILIARY_SIMULATED_SEQUENCE,Module_12_CrossDomain,sklearn_fixture,a8f87e9c543290360692566b136efc8d5d1d5ec80dab71bf0b939a065c4ac0ec,rf_breast_cancer_v1,breast_cancer_wisconsin,classification_breast_cancer,42,sim_unit_11,7,5,2026-09-02T20:45:00Z,1.1.0,51e186f20a1e7e28,SAMPLE_PREDICTION_ERROR,prediction_error == 1 when model prediction != true target,model_prediction_versus_ground_truth,False,1,1,True,0,0.2476429319551115,0.15,0.08,0.19882146597755573,0.19882146597755573,0.06874937962976399,,,,,,NORMAL,True,True,True,True,False,False,False,True,False,,,,
1760f7042328ac75679a6051,AUXILIARY_SIMULATED_SEQUENCE,Module_12_CrossDomain,sklearn_fixture,a8f87e9c543290360692566b136efc8d5d1d5ec80dab71bf0b939a065c4ac0ec,rf_breast_cancer_v1,breast_cancer_wisconsin,classification_breast_cancer,42,sim_unit_11,8,5,2026-09-02T20:45:00Z,1.1.0,51e186f20a1e7e28,SAMPLE_PREDICTION_ERROR,prediction_error == 1 when model prediction != true target,model_prediction_versus_ground_truth,False,1,1,True,0,0.42771469326313805,0.15,0.08,0.28885734663156903,0.28885734663156903,0.15015952952529335,,,,,,NORMAL,True,True,True,True,False,False,False,True,False,,,,
af40fcc0c810e27d9feee0fa,AUXILIARY_SIMULATED_SEQUENCE,Module_12_CrossDomain,sklearn_fixture,a8f87e9c543290360692566b136efc8d5d1d5ec80dab71bf0b939a065c4ac0ec,rf_breast_cancer_v1,breast_cancer_wisconsin,classification_breast_cancer,42,sim_unit_11,9,5,2026-09-02T20:45:00Z,1.1.0,51e186f20a1e7e28,SAMPLE_PREDICTION_ERROR,prediction_error == 1 when model prediction != true target,model_prediction_versus_ground_truth,False,0,0,True,0,0.36812431456740996,0.15,0.08,0.25906215728370496,0.25906215728370496,0.12269829177948931,,,,,,NORMAL,True,True,True,True,False,False,False,True,False,,,,
0af2f6976085f9f82cdb774b,AUXILIARY_SIMULATED_SEQUENCE,Module_12_CrossDomain,sklearn_fixture,a8f87e9c543290360692566b136efc8d5d1d5ec80dab71bf0b939a065c4ac0ec,rf_breast_cancer_v1,breast_cancer_wisconsin,classification_breast_cancer,42,sim_unit_11,10,5,2026-09-02T20:45:00Z,1.1.0,51e186f20a1e7e28,SAMPLE_PREDICTION_ERROR,prediction_error == 1 when model prediction != true target,model_prediction_versus_ground_truth,False,0,0,True,0,0.8293585335086459,0.15,0.08,0.48967926675432294,0.48967926675432294,0.3379622314193056,,,,,,NORMAL,True,True,True,True,False,False,False,True,False,,,,
0974ff21742d52d76a182ee5,AUXILIARY_SIMULATED_SEQUENCE,Module_12_CrossDomain,sklearn_fixture,a8f87e9c543290360692566b136efc8d5d1d5ec80dab71bf0b939a065c4ac0ec,rf_breast_cancer_v1,breast_cancer_wisconsin,classification_breast_cancer,42,sim_unit_11,11,5,2026-09-02T20:45:00Z,1.1.0,51e186f20a1e7e28,SAMPLE_PREDICTION_ERROR,prediction_error == 1 when model prediction != true target,model_prediction_versus_ground_truth,False,1,1,True,0,0.7966075137605009,0.15,0.08,0.47330375688025045,0.47330375688025045,0.32258118799416524,,,,,,NORMAL,True,True,True,True,False,False,False,True,False,,,,
43550c67ec429ed0a81338cb,AUXILIARY_SIMULATED_SEQUENCE,Module_12_CrossDomain,sklearn_fixture,a8f87e9c543290360692566b136efc8d5d1d5ec80dab71bf0b939a065c4ac0ec,rf_breast_cancer_v1,breast_cancer_wisconsin,classification_breast_cancer,42,sim_unit_11,12,5,2026-09-02T20:45:00Z,1.1.0,51e186f20a1e7e28,SAMPLE_PREDICTION_ERROR,prediction_error == 1 when model prediction != true target,model_prediction_versus_ground_truth,False,1,1,True,0,0.8249838845679902,0.15,0.08,0.4874919422839951,0.4874919422839951,0.33590743313076704,,,,,,NORMAL,True,True,True,True,False,False,False,True,False,,,,
cd4f25819262637d3f6b97a6,AUXILIARY_SIMULATED_SEQUENCE,Module_12_CrossDomain,sklearn_fixture,a8f87e9c543290360692566b136efc8d5d1d5ec80dab71bf0b939a065c4ac0ec,rf_breast_cancer_v1,breast_cancer_wisconsin,classification_breast_cancer,42,sim_unit_11,13,5,2026-09-02T20:45:00Z,1.1.0,51e186f20a1e7e28,SAMPLE_PREDICTION_ERROR,prediction_error == 1 when model prediction != true target,model_prediction_versus_ground_truth,False,0,0,True,0,1.0,0.15,0.08,0.575,0.575,0.41817061908587827,,,,,,NORMAL,True,True,True,True,False,False,False,True,False,,,,
bccf593b30ed997434e167d1,AUXILIARY_SIMULATED_SEQUENCE,Module_12_CrossDomain,sklearn_fixture,a8f87e9c543290360692566b136efc8d5d1d5ec80dab71bf0b939a065c4ac0ec,rf_breast_cancer_v1,breast_cancer_wisconsin,classification_breast_cancer,42,sim_unit_11,14,5,2026-09-02T20:45:00Z,1.1.0,51e186f20a1e7e28,SAMPLE_PREDICTION_ERROR,prediction_error == 1 when model prediction != true target,model_prediction_versus_ground_truth,False,1,1,True,0,1.0,0.15,0.08,0.575,0.575,0.41817061908587827,,,,,,NORMAL,True,True,True,True,False,False,False,True,False,,,,
8a59fdfcd57003e61baa6957,AUXILIARY_SIMULATED_SEQUENCE,Module_12_CrossDomain,sklearn_fixture,a8f87e9c543290360692566b136efc8d5d1d5ec80dab71bf0b939a065c4ac0ec,rf_breast_cancer_v1,breast_cancer_wisconsin,classification_breast_cancer,42,sim_unit_11,15,5,2026-09-02T20:45:00Z,1.1.0,51e186f20a1e7e28,SAMPLE_PREDICTION_ERROR,prediction_error == 1 when model prediction != true target,model_prediction_versus_ground_truth,False,1,1,True,0,0.027607864877536515,0.15,0.08,0.08880393243876826,0.08880393243876826,0.05013844229566973,,,,,,NORMAL,True,True,True,True,False,False,False,True,False,,,,
897193510f0630a0aaecc079,AUXILIARY_SIMULATED_SEQUENCE,Module_12_CrossDomain,sklearn_fixture,a8f87e9c543290360692566b136efc8d5d1d5ec80dab71bf0b939a065c4ac0ec,rf_breast_cancer_v1,breast_cancer_wisconsin,classification_breast_cancer,42,sim_unit_11,16,5,2026-09-02T20:45:00Z,1.1.0,51e186f20a1e7e28,SAMPLE_PREDICTION_ERROR,prediction_error == 1 when model prediction != true target,model_prediction_versus_ground_truth,False,0,0,True,0,1.0,0.15,0.08,0.575,0.575,0.41817061908587827,,,,,,NORMAL,True,True,True,True,False,False,False,True,False,,,,
03419fc123acbc607f487c94,AUXILIARY_SIMULATED_SEQUENCE,Module_12_CrossDomain,sklearn_fixture,a8f87e9c543290360692566b136efc8d5d1d5ec80dab71bf0b939a065c4ac0ec,rf_breast_cancer_v1,breast_cancer_wisconsin,classification_breast_cancer,42,sim_unit_11,17,5,2026-09-02T20:45:00Z,1.1.0,51e186f20a1e7e28,SAMPLE_PREDICTION_ERROR,prediction_error == 1 when model prediction != true target,model_prediction_versus_ground_truth,False,0,0,True,0,1.0,0.15,0.08,0.575,0.575,0.41817061908587827,,,,,,NORMAL,True,True,True,True,False,False,False,True,False,,,,
94f01db808a084a981a5a71b,AUXILIARY_SIMULATED_SEQUENCE,Module_12_CrossDomain,sklearn_fixture,a8f87e9c543290360692566b136efc8d5d1d5ec80dab71bf0b939a065c4ac0ec,rf_breast_cancer_v1,breast_cancer_wisconsin,classification_breast_cancer,42,sim_unit_11,18,5,2026-09-02T20:45:00Z,1.1.0,51e186f20a1e7e28,SAMPLE_PREDICTION_ERROR,prediction_error == 1 when model prediction != true target,model_prediction_versus_ground_truth,False,1,1,True,0,0.026307239656693838,0.15,0.08,0.08815361982834692,0.08815361982834692,0.05064342830530409,,,,,,NORMAL,True,True,True,True,False,False,False,True,False,,,,
ee8acfc80bc2408204ac273b,AUXILIARY_SIMULATED_SEQUENCE,Module_12_CrossDomain,sklearn_fixture,a8f87e9c543290360692566b136efc8d5d1d5ec80dab71bf0b939a065c4ac0ec,rf_breast_cancer_v1,breast_cancer_wisconsin,classification_breast_cancer,42,sim_unit_11,19,5,2026-09-02T20:45:00Z,1.1.0,51e186f20a1e7e28,SAMPLE_PREDICTION_ERROR,prediction_error == 1 when model prediction != true target,model_prediction_versus_ground_truth,False,0,0,True,0,0.9457016538193527,0.15,0.08,0.5478508269096763,0.5478508269096763,0.39263787038106684,,,,,,NORMAL,True,True,True,True,False,False,False,True,False,,,,
a082aa5db1c13fd003b64105,AUXILIARY_SIMULATED_SEQUENCE,Module_12_CrossDomain,sklearn_fixture,a8f87e9c543290360692566b136efc8d5d1d5ec80dab71bf0b939a065c4ac0ec,rf_breast_cancer_v1,breast_cancer_wisconsin,classification_breast_cancer,42,sim_unit_12,0,5,2026-09-02T20:45:00Z,1.1.0,51e186f20a1e7e28,SAMPLE_PREDICTION_ERROR,prediction_error == 1 when model prediction != true target,model_prediction_versus_ground_truth,False,1,1,True,0,0.1382757110267451,0.15,0.08,0.14413785551337255,0.14413785551337255,0.03061139484208288,,,,,,NORMAL,True,True,True,True,False,False,False,True,False,,,,
2ee6f656cb234adf7bd7eed5,AUXILIARY_SIMULATED_SEQUENCE,Module_12_CrossDomain,sklearn_fixture,a8f87e9c543290360692566b136efc8d5d1d5ec80dab71bf0b939a065c4ac0ec,rf_breast_cancer_v1,breast_cancer_wisconsin,classification_breast_cancer,42,sim_unit_12,1,5,2026-09-02T20:45:00Z,1.1.0,51e186f20a1e7e28,SAMPLE_PREDICTION_ERROR,prediction_error == 1 when model prediction != true target,model_prediction_versus_ground_truth,False,1,1,True,0,0.4844674348781168,0.15,0.08,0.31723371743905837,0.31723371743905837,0.17649751992932772,,,,,,NORMAL,True,True,True,True,False,False,False,True,False,,,,
7b09305fc8d289fabd664601,AUXILIARY_SIMULATED_SEQUENCE,Module_12_CrossDomain,sklearn_fixture,a8f87e9c543290360692566b136efc8d5d1d5ec80dab71bf0b939a065c4ac0ec,rf_breast_cancer_v1,breast_cancer_wisconsin,classification_breast_cancer,42,sim_unit_12,2,5,2026-09-02T20:45:00Z,1.1.0,51e186f20a1e7e28,SAMPLE_PREDICTION_ERROR,prediction_error == 1 when model prediction != true target,model_prediction_versus_ground_truth,False,1,1,True,0,0.8022827879219986,0.15,0.08,0.4761413939609993,0.4761413939609993,0.32524610530551745,,,,,,NORMAL,True,True,True,True,False,False,False,True,False,,,,
c4f70f51aca02b4b70831f6c,AUXILIARY_SIMULATED_SEQUENCE,Module_12_CrossDomain,sklearn_fixture,a8f87e9c543290360692566b136efc8d5d1d5ec80dab71bf0b939a065c4ac0ec,rf_breast_cancer_v1,breast_cancer_wisconsin,classification_breast_cancer,42,sim_unit_12,3,5,2026-09-02T20:45:00Z,1.1.0,51e186f20a1e7e28,SAMPLE_PREDICTION_ERROR,prediction_error == 1 when model prediction != true target,model_prediction_versus_ground_truth,False,1,1,True,0,0.10706170313850685,0.15,0.08,0.12853085156925342,0.12853085156925342,0.028821352258587694,,,,,,NORMAL,True,True,True,True,False,False,False,True,False,,,,
2dd96f05479f32eb7c47c25f,AUXILIARY_SIMULATED_SEQUENCE,Module_12_CrossDomain,sklearn_fixture,a8f87e9c543290360692566b136efc8d5d1d5ec80dab71bf0b939a065c4ac0ec,rf_breast_cancer_v1,breast_cancer_wisconsin,classification_breast_cancer,42,sim_unit_12,4,5,2026-09-02T20:45:00Z,1.1.0,51e186f20a1e7e28,SAMPLE_PREDICTION_ERROR,prediction_error == 1 when model prediction != true target,model_prediction_versus_ground_truth,False,0,0,True,0,1.0,0.15,0.08,0.575,0.575,0.41817061908587827,,,,,,NORMAL,True,True,True,True,False,False,False,True,False,,,,
c1cf8efe873179b661fa60b9,AUXILIARY_SIMULATED_SEQUENCE,Module_12_CrossDomain,sklearn_fixture,a8f87e9c543290360692566b136efc8d5d1d5ec80dab71bf0b939a065c4ac0ec,rf_breast_cancer_v1,breast_cancer_wisconsin,classification_breast_cancer,42,sim_unit_12,5,5,2026-09-02T20:45:00Z,1.1.0,51e186f20a1e7e28,SAMPLE_PREDICTION_ERROR,prediction_error == 1 when model prediction != true target,model_prediction_versus_ground_truth,False,1,1,True,0,1.0,0.15,0.08,0.575,0.575,0.41817061908587827,,,,,,NORMAL,True,True,True,True,False,False,False,True,False,,,,
5756d159d3b10163248b7d39,AUXILIARY_SIMULATED_SEQUENCE,Module_12_CrossDomain,sklearn_fixture,a8f87e9c543290360692566b136efc8d5d1d5ec80dab71bf0b939a065c4ac0ec,rf_breast_cancer_v1,breast_cancer_wisconsin,classification_breast_cancer,42,sim_unit_12,6,5,2026-09-02T20:45:00Z,1.1.0,51e186f20a1e7e28,SAMPLE_PREDICTION_ERROR,prediction_error == 1 when model prediction != true target,model_prediction_versus_ground_truth,False,1,1,True,0,0.2631317425796991,0.15,0.08,0.20656587128984955,0.20656587128984955,0.07545125455064533,,,,,,NORMAL,True,True,True,True,False,False,False,True,False,,,,
382d19ce7581a7b71669c76a,AUXILIARY_SIMULATED_SEQUENCE,Module_12_CrossDomain,sklearn_fixture,a8f87e9c543290360692566b136efc8d5d1d5ec80dab71bf0b939a065c4ac0ec,rf_breast_cancer_v1,breast_cancer_wisconsin,classification_breast_cancer,42,sim_unit_12,7,5,2026-09-02T20:45:00Z,1.1.0,51e186f20a1e7e28,SAMPLE_PREDICTION_ERROR,prediction_error == 1 when model prediction != true target,model_prediction_versus_ground_truth,False,1,1,True,0,0.3510984920829161,0.15,0.08,0.25054924604145806,0.25054924604145806,0.11490817393208351,,,,,,NORMAL,True,True,True,True,False,False,False,True,False,,,,
10694c0ce3b5a24b0e134605,AUXILIARY_SIMULATED_SEQUENCE,Module_12_CrossDomain,sklearn_fixture,a8f87e9c543290360692566b136efc8d5d1d5ec80dab71bf0b939a065c4ac0ec,rf_breast_cancer_v1,breast_cancer_wisconsin,classification_breast_cancer,42,sim_unit_12,8,5,2026-09-02T20:45:00Z,1.1.0,51e186f20a1e7e28,SAMPLE_PREDICTION_ERROR,prediction_error == 1 when model prediction != true target,model_prediction_versus_ground_truth,False,1,1,True,0,0.9867291981706803,0.15,0.08,0.5683645990853401,0.5683645990853401,0.41192955032607675,,,,,,NORMAL,True,True,True,True,False,False,False,True,False,,,,
68d9808d3fe925b3fd97825e,AUXILIARY_SIMULATED_SEQUENCE,Module_12_CrossDomain,sklearn_fixture,a8f87e9c543290360692566b136efc8d5d1d5ec80dab71bf0b939a065c4ac0ec,rf_breast_cancer_v1,breast_cancer_wisconsin,classification_breast_cancer,42,sim_unit_12,9,5,2026-09-02T20:45:00Z,1.1.0,51e186f20a1e7e28,SAMPLE_PREDICTION_ERROR,prediction_error == 1 when model prediction != true target,model_prediction_versus_ground_truth,False,1,1,True,0,0.7398547721455221,0.15,0.08,0.44492738607276106,0.44492738607276106,0.29594236911677857,,,,,,NORMAL,True,True,True,True,False,False,False,True,False,,,,
c2221ddf4effcd59222abce9,AUXILIARY_SIMULATED_SEQUENCE,Module_12_CrossDomain,sklearn_fixture,a8f87e9c543290360692566b136efc8d5d1d5ec80dab71bf0b939a065c4ac0ec,rf_breast_cancer_v1,breast_cancer_wisconsin,classification_breast_cancer,42,sim_unit_12,10,5,2026-09-02T20:45:00Z,1.1.0,51e186f20a1e7e28,SAMPLE_PREDICTION_ERROR,prediction_error == 1 when model prediction != true target,model_prediction_versus_ground_truth,False,0,0,True,0,1.0,0.15,0.08,0.575,0.575,0.41817061908587827,,,,,,NORMAL,True,True,True,True,False,False,False,True,False,,,,
1d88c079c14d6bcc473c8dfb,AUXILIARY_SIMULATED_SEQUENCE,Module_12_CrossDomain,sklearn_fixture,a8f87e9c543290360692566b136efc8d5d1d5ec80dab71bf0b939a065c4ac0ec,rf_breast_cancer_v1,breast_cancer_wisconsin,classification_breast_cancer,42,sim_unit_12,11,5,2026-09-02T20:45:00Z,1.1.0,51e186f20a1e7e28,SAMPLE_PREDICTION_ERROR,prediction_error == 1 when model prediction != true target,model_prediction_versus_ground_truth,False,1,1,True,0,0.7455300463070199,0.15,0.08,0.44776502315350997,0.44776502315350997,0.298605328260838,,,,,,NORMAL,True,True,True,True,False,False,False,True,False,,,,
537ef28bb4c36943c46a5b5b,AUXILIARY_SIMULATED_SEQUENCE,Module_12_CrossDomain,sklearn_fixture,a8f87e9c543290360692566b136efc8d5d1d5ec80dab71bf0b939a065c4ac0ec,rf_breast_cancer_v1,breast_cancer_wisconsin,classification_breast_cancer,42,sim_unit_12,12,5,2026-09-02T20:45:00Z,1.1.0,51e186f20a1e7e28,SAMPLE_PREDICTION_ERROR,prediction_error == 1 when model prediction != true target,model_prediction_versus_ground_truth,False,0,0,True,0,1.0,0.15,0.08,0.575,0.575,0.41817061908587827,,,,,,NORMAL,True,True,True,True,False,False,False,True,False,,,,
99daef25bf8ca836d971981b,AUXILIARY_SIMULATED_SEQUENCE,Module_12_CrossDomain,sklearn_fixture,a8f87e9c543290360692566b136efc8d5d1d5ec80dab71bf0b939a065c4ac0ec,rf_breast_cancer_v1,breast_cancer_wisconsin,classification_breast_cancer,42,sim_unit_12,13,5,2026-09-02T20:45:00Z,1.1.0,51e186f20a1e7e28,SAMPLE_PREDICTION_ERROR,prediction_error == 1 when model prediction != true target,model_prediction_versus_ground_truth,False,0,0,True,0,0.9002994605273695,0.15,0.08,0.5251497302636847,0.5251497302636847,0.37129510356904866,,,,,,NORMAL,True,True,True,True,False,False,False,True,False,,,,
c1836bcfeeb4e6c7f2eeab85,AUXILIARY_SIMULATED_SEQUENCE,Module_12_CrossDomain,sklearn_fixture,a8f87e9c543290360692566b136efc8d5d1d5ec80dab71bf0b939a065c4ac0ec,rf_breast_cancer_v1,breast_cancer_wisconsin,classification_breast_cancer,42,sim_unit_12,14,5,2026-09-02T20:45:00Z,1.1.0,51e186f20a1e7e28,SAMPLE_PREDICTION_ERROR,prediction_error == 1 when model prediction != true target,model_prediction_versus_ground_truth,False,0,0,True,0,1.0,0.15,0.08,0.575,0.575,0.41817061908587827,,,,,,NORMAL,True,True,True,True,False,False,False,True,False,,,,
2d35ad0c24598a6ff7024efa,AUXILIARY_SIMULATED_SEQUENCE,Module_12_CrossDomain,sklearn_fixture,a8f87e9c543290360692566b136efc8d5d1d5ec80dab71bf0b939a065c4ac0ec,rf_breast_cancer_v1,breast_cancer_wisconsin,classification_breast_cancer,42,sim_unit_12,15,5,2026-09-02T20:45:00Z,1.1.0,51e186f20a1e7e28,SAMPLE_PREDICTION_ERROR,prediction_error == 1 when model prediction != true target,model_prediction_versus_ground_truth,False,0,0,True,0,0.04747132444277872,0.15,0.08,0.09873566222138935,0.09873566222138935,0.04277881620748614,,,,,,NORMAL,True,True,True,True,False,False,False,True,False,,,,
979d725ecb61defda307c141,AUXILIARY_SIMULATED_SEQUENCE,Module_12_CrossDomain,sklearn_fixture,a8f87e9c543290360692566b136efc8d5d1d5ec80dab71bf0b939a065c4ac0ec,rf_breast_cancer_v1,breast_cancer_wisconsin,classification_breast_cancer,42,sim_unit_12,16,5,2026-09-02T20:45:00Z,1.1.0,51e186f20a1e7e28,SAMPLE_PREDICTION_ERROR,prediction_error == 1 when model prediction != true target,model_prediction_versus_ground_truth,False,0,0,True,0,1.0,0.15,0.08,0.575,0.575,0.41817061908587827,,,,,,NORMAL,True,True,True,True,False,False,False,True,False,,,,
dd8880bb814bd81c8280ff24,AUXILIARY_SIMULATED_SEQUENCE,Module_12_CrossDomain,sklearn_fixture,a8f87e9c543290360692566b136efc8d5d1d5ec80dab71bf0b939a065c4ac0ec,rf_breast_cancer_v1,breast_cancer_wisconsin,classification_breast_cancer,42,sim_unit_12,17,5,2026-09-02T20:45:00Z,1.1.0,51e186f20a1e7e28,SAMPLE_PREDICTION_ERROR,prediction_error == 1 when model prediction != true target,model_prediction_versus_ground_truth,False,0,0,True,0,0.3384473185390779,0.15,0.08,0.24422365926953893,0.24422365926953893,0.10914180802190246,,,,,,NORMAL,True,True,True,True,False,False,False,True,False,,,,
5dc94a1300e855d19303e690,AUXILIARY_SIMULATED_SEQUENCE,Module_12_CrossDomain,sklearn_fixture,a8f87e9c543290360692566b136efc8d5d1d5ec80dab71bf0b939a065c4ac0ec,rf_breast_cancer_v1,breast_cancer_wisconsin,classification_breast_cancer,42,sim_unit_12,18,5,2026-09-02T20:45:00Z,1.1.0,51e186f20a1e7e28,SAMPLE_PREDICTION_ERROR,prediction_error == 1 when model prediction != true target,model_prediction_versus_ground_truth,False,0,0,True,0,0.43492697928454205,0.15,0.08,0.29246348964227104,0.29246348964227104,0.15349865875210753,,,,,,NORMAL,True,True,True,True,False,False,False,True,False,,,,
b0ff614668609d250ce4006b,AUXILIARY_SIMULATED_SEQUENCE,Module_12_CrossDomain,sklearn_fixture,a8f87e9c543290360692566b136efc8d5d1d5ec80dab71bf0b939a065c4ac0ec,rf_breast_cancer_v1,breast_cancer_wisconsin,classification_breast_cancer,42,sim_unit_12,19,5,2026-09-02T20:45:00Z,1.1.0,51e186f20a1e7e28,SAMPLE_PREDICTION_ERROR,prediction_error == 1 when model prediction != true target,model_prediction_versus_ground_truth,False,0,0,True,0,0.39803769723480553,0.15,0.08,0.2740188486174028,0.2740188486174028,0.13645132470020332,,,,,,NORMAL,True,True,True,True,False,False,False,True,False,,,,
2f992023b78baa8dbdec5dc3,AUXILIARY_SIMULATED_SEQUENCE,Module_12_CrossDomain,sklearn_fixture,a8f87e9c543290360692566b136efc8d5d1d5ec80dab71bf0b939a065c4ac0ec,rf_breast_cancer_v1,breast_cancer_wisconsin,classification_breast_cancer,42,sim_unit_13,0,5,2026-09-02T20:45:00Z,1.1.0,51e186f20a1e7e28,SAMPLE_PREDICTION_ERROR,prediction_error == 1 when model prediction != true target,model_prediction_versus_ground_truth,False,0,0,True,0,1.0,0.15,0.08,0.575,0.575,0.41817061908587827,,,,,,NORMAL,True,True,True,True,False,False,False,True,False,,,,
5d8af44497c144190e49e334,AUXILIARY_SIMULATED_SEQUENCE,Module_12_CrossDomain,sklearn_fixture,a8f87e9c543290360692566b136efc8d5d1d5ec80dab71bf0b939a065c4ac0ec,rf_breast_cancer_v1,breast_cancer_wisconsin,classification_breast_cancer,42,sim_unit_13,1,5,2026-09-02T20:45:00Z,1.1.0,51e186f20a1e7e28,SAMPLE_PREDICTION_ERROR,prediction_error == 1 when model prediction != true target,model_prediction_versus_ground_truth,False,0,0,True,0,0.9144876459311144,0.15,0.08,0.5322438229655572,0.5322438229655572,0.377963988877387,,,,,,NORMAL,True,True,True,True,False,False,False,True,False,,,,
74677eb0ac2eeb846dd727fa,AUXILIARY_SIMULATED_SEQUENCE,Module_12_CrossDomain,sklearn_fixture,a8f87e9c543290360692566b136efc8d5d1d5ec80dab71bf0b939a065c4ac0ec,rf_breast_cancer_v1,breast_cancer_wisconsin,classification_breast_cancer,42,sim_unit_13,2,5,2026-09-02T20:45:00Z,1.1.0,51e186f20a1e7e28,SAMPLE_PREDICTION_ERROR,prediction_error == 1 when model prediction != true target,model_prediction_versus_ground_truth,False,0,0,True,0,0.8974618234466201,0.15,0.08,0.52373091172331,0.52373091172331,0.3699614109460636,,,,,,NORMAL,True,True,True,True,False,False,False,True,False,,,,
1070de00ae5f7944c2132489,AUXILIARY_SIMULATED_SEQUENCE,Module_12_CrossDomain,sklearn_fixture,a8f87e9c543290360692566b136efc8d5d1d5ec80dab71bf0b939a065c4ac0ec,rf_breast_cancer_v1,breast_cancer_wisconsin,classification_breast_cancer,42,sim_unit_13,3,5,2026-09-02T20:45:00Z,1.1.0,51e186f20a1e7e28,SAMPLE_PREDICTION_ERROR,prediction_error == 1 when model prediction != true target,model_prediction_versus_ground_truth,False,0,0,True,0,0.4207387938807971,0.15,0.08,0.28536939694039853,0.28536939694039853,0.1469324940112783,,,,,,NORMAL,True,True,True,True,False,False,False,True,False,,,,
0d874d8552778a69cc245c71,AUXILIARY_SIMULATED_SEQUENCE,Module_12_CrossDomain,sklearn_fixture,a8f87e9c543290360692566b136efc8d5d1d5ec80dab71bf0b939a065c4ac0ec,rf_breast_cancer_v1,breast_cancer_wisconsin,classification_breast_cancer,42,sim_unit_13,4,5,2026-09-02T20:45:00Z,1.1.0,51e186f20a1e7e28,SAMPLE_PREDICTION_ERROR,prediction_error == 1 when model prediction != true target,model_prediction_versus_ground_truth,False,0,0,True,0,0.8690854526391313,0.15,0.08,0.5095427263195657,0.5095427263195657,0.35662612538497934,,,,,,NORMAL,True,True,True,True,False,False,False,True,False,,,,
912986ecea54113d485edc43,AUXILIARY_SIMULATED_SEQUENCE,Module_12_CrossDomain,sklearn_fixture,a8f87e9c543290360692566b136efc8d5d1d5ec80dab71bf0b939a065c4ac0ec,rf_breast_cancer_v1,breast_cancer_wisconsin,classification_breast_cancer,42,sim_unit_13,5,5,2026-09-02T20:45:00Z,1.1.0,51e186f20a1e7e28,SAMPLE_PREDICTION_ERROR,prediction_error == 1 when model prediction != true target,model_prediction_versus_ground_truth,False,0,0,True,0,1.0,0.15,0.08,0.575,0.575,0.41817061908587827,,,,,,NORMAL,True,True,True,True,False,False,False,True,False,,,,
9e747e451464f6a04002924d,AUXILIARY_SIMULATED_SEQUENCE,Module_12_CrossDomain,sklearn_fixture,a8f87e9c543290360692566b136efc8d5d1d5ec80dab71bf0b939a065c4ac0ec,rf_breast_cancer_v1,breast_cancer_wisconsin,classification_breast_cancer,42,sim_unit_13,6,5,2026-09-02T20:45:00Z,1.1.0,51e186f20a1e7e28,SAMPLE_PREDICTION_ERROR,prediction_error == 1 when model prediction != true target,model_prediction_versus_ground_truth,False,1,1,True,0,1.0,0.15,0.08,0.575,0.575,0.41817061908587827,,,,,,NORMAL,True,True,True,True,False,False,False,True,False,,,,
80fa547c9f98803280d9a424,AUXILIARY_SIMULATED_SEQUENCE,Module_12_CrossDomain,sklearn_fixture,a8f87e9c543290360692566b136efc8d5d1d5ec80dab71bf0b939a065c4ac0ec,rf_breast_cancer_v1,breast_cancer_wisconsin,classification_breast_cancer,42,sim_unit_13,7,5,2026-09-02T20:45:00Z,1.1.0,51e186f20a1e7e28,SAMPLE_PREDICTION_ERROR,prediction_error == 1 when model prediction != true target,model_prediction_versus_ground_truth,False,1,1,True,0,0.15246389643049005,0.15,0.08,0.15123194821524502,0.15123194821524502,0.03359412493528687,,,,,,NORMAL,True,True,True,True,False,False,False,True,False,,,,
9b226ea14d1f02448e4d597f,AUXILIARY_SIMULATED_SEQUENCE,Module_12_CrossDomain,sklearn_fixture,a8f87e9c543290360692566b136efc8d5d1d5ec80dab71bf0b939a065c4ac0ec,rf_breast_cancer_v1,breast_cancer_wisconsin,classification_breast_cancer,42,sim_unit_13,8,5,2026-09-02T20:45:00Z,1.1.0,51e186f20a1e7e28,SAMPLE_PREDICTION_ERROR,prediction_error == 1 when model prediction != true target,model_prediction_versus_ground_truth,False,1,1,True,0,0.35677376624441437,0.15,0.08,0.2533868831222072,0.2533868831222072,0.11750135133408156,,,,,,NORMAL,True,True,True,True,False,False,False,True,False,,,,
e56ec86cb658bb2d5b4de282,AUXILIARY_SIMULATED_SEQUENCE,Module_12_CrossDomain,sklearn_fixture,a8f87e9c543290360692566b136efc8d5d1d5ec80dab71bf0b939a065c4ac0ec,rf_breast_cancer_v1,breast_cancer_wisconsin,classification_breast_cancer,42,sim_unit_13,9,5,2026-09-02T20:45:00Z,1.1.0,51e186f20a1e7e28,SAMPLE_PREDICTION_ERROR,prediction_error == 1 when model prediction != true target,model_prediction_versus_ground_truth,False,1,1,True,0,0.9697033756861865,0.15,0.08,0.5598516878430932,0.5598516878430932,0.40392322163977934,,,,,,NORMAL,True,True,True,True,False,False,False,True,False,,,,
5651ea8bd81e7bbcfab3f5ab,AUXILIARY_SIMULATED_SEQUENCE,Module_12_CrossDomain,sklearn_fixture,a8f87e9c543290360692566b136efc8d5d1d5ec80dab71bf0b939a065c4ac0ec,rf_breast_cancer_v1,breast_cancer_wisconsin,classification_breast_cancer,42,sim_unit_13,10,5,2026-09-02T20:45:00Z,1.1.0,51e186f20a1e7e28,SAMPLE_PREDICTION_ERROR,prediction_error == 1 when model prediction != true target,model_prediction_versus_ground_truth,False,1,1,True,0,0.04617069922193604,0.15,0.08,0.09808534961096801,0.09808534961096801,0.0432370022745364,,,,,,NORMAL,True,True,True,True,False,False,False,True,False,,,,
d99f7a397def3786543be521,AUXILIARY_SIMULATED_SEQUENCE,Module_12_CrossDomain,sklearn_fixture,a8f87e9c543290360692566b136efc8d5d1d5ec80dab71bf0b939a065c4ac0ec,rf_breast_cancer_v1,breast_cancer_wisconsin,classification_breast_cancer,42,sim_unit_13,11,5,2026-09-02T20:45:00Z,1.1.0,51e186f20a1e7e28,SAMPLE_PREDICTION_ERROR,prediction_error == 1 when model prediction != true target,model_prediction_versus_ground_truth,False,1,1,True,0,0.805120425002748,0.15,0.08,0.47756021250137404,0.47756021250137404,0.3265786279344527,,,,,,NORMAL,True,True,True,True,False,False,False,True,False,,,,
855c779c3dbe7e45abb75c04,AUXILIARY_SIMULATED_SEQUENCE,Module_12_CrossDomain,sklearn_fixture,a8f87e9c543290360692566b136efc8d5d1d5ec80dab71bf0b939a065c4ac0ec,rf_breast_cancer_v1,breast_cancer_wisconsin,classification_breast_cancer,42,sim_unit_13,12,5,2026-09-02T20:45:00Z,1.1.0,51e186f20a1e7e28,SAMPLE_PREDICTION_ERROR,prediction_error == 1 when model prediction != true target,model_prediction_versus_ground_truth,False,0,0,True,0,1.0,0.15,0.08,0.575,0.575,0.41817061908587827,,,,,,NORMAL,True,True,True,True,False,False,False,True,False,,,,
07577a4ceac958e48b46a657,AUXILIARY_SIMULATED_SEQUENCE,Module_12_CrossDomain,sklearn_fixture,a8f87e9c543290360692566b136efc8d5d1d5ec80dab71bf0b939a065c4ac0ec,rf_breast_cancer_v1,breast_cancer_wisconsin,classification_breast_cancer,42,sim_unit_13,13,5,2026-09-02T20:45:00Z,1.1.0,51e186f20a1e7e28,SAMPLE_PREDICTION_ERROR,prediction_error == 1 when model prediction != true target,model_prediction_versus_ground_truth,False,1,1,True,0,1.0,0.15,0.08,0.575,0.575,0.41817061908587827,,,,,,NORMAL,True,True,True,True,False,False,False,True,False,,,,
701566c42302df8a537ebffc,AUXILIARY_SIMULATED_SEQUENCE,Module_12_CrossDomain,sklearn_fixture,a8f87e9c543290360692566b136efc8d5d1d5ec80dab71bf0b939a065c4ac0ec,rf_breast_cancer_v1,breast_cancer_wisconsin,classification_breast_cancer,42,sim_unit_13,14,5,2026-09-02T20:45:00Z,1.1.0,51e186f20a1e7e28,SAMPLE_PREDICTION_ERROR,prediction_error == 1 when model prediction != true target,model_prediction_versus_ground_truth,False,0,0,True,0,1.0,0.15,0.08,0.575,0.575,0.41817061908587827,,,,,,NORMAL,True,True,True,True,False,False,False,True,False,,,,
1a4f5fa70f6b96d1b09a01bd,AUXILIARY_SIMULATED_SEQUENCE,Module_12_CrossDomain,sklearn_fixture,a8f87e9c543290360692566b136efc8d5d1d5ec80dab71bf0b939a065c4ac0ec,rf_breast_cancer_v1,breast_cancer_wisconsin,classification_breast_cancer,42,sim_unit_13,15,5,2026-09-02T20:45:00Z,1.1.0,51e186f20a1e7e28,SAMPLE_PREDICTION_ERROR,prediction_error == 1 when model prediction != true target,model_prediction_versus_ground_truth,False,1,1,True,0,0.6348622001578108,0.15,0.08,0.3924311000789054,0.3924311000789054,0.24672598708009827,,,,,,NORMAL,True,True,True,True,False,False,False,True,False,,,,
5a8eeeddd5a8c0736d3228ef,AUXILIARY_SIMULATED_SEQUENCE,Module_12_CrossDomain,sklearn_fixture,a8f87e9c543290360692566b136efc8d5d1d5ec80dab71bf0b939a065c4ac0ec,rf_breast_cancer_v1,breast_cancer_wisconsin,classification_breast_cancer,42,sim_unit_13,16,5,2026-09-02T20:45:00Z,1.1.0,51e186f20a1e7e28,SAMPLE_PREDICTION_ERROR,prediction_error == 1 when model prediction != true target,model_prediction_versus_ground_truth,False,1,1,True,0,0.793769876679752,0.15,0.08,0.471884938339876,0.471884938339876,0.3212487943731275,,,,,,NORMAL,True,True,True,True,False,False,False,True,False,,,,
654b355852a4b6177a90be64,AUXILIARY_SIMULATED_SEQUENCE,Module_12_CrossDomain,sklearn_fixture,a8f87e9c543290360692566b136efc8d5d1d5ec80dab71bf0b939a065c4ac0ec,rf_breast_cancer_v1,breast_cancer_wisconsin,classification_breast_cancer,42,sim_unit_13,17,5,2026-09-02T20:45:00Z,1.1.0,51e186f20a1e7e28,SAMPLE_PREDICTION_ERROR,prediction_error == 1 when model prediction != true target,model_prediction_versus_ground_truth,False,0,0,True,0,1.0,0.15,0.08,0.575,0.575,0.41817061908587827,,,,,,NORMAL,True,True,True,True,False,False,False,True,False,,,,
10f0198fc8b30a5a3e73c2c6,AUXILIARY_SIMULATED_SEQUENCE,Module_12_CrossDomain,sklearn_fixture,a8f87e9c543290360692566b136efc8d5d1d5ec80dab71bf0b939a065c4ac0ec,rf_breast_cancer_v1,breast_cancer_wisconsin,classification_breast_cancer,42,sim_unit_13,18,5,2026-09-02T20:45:00Z,1.1.0,51e186f20a1e7e28,SAMPLE_PREDICTION_ERROR,prediction_error == 1 when model prediction != true target,model_prediction_versus_ground_truth,False,1,1,True,0,0.15246389643049005,0.15,0.08,0.15123194821524502,0.15123194821524502,0.03359412493528687,,,,,,NORMAL,True,True,True,True,False,False,False,True,False,,,,
51f120c553ca08c4639f1ac4,AUXILIARY_SIMULATED_SEQUENCE,Module_12_CrossDomain,sklearn_fixture,a8f87e9c543290360692566b136efc8d5d1d5ec80dab71bf0b939a065c4ac0ec,rf_breast_cancer_v1,breast_cancer_wisconsin,classification_breast_cancer,42,sim_unit_13,19,5,2026-09-02T20:45:00Z,1.1.0,51e186f20a1e7e28,SAMPLE_PREDICTION_ERROR,prediction_error == 1 when model prediction != true target,model_prediction_versus_ground_truth,False,1,1,True,0,0.07868533233101747,0.15,0.08,0.11434266616550873,0.11434266616550873,0.03331251045581206,,,,,,NORMAL,True,True,True,True,False,False,False,True,False,,,,
67314bdd87d29b5f97e6bf53,AUXILIARY_SIMULATED_SEQUENCE,Module_12_CrossDomain,sklearn_fixture,a8f87e9c543290360692566b136efc8d5d1d5ec80dab71bf0b939a065c4ac0ec,rf_breast_cancer_v1,breast_cancer_wisconsin,classification_breast_cancer,42,sim_unit_14,0,5,2026-09-02T20:45:00Z,1.1.0,51e186f20a1e7e28,SAMPLE_PREDICTION_ERROR,prediction_error == 1 when model prediction != true target,model_prediction_versus_ground_truth,False,0,0,True,0,1.0,0.15,0.08,0.575,0.575,0.41817061908587827,,,,,,NORMAL,True,True,True,True,False,False,False,True,False,,,,
fd9329d256b38e0021c609f2,AUXILIARY_SIMULATED_SEQUENCE,Module_12_CrossDomain,sklearn_fixture,a8f87e9c543290360692566b136efc8d5d1d5ec80dab71bf0b939a065c4ac0ec,rf_breast_cancer_v1,breast_cancer_wisconsin,classification_breast_cancer,42,sim_unit_14,1,5,2026-09-02T20:45:00Z,1.1.0,51e186f20a1e7e28,SAMPLE_PREDICTION_ERROR,prediction_error == 1 when model prediction != true target,model_prediction_versus_ground_truth,False,1,1,True,0,0.6774267563690451,0.15,0.08,0.4137133781845226,0.4137133781845226,0.2666661901161597,,,,,,NORMAL,True,True,True,True,False,False,False,True,False,,,,
23c149b17b4d39c11fc9b49f,AUXILIARY_SIMULATED_SEQUENCE,Module_12_CrossDomain,sklearn_fixture,a8f87e9c543290360692566b136efc8d5d1d5ec80dab71bf0b939a065c4ac0ec,rf_breast_cancer_v1,breast_cancer_wisconsin,classification_breast_cancer,42,sim_unit_14,2,5,2026-09-02T20:45:00Z,1.1.0,51e186f20a1e7e28,SAMPLE_PREDICTION_ERROR,prediction_error == 1 when model prediction != true target,model_prediction_versus_ground_truth,False,0,0,True,0,1.0,0.15,0.08,0.575,0.575,0.41817061908587827,,,,,,NORMAL,True,True,True,True,False,False,False,True,False,,,,
bd97130cc01033191bd4eb00,AUXILIARY_SIMULATED_SEQUENCE,Module_12_CrossDomain,sklearn_fixture,a8f87e9c543290360692566b136efc8d5d1d5ec80dab71bf0b939a065c4ac0ec,rf_breast_cancer_v1,breast_cancer_wisconsin,classification_breast_cancer,42,sim_unit_14,3,5,2026-09-02T20:45:00Z,1.1.0,51e186f20a1e7e28,SAMPLE_PREDICTION_ERROR,prediction_error == 1 when model prediction != true target,model_prediction_versus_ground_truth,False,0,0,True,0,0.5995099299679805,0.15,0.08,0.37475496498399025,0.37475496498399025,0.23018102645892397,,,,,,NORMAL,True,True,True,True,False,False,False,True,False,,,,
d6102371d686d52fe819de40,AUXILIARY_SIMULATED_SEQUENCE,Module_12_CrossDomain,sklearn_fixture,a8f87e9c543290360692566b136efc8d5d1d5ec80dab71bf0b939a065c4ac0ec,rf_breast_cancer_v1,breast_cancer_wisconsin,classification_breast_cancer,42,sim_unit_14,4,5,2026-09-02T20:45:00Z,1.1.0,51e186f20a1e7e28,SAMPLE_PREDICTION_ERROR,prediction_error == 1 when model prediction != true target,model_prediction_versus_ground_truth,False,1,1,True,0,0.3510984920829161,0.15,0.08,0.25054924604145806,0.25054924604145806,0.11490817393208351,,,,,,NORMAL,True,True,True,True,False,False,False,True,False,,,,
5ad7075711576231df74e414,AUXILIARY_SIMULATED_SEQUENCE,Module_12_CrossDomain,sklearn_fixture,a8f87e9c543290360692566b136efc8d5d1d5ec80dab71bf0b939a065c4ac0ec,rf_breast_cancer_v1,breast_cancer_wisconsin,classification_breast_cancer,42,sim_unit_14,5,5,2026-09-02T20:45:00Z,1.1.0,51e186f20a1e7e28,SAMPLE_PREDICTION_ERROR,prediction_error == 1 when model prediction != true target,model_prediction_versus_ground_truth,False,1,1,True,0,0.4390652415861336,0.15,0.08,0.2945326207930668,0.2945326207930668,0.1554157726903898,,,,,,NORMAL,True,True,True,True,False,False,False,True,False,,,,
95c9a39f7634bd0d9532c9c4,AUXILIARY_SIMULATED_SEQUENCE,Module_12_CrossDomain,sklearn_fixture,a8f87e9c543290360692566b136efc8d5d1d5ec80dab71bf0b939a065c4ac0ec,rf_breast_cancer_v1,breast_cancer_wisconsin,classification_breast_cancer,42,sim_unit_14,6,5,2026-09-02T20:45:00Z,1.1.0,51e186f20a1e7e28,SAMPLE_PREDICTION_ERROR,prediction_error == 1 when model prediction != true target,model_prediction_versus_ground_truth,False,1,1,True,0,0.6206740147540664,0.15,0.08,0.3853370073770332,0.3853370073770332,0.2400838784894867,,,,,,NORMAL,True,True,True,True,False,False,False,True,False,,,,
43532dd95573ea509d7e6633,AUXILIARY_SIMULATED_SEQUENCE,Module_12_CrossDomain,sklearn_fixture,a8f87e9c543290360692566b136efc8d5d1d5ec80dab71bf0b939a065c4ac0ec,rf_breast_cancer_v1,breast_cancer_wisconsin,classification_breast_cancer,42,sim_unit_14,7,5,2026-09-02T20:45:00Z,1.1.0,51e186f20a1e7e28,SAMPLE_PREDICTION_ERROR,prediction_error == 1 when model prediction != true target,model_prediction_versus_ground_truth,False,1,1,True,0,0.3510984920829161,0.15,0.08,0.25054924604145806,0.25054924604145806,0.11490817393208351,,,,,,NORMAL,True,True,True,True,False,False,False,True,False,,,,
2897399e7667d2c7813af845,AUXILIARY_SIMULATED_SEQUENCE,Module_12_CrossDomain,sklearn_fixture,a8f87e9c543290360692566b136efc8d5d1d5ec80dab71bf0b939a065c4ac0ec,rf_breast_cancer_v1,breast_cancer_wisconsin,classification_breast_cancer,42,sim_unit_14,8,5,2026-09-02T20:45:00Z,1.1.0,51e186f20a1e7e28,SAMPLE_PREDICTION_ERROR,prediction_error == 1 when model prediction != true target,model_prediction_versus_ground_truth,False,1,1,True,0,0.8136333362449947,0.15,0.08,0.48181666812249735,0.48181666812249735,0.33057644552535864,,,,,,NORMAL,True,True,True,True,False,False,False,True,False,,,,
fcd25c0c01f9e5b97fae21bc,AUXILIARY_SIMULATED_SEQUENCE,Module_12_CrossDomain,sklearn_fixture,a8f87e9c543290360692566b136efc8d5d1d5ec80dab71bf0b939a065c4ac0ec,rf_breast_cancer_v1,breast_cancer_wisconsin,classification_breast_cancer,42,sim_unit_14,9,5,2026-09-02T20:45:00Z,1.1.0,51e186f20a1e7e28,SAMPLE_PREDICTION_ERROR,prediction_error == 1 when model prediction != true target,model_prediction_versus_ground_truth,False,1,1,True,0,0.7824193283567564,0.15,0.08,0.4662096641783782,0.4662096641783782,0.3159196662529482,,,,,,NORMAL,True,True,True,True,False,False,False,True,False,,,,
01ab391feda5992df6b277b8,AUXILIARY_SIMULATED_SEQUENCE,Module_12_CrossDomain,sklearn_fixture,a8f87e9c543290360692566b136efc8d5d1d5ec80dab71bf0b939a065c4ac0ec,rf_breast_cancer_v1,breast_cancer_wisconsin,classification_breast_cancer,42,sim_unit_14,10,5,2026-09-02T20:45:00Z,1.1.0,51e186f20a1e7e28,SAMPLE_PREDICTION_ERROR,prediction_error == 1 when model prediction != true target,model_prediction_versus_ground_truth,False,1,1,True,0,0.08022234419092368,0.15,0.08,0.11511117209546184,0.11511117209546184,0.03294603447246751,,,,,,NORMAL,True,True,True,True,False,False,False,True,False,,,,
8d903dc7cb610c72f6293131,AUXILIARY_SIMULATED_SEQUENCE,Module_12_CrossDomain,sklearn_fixture,a8f87e9c543290360692566b136efc8d5d1d5ec80dab71bf0b939a065c4ac0ec,rf_breast_cancer_v1,breast_cancer_wisconsin,classification_breast_cancer,42,sim_unit_14,11,5,2026-09-02T20:45:00Z,1.1.0,51e186f20a1e7e28,SAMPLE_PREDICTION_ERROR,prediction_error == 1 when model prediction != true target,model_prediction_versus_ground_truth,False,1,1,True,0,0.23629238363211597,0.15,0.08,0.19314619181605797,0.19314619181605797,0.06392155318506582,,,,,,NORMAL,True,True,True,True,False,False,False,True,False,,,,
b9ccff59780ce150a60e2f0b,AUXILIARY_SIMULATED_SEQUENCE,Module_12_CrossDomain,sklearn_fixture,a8f87e9c543290360692566b136efc8d5d1d5ec80dab71bf0b939a065c4ac0ec,rf_breast_cancer_v1,breast_cancer_wisconsin,classification_breast_cancer,42,sim_unit_14,12,5,2026-09-02T20:45:00Z,1.1.0,51e186f20a1e7e28,SAMPLE_PREDICTION_ERROR,prediction_error == 1 when model prediction != true target,model_prediction_versus_ground_truth,False,1,1,True,0,0.3340726695984228,0.15,0.08,0.24203633479921138,0.24203633479921138,0.1071528861694352,,,,,,NORMAL,True,True,True,True,False,False,False,True,False,,,,
22d791aa96e730c2e4e9fe55,AUXILIARY_SIMULATED_SEQUENCE,Module_12_CrossDomain,sklearn_fixture,a8f87e9c543290360692566b136efc8d5d1d5ec80dab71bf0b939a065c4ac0ec,rf_breast_cancer_v1,breast_cancer_wisconsin,classification_breast_cancer,42,sim_unit_14,13,5,2026-09-02T20:45:00Z,1.1.0,51e186f20a1e7e28,SAMPLE_PREDICTION_ERROR,prediction_error == 1 when model prediction != true target,model_prediction_versus_ground_truth,False,1,1,True,0,0.6462127484808069,0.15,0.08,0.39810637424040346,0.39810637424040346,0.25204143581232963,,,,,,NORMAL,True,True,True,True,False,False,False,True,False,,,,
d55611ec635d094704e78e7d,AUXILIARY_SIMULATED_SEQUENCE,Module_12_CrossDomain,sklearn_fixture,a8f87e9c543290360692566b136efc8d5d1d5ec80dab71bf0b939a065c4ac0ec,rf_breast_cancer_v1,breast_cancer_wisconsin,classification_breast_cancer,42,sim_unit_14,14,5,2026-09-02T20:45:00Z,1.1.0,51e186f20a1e7e28,SAMPLE_PREDICTION_ERROR,prediction_error == 1 when model prediction != true target,model_prediction_versus_ground_truth,False,1,1,True,0,0.3993383224556482,0.15,0.08,0.2746691612278241,0.2746691612278241,0.13705090831665612,,,,,,NORMAL,True,True,True,True,False,False,False,True,False,,,,
372bd583212510f491f04dae,AUXILIARY_SIMULATED_SEQUENCE,Module_12_CrossDomain,sklearn_fixture,a8f87e9c543290360692566b136efc8d5d1d5ec80dab71bf0b939a065c4ac0ec,rf_breast_cancer_v1,breast_cancer_wisconsin,classification_breast_cancer,42,sim_unit_14,15,5,2026-09-02T20:45:00Z,1.1.0,51e186f20a1e7e28,SAMPLE_PREDICTION_ERROR,prediction_error == 1 when model prediction != true target,model_prediction_versus_ground_truth,False,1,1,True,0,0.10138642897700907,0.15,0.08,0.12569321448850454,0.12569321448850454,0.02928909283522913,,,,,,NORMAL,True,True,True,True,False,False,False,True,False,,,,
8a40c1d4c790e2cfa45d534a,AUXILIARY_SIMULATED_SEQUENCE,Module_12_CrossDomain,sklearn_fixture,a8f87e9c543290360692566b136efc8d5d1d5ec80dab71bf0b939a065c4ac0ec,rf_breast_cancer_v1,breast_cancer_wisconsin,classification_breast_cancer,42,sim_unit_14,16,5,2026-09-02T20:45:00Z,1.1.0,51e186f20a1e7e28,SAMPLE_PREDICTION_ERROR,prediction_error == 1 when model prediction != true target,model_prediction_versus_ground_truth,False,1,1,True,0,0.9129506340712077,0.15,0.08,0.5314753170356038,0.5314753170356038,0.3772415125073186,,,,,,NORMAL,True,True,True,True,False,False,False,True,False,,,,
3ed734dec7e301cb00ba63ab,AUXILIARY_SIMULATED_SEQUENCE,Module_12_CrossDomain,sklearn_fixture,a8f87e9c543290360692566b136efc8d5d1d5ec80dab71bf0b939a065c4ac0ec,rf_breast_cancer_v1,breast_cancer_wisconsin,classification_breast_cancer,42,sim_unit_14,17,5,2026-09-02T20:45:00Z,1.1.0,51e186f20a1e7e28,SAMPLE_PREDICTION_ERROR,prediction_error == 1 when model prediction != true target,model_prediction_versus_ground_truth,False,0,0,True,0,0.6717514822075473,0.15,0.08,0.4108757411037737,0.4108757411037737,0.26400640267501124,,,,,,NORMAL,True,True,True,True,False,False,False,True,False,,,,
36100615f4fb4c756ea00795,AUXILIARY_SIMULATED_SEQUENCE,Module_12_CrossDomain,sklearn_fixture,a8f87e9c543290360692566b136efc8d5d1d5ec80dab71bf0b939a065c4ac0ec,rf_breast_cancer_v1,breast_cancer_wisconsin,classification_breast_cancer,42,sim_unit_14,18,5,2026-09-02T20:45:00Z,1.1.0,51e186f20a1e7e28,SAMPLE_PREDICTION_ERROR,prediction_error == 1 when model prediction != true target,model_prediction_versus_ground_truth,False,1,1,True,0,0.03765778797968938,0.15,0.08,0.09382889398984469,0.09382889398984469,0.046324502180438855,,,,,,NORMAL,True,True,True,True,False,False,False,True,False,,,,
233403ab189a41cadc0ecdd2,AUXILIARY_SIMULATED_SEQUENCE,Module_12_CrossDomain,sklearn_fixture,a8f87e9c543290360692566b136efc8d5d1d5ec80dab71bf0b939a065c4ac0ec,rf_breast_cancer_v1,breast_cancer_wisconsin,classification_breast_cancer,42,sim_unit_14,19,5,2026-09-02T20:45:00Z,1.1.0,51e186f20a1e7e28,SAMPLE_PREDICTION_ERROR,prediction_error == 1 when model prediction != true target,model_prediction_versus_ground_truth,False,1,1,True,0,1.0,0.15,0.08,0.575,0.575,0.41817061908587827,,,,,,NORMAL,True,True,True,True,False,False,False,True,False,,,,
1fac00dca8cbf9085419b11a,AUXILIARY_SIMULATED_SEQUENCE,Module_12_CrossDomain,sklearn_fixture,a8f87e9c543290360692566b136efc8d5d1d5ec80dab71bf0b939a065c4ac0ec,rf_breast_cancer_v1,breast_cancer_wisconsin,classification_breast_cancer,42,sim_unit_15,0,5,2026-09-02T20:45:00Z,1.1.0,51e186f20a1e7e28,SAMPLE_PREDICTION_ERROR,prediction_error == 1 when model prediction != true target,model_prediction_versus_ground_truth,False,0,0,True,0,1.0,0.15,0.08,0.575,0.575,0.41817061908587827,,,,,,NORMAL,True,True,True,True,False,False,False,True,False,,,,
a457b6a4c5bc9cc9c5b8dc42,AUXILIARY_SIMULATED_SEQUENCE,Module_12_CrossDomain,sklearn_fixture,a8f87e9c543290360692566b136efc8d5d1d5ec80dab71bf0b939a065c4ac0ec,rf_breast_cancer_v1,breast_cancer_wisconsin,classification_breast_cancer,42,sim_unit_15,1,5,2026-09-02T20:45:00Z,1.1.0,51e186f20a1e7e28,SAMPLE_PREDICTION_ERROR,prediction_error == 1 when model prediction != true target,model_prediction_versus_ground_truth,False,1,1,True,0,0.47311688655512074,0.15,0.08,0.3115584432775604,0.3115584432775604,0.1712196149432608,,,,,,NORMAL,True,True,True,True,False,False,False,True,False,,,,
4151bd538e685174641e71f4,AUXILIARY_SIMULATED_SEQUENCE,Module_12_CrossDomain,sklearn_fixture,a8f87e9c543290360692566b136efc8d5d1d5ec80dab71bf0b939a065c4ac0ec,rf_breast_cancer_v1,breast_cancer_wisconsin,classification_breast_cancer,42,sim_unit_15,2,5,2026-09-02T20:45:00Z,1.1.0,51e186f20a1e7e28,SAMPLE_PREDICTION_ERROR,prediction_error == 1 when model prediction != true target,model_prediction_versus_ground_truth,False,0,0,True,0,1.0,0.15,0.08,0.575,0.575,0.41817061908587827,,,,,,NORMAL,True,True,True,True,False,False,False,True,False,,,,
d5731db779e9576d7fbe3461,AUXILIARY_SIMULATED_SEQUENCE,Module_12_CrossDomain,sklearn_fixture,a8f87e9c543290360692566b136efc8d5d1d5ec80dab71bf0b939a065c4ac0ec,rf_breast_cancer_v1,breast_cancer_wisconsin,classification_breast_cancer,42,sim_unit_15,3,5,2026-09-02T20:45:00Z,1.1.0,51e186f20a1e7e28,SAMPLE_PREDICTION_ERROR,prediction_error == 1 when model prediction != true target,model_prediction_versus_ground_truth,False,1,1,True,0,1.0,0.15,0.08,0.575,0.575,0.41817061908587827,,,,,,NORMAL,True,True,True,True,False,False,False,True,False,,,,
a4a868dec4eaec777daf8971,AUXILIARY_SIMULATED_SEQUENCE,Module_12_CrossDomain,sklearn_fixture,a8f87e9c543290360692566b136efc8d5d1d5ec80dab71bf0b939a065c4ac0ec,rf_breast_cancer_v1,breast_cancer_wisconsin,classification_breast_cancer,42,sim_unit_15,4,5,2026-09-02T20:45:00Z,1.1.0,51e186f20a1e7e28,SAMPLE_PREDICTION_ERROR,prediction_error == 1 when model prediction != true target,model_prediction_versus_ground_truth,False,1,1,True,0,0.7568805946300154,0.15,0.08,0.45344029731500773,0.45344029731500773,0.30393189944919574,,,,,,NORMAL,True,True,True,True,False,False,False,True,False,,,,
53aabbb707b6d5dedb5011bc,AUXILIARY_SIMULATED_SEQUENCE,Module_12_CrossDomain,sklearn_fixture,a8f87e9c543290360692566b136efc8d5d1d5ec80dab71bf0b939a065c4ac0ec,rf_breast_cancer_v1,breast_cancer_wisconsin,classification_breast_cancer,42,sim_unit_15,5,5,2026-09-02T20:45:00Z,1.1.0,51e186f20a1e7e28,SAMPLE_PREDICTION_ERROR,prediction_error == 1 when model prediction != true target,model_prediction_versus_ground_truth,False,1,1,True,0,0.7171536754995306,0.15,0.08,0.4335768377497653,0.4335768377497653,0.2852928510681199,,,,,,NORMAL,True,True,True,True,False,False,False,True,False,,,,
063558135bb5cac878b64d96,AUXILIARY_SIMULATED_SEQUENCE,Module_12_CrossDomain,sklearn_fixture,a8f87e9c543290360692566b136efc8d5d1d5ec80dab71bf0b939a065c4ac0ec,rf_breast_cancer_v1,breast_cancer_wisconsin,classification_breast_cancer,42,sim_unit_15,6,5,2026-09-02T20:45:00Z,1.1.0,51e186f20a1e7e28,SAMPLE_PREDICTION_ERROR,prediction_error == 1 when model prediction != true target,model_prediction_versus_ground_truth,False,1,1,True,0,0.2631317425796991,0.15,0.08,0.20656587128984955,0.20656587128984955,0.07545125455064533,,,,,,NORMAL,True,True,True,True,False,False,False,True,False,,,,
56c94b7411448a06831a2db4,AUXILIARY_SIMULATED_SEQUENCE,Module_12_CrossDomain,sklearn_fixture,a8f87e9c543290360692566b136efc8d5d1d5ec80dab71bf0b939a065c4ac0ec,rf_breast_cancer_v1,breast_cancer_wisconsin,classification_breast_cancer,42,sim_unit_15,7,5,2026-09-02T20:45:00Z,1.1.0,51e186f20a1e7e28,SAMPLE_PREDICTION_ERROR,prediction_error == 1 when model prediction != true target,model_prediction_versus_ground_truth,False,1,1,True,0,1.0,0.15,0.08,0.575,0.575,0.41817061908587827,,,,,,NORMAL,True,True,True,True,False,False,False,True,False,,,,
56fa41387efc0d77d90815a4,AUXILIARY_SIMULATED_SEQUENCE,Module_12_CrossDomain,sklearn_fixture,a8f87e9c543290360692566b136efc8d5d1d5ec80dab71bf0b939a065c4ac0ec,rf_breast_cancer_v1,breast_cancer_wisconsin,classification_breast_cancer,42,sim_unit_15,8,5,2026-09-02T20:45:00Z,1.1.0,51e186f20a1e7e28,SAMPLE_PREDICTION_ERROR,prediction_error == 1 when model prediction != true target,model_prediction_versus_ground_truth,False,1,1,True,0,0.17800263015723053,0.15,0.08,0.16400131507861526,0.16400131507861526,0.041215777471817684,,,,,,NORMAL,True,True,True,True,False,False,False,True,False,,,,
8c90ec8fefd3435d30e24ece,AUXILIARY_SIMULATED_SEQUENCE,Module_12_CrossDomain,sklearn_fixture,a8f87e9c543290360692566b136efc8d5d1d5ec80dab71bf0b939a065c4ac0ec,rf_breast_cancer_v1,breast_cancer_wisconsin,classification_breast_cancer,42,sim_unit_15,9,5,2026-09-02T20:45:00Z,1.1.0,51e186f20a1e7e28,SAMPLE_PREDICTION_ERROR,prediction_error == 1 when model prediction != true target,model_prediction_versus_ground_truth,False,1,1,True,0,0.3056962987909329,0.15,0.08,0.22784814939546644,0.22784814939546644,0.09432812514781788,,,,,,NORMAL,True,True,True,True,False,False,False,True,False,,,,
8a03edd3b2d17f77a33b429f,AUXILIARY_SIMULATED_SEQUENCE,Module_12_CrossDomain,sklearn_fixture,a8f87e9c543290360692566b136efc8d5d1d5ec80dab71bf0b939a065c4ac0ec,rf_breast_cancer_v1,breast_cancer_wisconsin,classification_breast_cancer,42,sim_unit_15,10,5,2026-09-02T20:45:00Z,1.1.0,51e186f20a1e7e28,SAMPLE_PREDICTION_ERROR,prediction_error == 1 when model prediction != true target,model_prediction_versus_ground_truth,False,1,1,True,0,0.6887773046920411,0.15,0.08,0.4193886523460206,0.4193886523460206,0.2719866807930382,,,,,,NORMAL,True,True,True,True,False,False,False,True,False,,,,
372cb535c168b70eb881e388,AUXILIARY_SIMULATED_SEQUENCE,Module_12_CrossDomain,sklearn_fixture,a8f87e9c543290360692566b136efc8d5d1d5ec80dab71bf0b939a065c4ac0ec,rf_breast_cancer_v1,breast_cancer_wisconsin,classification_breast_cancer,42,sim_unit_15,11,5,2026-09-02T20:45:00Z,1.1.0,51e186f20a1e7e28,SAMPLE_PREDICTION_ERROR,prediction_error == 1 when model prediction != true target,model_prediction_versus_ground_truth,False,1,1,True,0,0.13697508580590242,0.15,0.08,0.1434875429029512,0.1434875429029512,0.030397018845701788,,,,,,NORMAL,True,True,True,True,False,False,False,True,False,,,,
23b9c5eb85eca96a99ade720,AUXILIARY_SIMULATED_SEQUENCE,Module_12_CrossDomain,sklearn_fixture,a8f87e9c543290360692566b136efc8d5d1d5ec80dab71bf0b939a065c4ac0ec,rf_breast_cancer_v1,breast_cancer_wisconsin,classification_breast_cancer,42,sim_unit_15,12,5,2026-09-02T20:45:00Z,1.1.0,51e186f20a1e7e28,SAMPLE_PREDICTION_ERROR,prediction_error == 1 when model prediction != true target,model_prediction_versus_ground_truth,False,1,1,True,0,0.3879877741326526,0.15,0.08,0.2689938870663263,0.2689938870663263,0.13182254471312743,,,,,,NORMAL,True,True,True,True,False,False,False,True,False,,,,
434f17952d3f5828e2945682,AUXILIARY_SIMULATED_SEQUENCE,Module_12_CrossDomain,sklearn_fixture,a8f87e9c543290360692566b136efc8d5d1d5ec80dab71bf0b939a065c4ac0ec,rf_breast_cancer_v1,breast_cancer_wisconsin,classification_breast_cancer,42,sim_unit_15,13,5,2026-09-02T20:45:00Z,1.1.0,51e186f20a1e7e28,SAMPLE_PREDICTION_ERROR,prediction_error == 1 when model prediction != true target,model_prediction_versus_ground_truth,False,1,1,True,0,0.7341794979840244,0.15,0.08,0.4420897489920122,0.4420897489920122,0.2932796355106802,,,,,,NORMAL,True,True,True,True,False,False,False,True,False,,,,
7193720f668c822f80a046b7,AUXILIARY_SIMULATED_SEQUENCE,Module_12_CrossDomain,sklearn_fixture,a8f87e9c543290360692566b136efc8d5d1d5ec80dab71bf0b939a065c4ac0ec,rf_breast_cancer_v1,breast_cancer_wisconsin,classification_breast_cancer,42,sim_unit_15,14,5,2026-09-02T20:45:00Z,1.1.0,51e186f20a1e7e28,SAMPLE_PREDICTION_ERROR,prediction_error == 1 when model prediction != true target,model_prediction_versus_ground_truth,False,1,1,True,0,1.0,0.15,0.08,0.575,0.575,0.41817061908587827,,,,,,NORMAL,True,True,True,True,False,False,False,True,False,,,,
007a9e7681cc2eb7dda0e3a4,AUXILIARY_SIMULATED_SEQUENCE,Module_12_CrossDomain,sklearn_fixture,a8f87e9c543290360692566b136efc8d5d1d5ec80dab71bf0b939a065c4ac0ec,rf_breast_cancer_v1,breast_cancer_wisconsin,classification_breast_cancer,42,sim_unit_15,15,5,2026-09-02T20:45:00Z,1.1.0,51e186f20a1e7e28,SAMPLE_PREDICTION_ERROR,prediction_error == 1 when model prediction != true target,model_prediction_versus_ground_truth,False,1,1,True,0,0.46460397531287406,0.15,0.08,0.307301987656437,0.307301987656437,0.16726422181989298,,,,,,NORMAL,True,True,True,True,False,False,False,True,False,,,,
e28e42024872620502d7289b,AUXILIARY_SIMULATED_SEQUENCE,Module_12_CrossDomain,sklearn_fixture,a8f87e9c543290360692566b136efc8d5d1d5ec80dab71bf0b939a065c4ac0ec,rf_breast_cancer_v1,breast_cancer_wisconsin,classification_breast_cancer,42,sim_unit_15,16,5,2026-09-02T20:45:00Z,1.1.0,51e186f20a1e7e28,SAMPLE_PREDICTION_ERROR,prediction_error == 1 when model prediction != true target,model_prediction_versus_ground_truth,False,1,1,True,0,0.5525707248160916,0.15,0.08,0.3512853624080458,0.3512853624080458,0.2082429879924357,,,,,,NORMAL,True,True,True,True,False,False,False,True,False,,,,
722031284b70bde86731624a,AUXILIARY_SIMULATED_SEQUENCE,Module_12_CrossDomain,sklearn_fixture,a8f87e9c543290360692566b136efc8d5d1d5ec80dab71bf0b939a065c4ac0ec,rf_breast_cancer_v1,breast_cancer_wisconsin,classification_breast_cancer,42,sim_unit_15,17,5,2026-09-02T20:45:00Z,1.1.0,51e186f20a1e7e28,SAMPLE_PREDICTION_ERROR,prediction_error == 1 when model prediction != true target,model_prediction_versus_ground_truth,False,0,0,True,0,1.0,0.15,0.08,0.575,0.575,0.41817061908587827,,,,,,NORMAL,True,True,True,True,False,False,False,True,False,,,,
9ebdd2c209843b60c1664c59,AUXILIARY_SIMULATED_SEQUENCE,Module_12_CrossDomain,sklearn_fixture,a8f87e9c543290360692566b136efc8d5d1d5ec80dab71bf0b939a065c4ac0ec,rf_breast_cancer_v1,breast_cancer_wisconsin,classification_breast_cancer,42,sim_unit_15,18,5,2026-09-02T20:45:00Z,1.1.0,51e186f20a1e7e28,SAMPLE_PREDICTION_ERROR,prediction_error == 1 when model prediction != true target,model_prediction_versus_ground_truth,False,1,1,True,0,1.0,0.15,0.08,0.575,0.575,0.41817061908587827,,,,,,NORMAL,True,True,True,True,False,False,False,True,False,,,,
470494503b80c63921f3a173,AUXILIARY_SIMULATED_SEQUENCE,Module_12_CrossDomain,sklearn_fixture,a8f87e9c543290360692566b136efc8d5d1d5ec80dab71bf0b939a065c4ac0ec,rf_breast_cancer_v1,breast_cancer_wisconsin,classification_breast_cancer,42,sim_unit_15,19,5,2026-09-02T20:45:00Z,1.1.0,51e186f20a1e7e28,SAMPLE_PREDICTION_ERROR,prediction_error == 1 when model prediction != true target,model_prediction_versus_ground_truth,False,1,1,True,0,0.4816297977973679,0.15,0.08,0.31581489889868397,0.31581489889868397,0.17517762961757094,,,,,,NORMAL,True,True,True,True,False,False,False,True,False,,,,
f7555ff2ab33f6fa719ec39d,AUXILIARY_SIMULATED_SEQUENCE,Module_12_CrossDomain,sklearn_fixture,a8f87e9c543290360692566b136efc8d5d1d5ec80dab71bf0b939a065c4ac0ec,rf_breast_cancer_v1,breast_cancer_wisconsin,classification_breast_cancer,42,sim_unit_16,0,5,2026-09-02T20:45:00Z,1.1.0,51e186f20a1e7e28,SAMPLE_PREDICTION_ERROR,prediction_error == 1 when model prediction != true target,model_prediction_versus_ground_truth,False,1,1,True,0,1.0,0.15,0.08,0.575,0.575,0.41817061908587827,,,,,,NORMAL,True,True,True,True,False,False,False,True,False,,,,
574bb262b8bd8681f16011a6,AUXILIARY_SIMULATED_SEQUENCE,Module_12_CrossDomain,sklearn_fixture,a8f87e9c543290360692566b136efc8d5d1d5ec80dab71bf0b939a065c4ac0ec,rf_breast_cancer_v1,breast_cancer_wisconsin,classification_breast_cancer,42,sim_unit_16,1,5,2026-09-02T20:45:00Z,1.1.0,51e186f20a1e7e28,SAMPLE_PREDICTION_ERROR,prediction_error == 1 when model prediction != true target,model_prediction_versus_ground_truth,False,0,0,True,0,1.0,0.15,0.08,0.575,0.575,0.41817061908587827,,,,,,NORMAL,True,True,True,True,False,False,False,True,False,,,,
2e206fa55feb92c2c10dc522,AUXILIARY_SIMULATED_SEQUENCE,Module_12_CrossDomain,sklearn_fixture,a8f87e9c543290360692566b136efc8d5d1d5ec80dab71bf0b939a065c4ac0ec,rf_breast_cancer_v1,breast_cancer_wisconsin,classification_breast_cancer,42,sim_unit_16,2,5,2026-09-02T20:45:00Z,1.1.0,51e186f20a1e7e28,SAMPLE_PREDICTION_ERROR,prediction_error == 1 when model prediction != true target,model_prediction_versus_ground_truth,False,1,1,True,0,0.3596114033251633,0.15,0.08,0.25480570166258165,0.25480570166258165,0.11879930661666872,,,,,,NORMAL,True,True,True,True,False,False,False,True,False,,,,
7ff19199dcdb34b570aa56d2,AUXILIARY_SIMULATED_SEQUENCE,Module_12_CrossDomain,sklearn_fixture,a8f87e9c543290360692566b136efc8d5d1d5ec80dab71bf0b939a065c4ac0ec,rf_breast_cancer_v1,breast_cancer_wisconsin,classification_breast_cancer,42,sim_unit_16,3,5,2026-09-02T20:45:00Z,1.1.0,51e186f20a1e7e28,SAMPLE_PREDICTION_ERROR,prediction_error == 1 when model prediction != true target,model_prediction_versus_ground_truth,False,0,0,True,0,1.0,0.15,0.08,0.575,0.575,0.41817061908587827,,,,,,NORMAL,True,True,True,True,False,False,False,True,False,,,,
fb898b2ef5ec595fc7edb68d,AUXILIARY_SIMULATED_SEQUENCE,Module_12_CrossDomain,sklearn_fixture,a8f87e9c543290360692566b136efc8d5d1d5ec80dab71bf0b939a065c4ac0ec,rf_breast_cancer_v1,breast_cancer_wisconsin,classification_breast_cancer,42,sim_unit_16,4,5,2026-09-02T20:45:00Z,1.1.0,51e186f20a1e7e28,SAMPLE_PREDICTION_ERROR,prediction_error == 1 when model prediction != true target,model_prediction_versus_ground_truth,False,1,1,True,0,0.5468954506545938,0.15,0.08,0.3484477253272969,0.3484477253272969,0.2055932771793943,,,,,,NORMAL,True,True,True,True,False,False,False,True,False,,,,
724bdcafec2afa89992bb312,AUXILIARY_SIMULATED_SEQUENCE,Module_12_CrossDomain,sklearn_fixture,a8f87e9c543290360692566b136efc8d5d1d5ec80dab71bf0b939a065c4ac0ec,rf_breast_cancer_v1,breast_cancer_wisconsin,classification_breast_cancer,42,sim_unit_16,5,5,2026-09-02T20:45:00Z,1.1.0,51e186f20a1e7e28,SAMPLE_PREDICTION_ERROR,prediction_error == 1 when model prediction != true target,model_prediction_versus_ground_truth,False,1,1,True,0,0.4135265078593931,0.15,0.08,0.28176325392969653,0.28176325392969653,0.1435990373650219,,,,,,NORMAL,True,True,True,True,False,False,False,True,False,,,,
08760e187d1c707a16fd3a3a,AUXILIARY_SIMULATED_SEQUENCE,Module_12_CrossDomain,sklearn_fixture,a8f87e9c543290360692566b136efc8d5d1d5ec80dab71bf0b939a065c4ac0ec,rf_breast_cancer_v1,breast_cancer_wisconsin,classification_breast_cancer,42,sim_unit_16,6,5,2026-09-02T20:45:00Z,1.1.0,51e186f20a1e7e28,SAMPLE_PREDICTION_ERROR,prediction_error == 1 when model prediction != true target,model_prediction_versus_ground_truth,False,1,1,True,0,0.004906768231544921,0.15,0.08,0.07745338411577246,0.07745338411577246,0.0592462275990309,,,,,,NORMAL,True,True,True,True,False,False,False,True,False,,,,
82583472f46262d43e8fa118,AUXILIARY_SIMULATED_SEQUENCE,Module_12_CrossDomain,sklearn_fixture,a8f87e9c543290360692566b136efc8d5d1d5ec80dab71bf0b939a065c4ac0ec,rf_breast_cancer_v1,breast_cancer_wisconsin,classification_breast_cancer,42,sim_unit_16,7,5,2026-09-02T20:45:00Z,1.1.0,51e186f20a1e7e28,SAMPLE_PREDICTION_ERROR,prediction_error == 1 when model prediction != true target,model_prediction_versus_ground_truth,False,1,1,True,0,0.5951352810273259,0.15,0.08,0.372567640513663,0.372567640513663,0.22813489580956714,,,,,,NORMAL,True,True,True,True,False,False,False,True,False,,,,
b0d3f942f545f0904b02af80,AUXILIARY_SIMULATED_SEQUENCE,Module_12_CrossDomain,sklearn_fixture,a8f87e9c543290360692566b136efc8d5d1d5ec80dab71bf0b939a065c4ac0ec,rf_breast_cancer_v1,breast_cancer_wisconsin,classification_breast_cancer,42,sim_unit_16,8,5,2026-09-02T20:45:00Z,1.1.0,51e186f20a1e7e28,SAMPLE_PREDICTION_ERROR,prediction_error == 1 when model prediction != true target,model_prediction_versus_ground_truth,False,0,0,True,0,0.6080228412102276,0.15,0.08,0.37901142060511384,0.37901142060511384,0.23416353352827085,,,,,,NORMAL,True,True,True,True,False,False,False,True,False,,,,
f5c0eb96d694e36347aef122,AUXILIARY_SIMULATED_SEQUENCE,Module_12_CrossDomain,sklearn_fixture,a8f87e9c543290360692566b136efc8d5d1d5ec80dab71bf0b939a065c4ac0ec,rf_breast_cancer_v1,breast_cancer_wisconsin,classification_breast_cancer,42,sim_unit_16,9,5,2026-09-02T20:45:00Z,1.1.0,51e186f20a1e7e28,SAMPLE_PREDICTION_ERROR,prediction_error == 1 when model prediction != true target,model_prediction_versus_ground_truth,False,0,0,True,0,0.6051852041294793,0.15,0.08,0.37759260206473966,0.37759260206473966,0.23283591473036175,,,,,,NORMAL,True,True,True,True,False,False,False,True,False,,,,
2c7f0991a352c674fa1407f9,AUXILIARY_SIMULATED_SEQUENCE,Module_12_CrossDomain,sklearn_fixture,a8f87e9c543290360692566b136efc8d5d1d5ec80dab71bf0b939a065c4ac0ec,rf_breast_cancer_v1,breast_cancer_wisconsin,classification_breast_cancer,42,sim_unit_16,10,5,2026-09-02T20:45:00Z,1.1.0,51e186f20a1e7e28,SAMPLE_PREDICTION_ERROR,prediction_error == 1 when model prediction != true target,model_prediction_versus_ground_truth,False,0,0,True,0,0.5399195512722533,0.15,0.08,0.3449597756361267,0.3449597756361267,0.20233724601017158,,,,,,NORMAL,True,True,True,True,False,False,False,True,False,,,,
9fdec73e9a42c130c1dcadfe,AUXILIARY_SIMULATED_SEQUENCE,Module_12_CrossDomain,sklearn_fixture,a8f87e9c543290360692566b136efc8d5d1d5ec80dab71bf0b939a065c4ac0ec,rf_breast_cancer_v1,breast_cancer_wisconsin,classification_breast_cancer,42,sim_unit_16,11,5,2026-09-02T20:45:00Z,1.1.0,51e186f20a1e7e28,SAMPLE_PREDICTION_ERROR,prediction_error == 1 when model prediction != true target,model_prediction_versus_ground_truth,False,1,1,True,0,0.3255597583561756,0.15,0.08,0.2377798791780878,0.2377798791780878,0.10329075664680323,,,,,,NORMAL,True,True,True,True,False,False,False,True,False,,,,
083cffdb19e3566bfdce5d25,AUXILIARY_SIMULATED_SEQUENCE,Module_12_CrossDomain,sklearn_fixture,a8f87e9c543290360692566b136efc8d5d1d5ec80dab71bf0b939a065c4ac0ec,rf_breast_cancer_v1,breast_cancer_wisconsin,classification_breast_cancer,42,sim_unit_16,12,5,2026-09-02T20:45:00Z,1.1.0,51e186f20a1e7e28,SAMPLE_PREDICTION_ERROR,prediction_error == 1 when model prediction != true target,model_prediction_versus_ground_truth,False,1,1,True,0,0.8249838845679902,0.15,0.08,0.4874919422839951,0.4874919422839951,0.33590743313076704,,,,,,NORMAL,True,True,True,True,False,False,False,True,False,,,,
cbbf316730ddbd488ac67be8,AUXILIARY_SIMULATED_SEQUENCE,Module_12_CrossDomain,sklearn_fixture,a8f87e9c543290360692566b136efc8d5d1d5ec80dab71bf0b939a065c4ac0ec,rf_breast_cancer_v1,breast_cancer_wisconsin,classification_breast_cancer,42,sim_unit_16,13,5,2026-09-02T20:45:00Z,1.1.0,51e186f20a1e7e28,SAMPLE_PREDICTION_ERROR,prediction_error == 1 when model prediction != true target,model_prediction_versus_ground_truth,False,1,1,True,0,0.8164709733257436,0.15,0.08,0.4832354866628718,0.4832354866628718,0.33190913295276936,,,,,,NORMAL,True,True,True,True,False,False,False,True,False,,,,
12c3adb5e93714ebdb8a58ff,AUXILIARY_SIMULATED_SEQUENCE,Module_12_CrossDomain,sklearn_fixture,a8f87e9c543290360692566b136efc8d5d1d5ec80dab71bf0b939a065c4ac0ec,rf_breast_cancer_v1,breast_cancer_wisconsin,classification_breast_cancer,42,sim_unit_16,14,5,2026-09-02T20:45:00Z,1.1.0,51e186f20a1e7e28,SAMPLE_PREDICTION_ERROR,prediction_error == 1 when model prediction != true target,model_prediction_versus_ground_truth,False,1,1,True,0,0.518519079847104,0.15,0.08,0.334259539923552,0.334259539923552,0.1923553700839808,,,,,,NORMAL,True,True,True,True,False,False,False,True,False,,,,
0aa7d291610b1cebbe3a5ddb,AUXILIARY_SIMULATED_SEQUENCE,Module_12_CrossDomain,sklearn_fixture,a8f87e9c543290360692566b136efc8d5d1d5ec80dab71bf0b939a065c4ac0ec,rf_breast_cancer_v1,breast_cancer_wisconsin,classification_breast_cancer,42,sim_unit_16,15,5,2026-09-02T20:45:00Z,1.1.0,51e186f20a1e7e28,SAMPLE_PREDICTION_ERROR,prediction_error == 1 when model prediction != true target,model_prediction_versus_ground_truth,False,0,0,True,0,0.8321961705893942,0.15,0.08,0.4910980852946971,0.4910980852946971,0.3392951344275991,,,,,,NORMAL,True,True,True,True,False,False,False,True,False,,,,
3274faef5e606c19a053c582,AUXILIARY_SIMULATED_SEQUENCE,Module_12_CrossDomain,sklearn_fixture,a8f87e9c543290360692566b136efc8d5d1d5ec80dab71bf0b939a065c4ac0ec,rf_breast_cancer_v1,breast_cancer_wisconsin,classification_breast_cancer,42,sim_unit_16,16,5,2026-09-02T20:45:00Z,1.1.0,51e186f20a1e7e28,SAMPLE_PREDICTION_ERROR,prediction_error == 1 when model prediction != true target,model_prediction_versus_ground_truth,False,1,1,True,0,0.32272212127542677,0.15,0.08,0.2363610606377134,0.2363610606377134,0.10200596896169373,,,,,,NORMAL,True,True,True,True,False,False,False,True,False,,,,
88e9690197f598df09053c77,AUXILIARY_SIMULATED_SEQUENCE,Module_12_CrossDomain,sklearn_fixture,a8f87e9c543290360692566b136efc8d5d1d5ec80dab71bf0b939a065c4ac0ec,rf_breast_cancer_v1,breast_cancer_wisconsin,classification_breast_cancer,42,sim_unit_16,17,5,2026-09-02T20:45:00Z,1.1.0,51e186f20a1e7e28,SAMPLE_PREDICTION_ERROR,prediction_error == 1 when model prediction != true target,model_prediction_versus_ground_truth,False,0,0,True,0,1.0,0.15,0.08,0.575,0.575,0.41817061908587827,,,,,,NORMAL,True,True,True,True,False,False,False,True,False,,,,
a25f752b87986399744444d1,AUXILIARY_SIMULATED_SEQUENCE,Module_12_CrossDomain,sklearn_fixture,a8f87e9c543290360692566b136efc8d5d1d5ec80dab71bf0b939a065c4ac0ec,rf_breast_cancer_v1,breast_cancer_wisconsin,classification_breast_cancer,42,sim_unit_16,18,5,2026-09-02T20:45:00Z,1.1.0,51e186f20a1e7e28,SAMPLE_PREDICTION_ERROR,prediction_error == 1 when model prediction != true target,model_prediction_versus_ground_truth,False,1,1,True,0,1.0,0.15,0.08,0.575,0.575,0.41817061908587827,,,,,,NORMAL,True,True,True,True,False,False,False,True,False,,,,
cf115271dc645956cb5181b9,AUXILIARY_SIMULATED_SEQUENCE,Module_12_CrossDomain,sklearn_fixture,a8f87e9c543290360692566b136efc8d5d1d5ec80dab71bf0b939a065c4ac0ec,rf_breast_cancer_v1,breast_cancer_wisconsin,classification_breast_cancer,42,sim_unit_16,19,5,2026-09-02T20:45:00Z,1.1.0,51e186f20a1e7e28,SAMPLE_PREDICTION_ERROR,prediction_error == 1 when model prediction != true target,model_prediction_versus_ground_truth,False,0,0,True,0,1.0,0.15,0.08,0.575,0.575,0.41817061908587827,,,,,,NORMAL,True,True,True,True,False,False,False,True,False,,,,
5c1d10544363a4a4a81a88dd,AUXILIARY_SIMULATED_SEQUENCE,Module_12_CrossDomain,sklearn_fixture,a8f87e9c543290360692566b136efc8d5d1d5ec80dab71bf0b939a065c4ac0ec,rf_breast_cancer_v1,breast_cancer_wisconsin,classification_breast_cancer,42,sim_unit_17,0,5,2026-09-02T20:45:00Z,1.1.0,51e186f20a1e7e28,SAMPLE_PREDICTION_ERROR,prediction_error == 1 when model prediction != true target,model_prediction_versus_ground_truth,False,1,1,True,0,0.08305998127167258,0.15,0.08,0.11652999063583629,0.11652999063583629,0.032301237665884865,,,,,,NORMAL,True,True,True,True,False,False,False,True,False,,,,
d8ec254012ab3282f2a87005,AUXILIARY_SIMULATED_SEQUENCE,Module_12_CrossDomain,sklearn_fixture,a8f87e9c543290360692566b136efc8d5d1d5ec80dab71bf0b939a065c4ac0ec,rf_breast_cancer_v1,breast_cancer_wisconsin,classification_breast_cancer,42,sim_unit_17,1,5,2026-09-02T20:45:00Z,1.1.0,51e186f20a1e7e28,SAMPLE_PREDICTION_ERROR,prediction_error == 1 when model prediction != true target,model_prediction_versus_ground_truth,False,1,1,True,0,1.0,0.15,0.08,0.575,0.575,0.41817061908587827,,,,,,NORMAL,True,True,True,True,False,False,False,True,False,,,,
b55bd3d9910bf1578877cc80,AUXILIARY_SIMULATED_SEQUENCE,Module_12_CrossDomain,sklearn_fixture,a8f87e9c543290360692566b136efc8d5d1d5ec80dab71bf0b939a065c4ac0ec,rf_breast_cancer_v1,breast_cancer_wisconsin,classification_breast_cancer,42,sim_unit_17,2,5,2026-09-02T20:45:00Z,1.1.0,51e186f20a1e7e28,SAMPLE_PREDICTION_ERROR,prediction_error == 1 when model prediction != true target,model_prediction_versus_ground_truth,False,1,1,True,0,0.8703860778599735,0.15,0.08,0.5101930389299867,0.5101930389299867,0.3572372777066538,,,,,,NORMAL,True,True,True,True,False,False,False,True,False,,,,
1c4de321baebf36c3b3bd92e,AUXILIARY_SIMULATED_SEQUENCE,Module_12_CrossDomain,sklearn_fixture,a8f87e9c543290360692566b136efc8d5d1d5ec80dab71bf0b939a065c4ac0ec,rf_breast_cancer_v1,breast_cancer_wisconsin,classification_breast_cancer,42,sim_unit_17,3,5,2026-09-02T20:45:00Z,1.1.0,51e186f20a1e7e28,SAMPLE_PREDICTION_ERROR,prediction_error == 1 when model prediction != true target,model_prediction_versus_ground_truth,False,0,0,True,0,1.0,0.15,0.08,0.575,0.575,0.41817061908587827,,,,,,NORMAL,True,True,True,True,False,False,False,True,False,,,,
405c545074fcdc21032c46eb,AUXILIARY_SIMULATED_SEQUENCE,Module_12_CrossDomain,sklearn_fixture,a8f87e9c543290360692566b136efc8d5d1d5ec80dab71bf0b939a065c4ac0ec,rf_breast_cancer_v1,breast_cancer_wisconsin,classification_breast_cancer,42,sim_unit_17,4,5,2026-09-02T20:45:00Z,1.1.0,51e186f20a1e7e28,SAMPLE_PREDICTION_ERROR,prediction_error == 1 when model prediction != true target,model_prediction_versus_ground_truth,False,1,1,True,0,0.6859396676112918,0.15,0.08,0.4179698338056459,0.4179698338056459,0.270656446462256,,,,,,NORMAL,True,True,True,True,False,False,False,True,False,,,,
95e23afe79a311ef4ea3aed4,AUXILIARY_SIMULATED_SEQUENCE,Module_12_CrossDomain,sklearn_fixture,a8f87e9c543290360692566b136efc8d5d1d5ec80dab71bf0b939a065c4ac0ec,rf_breast_cancer_v1,breast_cancer_wisconsin,classification_breast_cancer,42,sim_unit_17,5,5,2026-09-02T20:45:00Z,1.1.0,51e186f20a1e7e28,SAMPLE_PREDICTION_ERROR,prediction_error == 1 when model prediction != true target,model_prediction_versus_ground_truth,False,1,1,True,0,1.0,0.15,0.08,0.575,0.575,0.41817061908587827,,,,,,NORMAL,True,True,True,True,False,False,False,True,False,,,,
b20d9dd7d487545f598d518c,AUXILIARY_SIMULATED_SEQUENCE,Module_12_CrossDomain,sklearn_fixture,a8f87e9c543290360692566b136efc8d5d1d5ec80dab71bf0b939a065c4ac0ec,rf_breast_cancer_v1,breast_cancer_wisconsin,classification_breast_cancer,42,sim_unit_17,6,5,2026-09-02T20:45:00Z,1.1.0,51e186f20a1e7e28,SAMPLE_PREDICTION_ERROR,prediction_error == 1 when model prediction != true target,model_prediction_versus_ground_truth,False,1,1,True,0,0.5866223697850788,0.15,0.08,0.3683111848925394,0.3683111848925394,0.22415404409651143,,,,,,NORMAL,True,True,True,True,False,False,False,True,False,,,,
460bb4b6c6060996fc99174b,AUXILIARY_SIMULATED_SEQUENCE,Module_12_CrossDomain,sklearn_fixture,a8f87e9c543290360692566b136efc8d5d1d5ec80dab71bf0b939a065c4ac0ec,rf_breast_cancer_v1,breast_cancer_wisconsin,classification_breast_cancer,42,sim_unit_17,7,5,2026-09-02T20:45:00Z,1.1.0,51e186f20a1e7e28,SAMPLE_PREDICTION_ERROR,prediction_error == 1 when model prediction != true target,model_prediction_versus_ground_truth,False,1,1,True,0,0.17953964201713674,0.15,0.08,0.16476982100856835,0.16476982100856835,0.04174090823613944,,,,,,NORMAL,True,True,True,True,False,False,False,True,False,,,,
a203515f3963ae39e6075aa7,AUXILIARY_SIMULATED_SEQUENCE,Module_12_CrossDomain,sklearn_fixture,a8f87e9c543290360692566b136efc8d5d1d5ec80dab71bf0b939a065c4ac0ec,rf_breast_cancer_v1,breast_cancer_wisconsin,classification_breast_cancer,42,sim_unit_17,8,5,2026-09-02T20:45:00Z,1.1.0,51e186f20a1e7e28,SAMPLE_PREDICTION_ERROR,prediction_error == 1 when model prediction != true target,model_prediction_versus_ground_truth,False,1,1,True,0,0.7540429575492665,0.15,0.08,0.4520214787746333,0.4520214787746333,0.3026001768352695,,,,,,NORMAL,True,True,True,True,False,False,False,True,False,,,,
ee1cf5475b76dac4ac5fb6e0,AUXILIARY_SIMULATED_SEQUENCE,Module_12_CrossDomain,sklearn_fixture,a8f87e9c543290360692566b136efc8d5d1d5ec80dab71bf0b939a065c4ac0ec,rf_breast_cancer_v1,breast_cancer_wisconsin,classification_breast_cancer,42,sim_unit_17,9,5,2026-09-02T20:45:00Z,1.1.0,51e186f20a1e7e28,SAMPLE_PREDICTION_ERROR,prediction_error == 1 when model prediction != true target,model_prediction_versus_ground_truth,False,1,1,True,0,0.6178363776733174,0.15,0.08,0.38391818883665874,0.38391818883665874,0.23875576675368174,,,,,,NORMAL,True,True,True,True,False,False,False,True,False,,,,
94ae3332132923d908af1196,AUXILIARY_SIMULATED_SEQUENCE,Module_12_CrossDomain,sklearn_fixture,a8f87e9c543290360692566b136efc8d5d1d5ec80dab71bf0b939a065c4ac0ec,rf_breast_cancer_v1,breast_cancer_wisconsin,classification_breast_cancer,42,sim_unit_17,10,5,2026-09-02T20:45:00Z,1.1.0,51e186f20a1e7e28,SAMPLE_PREDICTION_ERROR,prediction_error == 1 when model prediction != true target,model_prediction_versus_ground_truth,False,1,1,True,0,0.7001278530150367,0.15,0.08,0.42506392650751834,0.42506392650751834,0.27730833395898524,,,,,,NORMAL,True,True,True,True,False,False,False,True,False,,,,
9e301957d4aad942f6446dd4,AUXILIARY_SIMULATED_SEQUENCE,Module_12_CrossDomain,sklearn_fixture,a8f87e9c543290360692566b136efc8d5d1d5ec80dab71bf0b939a065c4ac0ec,rf_breast_cancer_v1,breast_cancer_wisconsin,classification_breast_cancer,42,sim_unit_17,11,5,2026-09-02T20:45:00Z,1.1.0,51e186f20a1e7e28,SAMPLE_PREDICTION_ERROR,prediction_error == 1 when model prediction != true target,model_prediction_versus_ground_truth,False,0,0,True,0,0.46046571301128253,0.15,0.08,0.30523285650564125,0.30523285650564125,0.1653424452236387,,,,,,NORMAL,True,True,True,True,False,False,False,True,False,,,,
a3068111dc05e4659c0b8365,AUXILIARY_SIMULATED_SEQUENCE,Module_12_CrossDomain,sklearn_fixture,a8f87e9c543290360692566b136efc8d5d1d5ec80dab71bf0b939a065c4ac0ec,rf_breast_cancer_v1,breast_cancer_wisconsin,classification_breast_cancer,42,sim_unit_17,12,5,2026-09-02T20:45:00Z,1.1.0,51e186f20a1e7e28,SAMPLE_PREDICTION_ERROR,prediction_error == 1 when model prediction != true target,model_prediction_versus_ground_truth,False,0,0,True,0,1.0,0.15,0.08,0.575,0.575,0.41817061908587827,,,,,,NORMAL,True,True,True,True,False,False,False,True,False,,,,
179fb4f96daebbfafffae189,AUXILIARY_SIMULATED_SEQUENCE,Module_12_CrossDomain,sklearn_fixture,a8f87e9c543290360692566b136efc8d5d1d5ec80dab71bf0b939a065c4ac0ec,rf_breast_cancer_v1,breast_cancer_wisconsin,classification_breast_cancer,42,sim_unit_17,13,5,2026-09-02T20:45:00Z,1.1.0,51e186f20a1e7e28,SAMPLE_PREDICTION_ERROR,prediction_error == 1 when model prediction != true target,model_prediction_versus_ground_truth,False,0,0,True,0,0.2703440286011031,0.15,0.08,0.21017201430055155,0.21017201430055155,0.07860840670623856,,,,,,NORMAL,True,True,True,True,False,False,False,True,False,,,,
e9026141848253eabdbc9640,AUXILIARY_SIMULATED_SEQUENCE,Module_12_CrossDomain,sklearn_fixture,a8f87e9c543290360692566b136efc8d5d1d5ec80dab71bf0b939a065c4ac0ec,rf_breast_cancer_v1,breast_cancer_wisconsin,classification_breast_cancer,42,sim_unit_17,14,5,2026-09-02T20:45:00Z,1.1.0,51e186f20a1e7e28,SAMPLE_PREDICTION_ERROR,prediction_error == 1 when model prediction != true target,model_prediction_versus_ground_truth,False,1,1,True,0,0.8476849812139818,0.15,0.08,0.49884249060699093,0.49884249060699093,0.3465712309970132,,,,,,NORMAL,True,True,True,True,False,False,False,True,False,,,,
c7778fc918ee7b30b43ae992,AUXILIARY_SIMULATED_SEQUENCE,Module_12_CrossDomain,sklearn_fixture,a8f87e9c543290360692566b136efc8d5d1d5ec80dab71bf0b939a065c4ac0ec,rf_breast_cancer_v1,breast_cancer_wisconsin,classification_breast_cancer,42,sim_unit_17,15,5,2026-09-02T20:45:00Z,1.1.0,51e186f20a1e7e28,SAMPLE_PREDICTION_ERROR,prediction_error == 1 when model prediction != true target,model_prediction_versus_ground_truth,False,1,1,True,0,0.4447405157476314,0.15,0.08,0.2973702578738157,0.2973702578738157,0.15804627151250075,,,,,,NORMAL,True,True,True,True,False,False,False,True,False,,,,
f423ca7c59ebf689d1d0cffd,AUXILIARY_SIMULATED_SEQUENCE,Module_12_CrossDomain,sklearn_fixture,a8f87e9c543290360692566b136efc8d5d1d5ec80dab71bf0b939a065c4ac0ec,rf_breast_cancer_v1,breast_cancer_wisconsin,classification_breast_cancer,42,sim_unit_17,16,5,2026-09-02T20:45:00Z,1.1.0,51e186f20a1e7e28,SAMPLE_PREDICTION_ERROR,prediction_error == 1 when model prediction != true target,model_prediction_versus_ground_truth,False,1,1,True,0,0.3056962987909329,0.15,0.08,0.22784814939546644,0.22784814939546644,0.09432812514781788,,,,,,NORMAL,True,True,True,True,False,False,False,True,False,,,,
877ec491132258033d633b26,AUXILIARY_SIMULATED_SEQUENCE,Module_12_CrossDomain,sklearn_fixture,a8f87e9c543290360692566b136efc8d5d1d5ec80dab71bf0b939a065c4ac0ec,rf_breast_cancer_v1,breast_cancer_wisconsin,classification_breast_cancer,42,sim_unit_17,17,5,2026-09-02T20:45:00Z,1.1.0,51e186f20a1e7e28,SAMPLE_PREDICTION_ERROR,prediction_error == 1 when model prediction != true target,model_prediction_versus_ground_truth,False,1,1,True,0,0.0730100581695197,0.15,0.08,0.11150502908475984,0.11150502908475984,0.034763183638016684,,,,,,NORMAL,True,True,True,True,False,False,False,True,False,,,,
bebee764be7e09c7c972be84,AUXILIARY_SIMULATED_SEQUENCE,Module_12_CrossDomain,sklearn_fixture,a8f87e9c543290360692566b136efc8d5d1d5ec80dab71bf0b939a065c4ac0ec,rf_breast_cancer_v1,breast_cancer_wisconsin,classification_breast_cancer,42,sim_unit_17,18,5,2026-09-02T20:45:00Z,1.1.0,51e186f20a1e7e28,SAMPLE_PREDICTION_ERROR,prediction_error == 1 when model prediction != true target,model_prediction_versus_ground_truth,False,1,1,True,0,1.0,0.15,0.08,0.575,0.575,0.41817061908587827,,,,,,NORMAL,True,True,True,True,False,False,False,True,False,,,,
9bf67a50ff808b58c567a5db,AUXILIARY_SIMULATED_SEQUENCE,Module_12_CrossDomain,sklearn_fixture,a8f87e9c543290360692566b136efc8d5d1d5ec80dab71bf0b939a065c4ac0ec,rf_breast_cancer_v1,breast_cancer_wisconsin,classification_breast_cancer,42,sim_unit_17,19,5,2026-09-02T20:45:00Z,1.1.0,51e186f20a1e7e28,SAMPLE_PREDICTION_ERROR,prediction_error == 1 when model prediction != true target,model_prediction_versus_ground_truth,False,1,1,True,0,1.0,0.15,0.08,0.575,0.575,0.41817061908587827,,,,,,NORMAL,True,True,True,True,False,False,False,True,False,,,,
12a6595ef26f3b034c6efa78,AUXILIARY_SIMULATED_SEQUENCE,Module_12_CrossDomain,sklearn_fixture,a8f87e9c543290360692566b136efc8d5d1d5ec80dab71bf0b939a065c4ac0ec,rf_breast_cancer_v1,breast_cancer_wisconsin,classification_breast_cancer,42,sim_unit_18,0,5,2026-09-02T20:45:00Z,1.1.0,51e186f20a1e7e28,SAMPLE_PREDICTION_ERROR,prediction_error == 1 when model prediction != true target,model_prediction_versus_ground_truth,False,1,1,True,0,0.45041578990912967,0.15,0.08,0.30020789495456485,0.30020789495456485,0.16067825139449432,,,,,,NORMAL,True,True,True,True,False,False,False,True,False,,,,
9f82c3d18e9c7aec9cc4964d,AUXILIARY_SIMULATED_SEQUENCE,Module_12_CrossDomain,sklearn_fixture,a8f87e9c543290360692566b136efc8d5d1d5ec80dab71bf0b939a065c4ac0ec,rf_breast_cancer_v1,breast_cancer_wisconsin,classification_breast_cancer,42,sim_unit_18,1,5,2026-09-02T20:45:00Z,1.1.0,51e186f20a1e7e28,SAMPLE_PREDICTION_ERROR,prediction_error == 1 when model prediction != true target,model_prediction_versus_ground_truth,False,1,1,True,0,0.23475537177220926,0.15,0.08,0.19237768588610463,0.19237768588610463,0.06327426906957441,,,,,,NORMAL,True,True,True,True,False,False,False,True,False,,,,
864c424a495a6f19eee714b0,AUXILIARY_SIMULATED_SEQUENCE,Module_12_CrossDomain,sklearn_fixture,a8f87e9c543290360692566b136efc8d5d1d5ec80dab71bf0b939a065c4ac0ec,rf_breast_cancer_v1,breast_cancer_wisconsin,classification_breast_cancer,42,sim_unit_18,2,5,2026-09-02T20:45:00Z,1.1.0,51e186f20a1e7e28,SAMPLE_PREDICTION_ERROR,prediction_error == 1 when model prediction != true target,model_prediction_versus_ground_truth,False,1,1,True,0,0.3879877741326526,0.15,0.08,0.2689938870663263,0.2689938870663263,0.13182254471312743,,,,,,NORMAL,True,True,True,True,False,False,False,True,False,,,,
b38c5ee8daf16a776e8bf176,AUXILIARY_SIMULATED_SEQUENCE,Module_12_CrossDomain,sklearn_fixture,a8f87e9c543290360692566b136efc8d5d1d5ec80dab71bf0b939a065c4ac0ec,rf_breast_cancer_v1,breast_cancer_wisconsin,classification_breast_cancer,42,sim_unit_18,3,5,2026-09-02T20:45:00Z,1.1.0,51e186f20a1e7e28,SAMPLE_PREDICTION_ERROR,prediction_error == 1 when model prediction != true target,model_prediction_versus_ground_truth,False,1,1,True,0,0.6732884940674535,0.15,0.08,0.41164424703372676,0.41164424703372676,0.2647267113282866,,,,,,NORMAL,True,True,True,True,False,False,False,True,False,,,,
5c3b794296b74203190206e0,AUXILIARY_SIMULATED_SEQUENCE,Module_12_CrossDomain,sklearn_fixture,a8f87e9c543290360692566b136efc8d5d1d5ec80dab71bf0b939a065c4ac0ec,rf_breast_cancer_v1,breast_cancer_wisconsin,classification_breast_cancer,42,sim_unit_18,4,5,2026-09-02T20:45:00Z,1.1.0,51e186f20a1e7e28,SAMPLE_PREDICTION_ERROR,prediction_error == 1 when model prediction != true target,model_prediction_versus_ground_truth,False,1,1,True,0,0.2063790009647199,0.15,0.08,0.17818950048235993,0.17818950048235993,0.05169380323342071,,,,,,NORMAL,True,True,True,True,False,False,False,True,False,,,,
98ae42232ebc1e2102f5ea1b,AUXILIARY_SIMULATED_SEQUENCE,Module_12_CrossDomain,sklearn_fixture,a8f87e9c543290360692566b136efc8d5d1d5ec80dab71bf0b939a065c4ac0ec,rf_breast_cancer_v1,breast_cancer_wisconsin,classification_breast_cancer,42,sim_unit_18,5,5,2026-09-02T20:45:00Z,1.1.0,51e186f20a1e7e28,SAMPLE_PREDICTION_ERROR,prediction_error == 1 when model prediction != true target,model_prediction_versus_ground_truth,False,0,0,True,0,1.0,0.15,0.08,0.575,0.575,0.41817061908587827,,,,,,NORMAL,True,True,True,True,False,False,False,True,False,,,,
eff1412f2f97851993e7c8f7,AUXILIARY_SIMULATED_SEQUENCE,Module_12_CrossDomain,sklearn_fixture,a8f87e9c543290360692566b136efc8d5d1d5ec80dab71bf0b939a065c4ac0ec,rf_breast_cancer_v1,breast_cancer_wisconsin,classification_breast_cancer,42,sim_unit_18,6,5,2026-09-02T20:45:00Z,1.1.0,51e186f20a1e7e28,SAMPLE_PREDICTION_ERROR,prediction_error == 1 when model prediction != true target,model_prediction_versus_ground_truth,False,0,0,True,0,1.0,0.15,0.08,0.575,0.575,0.41817061908587827,,,,,,NORMAL,True,True,True,True,False,False,False,True,False,,,,
10cd3860fa6c6ed27a3612b8,AUXILIARY_SIMULATED_SEQUENCE,Module_12_CrossDomain,sklearn_fixture,a8f87e9c543290360692566b136efc8d5d1d5ec80dab71bf0b939a065c4ac0ec,rf_breast_cancer_v1,breast_cancer_wisconsin,classification_breast_cancer,42,sim_unit_18,7,5,2026-09-02T20:45:00Z,1.1.0,51e186f20a1e7e28,SAMPLE_PREDICTION_ERROR,prediction_error == 1 when model prediction != true target,model_prediction_versus_ground_truth,False,1,1,True,0,0.5440578135738444,0.15,0.08,0.3470289067869222,0.3470289067869222,0.2042686724165928,,,,,,NORMAL,True,True,True,True,False,False,False,True,False,,,,
4ee31c81983cdf04d48df8bd,AUXILIARY_SIMULATED_SEQUENCE,Module_12_CrossDomain,sklearn_fixture,a8f87e9c543290360692566b136efc8d5d1d5ec80dab71bf0b939a065c4ac0ec,rf_breast_cancer_v1,breast_cancer_wisconsin,classification_breast_cancer,42,sim_unit_18,8,5,2026-09-02T20:45:00Z,1.1.0,51e186f20a1e7e28,SAMPLE_PREDICTION_ERROR,prediction_error == 1 when model prediction != true target,model_prediction_versus_ground_truth,False,0,0,True,0,1.0,0.15,0.08,0.575,0.575,0.41817061908587827,,,,,,NORMAL,True,True,True,True,False,False,False,True,False,,,,
0b972612bab240a738c5b528,AUXILIARY_SIMULATED_SEQUENCE,Module_12_CrossDomain,sklearn_fixture,a8f87e9c543290360692566b136efc8d5d1d5ec80dab71bf0b939a065c4ac0ec,rf_breast_cancer_v1,breast_cancer_wisconsin,classification_breast_cancer,42,sim_unit_18,9,5,2026-09-02T20:45:00Z,1.1.0,51e186f20a1e7e28,SAMPLE_PREDICTION_ERROR,prediction_error == 1 when model prediction != true target,model_prediction_versus_ground_truth,False,0,0,True,0,1.0,0.15,0.08,0.575,0.575,0.41817061908587827,,,,,,NORMAL,True,True,True,True,False,False,False,True,False,,,,
5bbaf40b246e226eeb0f3990,AUXILIARY_SIMULATED_SEQUENCE,Module_12_CrossDomain,sklearn_fixture,a8f87e9c543290360692566b136efc8d5d1d5ec80dab71bf0b939a065c4ac0ec,rf_breast_cancer_v1,breast_cancer_wisconsin,classification_breast_cancer,42,sim_unit_18,10,5,2026-09-02T20:45:00Z,1.1.0,51e186f20a1e7e28,SAMPLE_PREDICTION_ERROR,prediction_error == 1 when model prediction != true target,model_prediction_versus_ground_truth,False,0,0,True,0,0.6307239378562197,0.15,0.08,0.39036196892810987,0.39036196892810987,0.24478842568767464,,,,,,NORMAL,True,True,True,True,False,False,False,True,False,,,,
d66bd6de637ca36b7577eb36,AUXILIARY_SIMULATED_SEQUENCE,Module_12_CrossDomain,sklearn_fixture,a8f87e9c543290360692566b136efc8d5d1d5ec80dab71bf0b939a065c4ac0ec,rf_breast_cancer_v1,breast_cancer_wisconsin,classification_breast_cancer,42,sim_unit_18,11,5,2026-09-02T20:45:00Z,1.1.0,51e186f20a1e7e28,SAMPLE_PREDICTION_ERROR,prediction_error == 1 when model prediction != true target,model_prediction_versus_ground_truth,False,1,1,True,0,0.3015580364893414,0.15,0.08,0.22577901824467067,0.22577901824467067,0.09247089749844833,,,,,,NORMAL,True,True,True,True,False,False,False,True,False,,,,
ecce189ffdac70faba1131f6,AUXILIARY_SIMULATED_SEQUENCE,Module_12_CrossDomain,sklearn_fixture,a8f87e9c543290360692566b136efc8d5d1d5ec80dab71bf0b939a065c4ac0ec,rf_breast_cancer_v1,breast_cancer_wisconsin,classification_breast_cancer,42,sim_unit_18,12,5,2026-09-02T20:45:00Z,1.1.0,51e186f20a1e7e28,SAMPLE_PREDICTION_ERROR,prediction_error == 1 when model prediction != true target,model_prediction_versus_ground_truth,False,0,0,True,0,1.0,0.15,0.08,0.575,0.575,0.41817061908587827,,,,,,NORMAL,True,True,True,True,False,False,False,True,False,,,,
fcbd4845f0c71adfb32c09e4,AUXILIARY_SIMULATED_SEQUENCE,Module_12_CrossDomain,sklearn_fixture,a8f87e9c543290360692566b136efc8d5d1d5ec80dab71bf0b939a065c4ac0ec,rf_breast_cancer_v1,breast_cancer_wisconsin,classification_breast_cancer,42,sim_unit_18,13,5,2026-09-02T20:45:00Z,1.1.0,51e186f20a1e7e28,SAMPLE_PREDICTION_ERROR,prediction_error == 1 when model prediction != true target,model_prediction_versus_ground_truth,False,0,0,True,0,1.0,0.15,0.08,0.575,0.575,0.41817061908587827,,,,,,NORMAL,True,True,True,True,False,False,False,True,False,,,,
eb0b293ccfbfafa03cad8694,AUXILIARY_SIMULATED_SEQUENCE,Module_12_CrossDomain,sklearn_fixture,a8f87e9c543290360692566b136efc8d5d1d5ec80dab71bf0b939a065c4ac0ec,rf_breast_cancer_v1,breast_cancer_wisconsin,classification_breast_cancer,42,sim_unit_18,14,5,2026-09-02T20:45:00Z,1.1.0,51e186f20a1e7e28,SAMPLE_PREDICTION_ERROR,prediction_error == 1 when model prediction != true target,model_prediction_versus_ground_truth,False,1,1,True,0,0.12408752562300067,0.15,0.08,0.13704376281150032,0.13704376281150032,0.028896686168904454,,,,,,NORMAL,True,True,True,True,False,False,False,True,False,,,,
15caf4fbdd7c3d3dec389ca8,AUXILIARY_SIMULATED_SEQUENCE,Module_12_CrossDomain,sklearn_fixture,a8f87e9c543290360692566b136efc8d5d1d5ec80dab71bf0b939a065c4ac0ec,rf_breast_cancer_v1,breast_cancer_wisconsin,classification_breast_cancer,42,sim_unit_18,15,5,2026-09-02T20:45:00Z,1.1.0,51e186f20a1e7e28,SAMPLE_PREDICTION_ERROR,prediction_error == 1 when model prediction != true target,model_prediction_versus_ground_truth,False,1,1,True,0,0.5796464704027388,0.15,0.08,0.3648232352013694,0.3648232352013694,0.22089280580696108,,,,,,NORMAL,True,True,True,True,False,False,False,True,False,,,,
d60f9485cc7459dabda45d73,AUXILIARY_SIMULATED_SEQUENCE,Module_12_CrossDomain,sklearn_fixture,a8f87e9c543290360692566b136efc8d5d1d5ec80dab71bf0b939a065c4ac0ec,rf_breast_cancer_v1,breast_cancer_wisconsin,classification_breast_cancer,42,sim_unit_18,16,5,2026-09-02T20:45:00Z,1.1.0,51e186f20a1e7e28,SAMPLE_PREDICTION_ERROR,prediction_error == 1 when model prediction != true target,model_prediction_versus_ground_truth,False,1,1,True,0,1.0,0.15,0.08,0.575,0.575,0.41817061908587827,,,,,,NORMAL,True,True,True,True,False,False,False,True,False,,,,
f4c3b2784f8f9d5b1a1bd2eb,AUXILIARY_SIMULATED_SEQUENCE,Module_12_CrossDomain,sklearn_fixture,a8f87e9c543290360692566b136efc8d5d1d5ec80dab71bf0b939a065c4ac0ec,rf_breast_cancer_v1,breast_cancer_wisconsin,classification_breast_cancer,42,sim_unit_18,17,5,2026-09-02T20:45:00Z,1.1.0,51e186f20a1e7e28,SAMPLE_PREDICTION_ERROR,prediction_error == 1 when model prediction != true target,model_prediction_versus_ground_truth,False,1,1,True,0,0.18935317848022606,0.15,0.08,0.16967658924011303,0.16967658924011303,0.045223875577477764,,,,,,NORMAL,True,True,True,True,False,False,False,True,False,,,,
1c552081297b98544143fb5d,AUXILIARY_SIMULATED_SEQUENCE,Module_12_CrossDomain,sklearn_fixture,a8f87e9c543290360692566b136efc8d5d1d5ec80dab71bf0b939a065c4ac0ec,rf_breast_cancer_v1,breast_cancer_wisconsin,classification_breast_cancer,42,sim_unit_18,18,5,2026-09-02T20:45:00Z,1.1.0,51e186f20a1e7e28,SAMPLE_PREDICTION_ERROR,prediction_error == 1 when model prediction != true target,model_prediction_versus_ground_truth,False,1,1,True,0,0.13260043686524733,0.15,0.08,0.14130021843262366,0.14130021843262366,0.02975744679104172,,,,,,NORMAL,True,True,True,True,False,False,False,True,False,,,,
4815e7f097a69f03da1376a3,AUXILIARY_SIMULATED_SEQUENCE,Module_12_CrossDomain,sklearn_fixture,a8f87e9c543290360692566b136efc8d5d1d5ec80dab71bf0b939a065c4ac0ec,rf_breast_cancer_v1,breast_cancer_wisconsin,classification_breast_cancer,42,sim_unit_18,19,5,2026-09-02T20:45:00Z,1.1.0,51e186f20a1e7e28,SAMPLE_PREDICTION_ERROR,prediction_error == 1 when model prediction != true target,model_prediction_versus_ground_truth,False,0,0,True,0,0.8647108036984756,0.15,0.08,0.5073554018492378,0.5073554018492378,0.3545705662980735,,,,,,NORMAL,True,True,True,True,False,False,False,True,False,,,,
867e8e37c9f9c6a5f73ef3ad,AUXILIARY_SIMULATED_SEQUENCE,Module_12_CrossDomain,sklearn_fixture,a8f87e9c543290360692566b136efc8d5d1d5ec80dab71bf0b939a065c4ac0ec,rf_breast_cancer_v1,breast_cancer_wisconsin,classification_breast_cancer,42,sim_unit_19,0,5,2026-09-02T20:45:00Z,1.1.0,51e186f20a1e7e28,SAMPLE_PREDICTION_ERROR,prediction_error == 1 when model prediction != true target,model_prediction_versus_ground_truth,False,1,1,True,0,0.8107956991642458,0.15,0.08,0.4803978495821229,0.4803978495821229,0.3292437985497007,,,,,,NORMAL,True,True,True,True,False,False,False,True,False,,,,
db66547054f6f62ad8fd1c94,AUXILIARY_SIMULATED_SEQUENCE,Module_12_CrossDomain,sklearn_fixture,a8f87e9c543290360692566b136efc8d5d1d5ec80dab71bf0b939a065c4ac0ec,rf_breast_cancer_v1,breast_cancer_wisconsin,classification_breast_cancer,42,sim_unit_19,1,5,2026-09-02T20:45:00Z,1.1.0,51e186f20a1e7e28,SAMPLE_PREDICTION_ERROR,prediction_error == 1 when model prediction != true target,model_prediction_versus_ground_truth,False,1,1,True,0,0.8760613520214717,0.15,0.08,0.5130306760107358,0.5130306760107358,0.3599041173364405,,,,,,NORMAL,True,True,True,True,False,False,False,True,False,,,,
1f7449b7216d981634250c5d,AUXILIARY_SIMULATED_SEQUENCE,Module_12_CrossDomain,sklearn_fixture,a8f87e9c543290360692566b136efc8d5d1d5ec80dab71bf0b939a065c4ac0ec,rf_breast_cancer_v1,breast_cancer_wisconsin,classification_breast_cancer,42,sim_unit_19,2,5,2026-09-02T20:45:00Z,1.1.0,51e186f20a1e7e28,SAMPLE_PREDICTION_ERROR,prediction_error == 1 when model prediction != true target,model_prediction_versus_ground_truth,False,1,1,True,0,0.5894600068658276,0.15,0.08,0.3697300034329138,0.3697300034329138,0.22548086793198277,,,,,,NORMAL,True,True,True,True,False,False,False,True,False,,,,
9e3527fa67edcd73d838acd3,AUXILIARY_SIMULATED_SEQUENCE,Module_12_CrossDomain,sklearn_fixture,a8f87e9c543290360692566b136efc8d5d1d5ec80dab71bf0b939a065c4ac0ec,rf_breast_cancer_v1,breast_cancer_wisconsin,classification_breast_cancer,42,sim_unit_19,3,5,2026-09-02T20:45:00Z,1.1.0,51e186f20a1e7e28,SAMPLE_PREDICTION_ERROR,prediction_error == 1 when model prediction != true target,model_prediction_versus_ground_truth,False,1,1,True,0,0.49298034612036346,0.15,0.08,0.32149017306018174,0.32149017306018174,0.1804587623273711,,,,,,NORMAL,True,True,True,True,False,False,False,True,False,,,,
cbeeb06befb6bfddc236b97a,AUXILIARY_SIMULATED_SEQUENCE,Module_12_CrossDomain,sklearn_fixture,a8f87e9c543290360692566b136efc8d5d1d5ec80dab71bf0b939a065c4ac0ec,rf_breast_cancer_v1,breast_cancer_wisconsin,classification_breast_cancer,42,sim_unit_19,4,5,2026-09-02T20:45:00Z,1.1.0,51e186f20a1e7e28,SAMPLE_PREDICTION_ERROR,prediction_error == 1 when model prediction != true target,model_prediction_versus_ground_truth,False,1,1,True,0,0.24043064593370753,0.15,0.08,0.19521532296685376,0.19521532296685376,0.06567232960243201,,,,,,NORMAL,True,True,True,True,False,False,False,True,False,,,,
312723da2e4968dd148620ba,AUXILIARY_SIMULATED_SEQUENCE,Module_12_CrossDomain,sklearn_fixture,a8f87e9c543290360692566b136efc8d5d1d5ec80dab71bf0b939a065c4ac0ec,rf_breast_cancer_v1,breast_cancer_wisconsin,classification_breast_cancer,42,sim_unit_19,5,5,2026-09-02T20:45:00Z,1.1.0,51e186f20a1e7e28,SAMPLE_PREDICTION_ERROR,prediction_error == 1 when model prediction != true target,model_prediction_versus_ground_truth,False,0,0,True,0,0.13413744872515354,0.15,0.08,0.14206872436257678,0.14206872436257678,0.029967545199238756,,,,,,NORMAL,True,True,True,True,False,False,False,True,False,,,,
267b76627e34fd8423fb80e0,AUXILIARY_SIMULATED_SEQUENCE,Module_12_CrossDomain,sklearn_fixture,a8f87e9c543290360692566b136efc8d5d1d5ec80dab71bf0b939a065c4ac0ec,rf_breast_cancer_v1,breast_cancer_wisconsin,classification_breast_cancer,42,sim_unit_19,6,5,2026-09-02T20:45:00Z,1.1.0,51e186f20a1e7e28,SAMPLE_PREDICTION_ERROR,prediction_error == 1 when model prediction != true target,model_prediction_versus_ground_truth,False,1,1,True,0,0.5440578135738444,0.15,0.08,0.3470289067869222,0.3470289067869222,0.2042686724165928,,,,,,NORMAL,True,True,True,True,False,False,False,True,False,,,,
e56f1497352dc901d9a87b9c,AUXILIARY_SIMULATED_SEQUENCE,Module_12_CrossDomain,sklearn_fixture,a8f87e9c543290360692566b136efc8d5d1d5ec80dab71bf0b939a065c4ac0ec,rf_breast_cancer_v1,breast_cancer_wisconsin,classification_breast_cancer,42,sim_unit_19,7,5,2026-09-02T20:45:00Z,1.1.0,51e186f20a1e7e28,SAMPLE_PREDICTION_ERROR,prediction_error == 1 when model prediction != true target,model_prediction_versus_ground_truth,False,1,1,True,0,0.07017242108877031,0.15,0.08,0.11008621054438515,0.11008621054438515,0.03554187461773483,,,,,,NORMAL,True,True,True,True,False,False,False,True,False,,,,
c6ec6c39cc03c140fe1ac9a2,AUXILIARY_SIMULATED_SEQUENCE,Module_12_CrossDomain,sklearn_fixture,a8f87e9c543290360692566b136efc8d5d1d5ec80dab71bf0b939a065c4ac0ec,rf_breast_cancer_v1,breast_cancer_wisconsin,classification_breast_cancer,42,sim_unit_19,8,5,2026-09-02T20:45:00Z,1.1.0,51e186f20a1e7e28,SAMPLE_PREDICTION_ERROR,prediction_error == 1 when model prediction != true target,model_prediction_versus_ground_truth,False,1,1,True,0,0.8107956991642458,0.15,0.08,0.4803978495821229,0.4803978495821229,0.3292437985497007,,,,,,NORMAL,True,True,True,True,False,False,False,True,False,,,,
b6a1417b5649f1df62478adf,AUXILIARY_SIMULATED_SEQUENCE,Module_12_CrossDomain,sklearn_fixture,a8f87e9c543290360692566b136efc8d5d1d5ec80dab71bf0b939a065c4ac0ec,rf_breast_cancer_v1,breast_cancer_wisconsin,classification_breast_cancer,42,sim_unit_19,9,5,2026-09-02T20:45:00Z,1.1.0,51e186f20a1e7e28,SAMPLE_PREDICTION_ERROR,prediction_error == 1 when model prediction != true target,model_prediction_versus_ground_truth,False,0,0,True,0,1.0,0.15,0.08,0.575,0.575,0.41817061908587827,,,,,,NORMAL,True,True,True,True,False,False,False,True,False,,,,
50ffa22b1e98484e7d0af33c,AUXILIARY_SIMULATED_SEQUENCE,Module_12_CrossDomain,sklearn_fixture,a8f87e9c543290360692566b136efc8d5d1d5ec80dab71bf0b939a065c4ac0ec,rf_breast_cancer_v1,breast_cancer_wisconsin,classification_breast_cancer,42,sim_unit_19,10,5,2026-09-02T20:45:00Z,1.1.0,51e186f20a1e7e28,SAMPLE_PREDICTION_ERROR,prediction_error == 1 when model prediction != true target,model_prediction_versus_ground_truth,False,1,1,True,0,1.0,0.15,0.08,0.575,0.575,0.41817061908587827,,,,,,NORMAL,True,True,True,True,False,False,False,True,False,,,,
9265956401f9a30de11f281b,AUXILIARY_SIMULATED_SEQUENCE,Module_12_CrossDomain,sklearn_fixture,a8f87e9c543290360692566b136efc8d5d1d5ec80dab71bf0b939a065c4ac0ec,rf_breast_cancer_v1,breast_cancer_wisconsin,classification_breast_cancer,42,sim_unit_19,11,5,2026-09-02T20:45:00Z,1.1.0,51e186f20a1e7e28,SAMPLE_PREDICTION_ERROR,prediction_error == 1 when model prediction != true target,model_prediction_versus_ground_truth,False,1,1,True,0,1.0,0.15,0.08,0.575,0.575,0.41817061908587827,,,,,,NORMAL,True,True,True,True,False,False,False,True,False,,,,
366fdd1e1acf3299de66057a,AUXILIARY_SIMULATED_SEQUENCE,Module_12_CrossDomain,sklearn_fixture,a8f87e9c543290360692566b136efc8d5d1d5ec80dab71bf0b939a065c4ac0ec,rf_breast_cancer_v1,breast_cancer_wisconsin,classification_breast_cancer,42,sim_unit_19,12,5,2026-09-02T20:45:00Z,1.1.0,51e186f20a1e7e28,SAMPLE_PREDICTION_ERROR,prediction_error == 1 when model prediction != true target,model_prediction_versus_ground_truth,False,0,0,True,0,0.38668714891180994,0.15,0.08,0.26834357445590495,0.26834357445590495,0.13122407204966285,,,,,,NORMAL,True,True,True,True,False,False,False,True,False,,,,
1f07e8447148dc95d1035fe9,AUXILIARY_SIMULATED_SEQUENCE,Module_12_CrossDomain,sklearn_fixture,a8f87e9c543290360692566b136efc8d5d1d5ec80dab71bf0b939a065c4ac0ec,rf_breast_cancer_v1,breast_cancer_wisconsin,classification_breast_cancer,42,sim_unit_19,13,5,2026-09-02T20:45:00Z,1.1.0,51e186f20a1e7e28,SAMPLE_PREDICTION_ERROR,prediction_error == 1 when model prediction != true target,model_prediction_versus_ground_truth,False,0,0,True,0,1.0,0.15,0.08,0.575,0.575,0.41817061908587827,,,,,,NORMAL,True,True,True,True,False,False,False,True,False,,,,
a9ea62d37cc19c9b43313197,AUXILIARY_SIMULATED_SEQUENCE,Module_12_CrossDomain,sklearn_fixture,a8f87e9c543290360692566b136efc8d5d1d5ec80dab71bf0b939a065c4ac0ec,rf_breast_cancer_v1,breast_cancer_wisconsin,classification_breast_cancer,42,sim_unit_19,14,5,2026-09-02T20:45:00Z,1.1.0,51e186f20a1e7e28,SAMPLE_PREDICTION_ERROR,prediction_error == 1 when model prediction != true target,model_prediction_versus_ground_truth,False,1,1,True,0,0.5752718214620832,0.15,0.08,0.3626359107310416,0.3626359107310416,0.21884806989326017,,,,,,NORMAL,True,True,True,True,False,False,False,True,False,,,,
00b71e5c9f193939bfd746cb,AUXILIARY_SIMULATED_SEQUENCE,Module_12_CrossDomain,sklearn_fixture,a8f87e9c543290360692566b136efc8d5d1d5ec80dab71bf0b939a065c4ac0ec,rf_breast_cancer_v1,breast_cancer_wisconsin,classification_breast_cancer,42,sim_unit_19,15,5,2026-09-02T20:45:00Z,1.1.0,51e186f20a1e7e28,SAMPLE_PREDICTION_ERROR,prediction_error == 1 when model prediction != true target,model_prediction_versus_ground_truth,False,1,1,True,0,0.019094953635289354,0.15,0.08,0.08454747681764467,0.08454747681764467,0.0534847390865787,,,,,,NORMAL,True,True,True,True,False,False,False,True,False,,,,
9f3cd8330723ca19d8f9d3ba,AUXILIARY_SIMULATED_SEQUENCE,Module_12_CrossDomain,sklearn_fixture,a8f87e9c543290360692566b136efc8d5d1d5ec80dab71bf0b939a065c4ac0ec,rf_breast_cancer_v1,breast_cancer_wisconsin,classification_breast_cancer,42,sim_unit_19,16,5,2026-09-02T20:45:00Z,1.1.0,51e186f20a1e7e28,SAMPLE_PREDICTION_ERROR,prediction_error == 1 when model prediction != true target,model_prediction_versus_ground_truth,False,1,1,True,0,0.17516499307648162,0.15,0.08,0.1625824965382408,0.1625824965382408,0.04026254502054975,,,,,,NORMAL,True,True,True,True,False,False,False,True,False,,,,
194eac10a9170cd4276da524,AUXILIARY_SIMULATED_SEQUENCE,Module_12_CrossDomain,sklearn_fixture,a8f87e9c543290360692566b136efc8d5d1d5ec80dab71bf0b939a065c4ac0ec,rf_breast_cancer_v1,breast_cancer_wisconsin,classification_breast_cancer,42,sim_unit_19,17,5,2026-09-02T20:45:00Z,1.1.0,51e186f20a1e7e28,SAMPLE_PREDICTION_ERROR,prediction_error == 1 when model prediction != true target,model_prediction_versus_ground_truth,False,1,1,True,0,0.3766372258096566,0.15,0.08,0.2633186129048283,0.2633186129048283,0.12660440393373476,,,,,,NORMAL,True,True,True,True,False,False,False,True,False,,,,
1ce1adec114c6657618cb1c4,AUXILIARY_SIMULATED_SEQUENCE,Module_12_CrossDomain,sklearn_fixture,a8f87e9c543290360692566b136efc8d5d1d5ec80dab71bf0b939a065c4ac0ec,rf_breast_cancer_v1,breast_cancer_wisconsin,classification_breast_cancer,42,sim_unit_19,18,5,2026-09-02T20:45:00Z,1.1.0,51e186f20a1e7e28,SAMPLE_PREDICTION_ERROR,prediction_error == 1 when model prediction != true target,model_prediction_versus_ground_truth,False,1,1,True,0,0.8703860778599735,0.15,0.08,0.5101930389299867,0.5101930389299867,0.3572372777066538,,,,,,NORMAL,True,True,True,True,False,False,False,True,False,,,,
969f3e062085cf61ad4a5e87,AUXILIARY_SIMULATED_SEQUENCE,Module_12_CrossDomain,sklearn_fixture,a8f87e9c543290360692566b136efc8d5d1d5ec80dab71bf0b939a065c4ac0ec,rf_breast_cancer_v1,breast_cancer_wisconsin,classification_breast_cancer,42,sim_unit_19,19,5,2026-09-02T20:45:00Z,1.1.0,51e186f20a1e7e28,SAMPLE_PREDICTION_ERROR,prediction_error == 1 when model prediction != true target,model_prediction_versus_ground_truth,False,1,1,True,0,0.6604009338845512,0.15,0.08,0.40520046694227563,0.40520046694227563,0.2586877906675839,,,,,,NORMAL,True,True,True,True,False,False,False,True,False,,,,
40af92b7c8ba1fc13b75c5ea,AUXILIARY_SIMULATED_SEQUENCE,Module_12_CrossDomain,sklearn_fixture,a8f87e9c543290360692566b136efc8d5d1d5ec80dab71bf0b939a065c4ac0ec,rf_breast_cancer_v1,breast_cancer_wisconsin,classification_breast_cancer,42,sim_unit_20,0,5,2026-09-02T20:45:00Z,1.1.0,51e186f20a1e7e28,SAMPLE_PREDICTION_ERROR,prediction_error == 1 when model prediction != true target,model_prediction_versus_ground_truth,False,0,0,True,0,1.0,0.15,0.08,0.575,0.575,0.41817061908587827,,,,,,NORMAL,True,True,True,True,False,False,False,True,False,,,,
a191a48e783e2aab02222e64,AUXILIARY_SIMULATED_SEQUENCE,Module_12_CrossDomain,sklearn_fixture,a8f87e9c543290360692566b136efc8d5d1d5ec80dab71bf0b939a065c4ac0ec,rf_breast_cancer_v1,breast_cancer_wisconsin,classification_breast_cancer,42,sim_unit_20,1,5,2026-09-02T20:45:00Z,1.1.0,51e186f20a1e7e28,SAMPLE_PREDICTION_ERROR,prediction_error == 1 when model prediction != true target,model_prediction_versus_ground_truth,False,1,1,True,0,0.6235116518348153,0.15,0.08,0.38675582591740765,0.38675582591740765,0.24141209582683504,,,,,,NORMAL,True,True,True,True,False,False,False,True,False,,,,
3dd536b66ace8c6fe3c583ce,AUXILIARY_SIMULATED_SEQUENCE,Module_12_CrossDomain,sklearn_fixture,a8f87e9c543290360692566b136efc8d5d1d5ec80dab71bf0b939a065c4ac0ec,rf_breast_cancer_v1,breast_cancer_wisconsin,classification_breast_cancer,42,sim_unit_20,2,5,2026-09-02T20:45:00Z,1.1.0,51e186f20a1e7e28,SAMPLE_PREDICTION_ERROR,prediction_error == 1 when model prediction != true target,model_prediction_versus_ground_truth,False,1,1,True,0,0.3312350325176734,0.15,0.08,0.2406175162588367,0.2406175162588367,0.10586426244952571,,,,,,NORMAL,True,True,True,True,False,False,False,True,False,,,,
a75067ae6e502b891bc4ed7e,AUXILIARY_SIMULATED_SEQUENCE,Module_12_CrossDomain,sklearn_fixture,a8f87e9c543290360692566b136efc8d5d1d5ec80dab71bf0b939a065c4ac0ec,rf_breast_cancer_v1,breast_cancer_wisconsin,classification_breast_cancer,42,sim_unit_20,3,5,2026-09-02T20:45:00Z,1.1.0,51e186f20a1e7e28,SAMPLE_PREDICTION_ERROR,prediction_error == 1 when model prediction != true target,model_prediction_versus_ground_truth,False,1,1,True,0,0.33691030667917166,0.15,0.08,0.24345515333958584,0.24345515333958584,0.10844269783361167,,,,,,NORMAL,True,True,True,True,False,False,False,True,False,,,,
b7d4bbea3b2c9800a0e02929,AUXILIARY_SIMULATED_SEQUENCE,Module_12_CrossDomain,sklearn_fixture,a8f87e9c543290360692566b136efc8d5d1d5ec80dab71bf0b939a065c4ac0ec,rf_breast_cancer_v1,breast_cancer_wisconsin,classification_breast_cancer,42,sim_unit_20,4,5,2026-09-02T20:45:00Z,1.1.0,51e186f20a1e7e28,SAMPLE_PREDICTION_ERROR,prediction_error == 1 when model prediction != true target,model_prediction_versus_ground_truth,False,1,1,True,0,0.5071685315241083,0.15,0.08,0.3285842657620542,0.3285842657620542,0.18706573836653462,,,,,,NORMAL,True,True,True,True,False,False,False,True,False,,,,
53173828ffdb49d5a5e10e10,AUXILIARY_SIMULATED_SEQUENCE,Module_12_CrossDomain,sklearn_fixture,a8f87e9c543290360692566b136efc8d5d1d5ec80dab71bf0b939a065c4ac0ec,rf_breast_cancer_v1,breast_cancer_wisconsin,classification_breast_cancer,42,sim_unit_20,5,5,2026-09-02T20:45:00Z,1.1.0,51e186f20a1e7e28,SAMPLE_PREDICTION_ERROR,prediction_error == 1 when model prediction != true target,model_prediction_versus_ground_truth,False,1,1,True,0,0.9044377228289611,0.15,0.08,0.5272188614144805,0.5272188614144805,0.3732401426026995,,,,,,NORMAL,True,True,True,True,False,False,False,True,False,,,,
4c028890d7a429183fe8babb,AUXILIARY_SIMULATED_SEQUENCE,Module_12_CrossDomain,sklearn_fixture,a8f87e9c543290360692566b136efc8d5d1d5ec80dab71bf0b939a065c4ac0ec,rf_breast_cancer_v1,breast_cancer_wisconsin,classification_breast_cancer,42,sim_unit_20,6,5,2026-09-02T20:45:00Z,1.1.0,51e186f20a1e7e28,SAMPLE_PREDICTION_ERROR,prediction_error == 1 when model prediction != true target,model_prediction_versus_ground_truth,False,1,1,True,0,0.5711335591604916,0.15,0.08,0.3605667795802458,0.3605667795802458,0.2169141272958893,,,,,,NORMAL,True,True,True,True,False,False,False,True,False,,,,
22212a9d6da7758be0e80bce,AUXILIARY_SIMULATED_SEQUENCE,Module_12_CrossDomain,sklearn_fixture,a8f87e9c543290360692566b136efc8d5d1d5ec80dab71bf0b939a065c4ac0ec,rf_breast_cancer_v1,breast_cancer_wisconsin,classification_breast_cancer,42,sim_unit_20,7,5,2026-09-02T20:45:00Z,1.1.0,51e186f20a1e7e28,SAMPLE_PREDICTION_ERROR,prediction_error == 1 when model prediction != true target,model_prediction_versus_ground_truth,False,1,1,True,0,0.36244904040591214,0.15,0.08,0.25622452020295605,0.25622452020295605,0.12009813357584496,,,,,,NORMAL,True,True,True,True,False,False,False,True,False,,,,
da2edf022e2abb3d03de07a6,AUXILIARY_SIMULATED_SEQUENCE,Module_12_CrossDomain,sklearn_fixture,a8f87e9c543290360692566b136efc8d5d1d5ec80dab71bf0b939a065c4ac0ec,rf_breast_cancer_v1,breast_cancer_wisconsin,classification_breast_cancer,42,sim_unit_20,8,5,2026-09-02T20:45:00Z,1.1.0,51e186f20a1e7e28,SAMPLE_PREDICTION_ERROR,prediction_error == 1 when model prediction != true target,model_prediction_versus_ground_truth,False,0,0,True,0,1.0,0.15,0.08,0.575,0.575,0.41817061908587827,,,,,,NORMAL,True,True,True,True,False,False,False,True,False,,,,
907b6957eea446295b9015aa,AUXILIARY_SIMULATED_SEQUENCE,Module_12_CrossDomain,sklearn_fixture,a8f87e9c543290360692566b136efc8d5d1d5ec80dab71bf0b939a065c4ac0ec,rf_breast_cancer_v1,breast_cancer_wisconsin,classification_breast_cancer,42,sim_unit_20,9,5,2026-09-02T20:45:00Z,1.1.0,51e186f20a1e7e28,SAMPLE_PREDICTION_ERROR,prediction_error == 1 when model prediction != true target,model_prediction_versus_ground_truth,False,1,1,True,0,0.5270319910893511,0.15,0.08,0.33851599554467554,0.33851599554467554,0.196324765903085,,,,,,NORMAL,True,True,True,True,False,False,False,True,False,,,,
74fe10497afb8f7247ce696f,AUXILIARY_SIMULATED_SEQUENCE,Module_12_CrossDomain,sklearn_fixture,a8f87e9c543290360692566b136efc8d5d1d5ec80dab71bf0b939a065c4ac0ec,rf_breast_cancer_v1,breast_cancer_wisconsin,classification_breast_cancer,42,sim_unit_20,10,5,2026-09-02T20:45:00Z,1.1.0,51e186f20a1e7e28,SAMPLE_PREDICTION_ERROR,prediction_error == 1 when model prediction != true target,model_prediction_versus_ground_truth,False,1,1,True,0,0.7852569654375053,0.15,0.08,0.4676284827187527,0.4676284827187527,0.31725188020368966,,,,,,NORMAL,True,True,True,True,False,False,False,True,False,,,,
728c4a94020b33683a267e0e,AUXILIARY_SIMULATED_SEQUENCE,Module_12_CrossDomain,sklearn_fixture,a8f87e9c543290360692566b136efc8d5d1d5ec80dab71bf0b939a065c4ac0ec,rf_breast_cancer_v1,breast_cancer_wisconsin,classification_breast_cancer,42,sim_unit_20,11,5,2026-09-02T20:45:00Z,1.1.0,51e186f20a1e7e28,SAMPLE_PREDICTION_ERROR,prediction_error == 1 when model prediction != true target,model_prediction_versus_ground_truth,False,1,1,True,0,0.8760613520214717,0.15,0.08,0.5130306760107358,0.5130306760107358,0.3599041173364405,,,,,,NORMAL,True,True,True,True,False,False,False,True,False,,,,
f4f14cb5e0627b99629d74b3,AUXILIARY_SIMULATED_SEQUENCE,Module_12_CrossDomain,sklearn_fixture,a8f87e9c543290360692566b136efc8d5d1d5ec80dab71bf0b939a065c4ac0ec,rf_breast_cancer_v1,breast_cancer_wisconsin,classification_breast_cancer,42,sim_unit_20,12,5,2026-09-02T20:45:00Z,1.1.0,51e186f20a1e7e28,SAMPLE_PREDICTION_ERROR,prediction_error == 1 when model prediction != true target,model_prediction_versus_ground_truth,False,1,1,True,0,1.0,0.15,0.08,0.575,0.575,0.41817061908587827,,,,,,NORMAL,True,True,True,True,False,False,False,True,False,,,,
6adc05645f33eeb753f14d6c,AUXILIARY_SIMULATED_SEQUENCE,Module_12_CrossDomain,sklearn_fixture,a8f87e9c543290360692566b136efc8d5d1d5ec80dab71bf0b939a065c4ac0ec,rf_breast_cancer_v1,breast_cancer_wisconsin,classification_breast_cancer,42,sim_unit_20,13,5,2026-09-02T20:45:00Z,1.1.0,51e186f20a1e7e28,SAMPLE_PREDICTION_ERROR,prediction_error == 1 when model prediction != true target,model_prediction_versus_ground_truth,False,1,1,True,0,0.24480529487436262,0.15,0.08,0.1974026474371813,0.1974026474371813,0.06753503547940502,,,,,,NORMAL,True,True,True,True,False,False,False,True,False,,,,
1ddaba8dcea00ded07a274f9,AUXILIARY_SIMULATED_SEQUENCE,Module_12_CrossDomain,sklearn_fixture,a8f87e9c543290360692566b136efc8d5d1d5ec80dab71bf0b939a065c4ac0ec,rf_breast_cancer_v1,breast_cancer_wisconsin,classification_breast_cancer,42,sim_unit_20,14,5,2026-09-02T20:45:00Z,1.1.0,51e186f20a1e7e28,SAMPLE_PREDICTION_ERROR,prediction_error == 1 when model prediction != true target,model_prediction_versus_ground_truth,False,0,0,True,0,0.284532214004848,0.15,0.08,0.217266107002424,0.217266107002424,0.08487398709640806,,,,,,NORMAL,True,True,True,True,False,False,False,True,False,,,,
e449e3875b7584332653b8a9,AUXILIARY_SIMULATED_SEQUENCE,Module_12_CrossDomain,sklearn_fixture,a8f87e9c543290360692566b136efc8d5d1d5ec80dab71bf0b939a065c4ac0ec,rf_breast_cancer_v1,breast_cancer_wisconsin,classification_breast_cancer,42,sim_unit_20,15,5,2026-09-02T20:45:00Z,1.1.0,51e186f20a1e7e28,SAMPLE_PREDICTION_ERROR,prediction_error == 1 when model prediction != true target,model_prediction_versus_ground_truth,False,1,1,True,0,0.6348622001578108,0.15,0.08,0.3924311000789054,0.3924311000789054,0.24672598708009827,,,,,,NORMAL,True,True,True,True,False,False,False,True,False,,,,
023c3c329f8baf57b79ad9ff,AUXILIARY_SIMULATED_SEQUENCE,Module_12_CrossDomain,sklearn_fixture,a8f87e9c543290360692566b136efc8d5d1d5ec80dab71bf0b939a065c4ac0ec,rf_breast_cancer_v1,breast_cancer_wisconsin,classification_breast_cancer,42,sim_unit_20,16,5,2026-09-02T20:45:00Z,1.1.0,51e186f20a1e7e28,SAMPLE_PREDICTION_ERROR,prediction_error == 1 when model prediction != true target,model_prediction_versus_ground_truth,False,1,1,True,0,1.0,0.15,0.08,0.575,0.575,0.41817061908587827,,,,,,NORMAL,True,True,True,True,False,False,False,True,False,,,,
fc0ebf21d141bc6139a6c938,AUXILIARY_SIMULATED_SEQUENCE,Module_12_CrossDomain,sklearn_fixture,a8f87e9c543290360692566b136efc8d5d1d5ec80dab71bf0b939a065c4ac0ec,rf_breast_cancer_v1,breast_cancer_wisconsin,classification_breast_cancer,42,sim_unit_20,17,5,2026-09-02T20:45:00Z,1.1.0,51e186f20a1e7e28,SAMPLE_PREDICTION_ERROR,prediction_error == 1 when model prediction != true target,model_prediction_versus_ground_truth,False,0,0,True,0,0.38952478599255885,0.15,0.08,0.2697623929962794,0.2697623929962794,0.13252996149656143,,,,,,NORMAL,True,True,True,True,False,False,False,True,False,,,,
9741e93d9acf684336b786a4,AUXILIARY_SIMULATED_SEQUENCE,Module_12_CrossDomain,sklearn_fixture,a8f87e9c543290360692566b136efc8d5d1d5ec80dab71bf0b939a065c4ac0ec,rf_breast_cancer_v1,breast_cancer_wisconsin,classification_breast_cancer,42,sim_unit_20,18,5,2026-09-02T20:45:00Z,1.1.0,51e186f20a1e7e28,SAMPLE_PREDICTION_ERROR,prediction_error == 1 when model prediction != true target,model_prediction_versus_ground_truth,False,1,1,True,0,0.4050135966171465,0.15,0.08,0.2775067983085732,0.2775067983085732,0.13966856500127003,,,,,,NORMAL,True,True,True,True,False,False,False,True,False,,,,
04e054ec6472c58beb04565c,AUXILIARY_SIMULATED_SEQUENCE,Module_12_CrossDomain,sklearn_fixture,a8f87e9c543290360692566b136efc8d5d1d5ec80dab71bf0b939a065c4ac0ec,rf_breast_cancer_v1,breast_cancer_wisconsin,classification_breast_cancer,42,sim_unit_20,19,5,2026-09-02T20:45:00Z,1.1.0,51e186f20a1e7e28,SAMPLE_PREDICTION_ERROR,prediction_error == 1 when model prediction != true target,model_prediction_versus_ground_truth,False,1,1,True,0,0.842009707052484,0.15,0.08,0.496004853526242,0.496004853526242,0.34390506252890285,,,,,,NORMAL,True,True,True,True,False,False,False,True,False,,,,
301d5520d4fe196868fed927,AUXILIARY_SIMULATED_SEQUENCE,Module_12_CrossDomain,sklearn_fixture,a8f87e9c543290360692566b136efc8d5d1d5ec80dab71bf0b939a065c4ac0ec,rf_breast_cancer_v1,breast_cancer_wisconsin,classification_breast_cancer,42,sim_unit_21,0,5,2026-09-02T20:45:00Z,1.1.0,51e186f20a1e7e28,SAMPLE_PREDICTION_ERROR,prediction_error == 1 when model prediction != true target,model_prediction_versus_ground_truth,False,1,1,True,0,0.7256665867417772,0.15,0.08,0.4378332933708886,0.4378332933708886,0.28928597160858455,,,,,,NORMAL,True,True,True,True,False,False,False,True,False,,,,
6b6e98a9383d7b579b7cbff9,AUXILIARY_SIMULATED_SEQUENCE,Module_12_CrossDomain,sklearn_fixture,a8f87e9c543290360692566b136efc8d5d1d5ec80dab71bf0b939a065c4ac0ec,rf_breast_cancer_v1,breast_cancer_wisconsin,classification_breast_cancer,42,sim_unit_21,1,5,2026-09-02T20:45:00Z,1.1.0,51e186f20a1e7e28,SAMPLE_PREDICTION_ERROR,prediction_error == 1 when model prediction != true target,model_prediction_versus_ground_truth,False,1,1,True,0,0.15967618245189402,0.15,0.08,0.154838091225947,0.154838091225947,0.03549948756586314,,,,,,NORMAL,True,True,True,True,False,False,False,True,False,,,,
73b2e7e4de6ab96e5b9356ac,AUXILIARY_SIMULATED_SEQUENCE,Module_12_CrossDomain,sklearn_fixture,a8f87e9c543290360692566b136efc8d5d1d5ec80dab71bf0b939a065c4ac0ec,rf_breast_cancer_v1,breast_cancer_wisconsin,classification_breast_cancer,42,sim_unit_21,2,5,2026-09-02T20:45:00Z,1.1.0,51e186f20a1e7e28,SAMPLE_PREDICTION_ERROR,prediction_error == 1 when model prediction != true target,model_prediction_versus_ground_truth,False,1,1,True,0,0.7143160384187817,0.15,0.08,0.43215801920939084,0.43215801920939084,0.2839619355970024,,,,,,NORMAL,True,True,True,True,False,False,False,True,False,,,,
ee25b7b4cec14f29ab8e9d04,AUXILIARY_SIMULATED_SEQUENCE,Module_12_CrossDomain,sklearn_fixture,a8f87e9c543290360692566b136efc8d5d1d5ec80dab71bf0b939a065c4ac0ec,rf_breast_cancer_v1,breast_cancer_wisconsin,classification_breast_cancer,42,sim_unit_21,3,5,2026-09-02T20:45:00Z,1.1.0,51e186f20a1e7e28,SAMPLE_PREDICTION_ERROR,prediction_error == 1 when model prediction != true target,model_prediction_versus_ground_truth,False,1,1,True,0,0.13260043686524733,0.15,0.08,0.14130021843262366,0.14130021843262366,0.02975744679104172,,,,,,NORMAL,True,True,True,True,False,False,False,True,False,,,,
13854b888a245c2440ea1400,AUXILIARY_SIMULATED_SEQUENCE,Module_12_CrossDomain,sklearn_fixture,a8f87e9c543290360692566b136efc8d5d1d5ec80dab71bf0b939a065c4ac0ec,rf_breast_cancer_v1,breast_cancer_wisconsin,classification_breast_cancer,42,sim_unit_21,4,5,2026-09-02T20:45:00Z,1.1.0,51e186f20a1e7e28,SAMPLE_PREDICTION_ERROR,prediction_error == 1 when model prediction != true target,model_prediction_versus_ground_truth,False,1,1,True,0,1.0,0.15,0.08,0.575,0.575,0.41817061908587827,,,,,,NORMAL,True,True,True,True,False,False,False,True,False,,,,
eb06cd809f7d7dc1eddb7c53,AUXILIARY_SIMULATED_SEQUENCE,Module_12_CrossDomain,sklearn_fixture,a8f87e9c543290360692566b136efc8d5d1d5ec80dab71bf0b939a065c4ac0ec,rf_breast_cancer_v1,breast_cancer_wisconsin,classification_breast_cancer,42,sim_unit_21,5,5,2026-09-02T20:45:00Z,1.1.0,51e186f20a1e7e28,SAMPLE_PREDICTION_ERROR,prediction_error == 1 when model prediction != true target,model_prediction_versus_ground_truth,False,1,1,True,0,1.0,0.15,0.08,0.575,0.575,0.41817061908587827,,,,,,NORMAL,True,True,True,True,False,False,False,True,False,,,,
81d203b24855df4a1230aada,AUXILIARY_SIMULATED_SEQUENCE,Module_12_CrossDomain,sklearn_fixture,a8f87e9c543290360692566b136efc8d5d1d5ec80dab71bf0b939a065c4ac0ec,rf_breast_cancer_v1,breast_cancer_wisconsin,classification_breast_cancer,42,sim_unit_21,6,5,2026-09-02T20:45:00Z,1.1.0,51e186f20a1e7e28,SAMPLE_PREDICTION_ERROR,prediction_error == 1 when model prediction != true target,model_prediction_versus_ground_truth,False,1,1,True,0,1.0,0.15,0.08,0.575,0.575,0.41817061908587827,,,,,,NORMAL,True,True,True,True,False,False,False,True,False,,,,
675952067fc88bc285e101bd,AUXILIARY_SIMULATED_SEQUENCE,Module_12_CrossDomain,sklearn_fixture,a8f87e9c543290360692566b136efc8d5d1d5ec80dab71bf0b939a065c4ac0ec,rf_breast_cancer_v1,breast_cancer_wisconsin,classification_breast_cancer,42,sim_unit_21,7,5,2026-09-02T20:45:00Z,1.1.0,51e186f20a1e7e28,SAMPLE_PREDICTION_ERROR,prediction_error == 1 when model prediction != true target,model_prediction_versus_ground_truth,False,1,1,True,0,0.9441646419594459,0.15,0.08,0.547082320979723,0.547082320979723,0.39191524125497,,,,,,NORMAL,True,True,True,True,False,False,False,True,False,,,,
8f733cc32212c501dcdfd689,AUXILIARY_SIMULATED_SEQUENCE,Module_12_CrossDomain,sklearn_fixture,a8f87e9c543290360692566b136efc8d5d1d5ec80dab71bf0b939a065c4ac0ec,rf_breast_cancer_v1,breast_cancer_wisconsin,classification_breast_cancer,42,sim_unit_21,8,5,2026-09-02T20:45:00Z,1.1.0,51e186f20a1e7e28,SAMPLE_PREDICTION_ERROR,prediction_error == 1 when model prediction != true target,model_prediction_versus_ground_truth,False,1,1,True,0,0.8505226182947307,0.15,0.08,0.5002613091473653,0.5002613091473653,0.3479043680934097,,,,,,NORMAL,True,True,True,True,False,False,False,True,False,,,,
67ca1acc90a5d85f11b8fe12,AUXILIARY_SIMULATED_SEQUENCE,Module_12_CrossDomain,sklearn_fixture,a8f87e9c543290360692566b136efc8d5d1d5ec80dab71bf0b939a065c4ac0ec,rf_breast_cancer_v1,breast_cancer_wisconsin,classification_breast_cancer,42,sim_unit_21,9,5,2026-09-02T20:45:00Z,1.1.0,51e186f20a1e7e28,SAMPLE_PREDICTION_ERROR,prediction_error == 1 when model prediction != true target,model_prediction_versus_ground_truth,False,1,1,True,0,0.3993383224556482,0.15,0.08,0.2746691612278241,0.2746691612278241,0.13705090831665612,,,,,,NORMAL,True,True,True,True,False,False,False,True,False,,,,
dbf7c81a4b7a55595f55ef64,AUXILIARY_SIMULATED_SEQUENCE,Module_12_CrossDomain,sklearn_fixture,a8f87e9c543290360692566b136efc8d5d1d5ec80dab71bf0b939a065c4ac0ec,rf_breast_cancer_v1,breast_cancer_wisconsin,classification_breast_cancer,42,sim_unit_21,10,5,2026-09-02T20:45:00Z,1.1.0,51e186f20a1e7e28,SAMPLE_PREDICTION_ERROR,prediction_error == 1 when model prediction != true target,model_prediction_versus_ground_truth,False,0,0,True,0,0.21926656114762214,0.15,0.08,0.18463328057381106,0.18463328057381106,0.05685559832407951,,,,,,NORMAL,True,True,True,True,False,False,False,True,False,,,,
e9a8bc8345ac3828a091d186,AUXILIARY_SIMULATED_SEQUENCE,Module_12_CrossDomain,sklearn_fixture,a8f87e9c543290360692566b136efc8d5d1d5ec80dab71bf0b939a065c4ac0ec,rf_breast_cancer_v1,breast_cancer_wisconsin,classification_breast_cancer,42,sim_unit_21,11,5,2026-09-02T20:45:00Z,1.1.0,51e186f20a1e7e28,SAMPLE_PREDICTION_ERROR,prediction_error == 1 when model prediction != true target,model_prediction_versus_ground_truth,False,1,1,True,0,0.49014270903961454,0.15,0.08,0.3200713545198073,0.3200713545198073,0.17913809207522366,,,,,,NORMAL,True,True,True,True,False,False,False,True,False,,,,
4ff98da895cb871424694ab1,AUXILIARY_SIMULATED_SEQUENCE,Module_12_CrossDomain,sklearn_fixture,a8f87e9c543290360692566b136efc8d5d1d5ec80dab71bf0b939a065c4ac0ec,rf_breast_cancer_v1,breast_cancer_wisconsin,classification_breast_cancer,42,sim_unit_21,12,5,2026-09-02T20:45:00Z,1.1.0,51e186f20a1e7e28,SAMPLE_PREDICTION_ERROR,prediction_error == 1 when model prediction != true target,model_prediction_versus_ground_truth,False,0,0,True,0,1.0,0.15,0.08,0.575,0.575,0.41817061908587827,,,,,,NORMAL,True,True,True,True,False,False,False,True,False,,,,
52524d24f45e11a5abb9953c,AUXILIARY_SIMULATED_SEQUENCE,Module_12_CrossDomain,sklearn_fixture,a8f87e9c543290360692566b136efc8d5d1d5ec80dab71bf0b939a065c4ac0ec,rf_breast_cancer_v1,breast_cancer_wisconsin,classification_breast_cancer,42,sim_unit_21,13,5,2026-09-02T20:45:00Z,1.1.0,51e186f20a1e7e28,SAMPLE_PREDICTION_ERROR,prediction_error == 1 when model prediction != true target,model_prediction_versus_ground_truth,False,0,0,True,0,1.0,0.15,0.08,0.575,0.575,0.41817061908587827,,,,,,NORMAL,True,True,True,True,False,False,False,True,False,,,,
c21ce7f682bdad367fb5e4b7,AUXILIARY_SIMULATED_SEQUENCE,Module_12_CrossDomain,sklearn_fixture,a8f87e9c543290360692566b136efc8d5d1d5ec80dab71bf0b939a065c4ac0ec,rf_breast_cancer_v1,breast_cancer_wisconsin,classification_breast_cancer,42,sim_unit_21,14,5,2026-09-02T20:45:00Z,1.1.0,51e186f20a1e7e28,SAMPLE_PREDICTION_ERROR,prediction_error == 1 when model prediction != true target,model_prediction_versus_ground_truth,False,1,1,True,0,0.2079160128246261,0.15,0.08,0.17895800641231305,0.17895800641231305,0.052299108637456355,,,,,,NORMAL,True,True,True,True,False,False,False,True,False,,,,
97a62753399143c429156f52,AUXILIARY_SIMULATED_SEQUENCE,Module_12_CrossDomain,sklearn_fixture,a8f87e9c543290360692566b136efc8d5d1d5ec80dab71bf0b939a065c4ac0ec,rf_breast_cancer_v1,breast_cancer_wisconsin,classification_breast_cancer,42,sim_unit_21,15,5,2026-09-02T20:45:00Z,1.1.0,51e186f20a1e7e28,SAMPLE_PREDICTION_ERROR,prediction_error == 1 when model prediction != true target,model_prediction_versus_ground_truth,False,0,0,True,0,0.041796050281280944,0.15,0.08,0.09589802514064047,0.09589802514064047,0.04480530289652169,,,,,,NORMAL,True,True,True,True,False,False,False,True,False,,,,
8d32698f609bca464552b6b2,AUXILIARY_SIMULATED_SEQUENCE,Module_12_CrossDomain,sklearn_fixture,a8f87e9c543290360692566b136efc8d5d1d5ec80dab71bf0b939a065c4ac0ec,rf_breast_cancer_v1,breast_cancer_wisconsin,classification_breast_cancer,42,sim_unit_21,16,5,2026-09-02T20:45:00Z,1.1.0,51e186f20a1e7e28,SAMPLE_PREDICTION_ERROR,prediction_error == 1 when model prediction != true target,model_prediction_versus_ground_truth,False,1,1,True,0,0.35677376624441437,0.15,0.08,0.2533868831222072,0.2533868831222072,0.11750135133408156,,,,,,NORMAL,True,True,True,True,False,False,False,True,False,,,,
ee5a9a281034a50944006e04,AUXILIARY_SIMULATED_SEQUENCE,Module_12_CrossDomain,sklearn_fixture,a8f87e9c543290360692566b136efc8d5d1d5ec80dab71bf0b939a065c4ac0ec,rf_breast_cancer_v1,breast_cancer_wisconsin,classification_breast_cancer,42,sim_unit_21,17,5,2026-09-02T20:45:00Z,1.1.0,51e186f20a1e7e28,SAMPLE_PREDICTION_ERROR,prediction_error == 1 when model prediction != true target,model_prediction_versus_ground_truth,False,1,1,True,0,0.024770227796787628,0.15,0.08,0.08738511389839382,0.08738511389839382,0.05124323650079446,,,,,,NORMAL,True,True,True,True,False,False,False,True,False,,,,
5d6157b4bca8485ce9a80753,AUXILIARY_SIMULATED_SEQUENCE,Module_12_CrossDomain,sklearn_fixture,a8f87e9c543290360692566b136efc8d5d1d5ec80dab71bf0b939a065c4ac0ec,rf_breast_cancer_v1,breast_cancer_wisconsin,classification_breast_cancer,42,sim_unit_21,18,5,2026-09-02T20:45:00Z,1.1.0,51e186f20a1e7e28,SAMPLE_PREDICTION_ERROR,prediction_error == 1 when model prediction != true target,model_prediction_versus_ground_truth,False,1,1,True,0,0.07868533233101747,0.15,0.08,0.11434266616550873,0.11434266616550873,0.03331251045581206,,,,,,NORMAL,True,True,True,True,False,False,False,True,False,,,,
2aa3ba7bcfa991a669bbec31,AUXILIARY_SIMULATED_SEQUENCE,Module_12_CrossDomain,sklearn_fixture,a8f87e9c543290360692566b136efc8d5d1d5ec80dab71bf0b939a065c4ac0ec,rf_breast_cancer_v1,breast_cancer_wisconsin,classification_breast_cancer,42,sim_unit_21,19,5,2026-09-02T20:45:00Z,1.1.0,51e186f20a1e7e28,SAMPLE_PREDICTION_ERROR,prediction_error == 1 when model prediction != true target,model_prediction_versus_ground_truth,False,1,1,True,0,0.030445501958285402,0.15,0.08,0.0902227509791427,0.0902227509791427,0.049045246998361554,,,,,,NORMAL,True,True,True,True,False,False,False,True,False,,,,
ed2991870db4b1886edeaee9,AUXILIARY_SIMULATED_SEQUENCE,Module_12_CrossDomain,sklearn_fixture,a8f87e9c543290360692566b136efc8d5d1d5ec80dab71bf0b939a065c4ac0ec,rf_breast_cancer_v1,breast_cancer_wisconsin,classification_breast_cancer,42,sim_unit_22,0,5,2026-09-02T20:45:00Z,1.1.0,51e186f20a1e7e28,SAMPLE_PREDICTION_ERROR,prediction_error == 1 when model prediction != true target,model_prediction_versus_ground_truth,False,1,1,True,0,0.8959248115867139,0.15,0.08,0.522962405793357,0.522962405793357,0.3692390256705884,,,,,,NORMAL,True,True,True,True,False,False,False,True,False,,,,
832d8ebfff32740fdc1b6d67,AUXILIARY_SIMULATED_SEQUENCE,Module_12_CrossDomain,sklearn_fixture,a8f87e9c543290360692566b136efc8d5d1d5ec80dab71bf0b939a065c4ac0ec,rf_breast_cancer_v1,breast_cancer_wisconsin,classification_breast_cancer,42,sim_unit_22,1,5,2026-09-02T20:45:00Z,1.1.0,51e186f20a1e7e28,SAMPLE_PREDICTION_ERROR,prediction_error == 1 when model prediction != true target,model_prediction_versus_ground_truth,False,0,0,True,0,0.8917865492851224,0.15,0.08,0.5208932746425612,0.5208932746425612,0.36729411259167827,,,,,,NORMAL,True,True,True,True,False,False,False,True,False,,,,
2c9a7b37400b95670ce2e201,AUXILIARY_SIMULATED_SEQUENCE,Module_12_CrossDomain,sklearn_fixture,a8f87e9c543290360692566b136efc8d5d1d5ec80dab71bf0b939a065c4ac0ec,rf_breast_cancer_v1,breast_cancer_wisconsin,classification_breast_cancer,42,sim_unit_22,2,5,2026-09-02T20:45:00Z,1.1.0,51e186f20a1e7e28,SAMPLE_PREDICTION_ERROR,prediction_error == 1 when model prediction != true target,model_prediction_versus_ground_truth,False,1,1,True,0,0.09854879189626019,0.15,0.08,0.12427439594813008,0.12427439594813008,0.02961096736786165,,,,,,NORMAL,True,True,True,True,False,False,False,True,False,,,,
dffd5016d37ed5abd0683d53,AUXILIARY_SIMULATED_SEQUENCE,Module_12_CrossDomain,sklearn_fixture,a8f87e9c543290360692566b136efc8d5d1d5ec80dab71bf0b939a065c4ac0ec,rf_breast_cancer_v1,breast_cancer_wisconsin,classification_breast_cancer,42,sim_unit_22,3,5,2026-09-02T20:45:00Z,1.1.0,51e186f20a1e7e28,SAMPLE_PREDICTION_ERROR,prediction_error == 1 when model prediction != true target,model_prediction_versus_ground_truth,False,1,1,True,0,1.0,0.15,0.08,0.575,0.575,0.41817061908587827,,,,,,NORMAL,True,True,True,True,False,False,False,True,False,,,,
a2a0a41277385b1f6388ecf5,AUXILIARY_SIMULATED_SEQUENCE,Module_12_CrossDomain,sklearn_fixture,a8f87e9c543290360692566b136efc8d5d1d5ec80dab71bf0b939a065c4ac0ec,rf_breast_cancer_v1,breast_cancer_wisconsin,classification_breast_cancer,42,sim_unit_22,4,5,2026-09-02T20:45:00Z,1.1.0,51e186f20a1e7e28,SAMPLE_PREDICTION_ERROR,prediction_error == 1 when model prediction != true target,model_prediction_versus_ground_truth,False,0,0,True,0,1.0,0.15,0.08,0.575,0.575,0.41817061908587827,,,,,,NORMAL,True,True,True,True,False,False,False,True,False,,,,
8a685eab49e8cff4cf9aa16c,AUXILIARY_SIMULATED_SEQUENCE,Module_12_CrossDomain,sklearn_fixture,a8f87e9c543290360692566b136efc8d5d1d5ec80dab71bf0b939a065c4ac0ec,rf_breast_cancer_v1,breast_cancer_wisconsin,classification_breast_cancer,42,sim_unit_22,5,5,2026-09-02T20:45:00Z,1.1.0,51e186f20a1e7e28,SAMPLE_PREDICTION_ERROR,prediction_error == 1 when model prediction != true target,model_prediction_versus_ground_truth,False,1,1,True,0,0.6064858293503215,0.15,0.08,0.37824291467516075,0.37824291467516075,0.23344441187104112,,,,,,NORMAL,True,True,True,True,False,False,False,True,False,,,,
0fb04fd76ac6262f4e8dfe9a,AUXILIARY_SIMULATED_SEQUENCE,Module_12_CrossDomain,sklearn_fixture,a8f87e9c543290360692566b136efc8d5d1d5ec80dab71bf0b939a065c4ac0ec,rf_breast_cancer_v1,breast_cancer_wisconsin,classification_breast_cancer,42,sim_unit_22,6,5,2026-09-02T20:45:00Z,1.1.0,51e186f20a1e7e28,SAMPLE_PREDICTION_ERROR,prediction_error == 1 when model prediction != true target,model_prediction_versus_ground_truth,False,0,0,True,0,1.0,0.15,0.08,0.575,0.575,0.41817061908587827,,,,,,NORMAL,True,True,True,True,False,False,False,True,False,,,,
bfab789ec574502cc69d3772,AUXILIARY_SIMULATED_SEQUENCE,Module_12_CrossDomain,sklearn_fixture,a8f87e9c543290360692566b136efc8d5d1d5ec80dab71bf0b939a065c4ac0ec,rf_breast_cancer_v1,breast_cancer_wisconsin,classification_breast_cancer,42,sim_unit_22,7,5,2026-09-02T20:45:00Z,1.1.0,51e186f20a1e7e28,SAMPLE_PREDICTION_ERROR,prediction_error == 1 when model prediction != true target,model_prediction_versus_ground_truth,False,1,1,True,0,0.19089019034013277,0.15,0.08,0.1704450951700664,0.1704450951700664,0.04578772516215231,,,,,,NORMAL,True,True,True,True,False,False,False,True,False,,,,
2c3f5533ef938a7c7f566a55,AUXILIARY_SIMULATED_SEQUENCE,Module_12_CrossDomain,sklearn_fixture,a8f87e9c543290360692566b136efc8d5d1d5ec80dab71bf0b939a065c4ac0ec,rf_breast_cancer_v1,breast_cancer_wisconsin,classification_breast_cancer,42,sim_unit_22,8,5,2026-09-02T20:45:00Z,1.1.0,51e186f20a1e7e28,SAMPLE_PREDICTION_ERROR,prediction_error == 1 when model prediction != true target,model_prediction_versus_ground_truth,False,1,1,True,0,0.11427398915991083,0.15,0.08,0.13213699457995542,0.13213699457995542,0.028579429633294434,,,,,,NORMAL,True,True,True,True,False,False,False,True,False,,,,
3bb066109d0f8b9ee4804b7a,AUXILIARY_SIMULATED_SEQUENCE,Module_12_CrossDomain,sklearn_fixture,a8f87e9c543290360692566b136efc8d5d1d5ec80dab71bf0b939a065c4ac0ec,rf_breast_cancer_v1,breast_cancer_wisconsin,classification_breast_cancer,42,sim_unit_22,9,5,2026-09-02T20:45:00Z,1.1.0,51e186f20a1e7e28,SAMPLE_PREDICTION_ERROR,prediction_error == 1 when model prediction != true target,model_prediction_versus_ground_truth,False,0,0,True,0,1.0,0.15,0.08,0.575,0.575,0.41817061908587827,,,,,,NORMAL,True,True,True,True,False,False,False,True,False,,,,
ab6e90eff5996a93a5e14de7,AUXILIARY_SIMULATED_SEQUENCE,Module_12_CrossDomain,sklearn_fixture,a8f87e9c543290360692566b136efc8d5d1d5ec80dab71bf0b939a065c4ac0ec,rf_breast_cancer_v1,breast_cancer_wisconsin,classification_breast_cancer,42,sim_unit_22,10,5,2026-09-02T20:45:00Z,1.1.0,51e186f20a1e7e28,SAMPLE_PREDICTION_ERROR,prediction_error == 1 when model prediction != true target,model_prediction_versus_ground_truth,False,1,1,True,0,0.6405374743193091,0.15,0.08,0.39526873715965455,0.39526873715965455,0.24938352298503266,,,,,,NORMAL,True,True,True,True,False,False,False,True,False,,,,
5f45f98068ad663e32a6a512,AUXILIARY_SIMULATED_SEQUENCE,Module_12_CrossDomain,sklearn_fixture,a8f87e9c543290360692566b136efc8d5d1d5ec80dab71bf0b939a065c4ac0ec,rf_breast_cancer_v1,breast_cancer_wisconsin,classification_breast_cancer,42,sim_unit_22,11,5,2026-09-02T20:45:00Z,1.1.0,51e186f20a1e7e28,SAMPLE_PREDICTION_ERROR,prediction_error == 1 when model prediction != true target,model_prediction_versus_ground_truth,False,0,0,True,0,1.0,0.15,0.08,0.575,0.575,0.41817061908587827,,,,,,NORMAL,True,True,True,True,False,False,False,True,False,,,,
1c167133338cb3b46964ec4c,AUXILIARY_SIMULATED_SEQUENCE,Module_12_CrossDomain,sklearn_fixture,a8f87e9c543290360692566b136efc8d5d1d5ec80dab71bf0b939a065c4ac0ec,rf_breast_cancer_v1,breast_cancer_wisconsin,classification_breast_cancer,42,sim_unit_22,12,5,2026-09-02T20:45:00Z,1.1.0,51e186f20a1e7e28,SAMPLE_PREDICTION_ERROR,prediction_error == 1 when model prediction != true target,model_prediction_versus_ground_truth,False,1,1,True,0,0.6036481922695726,0.15,0.08,0.3768240961347863,0.3768240961347863,0.23211685553632544,,,,,,NORMAL,True,True,True,True,False,False,False,True,False,,,,
a897acacecb57ef87861f717,AUXILIARY_SIMULATED_SEQUENCE,Module_12_CrossDomain,sklearn_fixture,a8f87e9c543290360692566b136efc8d5d1d5ec80dab71bf0b939a065c4ac0ec,rf_breast_cancer_v1,breast_cancer_wisconsin,classification_breast_cancer,42,sim_unit_22,13,5,2026-09-02T20:45:00Z,1.1.0,51e186f20a1e7e28,SAMPLE_PREDICTION_ERROR,prediction_error == 1 when model prediction != true target,model_prediction_versus_ground_truth,False,1,1,True,0,0.11427398915991083,0.15,0.08,0.13213699457995542,0.13213699457995542,0.028579429633294434,,,,,,NORMAL,True,True,True,True,False,False,False,True,False,,,,
7388c4ff1306588243f0c1e9,AUXILIARY_SIMULATED_SEQUENCE,Module_12_CrossDomain,sklearn_fixture,a8f87e9c543290360692566b136efc8d5d1d5ec80dab71bf0b939a065c4ac0ec,rf_breast_cancer_v1,breast_cancer_wisconsin,classification_breast_cancer,42,sim_unit_22,14,5,2026-09-02T20:45:00Z,1.1.0,51e186f20a1e7e28,SAMPLE_PREDICTION_ERROR,prediction_error == 1 when model prediction != true target,model_prediction_versus_ground_truth,False,1,1,True,0,0.42771469326313805,0.15,0.08,0.28885734663156903,0.28885734663156903,0.15015952952529335,,,,,,NORMAL,True,True,True,True,False,False,False,True,False,,,,
eb6ad8b95747fef148c6ab1d,AUXILIARY_SIMULATED_SEQUENCE,Module_12_CrossDomain,sklearn_fixture,a8f87e9c543290360692566b136efc8d5d1d5ec80dab71bf0b939a065c4ac0ec,rf_breast_cancer_v1,breast_cancer_wisconsin,classification_breast_cancer,42,sim_unit_22,15,5,2026-09-02T20:45:00Z,1.1.0,51e186f20a1e7e28,SAMPLE_PREDICTION_ERROR,prediction_error == 1 when model prediction != true target,model_prediction_versus_ground_truth,False,1,1,True,0,0.21205427512621766,0.15,0.08,0.18102713756310884,0.18102713756310884,0.05394345253292882,,,,,,NORMAL,True,True,True,True,False,False,False,True,False,,,,
52fa0a545d1f7c0989000180,AUXILIARY_SIMULATED_SEQUENCE,Module_12_CrossDomain,sklearn_fixture,a8f87e9c543290360692566b136efc8d5d1d5ec80dab71bf0b939a065c4ac0ec,rf_breast_cancer_v1,breast_cancer_wisconsin,classification_breast_cancer,42,sim_unit_22,16,5,2026-09-02T20:45:00Z,1.1.0,51e186f20a1e7e28,SAMPLE_PREDICTION_ERROR,prediction_error == 1 when model prediction != true target,model_prediction_versus_ground_truth,False,1,1,True,0,0.7086407642572834,0.15,0.08,0.4293203821286417,0.4293203821286417,0.2813002970287058,,,,,,NORMAL,True,True,True,True,False,False,False,True,False,,,,
bd173b93596e4d53b737dd43,AUXILIARY_SIMULATED_SEQUENCE,Module_12_CrossDomain,sklearn_fixture,a8f87e9c543290360692566b136efc8d5d1d5ec80dab71bf0b939a065c4ac0ec,rf_breast_cancer_v1,breast_cancer_wisconsin,classification_breast_cancer,42,sim_unit_22,17,5,2026-09-02T20:45:00Z,1.1.0,51e186f20a1e7e28,SAMPLE_PREDICTION_ERROR,prediction_error == 1 when model prediction != true target,model_prediction_versus_ground_truth,False,1,1,True,0,0.2602941054989497,0.15,0.08,0.20514705274947487,0.20514705274947487,0.0742149686799397,,,,,,NORMAL,True,True,True,True,False,False,False,True,False,,,,
0ae2710bcefb56b5f4ecd236,AUXILIARY_SIMULATED_SEQUENCE,Module_12_CrossDomain,sklearn_fixture,a8f87e9c543290360692566b136efc8d5d1d5ec80dab71bf0b939a065c4ac0ec,rf_breast_cancer_v1,breast_cancer_wisconsin,classification_breast_cancer,42,sim_unit_22,18,5,2026-09-02T20:45:00Z,1.1.0,51e186f20a1e7e28,SAMPLE_PREDICTION_ERROR,prediction_error == 1 when model prediction != true target,model_prediction_versus_ground_truth,False,1,1,True,0,0.31988448419467785,0.15,0.08,0.23494224209733894,0.23494224209733894,0.10072255828508903,,,,,,NORMAL,True,True,True,True,False,False,False,True,False,,,,
555002e498d641e9c667d12a,AUXILIARY_SIMULATED_SEQUENCE,Module_12_CrossDomain,sklearn_fixture,a8f87e9c543290360692566b136efc8d5d1d5ec80dab71bf0b939a065c4ac0ec,rf_breast_cancer_v1,breast_cancer_wisconsin,classification_breast_cancer,42,sim_unit_22,19,5,2026-09-02T20:45:00Z,1.1.0,51e186f20a1e7e28,SAMPLE_PREDICTION_ERROR,prediction_error == 1 when model prediction != true target,model_prediction_versus_ground_truth,False,1,1,True,0,1.0,0.15,0.08,0.575,0.575,0.41817061908587827,,,,,,NORMAL,True,True,True,True,False,False,False,True,False,,,,
d7386bfa2b08a5f09281c96f,AUXILIARY_SIMULATED_SEQUENCE,Module_12_CrossDomain,sklearn_fixture,a8f87e9c543290360692566b136efc8d5d1d5ec80dab71bf0b939a065c4ac0ec,rf_breast_cancer_v1,breast_cancer_wisconsin,classification_breast_cancer,42,sim_unit_23,0,5,2026-09-02T20:45:00Z,1.1.0,51e186f20a1e7e28,SAMPLE_PREDICTION_ERROR,prediction_error == 1 when model prediction != true target,model_prediction_versus_ground_truth,False,0,0,True,0,0.8378714447508919,0.15,0.08,0.493935722375446,0.493935722375446,0.3419610522449862,,,,,,NORMAL,True,True,True,True,False,False,False,True,False,,,,
c69d33afdd7b3e40979c5b83,AUXILIARY_SIMULATED_SEQUENCE,Module_12_CrossDomain,sklearn_fixture,a8f87e9c543290360692566b136efc8d5d1d5ec80dab71bf0b939a065c4ac0ec,rf_breast_cancer_v1,breast_cancer_wisconsin,classification_breast_cancer,42,sim_unit_23,1,5,2026-09-02T20:45:00Z,1.1.0,51e186f20a1e7e28,SAMPLE_PREDICTION_ERROR,prediction_error == 1 when model prediction != true target,model_prediction_versus_ground_truth,False,0,0,True,0,1.0,0.15,0.08,0.575,0.575,0.41817061908587827,,,,,,NORMAL,True,True,True,True,False,False,False,True,False,,,,
13a24bd484f6bb960fe6e837,AUXILIARY_SIMULATED_SEQUENCE,Module_12_CrossDomain,sklearn_fixture,a8f87e9c543290360692566b136efc8d5d1d5ec80dab71bf0b939a065c4ac0ec,rf_breast_cancer_v1,breast_cancer_wisconsin,classification_breast_cancer,42,sim_unit_23,2,5,2026-09-02T20:45:00Z,1.1.0,51e186f20a1e7e28,SAMPLE_PREDICTION_ERROR,prediction_error == 1 when model prediction != true target,model_prediction_versus_ground_truth,False,1,1,True,0,0.0773847071101748,0.15,0.08,0.11369235355508739,0.11369235355508739,0.03363169886741222,,,,,,NORMAL,True,True,True,True,False,False,False,True,False,,,,
a0771f1a5d65245c2f998ca6,AUXILIARY_SIMULATED_SEQUENCE,Module_12_CrossDomain,sklearn_fixture,a8f87e9c543290360692566b136efc8d5d1d5ec80dab71bf0b939a065c4ac0ec,rf_breast_cancer_v1,breast_cancer_wisconsin,classification_breast_cancer,42,sim_unit_23,3,5,2026-09-02T20:45:00Z,1.1.0,51e186f20a1e7e28,SAMPLE_PREDICTION_ERROR,prediction_error == 1 when model prediction != true target,model_prediction_versus_ground_truth,False,1,1,True,0,0.7171536754995306,0.15,0.08,0.4335768377497653,0.4335768377497653,0.2852928510681199,,,,,,NORMAL,True,True,True,True,False,False,False,True,False,,,,
92c76cae736fe146d26926e2,AUXILIARY_SIMULATED_SEQUENCE,Module_12_CrossDomain,sklearn_fixture,a8f87e9c543290360692566b136efc8d5d1d5ec80dab71bf0b939a065c4ac0ec,rf_breast_cancer_v1,breast_cancer_wisconsin,classification_breast_cancer,42,sim_unit_23,4,5,2026-09-02T20:45:00Z,1.1.0,51e186f20a1e7e28,SAMPLE_PREDICTION_ERROR,prediction_error == 1 when model prediction != true target,model_prediction_versus_ground_truth,False,1,1,True,0,0.2716446538219458,0.15,0.08,0.2108223269109729,0.2108223269109729,0.079179890223321,,,,,,NORMAL,True,True,True,True,False,False,False,True,False,,,,
9410e42b15731a8c99443ec2,AUXILIARY_SIMULATED_SEQUENCE,Module_12_CrossDomain,sklearn_fixture,a8f87e9c543290360692566b136efc8d5d1d5ec80dab71bf0b939a065c4ac0ec,rf_breast_cancer_v1,breast_cancer_wisconsin,classification_breast_cancer,42,sim_unit_23,5,5,2026-09-02T20:45:00Z,1.1.0,51e186f20a1e7e28,SAMPLE_PREDICTION_ERROR,prediction_error == 1 when model prediction != true target,model_prediction_versus_ground_truth,False,1,1,True,0,0.2517811942567031,0.15,0.08,0.20089059712835156,0.20089059712835156,0.07052831598772534,,,,,,NORMAL,True,True,True,True,False,False,False,True,False,,,,
eeade924f505ddfa4df481d3,AUXILIARY_SIMULATED_SEQUENCE,Module_12_CrossDomain,sklearn_fixture,a8f87e9c543290360692566b136efc8d5d1d5ec80dab71bf0b939a065c4ac0ec,rf_breast_cancer_v1,breast_cancer_wisconsin,classification_breast_cancer,42,sim_unit_23,6,5,2026-09-02T20:45:00Z,1.1.0,51e186f20a1e7e28,SAMPLE_PREDICTION_ERROR,prediction_error == 1 when model prediction != true target,model_prediction_versus_ground_truth,False,1,1,True,0,0.2801575650641924,0.15,0.08,0.21507878253209622,0.21507878253209622,0.08293507674739448,,,,,,NORMAL,True,True,True,True,False,False,False,True,False,,,,
21eae1b7f5c5940c238a31ac,AUXILIARY_SIMULATED_SEQUENCE,Module_12_CrossDomain,sklearn_fixture,a8f87e9c543290360692566b136efc8d5d1d5ec80dab71bf0b939a065c4ac0ec,rf_breast_cancer_v1,breast_cancer_wisconsin,classification_breast_cancer,42,sim_unit_23,7,5,2026-09-02T20:45:00Z,1.1.0,51e186f20a1e7e28,SAMPLE_PREDICTION_ERROR,prediction_error == 1 when model prediction != true target,model_prediction_versus_ground_truth,False,1,1,True,0,1.0,0.15,0.08,0.575,0.575,0.41817061908587827,,,,,,NORMAL,True,True,True,True,False,False,False,True,False,,,,
1ee034f54ec5bda54bb2eaa5,AUXILIARY_SIMULATED_SEQUENCE,Module_12_CrossDomain,sklearn_fixture,a8f87e9c543290360692566b136efc8d5d1d5ec80dab71bf0b939a065c4ac0ec,rf_breast_cancer_v1,breast_cancer_wisconsin,classification_breast_cancer,42,sim_unit_23,8,5,2026-09-02T20:45:00Z,1.1.0,51e186f20a1e7e28,SAMPLE_PREDICTION_ERROR,prediction_error == 1 when model prediction != true target,model_prediction_versus_ground_truth,False,0,0,True,0,0.9854285729498381,0.15,0.08,0.5677142864749191,0.5677142864749191,0.4113179091131583,,,,,,NORMAL,True,True,True,True,False,False,False,True,False,,,,
adf978fa1a3472fab3d28dd9,AUXILIARY_SIMULATED_SEQUENCE,Module_12_CrossDomain,sklearn_fixture,a8f87e9c543290360692566b136efc8d5d1d5ec80dab71bf0b939a065c4ac0ec,rf_breast_cancer_v1,breast_cancer_wisconsin,classification_breast_cancer,42,sim_unit_23,9,5,2026-09-02T20:45:00Z,1.1.0,51e186f20a1e7e28,SAMPLE_PREDICTION_ERROR,prediction_error == 1 when model prediction != true target,model_prediction_versus_ground_truth,False,1,1,True,0,0.7114784013380328,0.15,0.08,0.4307392006690164,0.4307392006690164,0.2826310839485814,,,,,,NORMAL,True,True,True,True,False,False,False,True,False,,,,
c272137d5e3259cf43f79997,AUXILIARY_SIMULATED_SEQUENCE,Module_12_CrossDomain,sklearn_fixture,a8f87e9c543290360692566b136efc8d5d1d5ec80dab71bf0b939a065c4ac0ec,rf_breast_cancer_v1,breast_cancer_wisconsin,classification_breast_cancer,42,sim_unit_23,10,5,2026-09-02T20:45:00Z,1.1.0,51e186f20a1e7e28,SAMPLE_PREDICTION_ERROR,prediction_error == 1 when model prediction != true target,model_prediction_versus_ground_truth,False,1,1,True,0,1.0,0.15,0.08,0.575,0.575,0.41817061908587827,,,,,,NORMAL,True,True,True,True,False,False,False,True,False,,,,
3b40abbb513e7fb486062df4,AUXILIARY_SIMULATED_SEQUENCE,Module_12_CrossDomain,sklearn_fixture,a8f87e9c543290360692566b136efc8d5d1d5ec80dab71bf0b939a065c4ac0ec,rf_breast_cancer_v1,breast_cancer_wisconsin,classification_breast_cancer,42,sim_unit_23,11,5,2026-09-02T20:45:00Z,1.1.0,51e186f20a1e7e28,SAMPLE_PREDICTION_ERROR,prediction_error == 1 when model prediction != true target,model_prediction_versus_ground_truth,False,1,1,True,0,0.592297643946577,0.15,0.08,0.3711488219732885,0.3711488219732885,0.22680781924447424,,,,,,NORMAL,True,True,True,True,False,False,False,True,False,,,,
61bc20f0545622a4344f15ca,AUXILIARY_SIMULATED_SEQUENCE,Module_12_CrossDomain,sklearn_fixture,a8f87e9c543290360692566b136efc8d5d1d5ec80dab71bf0b939a065c4ac0ec,rf_breast_cancer_v1,breast_cancer_wisconsin,classification_breast_cancer,42,sim_unit_23,12,5,2026-09-02T20:45:00Z,1.1.0,51e186f20a1e7e28,SAMPLE_PREDICTION_ERROR,prediction_error == 1 when model prediction != true target,model_prediction_versus_ground_truth,False,1,1,True,0,0.2249418353091199,0.15,0.08,0.18747091765455995,0.18747091765455995,0.05918371989198389,,,,,,NORMAL,True,True,True,True,False,False,False,True,False,,,,
d0d260a6c836db785edb50fd,AUXILIARY_SIMULATED_SEQUENCE,Module_12_CrossDomain,sklearn_fixture,a8f87e9c543290360692566b136efc8d5d1d5ec80dab71bf0b939a065c4ac0ec,rf_breast_cancer_v1,breast_cancer_wisconsin,classification_breast_cancer,42,sim_unit_23,13,5,2026-09-02T20:45:00Z,1.1.0,51e186f20a1e7e28,SAMPLE_PREDICTION_ERROR,prediction_error == 1 when model prediction != true target,model_prediction_versus_ground_truth,False,1,1,True,0,0.5270319910893511,0.15,0.08,0.33851599554467554,0.33851599554467554,0.196324765903085,,,,,,NORMAL,True,True,True,True,False,False,False,True,False,,,,
bfcde108225ace8f7fe8f30a,AUXILIARY_SIMULATED_SEQUENCE,Module_12_CrossDomain,sklearn_fixture,a8f87e9c543290360692566b136efc8d5d1d5ec80dab71bf0b939a065c4ac0ec,rf_breast_cancer_v1,breast_cancer_wisconsin,classification_breast_cancer,42,sim_unit_23,14,5,2026-09-02T20:45:00Z,1.1.0,51e186f20a1e7e28,SAMPLE_PREDICTION_ERROR,prediction_error == 1 when model prediction != true target,model_prediction_versus_ground_truth,False,1,1,True,0,0.9214635453134544,0.15,0.08,0.5357317726567272,0.5357317726567272,0.3812431274191622,,,,,,NORMAL,True,True,True,True,False,False,False,True,False,,,,
802d687f455d55cc5070c4ca,AUXILIARY_SIMULATED_SEQUENCE,Module_12_CrossDomain,sklearn_fixture,a8f87e9c543290360692566b136efc8d5d1d5ec80dab71bf0b939a065c4ac0ec,rf_breast_cancer_v1,breast_cancer_wisconsin,classification_breast_cancer,42,sim_unit_23,15,5,2026-09-02T20:45:00Z,1.1.0,51e186f20a1e7e28,SAMPLE_PREDICTION_ERROR,prediction_error == 1 when model prediction != true target,model_prediction_versus_ground_truth,False,1,1,True,0,0.36812431456740996,0.15,0.08,0.25906215728370496,0.25906215728370496,0.12269829177948931,,,,,,NORMAL,True,True,True,True,False,False,False,True,False,,,,
b8e0ce195a12daa04113b609,AUXILIARY_SIMULATED_SEQUENCE,Module_12_CrossDomain,sklearn_fixture,a8f87e9c543290360692566b136efc8d5d1d5ec80dab71bf0b939a065c4ac0ec,rf_breast_cancer_v1,breast_cancer_wisconsin,classification_breast_cancer,42,sim_unit_23,16,5,2026-09-02T20:45:00Z,1.1.0,51e186f20a1e7e28,SAMPLE_PREDICTION_ERROR,prediction_error == 1 when model prediction != true target,model_prediction_versus_ground_truth,False,1,1,True,0,0.02063196549519556,0.15,0.08,0.08531598274759777,0.08531598274759777,0.05287369843168185,,,,,,NORMAL,True,True,True,True,False,False,False,True,False,,,,
4e4b2417f89ec8578253fdab,AUXILIARY_SIMULATED_SEQUENCE,Module_12_CrossDomain,sklearn_fixture,a8f87e9c543290360692566b136efc8d5d1d5ec80dab71bf0b939a065c4ac0ec,rf_breast_cancer_v1,breast_cancer_wisconsin,classification_breast_cancer,42,sim_unit_23,17,5,2026-09-02T20:45:00Z,1.1.0,51e186f20a1e7e28,SAMPLE_PREDICTION_ERROR,prediction_error == 1 when model prediction != true target,model_prediction_versus_ground_truth,False,1,1,True,0,0.06449714692727254,0.15,0.08,0.10724857346363627,0.10724857346363627,0.03719479703305437,,,,,,NORMAL,True,True,True,True,False,False,False,True,False,,,,
f62f340af05fac74cc1e50c8,AUXILIARY_SIMULATED_SEQUENCE,Module_12_CrossDomain,sklearn_fixture,a8f87e9c543290360692566b136efc8d5d1d5ec80dab71bf0b939a065c4ac0ec,rf_breast_cancer_v1,breast_cancer_wisconsin,classification_breast_cancer,42,sim_unit_23,18,5,2026-09-02T20:45:00Z,1.1.0,51e186f20a1e7e28,SAMPLE_PREDICTION_ERROR,prediction_error == 1 when model prediction != true target,model_prediction_versus_ground_truth,False,1,1,True,0,0.7483676833877688,0.15,0.08,0.4491838416938844,0.4491838416938844,0.2999368905323581,,,,,,NORMAL,True,True,True,True,False,False,False,True,False,,,,
55872bcad2769b5fcb5fe7f7,AUXILIARY_SIMULATED_SEQUENCE,Module_12_CrossDomain,sklearn_fixture,a8f87e9c543290360692566b136efc8d5d1d5ec80dab71bf0b939a065c4ac0ec,rf_breast_cancer_v1,breast_cancer_wisconsin,classification_breast_cancer,42,sim_unit_23,19,5,2026-09-02T20:45:00Z,1.1.0,51e186f20a1e7e28,SAMPLE_PREDICTION_ERROR,prediction_error == 1 when model prediction != true target,model_prediction_versus_ground_truth,False,0,0,True,0,0.6023475670487298,0.15,0.08,0.3761737835243649,0.3761737835243649,0.23150841170622058,,,,,,NORMAL,True,True,True,True,False,False,False,True,False,,,,
6e7d578862edd2e307dd6c2c,AUXILIARY_SIMULATED_SEQUENCE,Module_12_CrossDomain,sklearn_fixture,a8f87e9c543290360692566b136efc8d5d1d5ec80dab71bf0b939a065c4ac0ec,rf_breast_cancer_v1,breast_cancer_wisconsin,classification_breast_cancer,42,sim_unit_24,0,5,2026-09-02T20:45:00Z,1.1.0,51e186f20a1e7e28,SAMPLE_PREDICTION_ERROR,prediction_error == 1 when model prediction != true target,model_prediction_versus_ground_truth,False,1,1,True,0,0.5582459989775893,0.15,0.08,0.35412299948879467,0.35412299948879467,0.21089334619377903,,,,,,NORMAL,True,True,True,True,False,False,False,True,False,,,,
6e800e96577931231320dd5a,AUXILIARY_SIMULATED_SEQUENCE,Module_12_CrossDomain,sklearn_fixture,a8f87e9c543290360692566b136efc8d5d1d5ec80dab71bf0b939a065c4ac0ec,rf_breast_cancer_v1,breast_cancer_wisconsin,classification_breast_cancer,42,sim_unit_24,1,5,2026-09-02T20:45:00Z,1.1.0,51e186f20a1e7e28,SAMPLE_PREDICTION_ERROR,prediction_error == 1 when model prediction != true target,model_prediction_versus_ground_truth,False,1,1,True,0,0.06449714692727254,0.15,0.08,0.10724857346363627,0.10724857346363627,0.03719479703305437,,,,,,NORMAL,True,True,True,True,False,False,False,True,False,,,,
a365e4720d6108ae1dd59f59,AUXILIARY_SIMULATED_SEQUENCE,Module_12_CrossDomain,sklearn_fixture,a8f87e9c543290360692566b136efc8d5d1d5ec80dab71bf0b939a065c4ac0ec,rf_breast_cancer_v1,breast_cancer_wisconsin,classification_breast_cancer,42,sim_unit_24,2,5,2026-09-02T20:45:00Z,1.1.0,51e186f20a1e7e28,SAMPLE_PREDICTION_ERROR,prediction_error == 1 when model prediction != true target,model_prediction_versus_ground_truth,False,1,1,True,0,0.18651554139947718,0.15,0.08,0.16825777069973857,0.16825777069973857,0.04419520502312021,,,,,,NORMAL,True,True,True,True,False,False,False,True,False,,,,
47a0965a8e959803b7c2fc5d,AUXILIARY_SIMULATED_SEQUENCE,Module_12_CrossDomain,sklearn_fixture,a8f87e9c543290360692566b136efc8d5d1d5ec80dab71bf0b939a065c4ac0ec,rf_breast_cancer_v1,breast_cancer_wisconsin,classification_breast_cancer,42,sim_unit_24,3,5,2026-09-02T20:45:00Z,1.1.0,51e186f20a1e7e28,SAMPLE_PREDICTION_ERROR,prediction_error == 1 when model prediction != true target,model_prediction_versus_ground_truth,False,1,1,True,0,0.12124988854225179,0.15,0.08,0.1356249442711259,0.1356249442711259,0.028728851571549575,,,,,,NORMAL,True,True,True,True,False,False,False,True,False,,,,
51dfd0296c0e4fb263e5b8ff,AUXILIARY_SIMULATED_SEQUENCE,Module_12_CrossDomain,sklearn_fixture,a8f87e9c543290360692566b136efc8d5d1d5ec80dab71bf0b939a065c4ac0ec,rf_breast_cancer_v1,breast_cancer_wisconsin,classification_breast_cancer,42,sim_unit_24,4,5,2026-09-02T20:45:00Z,1.1.0,51e186f20a1e7e28,SAMPLE_PREDICTION_ERROR,prediction_error == 1 when model prediction != true target,model_prediction_versus_ground_truth,False,1,1,True,0,0.45479043884978476,0.15,0.08,0.3023952194248924,0.3023952194248924,0.16270801546446412,,,,,,NORMAL,True,True,True,True,False,False,False,True,False,,,,
5013eb56a6528c5d441bc8d3,AUXILIARY_SIMULATED_SEQUENCE,Module_12_CrossDomain,sklearn_fixture,a8f87e9c543290360692566b136efc8d5d1d5ec80dab71bf0b939a065c4ac0ec,rf_breast_cancer_v1,breast_cancer_wisconsin,classification_breast_cancer,42,sim_unit_24,5,5,2026-09-02T20:45:00Z,1.1.0,51e186f20a1e7e28,SAMPLE_PREDICTION_ERROR,prediction_error == 1 when model prediction != true target,model_prediction_versus_ground_truth,False,1,1,True,0,0.47595452363587015,0.15,0.08,0.31297726181793506,0.31297726181793506,0.1725386707914734,,,,,,NORMAL,True,True,True,True,False,False,False,True,False,,,,
6524490073ef4ce1e0ccd2c8,AUXILIARY_SIMULATED_SEQUENCE,Module_12_CrossDomain,sklearn_fixture,a8f87e9c543290360692566b136efc8d5d1d5ec80dab71bf0b939a065c4ac0ec,rf_breast_cancer_v1,breast_cancer_wisconsin,classification_breast_cancer,42,sim_unit_24,6,5,2026-09-02T20:45:00Z,1.1.0,51e186f20a1e7e28,SAMPLE_PREDICTION_ERROR,prediction_error == 1 when model prediction != true target,model_prediction_versus_ground_truth,False,1,1,True,0,0.14548799704814958,0.15,0.08,0.14774399852407477,0.14774399852407477,0.031987907312357816,,,,,,NORMAL,True,True,True,True,False,False,False,True,False,,,,
2d563fff53407cef3a2ff57c,AUXILIARY_SIMULATED_SEQUENCE,Module_12_CrossDomain,sklearn_fixture,a8f87e9c543290360692566b136efc8d5d1d5ec80dab71bf0b939a065c4ac0ec,rf_breast_cancer_v1,breast_cancer_wisconsin,classification_breast_cancer,42,sim_unit_24,7,5,2026-09-02T20:45:00Z,1.1.0,51e186f20a1e7e28,SAMPLE_PREDICTION_ERROR,prediction_error == 1 when model prediction != true target,model_prediction_versus_ground_truth,False,0,0,True,0,1.0,0.15,0.08,0.575,0.575,0.41817061908587827,,,,,,NORMAL,True,True,True,True,False,False,False,True,False,,,,
0138ddbf1bc810f604bc152d,AUXILIARY_SIMULATED_SEQUENCE,Module_12_CrossDomain,sklearn_fixture,a8f87e9c543290360692566b136efc8d5d1d5ec80dab71bf0b939a065c4ac0ec,rf_breast_cancer_v1,breast_cancer_wisconsin,classification_breast_cancer,42,sim_unit_24,8,5,2026-09-02T20:45:00Z,1.1.0,51e186f20a1e7e28,SAMPLE_PREDICTION_ERROR,prediction_error == 1 when model prediction != true target,model_prediction_versus_ground_truth,False,1,1,True,0,0.694452578853539,0.15,0.08,0.4222262894267695,0.4222262894267695,0.27464736628792313,,,,,,NORMAL,True,True,True,True,False,False,False,True,False,,,,
771397ac3435860a9a87a66b,AUXILIARY_SIMULATED_SEQUENCE,Module_12_CrossDomain,sklearn_fixture,a8f87e9c543290360692566b136efc8d5d1d5ec80dab71bf0b939a065c4ac0ec,rf_breast_cancer_v1,breast_cancer_wisconsin,classification_breast_cancer,42,sim_unit_24,9,5,2026-09-02T20:45:00Z,1.1.0,51e186f20a1e7e28,SAMPLE_PREDICTION_ERROR,prediction_error == 1 when model prediction != true target,model_prediction_versus_ground_truth,False,0,0,True,0,0.7272035986016839,0.15,0.08,0.438601799300842,0.438601799300842,0.2900069907743037,,,,,,NORMAL,True,True,True,True,False,False,False,True,False,,,,
cc990222f9df0b6b02d8c1ce,AUXILIARY_SIMULATED_SEQUENCE,Module_12_CrossDomain,sklearn_fixture,a8f87e9c543290360692566b136efc8d5d1d5ec80dab71bf0b939a065c4ac0ec,rf_breast_cancer_v1,breast_cancer_wisconsin,classification_breast_cancer,42,sim_unit_24,10,5,2026-09-02T20:45:00Z,1.1.0,51e186f20a1e7e28,SAMPLE_PREDICTION_ERROR,prediction_error == 1 when model prediction != true target,model_prediction_versus_ground_truth,False,1,1,True,0,0.5327072652508489,0.15,0.08,0.34135363262542445,0.34135363262542445,0.1989720021864288,,,,,,NORMAL,True,True,True,True,False,False,False,True,False,,,,
eb3ad19c73b7be8898bb89b9,AUXILIARY_SIMULATED_SEQUENCE,Module_12_CrossDomain,sklearn_fixture,a8f87e9c543290360692566b136efc8d5d1d5ec80dab71bf0b939a065c4ac0ec,rf_breast_cancer_v1,breast_cancer_wisconsin,classification_breast_cancer,42,sim_unit_24,11,5,2026-09-02T20:45:00Z,1.1.0,51e186f20a1e7e28,SAMPLE_PREDICTION_ERROR,prediction_error == 1 when model prediction != true target,model_prediction_versus_ground_truth,False,1,1,True,0,1.0,0.15,0.08,0.575,0.575,0.41817061908587827,,,,,,NORMAL,True,True,True,True,False,False,False,True,False,,,,
d38deb816373bb8fccf0f4f5,AUXILIARY_SIMULATED_SEQUENCE,Module_12_CrossDomain,sklearn_fixture,a8f87e9c543290360692566b136efc8d5d1d5ec80dab71bf0b939a065c4ac0ec,rf_breast_cancer_v1,breast_cancer_wisconsin,classification_breast_cancer,42,sim_unit_24,12,5,2026-09-02T20:45:00Z,1.1.0,51e186f20a1e7e28,SAMPLE_PREDICTION_ERROR,prediction_error == 1 when model prediction != true target,model_prediction_versus_ground_truth,False,0,0,True,0,1.0,0.15,0.08,0.575,0.575,0.41817061908587827,,,,,,NORMAL,True,True,True,True,False,False,False,True,False,,,,
9e46afe20ae9a2f0e29fdbcd,AUXILIARY_SIMULATED_SEQUENCE,Module_12_CrossDomain,sklearn_fixture,a8f87e9c543290360692566b136efc8d5d1d5ec80dab71bf0b939a065c4ac0ec,rf_breast_cancer_v1,breast_cancer_wisconsin,classification_breast_cancer,42,sim_unit_24,13,5,2026-09-02T20:45:00Z,1.1.0,51e186f20a1e7e28,SAMPLE_PREDICTION_ERROR,prediction_error == 1 when model prediction != true target,model_prediction_versus_ground_truth,False,1,1,True,0,0.47311688655512074,0.15,0.08,0.3115584432775604,0.3115584432775604,0.1712196149432608,,,,,,NORMAL,True,True,True,True,False,False,False,True,False,,,,
b8ba2022cf0fcd0721ec4404,AUXILIARY_SIMULATED_SEQUENCE,Module_12_CrossDomain,sklearn_fixture,a8f87e9c543290360692566b136efc8d5d1d5ec80dab71bf0b939a065c4ac0ec,rf_breast_cancer_v1,breast_cancer_wisconsin,classification_breast_cancer,42,sim_unit_24,14,5,2026-09-02T20:45:00Z,1.1.0,51e186f20a1e7e28,SAMPLE_PREDICTION_ERROR,prediction_error == 1 when model prediction != true target,model_prediction_versus_ground_truth,False,1,1,True,0,0.27448229090269466,0.15,0.08,0.2122411454513473,0.2122411454513473,0.08042885208068022,,,,,,NORMAL,True,True,True,True,False,False,False,True,False,,,,
610cf722c9083763b3260cba,AUXILIARY_SIMULATED_SEQUENCE,Module_12_CrossDomain,sklearn_fixture,a8f87e9c543290360692566b136efc8d5d1d5ec80dab71bf0b939a065c4ac0ec,rf_breast_cancer_v1,breast_cancer_wisconsin,classification_breast_cancer,42,sim_unit_24,15,5,2026-09-02T20:45:00Z,1.1.0,51e186f20a1e7e28,SAMPLE_PREDICTION_ERROR,prediction_error == 1 when model prediction != true target,model_prediction_versus_ground_truth,False,1,1,True,0,0.21075364990537498,0.15,0.08,0.18037682495268748,0.18037682495268748,0.05342442527159509,,,,,,NORMAL,True,True,True,True,False,False,False,True,False,,,,
341135ce8bd96f2f0e9d5907,AUXILIARY_SIMULATED_SEQUENCE,Module_12_CrossDomain,sklearn_fixture,a8f87e9c543290360692566b136efc8d5d1d5ec80dab71bf0b939a065c4ac0ec,rf_breast_cancer_v1,breast_cancer_wisconsin,classification_breast_cancer,42,sim_unit_24,16,5,2026-09-02T20:45:00Z,1.1.0,51e186f20a1e7e28,SAMPLE_PREDICTION_ERROR,prediction_error == 1 when model prediction != true target,model_prediction_versus_ground_truth,False,1,1,True,0,0.4192017820208909,0.15,0.08,0.28460089101044544,0.28460089101044544,0.14622184377375635,,,,,,NORMAL,True,True,True,True,False,False,False,True,False,,,,
1794a9c4ab222a633fa36409,AUXILIARY_SIMULATED_SEQUENCE,Module_12_CrossDomain,sklearn_fixture,a8f87e9c543290360692566b136efc8d5d1d5ec80dab71bf0b939a065c4ac0ec,rf_breast_cancer_v1,breast_cancer_wisconsin,classification_breast_cancer,42,sim_unit_24,17,5,2026-09-02T20:45:00Z,1.1.0,51e186f20a1e7e28,SAMPLE_PREDICTION_ERROR,prediction_error == 1 when model prediction != true target,model_prediction_versus_ground_truth,False,1,1,True,0,0.4702792494743719,0.15,0.08,0.3101396247371859,0.3101396247371859,0.16990085024120063,,,,,,NORMAL,True,True,True,True,False,False,False,True,False,,,,
2b5112c2461a98c0e89ca7bb,AUXILIARY_SIMULATED_SEQUENCE,Module_12_CrossDomain,sklearn_fixture,a8f87e9c543290360692566b136efc8d5d1d5ec80dab71bf0b939a065c4ac0ec,rf_breast_cancer_v1,breast_cancer_wisconsin,classification_breast_cancer,42,sim_unit_24,18,5,2026-09-02T20:45:00Z,1.1.0,51e186f20a1e7e28,SAMPLE_PREDICTION_ERROR,prediction_error == 1 when model prediction != true target,model_prediction_versus_ground_truth,False,0,0,True,0,1.0,0.15,0.08,0.575,0.575,0.41817061908587827,,,,,,NORMAL,True,True,True,True,False,False,False,True,False,,,,
0059ef5e18e79013a04ef39d,AUXILIARY_SIMULATED_SEQUENCE,Module_12_CrossDomain,sklearn_fixture,a8f87e9c543290360692566b136efc8d5d1d5ec80dab71bf0b939a065c4ac0ec,rf_breast_cancer_v1,breast_cancer_wisconsin,classification_breast_cancer,42,sim_unit_24,19,5,2026-09-02T20:45:00Z,1.1.0,51e186f20a1e7e28,SAMPLE_PREDICTION_ERROR,prediction_error == 1 when model prediction != true target,model_prediction_versus_ground_truth,False,0,0,True,0,1.0,0.15,0.08,0.575,0.575,0.41817061908587827,,,,,,NORMAL,True,True,True,True,False,False,False,True,False,,,,
c4c75f65c986e07bceb03df5,AUXILIARY_SIMULATED_SEQUENCE,Module_12_CrossDomain,sklearn_fixture,a8f87e9c543290360692566b136efc8d5d1d5ec80dab71bf0b939a065c4ac0ec,rf_breast_cancer_v1,breast_cancer_wisconsin,classification_breast_cancer,42,sim_unit_25,0,5,2026-09-02T20:45:00Z,1.1.0,51e186f20a1e7e28,SAMPLE_PREDICTION_ERROR,prediction_error == 1 when model prediction != true target,model_prediction_versus_ground_truth,False,1,1,True,0,0.25899348027810704,0.15,0.08,0.2044967401390535,0.2044967401390535,0.07364950382664819,,,,,,NORMAL,True,True,True,True,False,False,False,True,False,,,,
31083bcf49edb0c798cd0004,AUXILIARY_SIMULATED_SEQUENCE,Module_12_CrossDomain,sklearn_fixture,a8f87e9c543290360692566b136efc8d5d1d5ec80dab71bf0b939a065c4ac0ec,rf_breast_cancer_v1,breast_cancer_wisconsin,classification_breast_cancer,42,sim_unit_25,1,5,2026-09-02T20:45:00Z,1.1.0,51e186f20a1e7e28,SAMPLE_PREDICTION_ERROR,prediction_error == 1 when model prediction != true target,model_prediction_versus_ground_truth,False,0,0,True,0,0.08719824357326414,0.15,0.08,0.11859912178663207,0.11859912178663207,0.031439316010412284,,,,,,NORMAL,True,True,True,True,False,False,False,True,False,,,,
689b2e48b5a90a8ab6e25c44,AUXILIARY_SIMULATED_SEQUENCE,Module_12_CrossDomain,sklearn_fixture,a8f87e9c543290360692566b136efc8d5d1d5ec80dab71bf0b939a065c4ac0ec,rf_breast_cancer_v1,breast_cancer_wisconsin,classification_breast_cancer,42,sim_unit_25,2,5,2026-09-02T20:45:00Z,1.1.0,51e186f20a1e7e28,SAMPLE_PREDICTION_ERROR,prediction_error == 1 when model prediction != true target,model_prediction_versus_ground_truth,False,1,1,True,0,0.45041578990912967,0.15,0.08,0.30020789495456485,0.30020789495456485,0.16067825139449432,,,,,,NORMAL,True,True,True,True,False,False,False,True,False,,,,
d626c84a85d665aae0955780,AUXILIARY_SIMULATED_SEQUENCE,Module_12_CrossDomain,sklearn_fixture,a8f87e9c543290360692566b136efc8d5d1d5ec80dab71bf0b939a065c4ac0ec,rf_breast_cancer_v1,breast_cancer_wisconsin,classification_breast_cancer,42,sim_unit_25,3,5,2026-09-02T20:45:00Z,1.1.0,51e186f20a1e7e28,SAMPLE_PREDICTION_ERROR,prediction_error == 1 when model prediction != true target,model_prediction_versus_ground_truth,False,0,0,True,0,1.0,0.15,0.08,0.575,0.575,0.41817061908587827,,,,,,NORMAL,True,True,True,True,False,False,False,True,False,,,,
4b925948b1dddbcbde60580c,AUXILIARY_SIMULATED_SEQUENCE,Module_12_CrossDomain,sklearn_fixture,a8f87e9c543290360692566b136efc8d5d1d5ec80dab71bf0b939a065c4ac0ec,rf_breast_cancer_v1,breast_cancer_wisconsin,classification_breast_cancer,42,sim_unit_25,4,5,2026-09-02T20:45:00Z,1.1.0,51e186f20a1e7e28,SAMPLE_PREDICTION_ERROR,prediction_error == 1 when model prediction != true target,model_prediction_versus_ground_truth,False,1,1,True,0,1.0,0.15,0.08,0.575,0.575,0.41817061908587827,,,,,,NORMAL,True,True,True,True,False,False,False,True,False,,,,
154c47a24435f935c114f191,AUXILIARY_SIMULATED_SEQUENCE,Module_12_CrossDomain,sklearn_fixture,a8f87e9c543290360692566b136efc8d5d1d5ec80dab71bf0b939a065c4ac0ec,rf_breast_cancer_v1,breast_cancer_wisconsin,classification_breast_cancer,42,sim_unit_25,5,5,2026-09-02T20:45:00Z,1.1.0,51e186f20a1e7e28,SAMPLE_PREDICTION_ERROR,prediction_error == 1 when model prediction != true target,model_prediction_versus_ground_truth,False,1,1,True,0,1.0,0.15,0.08,0.575,0.575,0.41817061908587827,,,,,,NORMAL,True,True,True,True,False,False,False,True,False,,,,
5903175eebdffd5189201881,AUXILIARY_SIMULATED_SEQUENCE,Module_12_CrossDomain,sklearn_fixture,a8f87e9c543290360692566b136efc8d5d1d5ec80dab71bf0b939a065c4ac0ec,rf_breast_cancer_v1,breast_cancer_wisconsin,classification_breast_cancer,42,sim_unit_25,6,5,2026-09-02T20:45:00Z,1.1.0,51e186f20a1e7e28,SAMPLE_PREDICTION_ERROR,prediction_error == 1 when model prediction != true target,model_prediction_versus_ground_truth,False,1,1,True,0,0.5412201764930955,0.15,0.08,0.34561008824654776,0.34561008824654776,0.20294423911223908,,,,,,NORMAL,True,True,True,True,False,False,False,True,False,,,,
5a66fe23bfd1f1bf034b83e4,AUXILIARY_SIMULATED_SEQUENCE,Module_12_CrossDomain,sklearn_fixture,a8f87e9c543290360692566b136efc8d5d1d5ec80dab71bf0b939a065c4ac0ec,rf_breast_cancer_v1,breast_cancer_wisconsin,classification_breast_cancer,42,sim_unit_25,7,5,2026-09-02T20:45:00Z,1.1.0,51e186f20a1e7e28,SAMPLE_PREDICTION_ERROR,prediction_error == 1 when model prediction != true target,model_prediction_versus_ground_truth,False,1,1,True,0,0.8703860778599735,0.15,0.08,0.5101930389299867,0.5101930389299867,0.3572372777066538,,,,,,NORMAL,True,True,True,True,False,False,False,True,False,,,,
f981662383b74dc60e8067d0,AUXILIARY_SIMULATED_SEQUENCE,Module_12_CrossDomain,sklearn_fixture,a8f87e9c543290360692566b136efc8d5d1d5ec80dab71bf0b939a065c4ac0ec,rf_breast_cancer_v1,breast_cancer_wisconsin,classification_breast_cancer,42,sim_unit_25,8,5,2026-09-02T20:45:00Z,1.1.0,51e186f20a1e7e28,SAMPLE_PREDICTION_ERROR,prediction_error == 1 when model prediction != true target,model_prediction_versus_ground_truth,False,1,1,True,0,0.6165357524524748,0.15,0.08,0.3832678762262374,0.3832678762262374,0.238147065201349,,,,,,NORMAL,True,True,True,True,False,False,False,True,False,,,,
a0d2ff614f7322ed91a2cb0a,AUXILIARY_SIMULATED_SEQUENCE,Module_12_CrossDomain,sklearn_fixture,a8f87e9c543290360692566b136efc8d5d1d5ec80dab71bf0b939a065c4ac0ec,rf_breast_cancer_v1,breast_cancer_wisconsin,classification_breast_cancer,42,sim_unit_25,9,5,2026-09-02T20:45:00Z,1.1.0,51e186f20a1e7e28,SAMPLE_PREDICTION_ERROR,prediction_error == 1 when model prediction != true target,model_prediction_versus_ground_truth,False,0,0,True,0,0.3781742376695633,0.15,0.08,0.26408711883478164,0.26408711883478164,0.12731036387327518,,,,,,NORMAL,True,True,True,True,False,False,False,True,False,,,,
a0c178cf567b066bc5173b55,AUXILIARY_SIMULATED_SEQUENCE,Module_12_CrossDomain,sklearn_fixture,a8f87e9c543290360692566b136efc8d5d1d5ec80dab71bf0b939a065c4ac0ec,rf_breast_cancer_v1,breast_cancer_wisconsin,classification_breast_cancer,42,sim_unit_25,10,5,2026-09-02T20:45:00Z,1.1.0,51e186f20a1e7e28,SAMPLE_PREDICTION_ERROR,prediction_error == 1 when model prediction != true target,model_prediction_versus_ground_truth,False,1,1,True,0,0.6774267563690451,0.15,0.08,0.4137133781845226,0.4137133781845226,0.2666661901161597,,,,,,NORMAL,True,True,True,True,False,False,False,True,False,,,,
883fc1594bbf91416e5a8216,AUXILIARY_SIMULATED_SEQUENCE,Module_12_CrossDomain,sklearn_fixture,a8f87e9c543290360692566b136efc8d5d1d5ec80dab71bf0b939a065c4ac0ec,rf_breast_cancer_v1,breast_cancer_wisconsin,classification_breast_cancer,42,sim_unit_25,11,5,2026-09-02T20:45:00Z,1.1.0,51e186f20a1e7e28,SAMPLE_PREDICTION_ERROR,prediction_error == 1 when model prediction != true target,model_prediction_versus_ground_truth,False,1,1,True,0,0.19372782742088165,0.15,0.08,0.17186391371044082,0.17186391371044082,0.04684032168599121,,,,,,NORMAL,True,True,True,True,False,False,False,True,False,,,,
3405125a6e8b6c1bb654ae6a,AUXILIARY_SIMULATED_SEQUENCE,Module_12_CrossDomain,sklearn_fixture,a8f87e9c543290360692566b136efc8d5d1d5ec80dab71bf0b939a065c4ac0ec,rf_breast_cancer_v1,breast_cancer_wisconsin,classification_breast_cancer,42,sim_unit_25,12,5,2026-09-02T20:45:00Z,1.1.0,51e186f20a1e7e28,SAMPLE_PREDICTION_ERROR,prediction_error == 1 when model prediction != true target,model_prediction_versus_ground_truth,False,0,0,True,0,0.2063790009647199,0.15,0.08,0.17818950048235993,0.17818950048235993,0.05169380323342071,,,,,,NORMAL,True,True,True,True,False,False,False,True,False,,,,
6343d2539b78cafcf6c2fbdc,AUXILIARY_SIMULATED_SEQUENCE,Module_12_CrossDomain,sklearn_fixture,a8f87e9c543290360692566b136efc8d5d1d5ec80dab71bf0b939a065c4ac0ec,rf_breast_cancer_v1,breast_cancer_wisconsin,classification_breast_cancer,42,sim_unit_25,13,5,2026-09-02T20:45:00Z,1.1.0,51e186f20a1e7e28,SAMPLE_PREDICTION_ERROR,prediction_error == 1 when model prediction != true target,model_prediction_versus_ground_truth,False,1,1,True,0,0.12846217456365577,0.15,0.08,0.13923108728182787,0.13923108728182787,0.029273538084694777,,,,,,NORMAL,True,True,True,True,False,False,False,True,False,,,,
0cfc986c58204687a57b65dc,AUXILIARY_SIMULATED_SEQUENCE,Module_12_CrossDomain,sklearn_fixture,a8f87e9c543290360692566b136efc8d5d1d5ec80dab71bf0b939a065c4ac0ec,rf_breast_cancer_v1,breast_cancer_wisconsin,classification_breast_cancer,42,sim_unit_25,14,5,2026-09-02T20:45:00Z,1.1.0,51e186f20a1e7e28,SAMPLE_PREDICTION_ERROR,prediction_error == 1 when model prediction != true target,model_prediction_versus_ground_truth,False,0,0,True,0,0.26183111735885645,0.15,0.08,0.20591555867942823,0.20591555867942823,0.07488417281946579,,,,,,NORMAL,True,True,True,True,False,False,False,True,False,,,,
f372398d46792f301cc378e5,AUXILIARY_SIMULATED_SEQUENCE,Module_12_CrossDomain,sklearn_fixture,a8f87e9c543290360692566b136efc8d5d1d5ec80dab71bf0b939a065c4ac0ec,rf_breast_cancer_v1,breast_cancer_wisconsin,classification_breast_cancer,42,sim_unit_25,15,5,2026-09-02T20:45:00Z,1.1.0,51e186f20a1e7e28,SAMPLE_PREDICTION_ERROR,prediction_error == 1 when model prediction != true target,model_prediction_versus_ground_truth,False,1,1,True,0,0.790932239599003,0.15,0.08,0.47046611979950154,0.47046611979950154,0.31991644483080756,,,,,,NORMAL,True,True,True,True,False,False,False,True,False,,,,
f8dda98a5de6919cee255b3d,AUXILIARY_SIMULATED_SEQUENCE,Module_12_CrossDomain,sklearn_fixture,a8f87e9c543290360692566b136efc8d5d1d5ec80dab71bf0b939a065c4ac0ec,rf_breast_cancer_v1,breast_cancer_wisconsin,classification_breast_cancer,42,sim_unit_25,16,5,2026-09-02T20:45:00Z,1.1.0,51e186f20a1e7e28,SAMPLE_PREDICTION_ERROR,prediction_error == 1 when model prediction != true target,model_prediction_versus_ground_truth,False,0,0,True,0,1.0,0.15,0.08,0.575,0.575,0.41817061908587827,,,,,,NORMAL,True,True,True,True,False,False,False,True,False,,,,
33e5586e3fec99fa9bb5b61f,AUXILIARY_SIMULATED_SEQUENCE,Module_12_CrossDomain,sklearn_fixture,a8f87e9c543290360692566b136efc8d5d1d5ec80dab71bf0b939a065c4ac0ec,rf_breast_cancer_v1,breast_cancer_wisconsin,classification_breast_cancer,42,sim_unit_25,17,5,2026-09-02T20:45:00Z,1.1.0,51e186f20a1e7e28,SAMPLE_PREDICTION_ERROR,prediction_error == 1 when model prediction != true target,model_prediction_versus_ground_truth,False,0,0,True,0,1.0,0.15,0.08,0.575,0.575,0.41817061908587827,,,,,,NORMAL,True,True,True,True,False,False,False,True,False,,,,
7bcd2c956dcbbd1eb126a1bf,AUXILIARY_SIMULATED_SEQUENCE,Module_12_CrossDomain,sklearn_fixture,a8f87e9c543290360692566b136efc8d5d1d5ec80dab71bf0b939a065c4ac0ec,rf_breast_cancer_v1,breast_cancer_wisconsin,classification_breast_cancer,42,sim_unit_25,18,5,2026-09-02T20:45:00Z,1.1.0,51e186f20a1e7e28,SAMPLE_PREDICTION_ERROR,prediction_error == 1 when model prediction != true target,model_prediction_versus_ground_truth,False,1,1,True,0,0.353936129163665,0.15,0.08,0.2519680645818325,0.2519680645818325,0.11620429693691826,,,,,,NORMAL,True,True,True,True,False,False,False,True,False,,,,
67f1ba615d5957a44f1846a3,AUXILIARY_SIMULATED_SEQUENCE,Module_12_CrossDomain,sklearn_fixture,a8f87e9c543290360692566b136efc8d5d1d5ec80dab71bf0b939a065c4ac0ec,rf_breast_cancer_v1,breast_cancer_wisconsin,classification_breast_cancer,42,sim_unit_25,19,5,2026-09-02T20:45:00Z,1.1.0,51e186f20a1e7e28,SAMPLE_PREDICTION_ERROR,prediction_error == 1 when model prediction != true target,model_prediction_versus_ground_truth,False,1,1,True,0,0.39082541121340153,0.15,0.08,0.2704127056067008,0.2704127056067008,0.13312872423255293,,,,,,NORMAL,True,True,True,True,False,False,False,True,False,,,,
89e979b485cf536c8c7282cf,AUXILIARY_SIMULATED_SEQUENCE,Module_12_CrossDomain,sklearn_fixture,a8f87e9c543290360692566b136efc8d5d1d5ec80dab71bf0b939a065c4ac0ec,rf_breast_cancer_v1,breast_cancer_wisconsin,classification_breast_cancer,42,sim_unit_26,0,5,2026-09-02T20:45:00Z,1.1.0,51e186f20a1e7e28,SAMPLE_PREDICTION_ERROR,prediction_error == 1 when model prediction != true target,model_prediction_versus_ground_truth,False,1,1,True,0,1.0,0.15,0.08,0.575,0.575,0.41817061908587827,,,,,,NORMAL,True,True,True,True,False,False,False,True,False,,,,
5dc1562fa8855010f59c75a2,AUXILIARY_SIMULATED_SEQUENCE,Module_12_CrossDomain,sklearn_fixture,a8f87e9c543290360692566b136efc8d5d1d5ec80dab71bf0b939a065c4ac0ec,rf_breast_cancer_v1,breast_cancer_wisconsin,classification_breast_cancer,42,sim_unit_26,1,5,2026-09-02T20:45:00Z,1.1.0,51e186f20a1e7e28,SAMPLE_PREDICTION_ERROR,prediction_error == 1 when model prediction != true target,model_prediction_versus_ground_truth,False,0,0,True,0,1.0,0.15,0.08,0.575,0.575,0.41817061908587827,,,,,,NORMAL,True,True,True,True,False,False,False,True,False,,,,
3df63f088aae25cb25e647b0,AUXILIARY_SIMULATED_SEQUENCE,Module_12_CrossDomain,sklearn_fixture,a8f87e9c543290360692566b136efc8d5d1d5ec80dab71bf0b939a065c4ac0ec,rf_breast_cancer_v1,breast_cancer_wisconsin,classification_breast_cancer,42,sim_unit_26,2,5,2026-09-02T20:45:00Z,1.1.0,51e186f20a1e7e28,SAMPLE_PREDICTION_ERROR,prediction_error == 1 when model prediction != true target,model_prediction_versus_ground_truth,False,1,1,True,0,0.8136333362449947,0.15,0.08,0.48181666812249735,0.48181666812249735,0.33057644552535864,,,,,,NORMAL,True,True,True,True,False,False,False,True,False,,,,
da2bc93f81bdfe3e7ac0ddf3,AUXILIARY_SIMULATED_SEQUENCE,Module_12_CrossDomain,sklearn_fixture,a8f87e9c543290360692566b136efc8d5d1d5ec80dab71bf0b939a065c4ac0ec,rf_breast_cancer_v1,breast_cancer_wisconsin,classification_breast_cancer,42,sim_unit_26,3,5,2026-09-02T20:45:00Z,1.1.0,51e186f20a1e7e28,SAMPLE_PREDICTION_ERROR,prediction_error == 1 when model prediction != true target,model_prediction_versus_ground_truth,False,1,1,True,0,0.11841225146150239,0.15,0.08,0.1342061257307512,0.1342061257307512,0.02862261522346165,,,,,,NORMAL,True,True,True,True,False,False,False,True,False,,,,
118ff549587b0d0ba5b961ad,AUXILIARY_SIMULATED_SEQUENCE,Module_12_CrossDomain,sklearn_fixture,a8f87e9c543290360692566b136efc8d5d1d5ec80dab71bf0b939a065c4ac0ec,rf_breast_cancer_v1,breast_cancer_wisconsin,classification_breast_cancer,42,sim_unit_26,4,5,2026-09-02T20:45:00Z,1.1.0,51e186f20a1e7e28,SAMPLE_PREDICTION_ERROR,prediction_error == 1 when model prediction != true target,model_prediction_versus_ground_truth,False,1,1,True,0,1.0,0.15,0.08,0.575,0.575,0.41817061908587827,,,,,,NORMAL,True,True,True,True,False,False,False,True,False,,,,
6de774363e7158457b537a81,AUXILIARY_SIMULATED_SEQUENCE,Module_12_CrossDomain,sklearn_fixture,a8f87e9c543290360692566b136efc8d5d1d5ec80dab71bf0b939a065c4ac0ec,rf_breast_cancer_v1,breast_cancer_wisconsin,classification_breast_cancer,42,sim_unit_26,5,5,2026-09-02T20:45:00Z,1.1.0,51e186f20a1e7e28,SAMPLE_PREDICTION_ERROR,prediction_error == 1 when model prediction != true target,model_prediction_versus_ground_truth,False,1,1,True,0,1.0,0.15,0.08,0.575,0.575,0.41817061908587827,,,,,,NORMAL,True,True,True,True,False,False,False,True,False,,,,
e4c592678b3450a084374c1a,AUXILIARY_SIMULATED_SEQUENCE,Module_12_CrossDomain,sklearn_fixture,a8f87e9c543290360692566b136efc8d5d1d5ec80dab71bf0b939a065c4ac0ec,rf_breast_cancer_v1,breast_cancer_wisconsin,classification_breast_cancer,42,sim_unit_26,6,5,2026-09-02T20:45:00Z,1.1.0,51e186f20a1e7e28,SAMPLE_PREDICTION_ERROR,prediction_error == 1 when model prediction != true target,model_prediction_versus_ground_truth,False,1,1,True,0,0.18935317848022606,0.15,0.08,0.16967658924011303,0.16967658924011303,0.045223875577477764,,,,,,NORMAL,True,True,True,True,False,False,False,True,False,,,,
ec1dc2995ee4232e411eb2b8,AUXILIARY_SIMULATED_SEQUENCE,Module_12_CrossDomain,sklearn_fixture,a8f87e9c543290360692566b136efc8d5d1d5ec80dab71bf0b939a065c4ac0ec,rf_breast_cancer_v1,breast_cancer_wisconsin,classification_breast_cancer,42,sim_unit_26,7,5,2026-09-02T20:45:00Z,1.1.0,51e186f20a1e7e28,SAMPLE_PREDICTION_ERROR,prediction_error == 1 when model prediction != true target,model_prediction_versus_ground_truth,False,1,1,True,0,0.5071685315241083,0.15,0.08,0.3285842657620542,0.3285842657620542,0.18706573836653462,,,,,,NORMAL,True,True,True,True,False,False,False,True,False,,,,
973fa03455d2e1d8bd77b66d,AUXILIARY_SIMULATED_SEQUENCE,Module_12_CrossDomain,sklearn_fixture,a8f87e9c543290360692566b136efc8d5d1d5ec80dab71bf0b939a065c4ac0ec,rf_breast_cancer_v1,breast_cancer_wisconsin,classification_breast_cancer,42,sim_unit_26,8,5,2026-09-02T20:45:00Z,1.1.0,51e186f20a1e7e28,SAMPLE_PREDICTION_ERROR,prediction_error == 1 when model prediction != true target,model_prediction_versus_ground_truth,False,1,1,True,0,0.053146598604277,0.15,0.08,0.1015732993021385,0.1015732993021385,0.04082712405638744,,,,,,NORMAL,True,True,True,True,False,False,False,True,False,,,,
d4413b8ecb0c265fbb53c3d3,AUXILIARY_SIMULATED_SEQUENCE,Module_12_CrossDomain,sklearn_fixture,a8f87e9c543290360692566b136efc8d5d1d5ec80dab71bf0b939a065c4ac0ec,rf_breast_cancer_v1,breast_cancer_wisconsin,classification_breast_cancer,42,sim_unit_26,9,5,2026-09-02T20:45:00Z,1.1.0,51e186f20a1e7e28,SAMPLE_PREDICTION_ERROR,prediction_error == 1 when model prediction != true target,model_prediction_versus_ground_truth,False,1,1,True,0,0.5837847327043298,0.15,0.08,0.36689236635216493,0.36689236635216493,0.22282735001524287,,,,,,NORMAL,True,True,True,True,False,False,False,True,False,,,,
2f7c3c52809abca1e71bd2d3,AUXILIARY_SIMULATED_SEQUENCE,Module_12_CrossDomain,sklearn_fixture,a8f87e9c543290360692566b136efc8d5d1d5ec80dab71bf0b939a065c4ac0ec,rf_breast_cancer_v1,breast_cancer_wisconsin,classification_breast_cancer,42,sim_unit_26,10,5,2026-09-02T20:45:00Z,1.1.0,51e186f20a1e7e28,SAMPLE_PREDICTION_ERROR,prediction_error == 1 when model prediction != true target,model_prediction_versus_ground_truth,False,1,1,True,0,0.6745891192882962,0.15,0.08,0.41229455964414813,0.41229455964414813,0.26533625728114674,,,,,,NORMAL,True,True,True,True,False,False,False,True,False,,,,
63d760867c655e93833bad28,AUXILIARY_SIMULATED_SEQUENCE,Module_12_CrossDomain,sklearn_fixture,a8f87e9c543290360692566b136efc8d5d1d5ec80dab71bf0b939a065c4ac0ec,rf_breast_cancer_v1,breast_cancer_wisconsin,classification_breast_cancer,42,sim_unit_26,11,5,2026-09-02T20:45:00Z,1.1.0,51e186f20a1e7e28,SAMPLE_PREDICTION_ERROR,prediction_error == 1 when model prediction != true target,model_prediction_versus_ground_truth,False,1,1,True,0,0.6972902159342879,0.15,0.08,0.42364510796714394,0.42364510796714394,0.27597781536154903,,,,,,NORMAL,True,True,True,True,False,False,False,True,False,,,,
d9182ad100eb7d360d38c981,AUXILIARY_SIMULATED_SEQUENCE,Module_12_CrossDomain,sklearn_fixture,a8f87e9c543290360692566b136efc8d5d1d5ec80dab71bf0b939a065c4ac0ec,rf_breast_cancer_v1,breast_cancer_wisconsin,classification_breast_cancer,42,sim_unit_26,12,5,2026-09-02T20:45:00Z,1.1.0,51e186f20a1e7e28,SAMPLE_PREDICTION_ERROR,prediction_error == 1 when model prediction != true target,model_prediction_versus_ground_truth,False,1,1,True,0,0.12692516270374957,0.15,0.08,0.13846258135187478,0.13846258135187478,0.029125054145913997,,,,,,NORMAL,True,True,True,True,False,False,False,True,False,,,,
f8461e3143710e5ea8718f23,AUXILIARY_SIMULATED_SEQUENCE,Module_12_CrossDomain,sklearn_fixture,a8f87e9c543290360692566b136efc8d5d1d5ec80dab71bf0b939a065c4ac0ec,rf_breast_cancer_v1,breast_cancer_wisconsin,classification_breast_cancer,42,sim_unit_26,13,5,2026-09-02T20:45:00Z,1.1.0,51e186f20a1e7e28,SAMPLE_PREDICTION_ERROR,prediction_error == 1 when model prediction != true target,model_prediction_versus_ground_truth,False,0,0,True,0,1.0,0.15,0.08,0.575,0.575,0.41817061908587827,,,,,,NORMAL,True,True,True,True,False,False,False,True,False,,,,
c7edf1bcb3d17131c510ade2,AUXILIARY_SIMULATED_SEQUENCE,Module_12_CrossDomain,sklearn_fixture,a8f87e9c543290360692566b136efc8d5d1d5ec80dab71bf0b939a065c4ac0ec,rf_breast_cancer_v1,breast_cancer_wisconsin,classification_breast_cancer,42,sim_unit_26,14,5,2026-09-02T20:45:00Z,1.1.0,51e186f20a1e7e28,SAMPLE_PREDICTION_ERROR,prediction_error == 1 when model prediction != true target,model_prediction_versus_ground_truth,False,1,1,True,0,0.8987624486674628,0.15,0.08,0.5243812243337314,0.5243812243337314,0.37057270270074827,,,,,,NORMAL,True,True,True,True,False,False,False,True,False,,,,
f0e028dbdf03e78223abc788,AUXILIARY_SIMULATED_SEQUENCE,Module_12_CrossDomain,sklearn_fixture,a8f87e9c543290360692566b136efc8d5d1d5ec80dab71bf0b939a065c4ac0ec,rf_breast_cancer_v1,breast_cancer_wisconsin,classification_breast_cancer,42,sim_unit_26,15,5,2026-09-02T20:45:00Z,1.1.0,51e186f20a1e7e28,SAMPLE_PREDICTION_ERROR,prediction_error == 1 when model prediction != true target,model_prediction_versus_ground_truth,False,0,0,True,0,1.0,0.15,0.08,0.575,0.575,0.41817061908587827,,,,,,NORMAL,True,True,True,True,False,False,False,True,False,,,,
b4c3696fe2fa3a8b32888c8b,AUXILIARY_SIMULATED_SEQUENCE,Module_12_CrossDomain,sklearn_fixture,a8f87e9c543290360692566b136efc8d5d1d5ec80dab71bf0b939a065c4ac0ec,rf_breast_cancer_v1,breast_cancer_wisconsin,classification_breast_cancer,42,sim_unit_26,16,5,2026-09-02T20:45:00Z,1.1.0,51e186f20a1e7e28,SAMPLE_PREDICTION_ERROR,prediction_error == 1 when model prediction != true target,model_prediction_versus_ground_truth,False,0,0,True,0,0.04049542506043827,0.15,0.08,0.09524771253021913,0.09524771253021913,0.04527921202427045,,,,,,NORMAL,True,True,True,True,False,False,False,True,False,,,,
2990c2196e947a9820fc4931,AUXILIARY_SIMULATED_SEQUENCE,Module_12_CrossDomain,sklearn_fixture,a8f87e9c543290360692566b136efc8d5d1d5ec80dab71bf0b939a065c4ac0ec,rf_breast_cancer_v1,breast_cancer_wisconsin,classification_breast_cancer,42,sim_unit_26,17,5,2026-09-02T20:45:00Z,1.1.0,51e186f20a1e7e28,SAMPLE_PREDICTION_ERROR,prediction_error == 1 when model prediction != true target,model_prediction_versus_ground_truth,False,1,1,True,0,0.69161494177279,0.15,0.08,0.42080747088639503,0.42080747088639503,0.2733169877533891,,,,,,NORMAL,True,True,True,True,False,False,False,True,False,,,,
f750b29106794019e64865cd,AUXILIARY_SIMULATED_SEQUENCE,Module_12_CrossDomain,sklearn_fixture,a8f87e9c543290360692566b136efc8d5d1d5ec80dab71bf0b939a065c4ac0ec,rf_breast_cancer_v1,breast_cancer_wisconsin,classification_breast_cancer,42,sim_unit_26,18,5,2026-09-02T20:45:00Z,1.1.0,51e186f20a1e7e28,SAMPLE_PREDICTION_ERROR,prediction_error == 1 when model prediction != true target,model_prediction_versus_ground_truth,False,1,1,True,0,1.0,0.15,0.08,0.575,0.575,0.41817061908587827,,,,,,NORMAL,True,True,True,True,False,False,False,True,False,,,,
f8e0fcafd03968caa6bedd31,AUXILIARY_SIMULATED_SEQUENCE,Module_12_CrossDomain,sklearn_fixture,a8f87e9c543290360692566b136efc8d5d1d5ec80dab71bf0b939a065c4ac0ec,rf_breast_cancer_v1,breast_cancer_wisconsin,classification_breast_cancer,42,sim_unit_26,19,5,2026-09-02T20:45:00Z,1.1.0,51e186f20a1e7e28,SAMPLE_PREDICTION_ERROR,prediction_error == 1 when model prediction != true target,model_prediction_versus_ground_truth,False,1,1,True,0,1.0,0.15,0.08,0.575,0.575,0.41817061908587827,,,,,,NORMAL,True,True,True,True,False,False,False,True,False,,,,
50e66bfe2710d7b9a06b9cba,AUXILIARY_SIMULATED_SEQUENCE,Module_12_CrossDomain,sklearn_fixture,a8f87e9c543290360692566b136efc8d5d1d5ec80dab71bf0b939a065c4ac0ec,rf_breast_cancer_v1,breast_cancer_wisconsin,classification_breast_cancer,42,sim_unit_27,0,5,2026-09-02T20:45:00Z,1.1.0,51e186f20a1e7e28,SAMPLE_PREDICTION_ERROR,prediction_error == 1 when model prediction != true target,model_prediction_versus_ground_truth,False,1,1,True,0,0.7341794979840244,0.15,0.08,0.4420897489920122,0.4420897489920122,0.2932796355106802,,,,,,NORMAL,True,True,True,True,False,False,False,True,False,,,,
21861a556df70273f1be86f6,AUXILIARY_SIMULATED_SEQUENCE,Module_12_CrossDomain,sklearn_fixture,a8f87e9c543290360692566b136efc8d5d1d5ec80dab71bf0b939a065c4ac0ec,rf_breast_cancer_v1,breast_cancer_wisconsin,classification_breast_cancer,42,sim_unit_27,1,5,2026-09-02T20:45:00Z,1.1.0,51e186f20a1e7e28,SAMPLE_PREDICTION_ERROR,prediction_error == 1 when model prediction != true target,model_prediction_versus_ground_truth,False,1,1,True,0,0.09724816667541751,0.15,0.08,0.12362408333770875,0.12362408333770875,0.029777424656883784,,,,,,NORMAL,True,True,True,True,False,False,False,True,False,,,,
e2c94b012801995288e93cb0,AUXILIARY_SIMULATED_SEQUENCE,Module_12_CrossDomain,sklearn_fixture,a8f87e9c543290360692566b136efc8d5d1d5ec80dab71bf0b939a065c4ac0ec,rf_breast_cancer_v1,breast_cancer_wisconsin,classification_breast_cancer,42,sim_unit_27,2,5,2026-09-02T20:45:00Z,1.1.0,51e186f20a1e7e28,SAMPLE_PREDICTION_ERROR,prediction_error == 1 when model prediction != true target,model_prediction_versus_ground_truth,False,1,1,True,0,0.17386436785563894,0.15,0.08,0.16193218392781947,0.16193218392781947,0.03983302315930556,,,,,,NORMAL,True,True,True,True,False,False,False,True,False,,,,
56a2a0495b61a876ec269ded,AUXILIARY_SIMULATED_SEQUENCE,Module_12_CrossDomain,sklearn_fixture,a8f87e9c543290360692566b136efc8d5d1d5ec80dab71bf0b939a065c4ac0ec,rf_breast_cancer_v1,breast_cancer_wisconsin,classification_breast_cancer,42,sim_unit_27,3,5,2026-09-02T20:45:00Z,1.1.0,51e186f20a1e7e28,SAMPLE_PREDICTION_ERROR,prediction_error == 1 when model prediction != true target,model_prediction_versus_ground_truth,False,1,1,True,0,0.2602941054989497,0.15,0.08,0.20514705274947487,0.20514705274947487,0.0742149686799397,,,,,,NORMAL,True,True,True,True,False,False,False,True,False,,,,
59522e2ccdaa91cbf058cc39,AUXILIARY_SIMULATED_SEQUENCE,Module_12_CrossDomain,sklearn_fixture,a8f87e9c543290360692566b136efc8d5d1d5ec80dab71bf0b939a065c4ac0ec,rf_breast_cancer_v1,breast_cancer_wisconsin,classification_breast_cancer,42,sim_unit_27,4,5,2026-09-02T20:45:00Z,1.1.0,51e186f20a1e7e28,SAMPLE_PREDICTION_ERROR,prediction_error == 1 when model prediction != true target,model_prediction_versus_ground_truth,False,1,1,True,0,0.0730100581695197,0.15,0.08,0.11150502908475984,0.11150502908475984,0.034763183638016684,,,,,,NORMAL,True,True,True,True,False,False,False,True,False,,,,
a0b0613f215ce33a3332ee38,AUXILIARY_SIMULATED_SEQUENCE,Module_12_CrossDomain,sklearn_fixture,a8f87e9c543290360692566b136efc8d5d1d5ec80dab71bf0b939a065c4ac0ec,rf_breast_cancer_v1,breast_cancer_wisconsin,classification_breast_cancer,42,sim_unit_27,5,5,2026-09-02T20:45:00Z,1.1.0,51e186f20a1e7e28,SAMPLE_PREDICTION_ERROR,prediction_error == 1 when model prediction != true target,model_prediction_versus_ground_truth,False,1,1,True,0,0.14395098518824337,0.15,0.08,0.14697549259412168,0.14697549259412168,0.03166898076937567,,,,,,NORMAL,True,True,True,True,False,False,False,True,False,,,,
b04dbd20c3f55e56a6f48312,AUXILIARY_SIMULATED_SEQUENCE,Module_12_CrossDomain,sklearn_fixture,a8f87e9c543290360692566b136efc8d5d1d5ec80dab71bf0b939a065c4ac0ec,rf_breast_cancer_v1,breast_cancer_wisconsin,classification_breast_cancer,42,sim_unit_27,6,5,2026-09-02T20:45:00Z,1.1.0,51e186f20a1e7e28,SAMPLE_PREDICTION_ERROR,prediction_error == 1 when model prediction != true target,model_prediction_versus_ground_truth,False,1,1,True,0,1.0,0.15,0.08,0.575,0.575,0.41817061908587827,,,,,,NORMAL,True,True,True,True,False,False,False,True,False,,,,
355df1275c6bb96770a9f5a1,AUXILIARY_SIMULATED_SEQUENCE,Module_12_CrossDomain,sklearn_fixture,a8f87e9c543290360692566b136efc8d5d1d5ec80dab71bf0b939a065c4ac0ec,rf_breast_cancer_v1,breast_cancer_wisconsin,classification_breast_cancer,42,sim_unit_27,7,5,2026-09-02T20:45:00Z,1.1.0,51e186f20a1e7e28,SAMPLE_PREDICTION_ERROR,prediction_error == 1 when model prediction != true target,model_prediction_versus_ground_truth,False,1,1,True,0,1.0,0.15,0.08,0.575,0.575,0.41817061908587827,,,,,,NORMAL,True,True,True,True,False,False,False,True,False,,,,
a0c60b2562a4f72209e9f02b,AUXILIARY_SIMULATED_SEQUENCE,Module_12_CrossDomain,sklearn_fixture,a8f87e9c543290360692566b136efc8d5d1d5ec80dab71bf0b939a065c4ac0ec,rf_breast_cancer_v1,breast_cancer_wisconsin,classification_breast_cancer,42,sim_unit_27,8,5,2026-09-02T20:45:00Z,1.1.0,51e186f20a1e7e28,SAMPLE_PREDICTION_ERROR,prediction_error == 1 when model prediction != true target,model_prediction_versus_ground_truth,False,1,1,True,0,1.0,0.15,0.08,0.575,0.575,0.41817061908587827,,,,,,NORMAL,True,True,True,True,False,False,False,True,False,,,,
50388e6f09d3e4c2952a66ca,AUXILIARY_SIMULATED_SEQUENCE,Module_12_CrossDomain,sklearn_fixture,a8f87e9c543290360692566b136efc8d5d1d5ec80dab71bf0b939a065c4ac0ec,rf_breast_cancer_v1,breast_cancer_wisconsin,classification_breast_cancer,42,sim_unit_27,9,5,2026-09-02T20:45:00Z,1.1.0,51e186f20a1e7e28,SAMPLE_PREDICTION_ERROR,prediction_error == 1 when model prediction != true target,model_prediction_versus_ground_truth,False,1,1,True,0,0.9384893677979482,0.15,0.08,0.5442446838989741,0.5442446838989741,0.38924706203879883,,,,,,NORMAL,True,True,True,True,False,False,False,True,False,,,,
e346a3500f09013524ffb5af,AUXILIARY_SIMULATED_SEQUENCE,Module_12_CrossDomain,sklearn_fixture,a8f87e9c543290360692566b136efc8d5d1d5ec80dab71bf0b939a065c4ac0ec,rf_breast_cancer_v1,breast_cancer_wisconsin,classification_breast_cancer,42,sim_unit_27,10,5,2026-09-02T20:45:00Z,1.1.0,51e186f20a1e7e28,SAMPLE_PREDICTION_ERROR,prediction_error == 1 when model prediction != true target,model_prediction_versus_ground_truth,False,1,1,True,0,0.9271388194749527,0.15,0.08,0.5385694097374764,0.5385694097374764,0.38391100302548997,,,,,,NORMAL,True,True,True,True,False,False,False,True,False,,,,
84f744d7901ded4f19a2038b,AUXILIARY_SIMULATED_SEQUENCE,Module_12_CrossDomain,sklearn_fixture,a8f87e9c543290360692566b136efc8d5d1d5ec80dab71bf0b939a065c4ac0ec,rf_breast_cancer_v1,breast_cancer_wisconsin,classification_breast_cancer,42,sim_unit_27,11,5,2026-09-02T20:45:00Z,1.1.0,51e186f20a1e7e28,SAMPLE_PREDICTION_ERROR,prediction_error == 1 when model prediction != true target,model_prediction_versus_ground_truth,False,1,1,True,0,0.8505226182947307,0.15,0.08,0.5002613091473653,0.5002613091473653,0.3479043680934097,,,,,,NORMAL,True,True,True,True,False,False,False,True,False,,,,
334b5118c2321fa3c65d023e,AUXILIARY_SIMULATED_SEQUENCE,Module_12_CrossDomain,sklearn_fixture,a8f87e9c543290360692566b136efc8d5d1d5ec80dab71bf0b939a065c4ac0ec,rf_breast_cancer_v1,breast_cancer_wisconsin,classification_breast_cancer,42,sim_unit_27,12,5,2026-09-02T20:45:00Z,1.1.0,51e186f20a1e7e28,SAMPLE_PREDICTION_ERROR,prediction_error == 1 when model prediction != true target,model_prediction_versus_ground_truth,False,1,1,True,0,0.38515013705190376,0.15,0.08,0.26757506852595186,0.26757506852595186,0.13051700319129336,,,,,,NORMAL,True,True,True,True,False,False,False,True,False,,,,
602104cd5969ddce2da5b81c,AUXILIARY_SIMULATED_SEQUENCE,Module_12_CrossDomain,sklearn_fixture,a8f87e9c543290360692566b136efc8d5d1d5ec80dab71bf0b939a065c4ac0ec,rf_breast_cancer_v1,breast_cancer_wisconsin,classification_breast_cancer,42,sim_unit_27,13,5,2026-09-02T20:45:00Z,1.1.0,51e186f20a1e7e28,SAMPLE_PREDICTION_ERROR,prediction_error == 1 when model prediction != true target,model_prediction_versus_ground_truth,False,1,1,True,0,1.0,0.15,0.08,0.575,0.575,0.41817061908587827,,,,,,NORMAL,True,True,True,True,False,False,False,True,False,,,,
c4e5a9bc3c251c86e5667a31,AUXILIARY_SIMULATED_SEQUENCE,Module_12_CrossDomain,sklearn_fixture,a8f87e9c543290360692566b136efc8d5d1d5ec80dab71bf0b939a065c4ac0ec,rf_breast_cancer_v1,breast_cancer_wisconsin,classification_breast_cancer,42,sim_unit_27,14,5,2026-09-02T20:45:00Z,1.1.0,51e186f20a1e7e28,SAMPLE_PREDICTION_ERROR,prediction_error == 1 when model prediction != true target,model_prediction_versus_ground_truth,False,1,1,True,0,0.353936129163665,0.15,0.08,0.2519680645818325,0.2519680645818325,0.11620429693691826,,,,,,NORMAL,True,True,True,True,False,False,False,True,False,,,,
4175e850597eb62b7b2215ac,AUXILIARY_SIMULATED_SEQUENCE,Module_12_CrossDomain,sklearn_fixture,a8f87e9c543290360692566b136efc8d5d1d5ec80dab71bf0b939a065c4ac0ec,rf_breast_cancer_v1,breast_cancer_wisconsin,classification_breast_cancer,42,sim_unit_27,15,5,2026-09-02T20:45:00Z,1.1.0,51e186f20a1e7e28,SAMPLE_PREDICTION_ERROR,prediction_error == 1 when model prediction != true target,model_prediction_versus_ground_truth,False,1,1,True,0,1.0,0.15,0.08,0.575,0.575,0.41817061908587827,,,,,,NORMAL,True,True,True,True,False,False,False,True,False,,,,
5ca58f06dde7421b6d8f803f,AUXILIARY_SIMULATED_SEQUENCE,Module_12_CrossDomain,sklearn_fixture,a8f87e9c543290360692566b136efc8d5d1d5ec80dab71bf0b939a065c4ac0ec,rf_breast_cancer_v1,breast_cancer_wisconsin,classification_breast_cancer,42,sim_unit_27,16,5,2026-09-02T20:45:00Z,1.1.0,51e186f20a1e7e28,SAMPLE_PREDICTION_ERROR,prediction_error == 1 when model prediction != true target,model_prediction_versus_ground_truth,False,1,1,True,0,1.0,0.15,0.08,0.575,0.575,0.41817061908587827,,,,,,NORMAL,True,True,True,True,False,False,False,True,False,,,,
7dfc2b42da35daf7d3205440,AUXILIARY_SIMULATED_SEQUENCE,Module_12_CrossDomain,sklearn_fixture,a8f87e9c543290360692566b136efc8d5d1d5ec80dab71bf0b939a065c4ac0ec,rf_breast_cancer_v1,breast_cancer_wisconsin,classification_breast_cancer,42,sim_unit_27,17,5,2026-09-02T20:45:00Z,1.1.0,51e186f20a1e7e28,SAMPLE_PREDICTION_ERROR,prediction_error == 1 when model prediction != true target,model_prediction_versus_ground_truth,False,1,1,True,0,1.0,0.15,0.08,0.575,0.575,0.41817061908587827,,,,,,NORMAL,True,True,True,True,False,False,False,True,False,,,,
9196bfd58a32ec015b92cd7d,AUXILIARY_SIMULATED_SEQUENCE,Module_12_CrossDomain,sklearn_fixture,a8f87e9c543290360692566b136efc8d5d1d5ec80dab71bf0b939a065c4ac0ec,rf_breast_cancer_v1,breast_cancer_wisconsin,classification_breast_cancer,42,sim_unit_27,18,5,2026-09-02T20:45:00Z,1.1.0,51e186f20a1e7e28,SAMPLE_PREDICTION_ERROR,prediction_error == 1 when model prediction != true target,model_prediction_versus_ground_truth,False,1,1,True,0,0.13129981164440466,0.15,0.08,0.14064990582220233,0.14064990582220233,0.029592355843445894,,,,,,NORMAL,True,True,True,True,False,False,False,True,False,,,,
b35f0f210ed92f31f62b0b8b,AUXILIARY_SIMULATED_SEQUENCE,Module_12_CrossDomain,sklearn_fixture,a8f87e9c543290360692566b136efc8d5d1d5ec80dab71bf0b939a065c4ac0ec,rf_breast_cancer_v1,breast_cancer_wisconsin,classification_breast_cancer,42,sim_unit_27,19,5,2026-09-02T20:45:00Z,1.1.0,51e186f20a1e7e28,SAMPLE_PREDICTION_ERROR,prediction_error == 1 when model prediction != true target,model_prediction_versus_ground_truth,False,1,1,True,0,0.742692409226271,0.15,0.08,0.4463462046131355,0.4463462046131355,0.2972738208753675,,,,,,NORMAL,True,True,True,True,False,False,False,True,False,,,,
3bad637d49a723e3a9c1c3e3,AUXILIARY_SIMULATED_SEQUENCE,Module_12_CrossDomain,sklearn_fixture,a8f87e9c543290360692566b136efc8d5d1d5ec80dab71bf0b939a065c4ac0ec,rf_breast_cancer_v1,breast_cancer_wisconsin,classification_breast_cancer,42,sim_unit_28,0,5,2026-09-02T20:45:00Z,1.1.0,51e186f20a1e7e28,SAMPLE_PREDICTION_ERROR,prediction_error == 1 when model prediction != true target,model_prediction_versus_ground_truth,False,1,1,True,0,0.021932590716038237,0.15,0.08,0.08596629535801911,0.08596629535801911,0.052358895393722425,,,,,,NORMAL,True,True,True,True,False,False,False,True,False,,,,
1fb446fff023c35f7318693d,AUXILIARY_SIMULATED_SEQUENCE,Module_12_CrossDomain,sklearn_fixture,a8f87e9c543290360692566b136efc8d5d1d5ec80dab71bf0b939a065c4ac0ec,rf_breast_cancer_v1,breast_cancer_wisconsin,classification_breast_cancer,42,sim_unit_28,1,5,2026-09-02T20:45:00Z,1.1.0,51e186f20a1e7e28,SAMPLE_PREDICTION_ERROR,prediction_error == 1 when model prediction != true target,model_prediction_versus_ground_truth,False,1,1,True,0,0.8306591587294885,0.15,0.08,0.49032957936474425,0.49032957936474425,0.33857316014691197,,,,,,NORMAL,True,True,True,True,False,False,False,True,False,,,,
2cccde8c3a440f752c011dc1,AUXILIARY_SIMULATED_SEQUENCE,Module_12_CrossDomain,sklearn_fixture,a8f87e9c543290360692566b136efc8d5d1d5ec80dab71bf0b939a065c4ac0ec,rf_breast_cancer_v1,breast_cancer_wisconsin,classification_breast_cancer,42,sim_unit_28,2,5,2026-09-02T20:45:00Z,1.1.0,51e186f20a1e7e28,SAMPLE_PREDICTION_ERROR,prediction_error == 1 when model prediction != true target,model_prediction_versus_ground_truth,False,0,0,True,0,0.3100709477315885,0.15,0.08,0.23003547386579426,0.23003547386579426,0.09629546504713747,,,,,,NORMAL,True,True,True,True,False,False,False,True,False,,,,
7b3d28a464ecc7731b8300c6,AUXILIARY_SIMULATED_SEQUENCE,Module_12_CrossDomain,sklearn_fixture,a8f87e9c543290360692566b136efc8d5d1d5ec80dab71bf0b939a065c4ac0ec,rf_breast_cancer_v1,breast_cancer_wisconsin,classification_breast_cancer,42,sim_unit_28,3,5,2026-09-02T20:45:00Z,1.1.0,51e186f20a1e7e28,SAMPLE_PREDICTION_ERROR,prediction_error == 1 when model prediction != true target,model_prediction_versus_ground_truth,False,0,0,True,0,1.0,0.15,0.08,0.575,0.575,0.41817061908587827,,,,,,NORMAL,True,True,True,True,False,False,False,True,False,,,,
e6b7bec330afd6a9e4586fd7,AUXILIARY_SIMULATED_SEQUENCE,Module_12_CrossDomain,sklearn_fixture,a8f87e9c543290360692566b136efc8d5d1d5ec80dab71bf0b939a065c4ac0ec,rf_breast_cancer_v1,breast_cancer_wisconsin,classification_breast_cancer,42,sim_unit_28,4,5,2026-09-02T20:45:00Z,1.1.0,51e186f20a1e7e28,SAMPLE_PREDICTION_ERROR,prediction_error == 1 when model prediction != true target,model_prediction_versus_ground_truth,False,0,0,True,0,1.0,0.15,0.08,0.575,0.575,0.41817061908587827,,,,,,NORMAL,True,True,True,True,False,False,False,True,False,,,,
942f159f88def431bbb20e4e,AUXILIARY_SIMULATED_SEQUENCE,Module_12_CrossDomain,sklearn_fixture,a8f87e9c543290360692566b136efc8d5d1d5ec80dab71bf0b939a065c4ac0ec,rf_breast_cancer_v1,breast_cancer_wisconsin,classification_breast_cancer,42,sim_unit_28,5,5,2026-09-02T20:45:00Z,1.1.0,51e186f20a1e7e28,SAMPLE_PREDICTION_ERROR,prediction_error == 1 when model prediction != true target,model_prediction_versus_ground_truth,False,0,0,True,0,1.0,0.15,0.08,0.575,0.575,0.41817061908587827,,,,,,NORMAL,True,True,True,True,False,False,False,True,False,,,,
fcdfa7843aa22c9665fd8211,AUXILIARY_SIMULATED_SEQUENCE,Module_12_CrossDomain,sklearn_fixture,a8f87e9c543290360692566b136efc8d5d1d5ec80dab71bf0b939a065c4ac0ec,rf_breast_cancer_v1,breast_cancer_wisconsin,classification_breast_cancer,42,sim_unit_28,6,5,2026-09-02T20:45:00Z,1.1.0,51e186f20a1e7e28,SAMPLE_PREDICTION_ERROR,prediction_error == 1 when model prediction != true target,model_prediction_versus_ground_truth,False,0,0,True,0,0.7016648648749434,0.15,0.08,0.4258324324374717,0.4258324324374717,0.2780290407208633,,,,,,NORMAL,True,True,True,True,False,False,False,True,False,,,,
fe5326bb48644c42ad9fba4f,AUXILIARY_SIMULATED_SEQUENCE,Module_12_CrossDomain,sklearn_fixture,a8f87e9c543290360692566b136efc8d5d1d5ec80dab71bf0b939a065c4ac0ec,rf_breast_cancer_v1,breast_cancer_wisconsin,classification_breast_cancer,42,sim_unit_28,7,5,2026-09-02T20:45:00Z,1.1.0,51e186f20a1e7e28,SAMPLE_PREDICTION_ERROR,prediction_error == 1 when model prediction != true target,model_prediction_versus_ground_truth,False,0,0,True,0,1.0,0.15,0.08,0.575,0.575,0.41817061908587827,,,,,,NORMAL,True,True,True,True,False,False,False,True,False,,,,
f3d77aa5e2dba4325404cc0a,AUXILIARY_SIMULATED_SEQUENCE,Module_12_CrossDomain,sklearn_fixture,a8f87e9c543290360692566b136efc8d5d1d5ec80dab71bf0b939a065c4ac0ec,rf_breast_cancer_v1,breast_cancer_wisconsin,classification_breast_cancer,42,sim_unit_28,8,5,2026-09-02T20:45:00Z,1.1.0,51e186f20a1e7e28,SAMPLE_PREDICTION_ERROR,prediction_error == 1 when model prediction != true target,model_prediction_versus_ground_truth,False,1,1,True,0,1.0,0.15,0.08,0.575,0.575,0.41817061908587827,,,,,,NORMAL,True,True,True,True,False,False,False,True,False,,,,
