row_id,source_module,source_artifact_path,source_artifact_hash,model_id,dataset_id,domain_id,seed,trajectory_id,state_index,prediction_horizon,extraction_timestamp,builder_version,config_hash,ood_score,uncertainty_score,drift_score,fused_risk,stress_robust_fused_risk,signal_disagreement,ood_drift_redundancy,stress_robustness,fault_sensitivity,memory_similarity,temporal_failure_probability,early_warning_state,has_ood,has_uncertainty,has_drift,has_fused_risk,has_memory,has_temporal,has_early_warning,has_ground_truth,is_censored,eventual_failure,failure_event_index,failure_within_horizon,states_remaining_before_failure
9336ae8b0c5f1f5fe0ff0c0a,Module_12_CrossDomain,sklearn.datasets.load_breast_cancer,71aa3180a9c8c9abf1e45ef91d8c1dac2592948b3fa58a7da1cc3e16bef8c2df,bc_classifier_v1,breast_cancer_wisconsin,classification_breast_cancer,42,unit_0,0,1,2026-09-02T20:45:00Z,1.0.0,8e7fd68470057c99,0.21921990588634302,0.2,0.1,0.2,0.2,0.0522630002347405,,,,,,NORMAL,True,True,True,True,False,False,False,True,False,1,19,0,19.0
b57643046accff2b34058140,Module_12_CrossDomain,sklearn.datasets.load_breast_cancer,71aa3180a9c8c9abf1e45ef91d8c1dac2592948b3fa58a7da1cc3e16bef8c2df,bc_classifier_v1,breast_cancer_wisconsin,classification_breast_cancer,42,unit_0,0,2,2026-09-02T20:45:00Z,1.0.0,8e7fd68470057c99,0.21921990588634302,0.2,0.1,0.2,0.2,0.0522630002347405,,,,,,NORMAL,True,True,True,True,False,False,False,True,False,1,19,0,19.0
857a365541316fa95c59fb77,Module_12_CrossDomain,sklearn.datasets.load_breast_cancer,71aa3180a9c8c9abf1e45ef91d8c1dac2592948b3fa58a7da1cc3e16bef8c2df,bc_classifier_v1,breast_cancer_wisconsin,classification_breast_cancer,42,unit_0,0,3,2026-09-02T20:45:00Z,1.0.0,8e7fd68470057c99,0.21921990588634302,0.2,0.1,0.2,0.2,0.0522630002347405,,,,,,NORMAL,True,True,True,True,False,False,False,True,False,1,19,0,19.0
87a32c2fcbbe3c84b4d6a671,Module_12_CrossDomain,sklearn.datasets.load_breast_cancer,71aa3180a9c8c9abf1e45ef91d8c1dac2592948b3fa58a7da1cc3e16bef8c2df,bc_classifier_v1,breast_cancer_wisconsin,classification_breast_cancer,42,unit_0,0,5,2026-09-02T20:45:00Z,1.0.0,8e7fd68470057c99,0.21921990588634302,0.2,0.1,0.2,0.2,0.0522630002347405,,,,,,NORMAL,True,True,True,True,False,False,False,True,False,1,19,0,19.0
09edcf9f6b888dbfb6620c98,Module_12_CrossDomain,sklearn.datasets.load_breast_cancer,71aa3180a9c8c9abf1e45ef91d8c1dac2592948b3fa58a7da1cc3e16bef8c2df,bc_classifier_v1,breast_cancer_wisconsin,classification_breast_cancer,42,unit_0,1,1,2026-09-02T20:45:00Z,1.0.0,8e7fd68470057c99,0.36564239474687266,0.2,0.1,0.2,0.2,0.10954617738872198,,,,,,NORMAL,True,True,True,True,False,False,False,True,False,1,19,0,18.0
2b7e694a3bf5a1fdd74f0648,Module_12_CrossDomain,sklearn.datasets.load_breast_cancer,71aa3180a9c8c9abf1e45ef91d8c1dac2592948b3fa58a7da1cc3e16bef8c2df,bc_classifier_v1,breast_cancer_wisconsin,classification_breast_cancer,42,unit_0,1,2,2026-09-02T20:45:00Z,1.0.0,8e7fd68470057c99,0.36564239474687266,0.2,0.1,0.2,0.2,0.10954617738872198,,,,,,NORMAL,True,True,True,True,False,False,False,True,False,1,19,0,18.0
5242ad750b0c766cb3257500,Module_12_CrossDomain,sklearn.datasets.load_breast_cancer,71aa3180a9c8c9abf1e45ef91d8c1dac2592948b3fa58a7da1cc3e16bef8c2df,bc_classifier_v1,breast_cancer_wisconsin,classification_breast_cancer,42,unit_0,1,3,2026-09-02T20:45:00Z,1.0.0,8e7fd68470057c99,0.36564239474687266,0.2,0.1,0.2,0.2,0.10954617738872198,,,,,,NORMAL,True,True,True,True,False,False,False,True,False,1,19,0,18.0
684f1a9f9d6e34f568159a5b,Module_12_CrossDomain,sklearn.datasets.load_breast_cancer,71aa3180a9c8c9abf1e45ef91d8c1dac2592948b3fa58a7da1cc3e16bef8c2df,bc_classifier_v1,breast_cancer_wisconsin,classification_breast_cancer,42,unit_0,1,5,2026-09-02T20:45:00Z,1.0.0,8e7fd68470057c99,0.36564239474687266,0.2,0.1,0.2,0.2,0.10954617738872198,,,,,,NORMAL,True,True,True,True,False,False,False,True,False,1,19,0,18.0
44aacffb88c054b3cb672951,Module_12_CrossDomain,sklearn.datasets.load_breast_cancer,71aa3180a9c8c9abf1e45ef91d8c1dac2592948b3fa58a7da1cc3e16bef8c2df,bc_classifier_v1,breast_cancer_wisconsin,classification_breast_cancer,42,unit_0,2,1,2026-09-02T20:45:00Z,1.0.0,8e7fd68470057c99,0.3156998404068471,0.2,0.1,0.2,0.2,0.08813680919879882,,,,,,NORMAL,True,True,True,True,False,False,False,True,False,1,19,0,17.0
46232d39dc7680773ed40570,Module_12_CrossDomain,sklearn.datasets.load_breast_cancer,71aa3180a9c8c9abf1e45ef91d8c1dac2592948b3fa58a7da1cc3e16bef8c2df,bc_classifier_v1,breast_cancer_wisconsin,classification_breast_cancer,42,unit_0,2,2,2026-09-02T20:45:00Z,1.0.0,8e7fd68470057c99,0.3156998404068471,0.2,0.1,0.2,0.2,0.08813680919879882,,,,,,NORMAL,True,True,True,True,False,False,False,True,False,1,19,0,17.0
ee0c9d4cdefbd67eb61858f4,Module_12_CrossDomain,sklearn.datasets.load_breast_cancer,71aa3180a9c8c9abf1e45ef91d8c1dac2592948b3fa58a7da1cc3e16bef8c2df,bc_classifier_v1,breast_cancer_wisconsin,classification_breast_cancer,42,unit_0,2,3,2026-09-02T20:45:00Z,1.0.0,8e7fd68470057c99,0.3156998404068471,0.2,0.1,0.2,0.2,0.08813680919879882,,,,,,NORMAL,True,True,True,True,False,False,False,True,False,1,19,0,17.0
c2b42351fc3d3dec04864bd2,Module_12_CrossDomain,sklearn.datasets.load_breast_cancer,71aa3180a9c8c9abf1e45ef91d8c1dac2592948b3fa58a7da1cc3e16bef8c2df,bc_classifier_v1,breast_cancer_wisconsin,classification_breast_cancer,42,unit_0,2,5,2026-09-02T20:45:00Z,1.0.0,8e7fd68470057c99,0.3156998404068471,0.2,0.1,0.2,0.2,0.08813680919879882,,,,,,NORMAL,True,True,True,True,False,False,False,True,False,1,19,0,17.0
4ab726d26f8fd6c0c91c78b3,Module_12_CrossDomain,sklearn.datasets.load_breast_cancer,71aa3180a9c8c9abf1e45ef91d8c1dac2592948b3fa58a7da1cc3e16bef8c2df,bc_classifier_v1,breast_cancer_wisconsin,classification_breast_cancer,42,unit_0,3,1,2026-09-02T20:45:00Z,1.0.0,8e7fd68470057c99,0.15364666458407505,0.2,0.1,0.2,0.2,0.04086100603152852,,,,,,NORMAL,True,True,True,True,False,False,False,True,False,1,19,0,16.0
9396c3a590d137ee871df7e3,Module_12_CrossDomain,sklearn.datasets.load_breast_cancer,71aa3180a9c8c9abf1e45ef91d8c1dac2592948b3fa58a7da1cc3e16bef8c2df,bc_classifier_v1,breast_cancer_wisconsin,classification_breast_cancer,42,unit_0,3,2,2026-09-02T20:45:00Z,1.0.0,8e7fd68470057c99,0.15364666458407505,0.2,0.1,0.2,0.2,0.04086100603152852,,,,,,NORMAL,True,True,True,True,False,False,False,True,False,1,19,0,16.0
5809b58ff38acd6309385c1d,Module_12_CrossDomain,sklearn.datasets.load_breast_cancer,71aa3180a9c8c9abf1e45ef91d8c1dac2592948b3fa58a7da1cc3e16bef8c2df,bc_classifier_v1,breast_cancer_wisconsin,classification_breast_cancer,42,unit_0,3,3,2026-09-02T20:45:00Z,1.0.0,8e7fd68470057c99,0.15364666458407505,0.2,0.1,0.2,0.2,0.04086100603152852,,,,,,NORMAL,True,True,True,True,False,False,False,True,False,1,19,0,16.0
08ed4297616d9d43f20ce7ce,Module_12_CrossDomain,sklearn.datasets.load_breast_cancer,71aa3180a9c8c9abf1e45ef91d8c1dac2592948b3fa58a7da1cc3e16bef8c2df,bc_classifier_v1,breast_cancer_wisconsin,classification_breast_cancer,42,unit_0,3,5,2026-09-02T20:45:00Z,1.0.0,8e7fd68470057c99,0.15364666458407505,0.2,0.1,0.2,0.2,0.04086100603152852,,,,,,NORMAL,True,True,True,True,False,False,False,True,False,1,19,0,16.0
bd33009e84662d3ec52d5b8c,Module_12_CrossDomain,sklearn.datasets.load_breast_cancer,71aa3180a9c8c9abf1e45ef91d8c1dac2592948b3fa58a7da1cc3e16bef8c2df,bc_classifier_v1,breast_cancer_wisconsin,classification_breast_cancer,42,unit_0,4,1,2026-09-02T20:45:00Z,1.0.0,8e7fd68470057c99,0.349751582002319,0.2,0.1,0.2,0.2,0.10263278067668587,,,,,,NORMAL,True,True,True,True,False,False,False,True,False,1,19,0,15.0
f1009129ee6c540a547f0995,Module_12_CrossDomain,sklearn.datasets.load_breast_cancer,71aa3180a9c8c9abf1e45ef91d8c1dac2592948b3fa58a7da1cc3e16bef8c2df,bc_classifier_v1,breast_cancer_wisconsin,classification_breast_cancer,42,unit_0,4,2,2026-09-02T20:45:00Z,1.0.0,8e7fd68470057c99,0.349751582002319,0.2,0.1,0.2,0.2,0.10263278067668587,,,,,,NORMAL,True,True,True,True,False,False,False,True,False,1,19,0,15.0
48cd510782258a7fca3f165e,Module_12_CrossDomain,sklearn.datasets.load_breast_cancer,71aa3180a9c8c9abf1e45ef91d8c1dac2592948b3fa58a7da1cc3e16bef8c2df,bc_classifier_v1,breast_cancer_wisconsin,classification_breast_cancer,42,unit_0,4,3,2026-09-02T20:45:00Z,1.0.0,8e7fd68470057c99,0.349751582002319,0.2,0.1,0.2,0.2,0.10263278067668587,,,,,,NORMAL,True,True,True,True,False,False,False,True,False,1,19,0,15.0
4c4186c55e4c9afd06060762,Module_12_CrossDomain,sklearn.datasets.load_breast_cancer,71aa3180a9c8c9abf1e45ef91d8c1dac2592948b3fa58a7da1cc3e16bef8c2df,bc_classifier_v1,breast_cancer_wisconsin,classification_breast_cancer,42,unit_0,4,5,2026-09-02T20:45:00Z,1.0.0,8e7fd68470057c99,0.349751582002319,0.2,0.1,0.2,0.2,0.10263278067668587,,,,,,NORMAL,True,True,True,True,False,False,False,True,False,1,19,0,15.0
65815a25e66879f8b72c555d,Module_12_CrossDomain,sklearn.datasets.load_breast_cancer,71aa3180a9c8c9abf1e45ef91d8c1dac2592948b3fa58a7da1cc3e16bef8c2df,bc_classifier_v1,breast_cancer_wisconsin,classification_breast_cancer,42,unit_0,5,1,2026-09-02T20:45:00Z,1.0.0,8e7fd68470057c99,0.09519117484518153,0.2,0.1,0.2,0.2,0.04831380597453247,,,,,,NORMAL,True,True,True,True,False,False,False,True,False,1,19,0,14.0
7c37f9cdbf857de8b60b02f5,Module_12_CrossDomain,sklearn.datasets.load_breast_cancer,71aa3180a9c8c9abf1e45ef91d8c1dac2592948b3fa58a7da1cc3e16bef8c2df,bc_classifier_v1,breast_cancer_wisconsin,classification_breast_cancer,42,unit_0,5,2,2026-09-02T20:45:00Z,1.0.0,8e7fd68470057c99,0.09519117484518153,0.2,0.1,0.2,0.2,0.04831380597453247,,,,,,NORMAL,True,True,True,True,False,False,False,True,False,1,19,0,14.0
28382b8d15411a75b07edec0,Module_12_CrossDomain,sklearn.datasets.load_breast_cancer,71aa3180a9c8c9abf1e45ef91d8c1dac2592948b3fa58a7da1cc3e16bef8c2df,bc_classifier_v1,breast_cancer_wisconsin,classification_breast_cancer,42,unit_0,5,3,2026-09-02T20:45:00Z,1.0.0,8e7fd68470057c99,0.09519117484518153,0.2,0.1,0.2,0.2,0.04831380597453247,,,,,,NORMAL,True,True,True,True,False,False,False,True,False,1,19,0,14.0
b2e7192e844725b52677099d,Module_12_CrossDomain,sklearn.datasets.load_breast_cancer,71aa3180a9c8c9abf1e45ef91d8c1dac2592948b3fa58a7da1cc3e16bef8c2df,bc_classifier_v1,breast_cancer_wisconsin,classification_breast_cancer,42,unit_0,5,5,2026-09-02T20:45:00Z,1.0.0,8e7fd68470057c99,0.09519117484518153,0.2,0.1,0.2,0.2,0.04831380597453247,,,,,,NORMAL,True,True,True,True,False,False,False,True,False,1,19,0,14.0
ae4b8826d1ce245fc3805a1c,Module_12_CrossDomain,sklearn.datasets.load_breast_cancer,71aa3180a9c8c9abf1e45ef91d8c1dac2592948b3fa58a7da1cc3e16bef8c2df,bc_classifier_v1,breast_cancer_wisconsin,classification_breast_cancer,42,unit_0,6,1,2026-09-02T20:45:00Z,1.0.0,8e7fd68470057c99,0.2339756605777143,0.2,0.1,0.2,0.2,0.05686614218098006,,,,,,NORMAL,True,True,True,True,False,False,False,True,False,1,19,0,13.0
342a52dae6f2d85b202fb18c,Module_12_CrossDomain,sklearn.datasets.load_breast_cancer,71aa3180a9c8c9abf1e45ef91d8c1dac2592948b3fa58a7da1cc3e16bef8c2df,bc_classifier_v1,breast_cancer_wisconsin,classification_breast_cancer,42,unit_0,6,2,2026-09-02T20:45:00Z,1.0.0,8e7fd68470057c99,0.2339756605777143,0.2,0.1,0.2,0.2,0.05686614218098006,,,,,,NORMAL,True,True,True,True,False,False,False,True,False,1,19,0,13.0
f3a4ce5f8ed1609f08ad8b0d,Module_12_CrossDomain,sklearn.datasets.load_breast_cancer,71aa3180a9c8c9abf1e45ef91d8c1dac2592948b3fa58a7da1cc3e16bef8c2df,bc_classifier_v1,breast_cancer_wisconsin,classification_breast_cancer,42,unit_0,6,3,2026-09-02T20:45:00Z,1.0.0,8e7fd68470057c99,0.2339756605777143,0.2,0.1,0.2,0.2,0.05686614218098006,,,,,,NORMAL,True,True,True,True,False,False,False,True,False,1,19,0,13.0
3fa97057bfa094cde3c65504,Module_12_CrossDomain,sklearn.datasets.load_breast_cancer,71aa3180a9c8c9abf1e45ef91d8c1dac2592948b3fa58a7da1cc3e16bef8c2df,bc_classifier_v1,breast_cancer_wisconsin,classification_breast_cancer,42,unit_0,6,5,2026-09-02T20:45:00Z,1.0.0,8e7fd68470057c99,0.2339756605777143,0.2,0.1,0.2,0.2,0.05686614218098006,,,,,,NORMAL,True,True,True,True,False,False,False,True,False,1,19,0,13.0
564b74c7d890b2bd2a00d1d8,Module_12_CrossDomain,sklearn.datasets.load_breast_cancer,71aa3180a9c8c9abf1e45ef91d8c1dac2592948b3fa58a7da1cc3e16bef8c2df,bc_classifier_v1,breast_cancer_wisconsin,classification_breast_cancer,42,unit_0,7,1,2026-09-02T20:45:00Z,1.0.0,8e7fd68470057c99,0.023682517494690285,0.2,0.1,0.2,0.2,0.07219742437154024,,,,,,NORMAL,True,True,True,True,False,False,False,True,False,1,19,0,12.0
cc1bbc028e1727f62913c920,Module_12_CrossDomain,sklearn.datasets.load_breast_cancer,71aa3180a9c8c9abf1e45ef91d8c1dac2592948b3fa58a7da1cc3e16bef8c2df,bc_classifier_v1,breast_cancer_wisconsin,classification_breast_cancer,42,unit_0,7,2,2026-09-02T20:45:00Z,1.0.0,8e7fd68470057c99,0.023682517494690285,0.2,0.1,0.2,0.2,0.07219742437154024,,,,,,NORMAL,True,True,True,True,False,False,False,True,False,1,19,0,12.0
7cb9f42b694089a9f49ee012,Module_12_CrossDomain,sklearn.datasets.load_breast_cancer,71aa3180a9c8c9abf1e45ef91d8c1dac2592948b3fa58a7da1cc3e16bef8c2df,bc_classifier_v1,breast_cancer_wisconsin,classification_breast_cancer,42,unit_0,7,3,2026-09-02T20:45:00Z,1.0.0,8e7fd68470057c99,0.023682517494690285,0.2,0.1,0.2,0.2,0.07219742437154024,,,,,,NORMAL,True,True,True,True,False,False,False,True,False,1,19,0,12.0
a8f37f1db5293e742319873b,Module_12_CrossDomain,sklearn.datasets.load_breast_cancer,71aa3180a9c8c9abf1e45ef91d8c1dac2592948b3fa58a7da1cc3e16bef8c2df,bc_classifier_v1,breast_cancer_wisconsin,classification_breast_cancer,42,unit_0,7,5,2026-09-02T20:45:00Z,1.0.0,8e7fd68470057c99,0.023682517494690285,0.2,0.1,0.2,0.2,0.07219742437154024,,,,,,NORMAL,True,True,True,True,False,False,False,True,False,1,19,0,12.0
b9777f754a2fb8682f9c1c76,Module_12_CrossDomain,sklearn.datasets.load_breast_cancer,71aa3180a9c8c9abf1e45ef91d8c1dac2592948b3fa58a7da1cc3e16bef8c2df,bc_classifier_v1,breast_cancer_wisconsin,classification_breast_cancer,42,unit_0,8,1,2026-09-02T20:45:00Z,1.0.0,8e7fd68470057c99,0.0639770783826655,0.2,0.1,0.2,0.2,0.057542145025445045,,,,,,NORMAL,True,True,True,True,False,False,False,True,False,1,19,0,11.0
0ae81d4cd04be564e6283db5,Module_12_CrossDomain,sklearn.datasets.load_breast_cancer,71aa3180a9c8c9abf1e45ef91d8c1dac2592948b3fa58a7da1cc3e16bef8c2df,bc_classifier_v1,breast_cancer_wisconsin,classification_breast_cancer,42,unit_0,8,2,2026-09-02T20:45:00Z,1.0.0,8e7fd68470057c99,0.0639770783826655,0.2,0.1,0.2,0.2,0.057542145025445045,,,,,,NORMAL,True,True,True,True,False,False,False,True,False,1,19,0,11.0
95f7885de9c6a1285cd52b37,Module_12_CrossDomain,sklearn.datasets.load_breast_cancer,71aa3180a9c8c9abf1e45ef91d8c1dac2592948b3fa58a7da1cc3e16bef8c2df,bc_classifier_v1,breast_cancer_wisconsin,classification_breast_cancer,42,unit_0,8,3,2026-09-02T20:45:00Z,1.0.0,8e7fd68470057c99,0.0639770783826655,0.2,0.1,0.2,0.2,0.057542145025445045,,,,,,NORMAL,True,True,True,True,False,False,False,True,False,1,19,0,11.0
0dae080813278b94a1d89727,Module_12_CrossDomain,sklearn.datasets.load_breast_cancer,71aa3180a9c8c9abf1e45ef91d8c1dac2592948b3fa58a7da1cc3e16bef8c2df,bc_classifier_v1,breast_cancer_wisconsin,classification_breast_cancer,42,unit_0,8,5,2026-09-02T20:45:00Z,1.0.0,8e7fd68470057c99,0.0639770783826655,0.2,0.1,0.2,0.2,0.057542145025445045,,,,,,NORMAL,True,True,True,True,False,False,False,True,False,1,19,0,11.0
f8abc6d69e6e5b5eeb84bab0,Module_12_CrossDomain,sklearn.datasets.load_breast_cancer,71aa3180a9c8c9abf1e45ef91d8c1dac2592948b3fa58a7da1cc3e16bef8c2df,bc_classifier_v1,breast_cancer_wisconsin,classification_breast_cancer,42,unit_0,9,1,2026-09-02T20:45:00Z,1.0.0,8e7fd68470057c99,0.09462364581859024,0.2,0.1,0.2,0.2,0.048457405356376736,,,,,,NORMAL,True,True,True,True,False,False,False,True,False,1,19,0,10.0
213ee13e9267714ceb166873,Module_12_CrossDomain,sklearn.datasets.load_breast_cancer,71aa3180a9c8c9abf1e45ef91d8c1dac2592948b3fa58a7da1cc3e16bef8c2df,bc_classifier_v1,breast_cancer_wisconsin,classification_breast_cancer,42,unit_0,9,2,2026-09-02T20:45:00Z,1.0.0,8e7fd68470057c99,0.09462364581859024,0.2,0.1,0.2,0.2,0.048457405356376736,,,,,,NORMAL,True,True,True,True,False,False,False,True,False,1,19,0,10.0
8e7e940c01d7cf372bc0197f,Module_12_CrossDomain,sklearn.datasets.load_breast_cancer,71aa3180a9c8c9abf1e45ef91d8c1dac2592948b3fa58a7da1cc3e16bef8c2df,bc_classifier_v1,breast_cancer_wisconsin,classification_breast_cancer,42,unit_0,9,3,2026-09-02T20:45:00Z,1.0.0,8e7fd68470057c99,0.09462364581859024,0.2,0.1,0.2,0.2,0.048457405356376736,,,,,,NORMAL,True,True,True,True,False,False,False,True,False,1,19,0,10.0
8f4b4d3467434a61120b3036,Module_12_CrossDomain,sklearn.datasets.load_breast_cancer,71aa3180a9c8c9abf1e45ef91d8c1dac2592948b3fa58a7da1cc3e16bef8c2df,bc_classifier_v1,breast_cancer_wisconsin,classification_breast_cancer,42,unit_0,9,5,2026-09-02T20:45:00Z,1.0.0,8e7fd68470057c99,0.09462364581859024,0.2,0.1,0.2,0.2,0.048457405356376736,,,,,,NORMAL,True,True,True,True,False,False,False,True,False,1,19,0,10.0
ff8204d6a7dd47234d270cda,Module_12_CrossDomain,sklearn.datasets.load_breast_cancer,71aa3180a9c8c9abf1e45ef91d8c1dac2592948b3fa58a7da1cc3e16bef8c2df,bc_classifier_v1,breast_cancer_wisconsin,classification_breast_cancer,42,unit_0,10,1,2026-09-02T20:45:00Z,1.0.0,8e7fd68470057c99,0.10741668764787675,0.2,0.1,0.2,0.2,0.045493194829015655,,,,,,NORMAL,True,True,True,True,False,False,False,True,False,1,19,0,9.0
dfbacc91f36734188586abe7,Module_12_CrossDomain,sklearn.datasets.load_breast_cancer,71aa3180a9c8c9abf1e45ef91d8c1dac2592948b3fa58a7da1cc3e16bef8c2df,bc_classifier_v1,breast_cancer_wisconsin,classification_breast_cancer,42,unit_0,10,2,2026-09-02T20:45:00Z,1.0.0,8e7fd68470057c99,0.10741668764787675,0.2,0.1,0.2,0.2,0.045493194829015655,,,,,,NORMAL,True,True,True,True,False,False,False,True,False,1,19,0,9.0
0b0427696b775df1e211f2e3,Module_12_CrossDomain,sklearn.datasets.load_breast_cancer,71aa3180a9c8c9abf1e45ef91d8c1dac2592948b3fa58a7da1cc3e16bef8c2df,bc_classifier_v1,breast_cancer_wisconsin,classification_breast_cancer,42,unit_0,10,3,2026-09-02T20:45:00Z,1.0.0,8e7fd68470057c99,0.10741668764787675,0.2,0.1,0.2,0.2,0.045493194829015655,,,,,,NORMAL,True,True,True,True,False,False,False,True,False,1,19,0,9.0
b1aee9afd9c2b6c0e6c84558,Module_12_CrossDomain,sklearn.datasets.load_breast_cancer,71aa3180a9c8c9abf1e45ef91d8c1dac2592948b3fa58a7da1cc3e16bef8c2df,bc_classifier_v1,breast_cancer_wisconsin,classification_breast_cancer,42,unit_0,10,5,2026-09-02T20:45:00Z,1.0.0,8e7fd68470057c99,0.10741668764787675,0.2,0.1,0.2,0.2,0.045493194829015655,,,,,,NORMAL,True,True,True,True,False,False,False,True,False,1,19,0,9.0
0fb3b11b0283c92fbe5f4c16,Module_12_CrossDomain,sklearn.datasets.load_breast_cancer,71aa3180a9c8c9abf1e45ef91d8c1dac2592948b3fa58a7da1cc3e16bef8c2df,bc_classifier_v1,breast_cancer_wisconsin,classification_breast_cancer,42,unit_0,11,1,2026-09-02T20:45:00Z,1.0.0,8e7fd68470057c99,0.09379599100968795,0.2,0.1,0.2,0.2,0.04866870001821404,,,,,,NORMAL,True,True,True,True,False,False,False,True,False,1,19,0,8.0
0bdceafb71902d443dc92425,Module_12_CrossDomain,sklearn.datasets.load_breast_cancer,71aa3180a9c8c9abf1e45ef91d8c1dac2592948b3fa58a7da1cc3e16bef8c2df,bc_classifier_v1,breast_cancer_wisconsin,classification_breast_cancer,42,unit_0,11,2,2026-09-02T20:45:00Z,1.0.0,8e7fd68470057c99,0.09379599100968795,0.2,0.1,0.2,0.2,0.04866870001821404,,,,,,NORMAL,True,True,True,True,False,False,False,True,False,1,19,0,8.0
65c7b9b0fd86a42f48a9035d,Module_12_CrossDomain,sklearn.datasets.load_breast_cancer,71aa3180a9c8c9abf1e45ef91d8c1dac2592948b3fa58a7da1cc3e16bef8c2df,bc_classifier_v1,breast_cancer_wisconsin,classification_breast_cancer,42,unit_0,11,3,2026-09-02T20:45:00Z,1.0.0,8e7fd68470057c99,0.09379599100968795,0.2,0.1,0.2,0.2,0.04866870001821404,,,,,,NORMAL,True,True,True,True,False,False,False,True,False,1,19,0,8.0
1f67392e34ed8a470bf713de,Module_12_CrossDomain,sklearn.datasets.load_breast_cancer,71aa3180a9c8c9abf1e45ef91d8c1dac2592948b3fa58a7da1cc3e16bef8c2df,bc_classifier_v1,breast_cancer_wisconsin,classification_breast_cancer,42,unit_0,11,5,2026-09-02T20:45:00Z,1.0.0,8e7fd68470057c99,0.09379599100968795,0.2,0.1,0.2,0.2,0.04866870001821404,,,,,,NORMAL,True,True,True,True,False,False,False,True,False,1,19,0,8.0
1da96c64968f327c613e9e15,Module_12_CrossDomain,sklearn.datasets.load_breast_cancer,71aa3180a9c8c9abf1e45ef91d8c1dac2592948b3fa58a7da1cc3e16bef8c2df,bc_classifier_v1,breast_cancer_wisconsin,classification_breast_cancer,42,unit_0,12,1,2026-09-02T20:45:00Z,1.0.0,8e7fd68470057c99,0.2861883310241048,0.2,0.1,0.2,0.2,0.0760807487799511,,,,,,NORMAL,True,True,True,True,False,False,False,True,False,1,19,0,7.0
9eca3271a1b08c935e531a05,Module_12_CrossDomain,sklearn.datasets.load_breast_cancer,71aa3180a9c8c9abf1e45ef91d8c1dac2592948b3fa58a7da1cc3e16bef8c2df,bc_classifier_v1,breast_cancer_wisconsin,classification_breast_cancer,42,unit_0,12,2,2026-09-02T20:45:00Z,1.0.0,8e7fd68470057c99,0.2861883310241048,0.2,0.1,0.2,0.2,0.0760807487799511,,,,,,NORMAL,True,True,True,True,False,False,False,True,False,1,19,0,7.0
7969c6d028e3e630483c0525,Module_12_CrossDomain,sklearn.datasets.load_breast_cancer,71aa3180a9c8c9abf1e45ef91d8c1dac2592948b3fa58a7da1cc3e16bef8c2df,bc_classifier_v1,breast_cancer_wisconsin,classification_breast_cancer,42,unit_0,12,3,2026-09-02T20:45:00Z,1.0.0,8e7fd68470057c99,0.2861883310241048,0.2,0.1,0.2,0.2,0.0760807487799511,,,,,,NORMAL,True,True,True,True,False,False,False,True,False,1,19,0,7.0
475b76548e818d81070a8a5d,Module_12_CrossDomain,sklearn.datasets.load_breast_cancer,71aa3180a9c8c9abf1e45ef91d8c1dac2592948b3fa58a7da1cc3e16bef8c2df,bc_classifier_v1,breast_cancer_wisconsin,classification_breast_cancer,42,unit_0,12,5,2026-09-02T20:45:00Z,1.0.0,8e7fd68470057c99,0.2861883310241048,0.2,0.1,0.2,0.2,0.0760807487799511,,,,,,NORMAL,True,True,True,True,False,False,False,True,False,1,19,0,7.0
37d81e59b6fa8f230b622853,Module_12_CrossDomain,sklearn.datasets.load_breast_cancer,71aa3180a9c8c9abf1e45ef91d8c1dac2592948b3fa58a7da1cc3e16bef8c2df,bc_classifier_v1,breast_cancer_wisconsin,classification_breast_cancer,42,unit_0,13,1,2026-09-02T20:45:00Z,1.0.0,8e7fd68470057c99,0.09776869419582637,0.2,0.1,0.2,0.2,0.04767507922503259,,,,,,NORMAL,True,True,True,True,False,False,False,True,False,1,19,0,6.0
a63c1767125ce318a3a6105e,Module_12_CrossDomain,sklearn.datasets.load_breast_cancer,71aa3180a9c8c9abf1e45ef91d8c1dac2592948b3fa58a7da1cc3e16bef8c2df,bc_classifier_v1,breast_cancer_wisconsin,classification_breast_cancer,42,unit_0,13,2,2026-09-02T20:45:00Z,1.0.0,8e7fd68470057c99,0.09776869419582637,0.2,0.1,0.2,0.2,0.04767507922503259,,,,,,NORMAL,True,True,True,True,False,False,False,True,False,1,19,0,6.0
094117974949e6c0fa1445d4,Module_12_CrossDomain,sklearn.datasets.load_breast_cancer,71aa3180a9c8c9abf1e45ef91d8c1dac2592948b3fa58a7da1cc3e16bef8c2df,bc_classifier_v1,breast_cancer_wisconsin,classification_breast_cancer,42,unit_0,13,3,2026-09-02T20:45:00Z,1.0.0,8e7fd68470057c99,0.09776869419582637,0.2,0.1,0.2,0.2,0.04767507922503259,,,,,,NORMAL,True,True,True,True,False,False,False,True,False,1,19,0,6.0
e27d2e857292d2ac1cb54e56,Module_12_CrossDomain,sklearn.datasets.load_breast_cancer,71aa3180a9c8c9abf1e45ef91d8c1dac2592948b3fa58a7da1cc3e16bef8c2df,bc_classifier_v1,breast_cancer_wisconsin,classification_breast_cancer,42,unit_0,13,5,2026-09-02T20:45:00Z,1.0.0,8e7fd68470057c99,0.09776869419582637,0.2,0.1,0.2,0.2,0.04767507922503259,,,,,,NORMAL,True,True,True,True,False,False,False,True,False,1,19,0,6.0
e1cc22ead2ed16c4235c3000,Module_12_CrossDomain,sklearn.datasets.load_breast_cancer,71aa3180a9c8c9abf1e45ef91d8c1dac2592948b3fa58a7da1cc3e16bef8c2df,bc_classifier_v1,breast_cancer_wisconsin,classification_breast_cancer,42,unit_0,14,1,2026-09-02T20:45:00Z,1.0.0,8e7fd68470057c99,0.022547459441507912,0.2,0.1,0.2,0.2,0.07263936810605921,,,,,,NORMAL,True,True,True,True,False,False,False,True,False,1,19,0,5.0
2fb2e41ef9f8dcdeb9c4df79,Module_12_CrossDomain,sklearn.datasets.load_breast_cancer,71aa3180a9c8c9abf1e45ef91d8c1dac2592948b3fa58a7da1cc3e16bef8c2df,bc_classifier_v1,breast_cancer_wisconsin,classification_breast_cancer,42,unit_0,14,2,2026-09-02T20:45:00Z,1.0.0,8e7fd68470057c99,0.022547459441507912,0.2,0.1,0.2,0.2,0.07263936810605921,,,,,,NORMAL,True,True,True,True,False,False,False,True,False,1,19,0,5.0
7f66ea2b51a52f1e2924a01c,Module_12_CrossDomain,sklearn.datasets.load_breast_cancer,71aa3180a9c8c9abf1e45ef91d8c1dac2592948b3fa58a7da1cc3e16bef8c2df,bc_classifier_v1,breast_cancer_wisconsin,classification_breast_cancer,42,unit_0,14,3,2026-09-02T20:45:00Z,1.0.0,8e7fd68470057c99,0.022547459441507912,0.2,0.1,0.2,0.2,0.07263936810605921,,,,,,NORMAL,True,True,True,True,False,False,False,True,False,1,19,0,5.0
25ebf0dd1c9a0a749b61bd6e,Module_12_CrossDomain,sklearn.datasets.load_breast_cancer,71aa3180a9c8c9abf1e45ef91d8c1dac2592948b3fa58a7da1cc3e16bef8c2df,bc_classifier_v1,breast_cancer_wisconsin,classification_breast_cancer,42,unit_0,14,5,2026-09-02T20:45:00Z,1.0.0,8e7fd68470057c99,0.022547459441507912,0.2,0.1,0.2,0.2,0.07263936810605921,,,,,,NORMAL,True,True,True,True,False,False,False,True,False,1,19,1,5.0
3e0c3885ef7907634cee0c15,Module_12_CrossDomain,sklearn.datasets.load_breast_cancer,71aa3180a9c8c9abf1e45ef91d8c1dac2592948b3fa58a7da1cc3e16bef8c2df,bc_classifier_v1,breast_cancer_wisconsin,classification_breast_cancer,42,unit_0,15,1,2026-09-02T20:45:00Z,1.0.0,8e7fd68470057c99,0.023422391712379188,0.2,0.1,0.2,0.2,0.07229859522196722,,,,,,NORMAL,True,True,True,True,False,False,False,True,False,1,19,0,4.0
d0cb6a3645db7ba9d6d5df7a,Module_12_CrossDomain,sklearn.datasets.load_breast_cancer,71aa3180a9c8c9abf1e45ef91d8c1dac2592948b3fa58a7da1cc3e16bef8c2df,bc_classifier_v1,breast_cancer_wisconsin,classification_breast_cancer,42,unit_0,15,2,2026-09-02T20:45:00Z,1.0.0,8e7fd68470057c99,0.023422391712379188,0.2,0.1,0.2,0.2,0.07229859522196722,,,,,,NORMAL,True,True,True,True,False,False,False,True,False,1,19,0,4.0
acb1dcd658ac34d7bac5d81c,Module_12_CrossDomain,sklearn.datasets.load_breast_cancer,71aa3180a9c8c9abf1e45ef91d8c1dac2592948b3fa58a7da1cc3e16bef8c2df,bc_classifier_v1,breast_cancer_wisconsin,classification_breast_cancer,42,unit_0,15,3,2026-09-02T20:45:00Z,1.0.0,8e7fd68470057c99,0.023422391712379188,0.2,0.1,0.2,0.2,0.07229859522196722,,,,,,NORMAL,True,True,True,True,False,False,False,True,False,1,19,0,4.0
381bf5e52b4b37fa53530cdb,Module_12_CrossDomain,sklearn.datasets.load_breast_cancer,71aa3180a9c8c9abf1e45ef91d8c1dac2592948b3fa58a7da1cc3e16bef8c2df,bc_classifier_v1,breast_cancer_wisconsin,classification_breast_cancer,42,unit_0,15,5,2026-09-02T20:45:00Z,1.0.0,8e7fd68470057c99,0.023422391712379188,0.2,0.1,0.2,0.2,0.07229859522196722,,,,,,NORMAL,True,True,True,True,False,False,False,True,False,1,19,1,4.0
720986d0a36e6c3bf3d64e9a,Module_12_CrossDomain,sklearn.datasets.load_breast_cancer,71aa3180a9c8c9abf1e45ef91d8c1dac2592948b3fa58a7da1cc3e16bef8c2df,bc_classifier_v1,breast_cancer_wisconsin,classification_breast_cancer,42,unit_0,16,1,2026-09-02T20:45:00Z,1.0.0,8e7fd68470057c99,0.031367798084656014,0.2,0.1,0.2,0.2,0.06923967926506841,,,,,,NORMAL,True,True,True,True,False,False,False,True,False,1,19,0,3.0
61c3d9081ab796cd12d026f4,Module_12_CrossDomain,sklearn.datasets.load_breast_cancer,71aa3180a9c8c9abf1e45ef91d8c1dac2592948b3fa58a7da1cc3e16bef8c2df,bc_classifier_v1,breast_cancer_wisconsin,classification_breast_cancer,42,unit_0,16,2,2026-09-02T20:45:00Z,1.0.0,8e7fd68470057c99,0.031367798084656014,0.2,0.1,0.2,0.2,0.06923967926506841,,,,,,NORMAL,True,True,True,True,False,False,False,True,False,1,19,0,3.0
738a70be4d6d782bed5b2dbe,Module_12_CrossDomain,sklearn.datasets.load_breast_cancer,71aa3180a9c8c9abf1e45ef91d8c1dac2592948b3fa58a7da1cc3e16bef8c2df,bc_classifier_v1,breast_cancer_wisconsin,classification_breast_cancer,42,unit_0,16,3,2026-09-02T20:45:00Z,1.0.0,8e7fd68470057c99,0.031367798084656014,0.2,0.1,0.2,0.2,0.06923967926506841,,,,,,NORMAL,True,True,True,True,False,False,False,True,False,1,19,1,3.0
20c97feeb60b2218cd38c865,Module_12_CrossDomain,sklearn.datasets.load_breast_cancer,71aa3180a9c8c9abf1e45ef91d8c1dac2592948b3fa58a7da1cc3e16bef8c2df,bc_classifier_v1,breast_cancer_wisconsin,classification_breast_cancer,42,unit_0,16,5,2026-09-02T20:45:00Z,1.0.0,8e7fd68470057c99,0.031367798084656014,0.2,0.1,0.2,0.2,0.06923967926506841,,,,,,NORMAL,True,True,True,True,False,False,False,True,False,1,19,1,3.0
75c516965519749b6096ef12,Module_12_CrossDomain,sklearn.datasets.load_breast_cancer,71aa3180a9c8c9abf1e45ef91d8c1dac2592948b3fa58a7da1cc3e16bef8c2df,bc_classifier_v1,breast_cancer_wisconsin,classification_breast_cancer,42,unit_0,17,1,2026-09-02T20:45:00Z,1.0.0,8e7fd68470057c99,0.11365950694037992,0.2,0.1,0.2,0.2,0.04427347195635653,,,,,,NORMAL,True,True,True,True,False,False,False,True,False,1,19,0,2.0
104930ce3a3878adb7f0f121,Module_12_CrossDomain,sklearn.datasets.load_breast_cancer,71aa3180a9c8c9abf1e45ef91d8c1dac2592948b3fa58a7da1cc3e16bef8c2df,bc_classifier_v1,breast_cancer_wisconsin,classification_breast_cancer,42,unit_0,17,2,2026-09-02T20:45:00Z,1.0.0,8e7fd68470057c99,0.11365950694037992,0.2,0.1,0.2,0.2,0.04427347195635653,,,,,,NORMAL,True,True,True,True,False,False,False,True,False,1,19,1,2.0
2bc6e0c1c81e374421a58cc7,Module_12_CrossDomain,sklearn.datasets.load_breast_cancer,71aa3180a9c8c9abf1e45ef91d8c1dac2592948b3fa58a7da1cc3e16bef8c2df,bc_classifier_v1,breast_cancer_wisconsin,classification_breast_cancer,42,unit_0,17,3,2026-09-02T20:45:00Z,1.0.0,8e7fd68470057c99,0.11365950694037992,0.2,0.1,0.2,0.2,0.04427347195635653,,,,,,NORMAL,True,True,True,True,False,False,False,True,False,1,19,1,2.0
d1c93f73f67e0c24dae0a1d6,Module_12_CrossDomain,sklearn.datasets.load_breast_cancer,71aa3180a9c8c9abf1e45ef91d8c1dac2592948b3fa58a7da1cc3e16bef8c2df,bc_classifier_v1,breast_cancer_wisconsin,classification_breast_cancer,42,unit_0,17,5,2026-09-02T20:45:00Z,1.0.0,8e7fd68470057c99,0.11365950694037992,0.2,0.1,0.2,0.2,0.04427347195635653,,,,,,NORMAL,True,True,True,True,False,False,False,True,False,1,19,1,2.0
512d79f4777196462b8ce65e,Module_12_CrossDomain,sklearn.datasets.load_breast_cancer,71aa3180a9c8c9abf1e45ef91d8c1dac2592948b3fa58a7da1cc3e16bef8c2df,bc_classifier_v1,breast_cancer_wisconsin,classification_breast_cancer,42,unit_0,18,1,2026-09-02T20:45:00Z,1.0.0,8e7fd68470057c99,0.3225101887259414,0.2,0.1,0.2,0.2,0.09099421863718096,,,,,,NORMAL,True,True,True,True,False,False,False,True,False,1,19,1,1.0
30cb0f630f77ee680e3d22bd,Module_12_CrossDomain,sklearn.datasets.load_breast_cancer,71aa3180a9c8c9abf1e45ef91d8c1dac2592948b3fa58a7da1cc3e16bef8c2df,bc_classifier_v1,breast_cancer_wisconsin,classification_breast_cancer,42,unit_0,18,2,2026-09-02T20:45:00Z,1.0.0,8e7fd68470057c99,0.3225101887259414,0.2,0.1,0.2,0.2,0.09099421863718096,,,,,,NORMAL,True,True,True,True,False,False,False,True,False,1,19,1,1.0
f5c464752dd4f5ae33e81bfa,Module_12_CrossDomain,sklearn.datasets.load_breast_cancer,71aa3180a9c8c9abf1e45ef91d8c1dac2592948b3fa58a7da1cc3e16bef8c2df,bc_classifier_v1,breast_cancer_wisconsin,classification_breast_cancer,42,unit_0,18,3,2026-09-02T20:45:00Z,1.0.0,8e7fd68470057c99,0.3225101887259414,0.2,0.1,0.2,0.2,0.09099421863718096,,,,,,NORMAL,True,True,True,True,False,False,False,True,False,1,19,1,1.0
111c86bfef4f201d94b21161,Module_12_CrossDomain,sklearn.datasets.load_breast_cancer,71aa3180a9c8c9abf1e45ef91d8c1dac2592948b3fa58a7da1cc3e16bef8c2df,bc_classifier_v1,breast_cancer_wisconsin,classification_breast_cancer,42,unit_0,18,5,2026-09-02T20:45:00Z,1.0.0,8e7fd68470057c99,0.3225101887259414,0.2,0.1,0.2,0.2,0.09099421863718096,,,,,,NORMAL,True,True,True,True,False,False,False,True,False,1,19,1,1.0
869e8b9b391e50b1069e5f27,Module_12_CrossDomain,sklearn.datasets.load_breast_cancer,71aa3180a9c8c9abf1e45ef91d8c1dac2592948b3fa58a7da1cc3e16bef8c2df,bc_classifier_v1,breast_cancer_wisconsin,classification_breast_cancer,42,unit_0,19,1,2026-09-02T20:45:00Z,1.0.0,8e7fd68470057c99,0.03333051094674078,0.2,0.1,0.2,0.2,0.06849455724678434,,,,,,NORMAL,True,True,True,True,False,False,False,True,False,1,19,0,0.0
f2ca923af2394f0b225b8246,Module_12_CrossDomain,sklearn.datasets.load_breast_cancer,71aa3180a9c8c9abf1e45ef91d8c1dac2592948b3fa58a7da1cc3e16bef8c2df,bc_classifier_v1,breast_cancer_wisconsin,classification_breast_cancer,42,unit_0,19,2,2026-09-02T20:45:00Z,1.0.0,8e7fd68470057c99,0.03333051094674078,0.2,0.1,0.2,0.2,0.06849455724678434,,,,,,NORMAL,True,True,True,True,False,False,False,True,False,1,19,0,0.0
841f7a2471d11d46696d584d,Module_12_CrossDomain,sklearn.datasets.load_breast_cancer,71aa3180a9c8c9abf1e45ef91d8c1dac2592948b3fa58a7da1cc3e16bef8c2df,bc_classifier_v1,breast_cancer_wisconsin,classification_breast_cancer,42,unit_0,19,3,2026-09-02T20:45:00Z,1.0.0,8e7fd68470057c99,0.03333051094674078,0.2,0.1,0.2,0.2,0.06849455724678434,,,,,,NORMAL,True,True,True,True,False,False,False,True,False,1,19,0,0.0
7e5b4c541e536d0461ae1c61,Module_12_CrossDomain,sklearn.datasets.load_breast_cancer,71aa3180a9c8c9abf1e45ef91d8c1dac2592948b3fa58a7da1cc3e16bef8c2df,bc_classifier_v1,breast_cancer_wisconsin,classification_breast_cancer,42,unit_0,19,5,2026-09-02T20:45:00Z,1.0.0,8e7fd68470057c99,0.03333051094674078,0.2,0.1,0.2,0.2,0.06849455724678434,,,,,,NORMAL,True,True,True,True,False,False,False,True,False,1,19,0,0.0
b8306ad3b98d21ddf65f3259,Module_12_CrossDomain,sklearn.datasets.load_breast_cancer,71aa3180a9c8c9abf1e45ef91d8c1dac2592948b3fa58a7da1cc3e16bef8c2df,bc_classifier_v1,breast_cancer_wisconsin,classification_breast_cancer,42,unit_1,0,1,2026-09-02T20:45:00Z,1.0.0,8e7fd68470057c99,0.05943684616993591,0.2,0.1,0.2,0.2,0.05906998642222415,,,,,,NORMAL,True,True,True,True,False,False,False,True,False,1,0,1,0.0
a9cf350c09e2251f48d0ad7f,Module_12_CrossDomain,sklearn.datasets.load_breast_cancer,71aa3180a9c8c9abf1e45ef91d8c1dac2592948b3fa58a7da1cc3e16bef8c2df,bc_classifier_v1,breast_cancer_wisconsin,classification_breast_cancer,42,unit_1,0,2,2026-09-02T20:45:00Z,1.0.0,8e7fd68470057c99,0.05943684616993591,0.2,0.1,0.2,0.2,0.05906998642222415,,,,,,NORMAL,True,True,True,True,False,False,False,True,False,1,0,1,0.0
81d3e5c7cae46d17b06e7398,Module_12_CrossDomain,sklearn.datasets.load_breast_cancer,71aa3180a9c8c9abf1e45ef91d8c1dac2592948b3fa58a7da1cc3e16bef8c2df,bc_classifier_v1,breast_cancer_wisconsin,classification_breast_cancer,42,unit_1,0,3,2026-09-02T20:45:00Z,1.0.0,8e7fd68470057c99,0.05943684616993591,0.2,0.1,0.2,0.2,0.05906998642222415,,,,,,NORMAL,True,True,True,True,False,False,False,True,False,1,0,1,0.0
e873635e028494f26d3d4760,Module_12_CrossDomain,sklearn.datasets.load_breast_cancer,71aa3180a9c8c9abf1e45ef91d8c1dac2592948b3fa58a7da1cc3e16bef8c2df,bc_classifier_v1,breast_cancer_wisconsin,classification_breast_cancer,42,unit_1,0,5,2026-09-02T20:45:00Z,1.0.0,8e7fd68470057c99,0.05943684616993591,0.2,0.1,0.2,0.2,0.05906998642222415,,,,,,NORMAL,True,True,True,True,False,False,False,True,False,1,0,1,0.0
27c85cac16f7010a3ca0bf6e,Module_12_CrossDomain,sklearn.datasets.load_breast_cancer,71aa3180a9c8c9abf1e45ef91d8c1dac2592948b3fa58a7da1cc3e16bef8c2df,bc_classifier_v1,breast_cancer_wisconsin,classification_breast_cancer,42,unit_1,1,1,2026-09-02T20:45:00Z,1.0.0,8e7fd68470057c99,0.26238522607894893,0.2,0.1,0.2,0.2,0.06688371175375372,,,,,,NORMAL,True,True,True,True,False,False,False,True,False,1,0,0,
71e79e766d37cc778bd7693f,Module_12_CrossDomain,sklearn.datasets.load_breast_cancer,71aa3180a9c8c9abf1e45ef91d8c1dac2592948b3fa58a7da1cc3e16bef8c2df,bc_classifier_v1,breast_cancer_wisconsin,classification_breast_cancer,42,unit_1,1,2,2026-09-02T20:45:00Z,1.0.0,8e7fd68470057c99,0.26238522607894893,0.2,0.1,0.2,0.2,0.06688371175375372,,,,,,NORMAL,True,True,True,True,False,False,False,True,False,1,0,0,
082e835c205ff65b7b88ad40,Module_12_CrossDomain,sklearn.datasets.load_breast_cancer,71aa3180a9c8c9abf1e45ef91d8c1dac2592948b3fa58a7da1cc3e16bef8c2df,bc_classifier_v1,breast_cancer_wisconsin,classification_breast_cancer,42,unit_1,1,3,2026-09-02T20:45:00Z,1.0.0,8e7fd68470057c99,0.26238522607894893,0.2,0.1,0.2,0.2,0.06688371175375372,,,,,,NORMAL,True,True,True,True,False,False,False,True,False,1,0,0,
536385d2877d90084f489060,Module_12_CrossDomain,sklearn.datasets.load_breast_cancer,71aa3180a9c8c9abf1e45ef91d8c1dac2592948b3fa58a7da1cc3e16bef8c2df,bc_classifier_v1,breast_cancer_wisconsin,classification_breast_cancer,42,unit_1,1,5,2026-09-02T20:45:00Z,1.0.0,8e7fd68470057c99,0.26238522607894893,0.2,0.1,0.2,0.2,0.06688371175375372,,,,,,NORMAL,True,True,True,True,False,False,False,True,False,1,0,0,
5dee9eb4789391fee2559368,Module_12_CrossDomain,sklearn.datasets.load_breast_cancer,71aa3180a9c8c9abf1e45ef91d8c1dac2592948b3fa58a7da1cc3e16bef8c2df,bc_classifier_v1,breast_cancer_wisconsin,classification_breast_cancer,42,unit_1,2,1,2026-09-02T20:45:00Z,1.0.0,8e7fd68470057c99,0.0688247138396752,0.2,0.1,0.2,0.2,0.05595519454232133,,,,,,NORMAL,True,True,True,True,False,False,False,True,False,1,0,0,
68a4b038ff429d155b82c89e,Module_12_CrossDomain,sklearn.datasets.load_breast_cancer,71aa3180a9c8c9abf1e45ef91d8c1dac2592948b3fa58a7da1cc3e16bef8c2df,bc_classifier_v1,breast_cancer_wisconsin,classification_breast_cancer,42,unit_1,2,2,2026-09-02T20:45:00Z,1.0.0,8e7fd68470057c99,0.0688247138396752,0.2,0.1,0.2,0.2,0.05595519454232133,,,,,,NORMAL,True,True,True,True,False,False,False,True,False,1,0,0,
4607a0f2b646f46b5e152bf4,Module_12_CrossDomain,sklearn.datasets.load_breast_cancer,71aa3180a9c8c9abf1e45ef91d8c1dac2592948b3fa58a7da1cc3e16bef8c2df,bc_classifier_v1,breast_cancer_wisconsin,classification_breast_cancer,42,unit_1,2,3,2026-09-02T20:45:00Z,1.0.0,8e7fd68470057c99,0.0688247138396752,0.2,0.1,0.2,0.2,0.05595519454232133,,,,,,NORMAL,True,True,True,True,False,False,False,True,False,1,0,0,
a3c4f422e258e1512e0f7810,Module_12_CrossDomain,sklearn.datasets.load_breast_cancer,71aa3180a9c8c9abf1e45ef91d8c1dac2592948b3fa58a7da1cc3e16bef8c2df,bc_classifier_v1,breast_cancer_wisconsin,classification_breast_cancer,42,unit_1,2,5,2026-09-02T20:45:00Z,1.0.0,8e7fd68470057c99,0.0688247138396752,0.2,0.1,0.2,0.2,0.05595519454232133,,,,,,NORMAL,True,True,True,True,False,False,False,True,False,1,0,0,
3fe60659c411132270eaa05a,Module_12_CrossDomain,sklearn.datasets.load_breast_cancer,71aa3180a9c8c9abf1e45ef91d8c1dac2592948b3fa58a7da1cc3e16bef8c2df,bc_classifier_v1,breast_cancer_wisconsin,classification_breast_cancer,42,unit_1,3,1,2026-09-02T20:45:00Z,1.0.0,8e7fd68470057c99,0.39912660731575345,0.2,0.1,0.2,0.2,0.12433294590883125,,,,,,NORMAL,True,True,True,True,False,False,False,True,False,1,0,0,
7e96f73a10ce805460b60a2b,Module_12_CrossDomain,sklearn.datasets.load_breast_cancer,71aa3180a9c8c9abf1e45ef91d8c1dac2592948b3fa58a7da1cc3e16bef8c2df,bc_classifier_v1,breast_cancer_wisconsin,classification_breast_cancer,42,unit_1,3,2,2026-09-02T20:45:00Z,1.0.0,8e7fd68470057c99,0.39912660731575345,0.2,0.1,0.2,0.2,0.12433294590883125,,,,,,NORMAL,True,True,True,True,False,False,False,True,False,1,0,0,
787e0f45dd1a3a95cc5c2c8d,Module_12_CrossDomain,sklearn.datasets.load_breast_cancer,71aa3180a9c8c9abf1e45ef91d8c1dac2592948b3fa58a7da1cc3e16bef8c2df,bc_classifier_v1,breast_cancer_wisconsin,classification_breast_cancer,42,unit_1,3,3,2026-09-02T20:45:00Z,1.0.0,8e7fd68470057c99,0.39912660731575345,0.2,0.1,0.2,0.2,0.12433294590883125,,,,,,NORMAL,True,True,True,True,False,False,False,True,False,1,0,0,
bdd74373fcf6f00348e9ff5b,Module_12_CrossDomain,sklearn.datasets.load_breast_cancer,71aa3180a9c8c9abf1e45ef91d8c1dac2592948b3fa58a7da1cc3e16bef8c2df,bc_classifier_v1,breast_cancer_wisconsin,classification_breast_cancer,42,unit_1,3,5,2026-09-02T20:45:00Z,1.0.0,8e7fd68470057c99,0.39912660731575345,0.2,0.1,0.2,0.2,0.12433294590883125,,,,,,NORMAL,True,True,True,True,False,False,False,True,False,1,0,0,
ca1aa139123768706d9e078b,Module_12_CrossDomain,sklearn.datasets.load_breast_cancer,71aa3180a9c8c9abf1e45ef91d8c1dac2592948b3fa58a7da1cc3e16bef8c2df,bc_classifier_v1,breast_cancer_wisconsin,classification_breast_cancer,42,unit_1,4,1,2026-09-02T20:45:00Z,1.0.0,8e7fd68470057c99,0.1431710163231223,0.2,0.1,0.2,0.2,0.04095155679596473,,,,,,NORMAL,True,True,True,True,False,False,False,True,False,1,0,0,
41095bb182624af8c28833d7,Module_12_CrossDomain,sklearn.datasets.load_breast_cancer,71aa3180a9c8c9abf1e45ef91d8c1dac2592948b3fa58a7da1cc3e16bef8c2df,bc_classifier_v1,breast_cancer_wisconsin,classification_breast_cancer,42,unit_1,4,2,2026-09-02T20:45:00Z,1.0.0,8e7fd68470057c99,0.1431710163231223,0.2,0.1,0.2,0.2,0.04095155679596473,,,,,,NORMAL,True,True,True,True,False,False,False,True,False,1,0,0,
9e5a93c7bdfa7933ff15e1b3,Module_12_CrossDomain,sklearn.datasets.load_breast_cancer,71aa3180a9c8c9abf1e45ef91d8c1dac2592948b3fa58a7da1cc3e16bef8c2df,bc_classifier_v1,breast_cancer_wisconsin,classification_breast_cancer,42,unit_1,4,3,2026-09-02T20:45:00Z,1.0.0,8e7fd68470057c99,0.1431710163231223,0.2,0.1,0.2,0.2,0.04095155679596473,,,,,,NORMAL,True,True,True,True,False,False,False,True,False,1,0,0,
9fd785f4d85fdacb0c44adda,Module_12_CrossDomain,sklearn.datasets.load_breast_cancer,71aa3180a9c8c9abf1e45ef91d8c1dac2592948b3fa58a7da1cc3e16bef8c2df,bc_classifier_v1,breast_cancer_wisconsin,classification_breast_cancer,42,unit_1,4,5,2026-09-02T20:45:00Z,1.0.0,8e7fd68470057c99,0.1431710163231223,0.2,0.1,0.2,0.2,0.04095155679596473,,,,,,NORMAL,True,True,True,True,False,False,False,True,False,1,0,0,
ce3ab552758d923ef887cb18,Module_12_CrossDomain,sklearn.datasets.load_breast_cancer,71aa3180a9c8c9abf1e45ef91d8c1dac2592948b3fa58a7da1cc3e16bef8c2df,bc_classifier_v1,breast_cancer_wisconsin,classification_breast_cancer,42,unit_1,5,1,2026-09-02T20:45:00Z,1.0.0,8e7fd68470057c99,0.17097993862609118,0.2,0.1,0.2,0.2,0.04200570814320505,,,,,,NORMAL,True,True,True,True,False,False,False,True,False,1,0,0,
07dc7539e7d413661cc081b0,Module_12_CrossDomain,sklearn.datasets.load_breast_cancer,71aa3180a9c8c9abf1e45ef91d8c1dac2592948b3fa58a7da1cc3e16bef8c2df,bc_classifier_v1,breast_cancer_wisconsin,classification_breast_cancer,42,unit_1,5,2,2026-09-02T20:45:00Z,1.0.0,8e7fd68470057c99,0.17097993862609118,0.2,0.1,0.2,0.2,0.04200570814320505,,,,,,NORMAL,True,True,True,True,False,False,False,True,False,1,0,0,
b6350ac50173f52bf8d29674,Module_12_CrossDomain,sklearn.datasets.load_breast_cancer,71aa3180a9c8c9abf1e45ef91d8c1dac2592948b3fa58a7da1cc3e16bef8c2df,bc_classifier_v1,breast_cancer_wisconsin,classification_breast_cancer,42,unit_1,5,3,2026-09-02T20:45:00Z,1.0.0,8e7fd68470057c99,0.17097993862609118,0.2,0.1,0.2,0.2,0.04200570814320505,,,,,,NORMAL,True,True,True,True,False,False,False,True,False,1,0,0,
a176d92796447b8d5ed88664,Module_12_CrossDomain,sklearn.datasets.load_breast_cancer,71aa3180a9c8c9abf1e45ef91d8c1dac2592948b3fa58a7da1cc3e16bef8c2df,bc_classifier_v1,breast_cancer_wisconsin,classification_breast_cancer,42,unit_1,5,5,2026-09-02T20:45:00Z,1.0.0,8e7fd68470057c99,0.17097993862609118,0.2,0.1,0.2,0.2,0.04200570814320505,,,,,,NORMAL,True,True,True,True,False,False,False,True,False,1,0,0,
8b86085439ec29f003c04d41,Module_12_CrossDomain,sklearn.datasets.load_breast_cancer,71aa3180a9c8c9abf1e45ef91d8c1dac2592948b3fa58a7da1cc3e16bef8c2df,bc_classifier_v1,breast_cancer_wisconsin,classification_breast_cancer,42,unit_1,6,1,2026-09-02T20:45:00Z,1.0.0,8e7fd68470057c99,0.025692507818744038,0.2,0.1,0.2,0.2,0.07141794454304888,,,,,,NORMAL,True,True,True,True,False,False,False,True,False,1,0,0,
854b332f471f40eec22b36f3,Module_12_CrossDomain,sklearn.datasets.load_breast_cancer,71aa3180a9c8c9abf1e45ef91d8c1dac2592948b3fa58a7da1cc3e16bef8c2df,bc_classifier_v1,breast_cancer_wisconsin,classification_breast_cancer,42,unit_1,6,2,2026-09-02T20:45:00Z,1.0.0,8e7fd68470057c99,0.025692507818744038,0.2,0.1,0.2,0.2,0.07141794454304888,,,,,,NORMAL,True,True,True,True,False,False,False,True,False,1,0,0,
23d9284b3f72b694cfb27a62,Module_12_CrossDomain,sklearn.datasets.load_breast_cancer,71aa3180a9c8c9abf1e45ef91d8c1dac2592948b3fa58a7da1cc3e16bef8c2df,bc_classifier_v1,breast_cancer_wisconsin,classification_breast_cancer,42,unit_1,6,3,2026-09-02T20:45:00Z,1.0.0,8e7fd68470057c99,0.025692507818744038,0.2,0.1,0.2,0.2,0.07141794454304888,,,,,,NORMAL,True,True,True,True,False,False,False,True,False,1,0,0,
911a8520996a7913fe2e7c9a,Module_12_CrossDomain,sklearn.datasets.load_breast_cancer,71aa3180a9c8c9abf1e45ef91d8c1dac2592948b3fa58a7da1cc3e16bef8c2df,bc_classifier_v1,breast_cancer_wisconsin,classification_breast_cancer,42,unit_1,6,5,2026-09-02T20:45:00Z,1.0.0,8e7fd68470057c99,0.025692507818744038,0.2,0.1,0.2,0.2,0.07141794454304888,,,,,,NORMAL,True,True,True,True,False,False,False,True,False,1,0,0,
856d7eb98e1ee2ff33cbd7ff,Module_12_CrossDomain,sklearn.datasets.load_breast_cancer,71aa3180a9c8c9abf1e45ef91d8c1dac2592948b3fa58a7da1cc3e16bef8c2df,bc_classifier_v1,breast_cancer_wisconsin,classification_breast_cancer,42,unit_1,7,1,2026-09-02T20:45:00Z,1.0.0,8e7fd68470057c99,0.25440670553499745,0.2,0.1,0.2,0.2,0.06394574116766959,,,,,,NORMAL,True,True,True,True,False,False,False,True,False,1,0,0,
627ad17465bee6e2cde1378e,Module_12_CrossDomain,sklearn.datasets.load_breast_cancer,71aa3180a9c8c9abf1e45ef91d8c1dac2592948b3fa58a7da1cc3e16bef8c2df,bc_classifier_v1,breast_cancer_wisconsin,classification_breast_cancer,42,unit_1,7,2,2026-09-02T20:45:00Z,1.0.0,8e7fd68470057c99,0.25440670553499745,0.2,0.1,0.2,0.2,0.06394574116766959,,,,,,NORMAL,True,True,True,True,False,False,False,True,False,1,0,0,
93537ce6507d5f53c313a382,Module_12_CrossDomain,sklearn.datasets.load_breast_cancer,71aa3180a9c8c9abf1e45ef91d8c1dac2592948b3fa58a7da1cc3e16bef8c2df,bc_classifier_v1,breast_cancer_wisconsin,classification_breast_cancer,42,unit_1,7,3,2026-09-02T20:45:00Z,1.0.0,8e7fd68470057c99,0.25440670553499745,0.2,0.1,0.2,0.2,0.06394574116766959,,,,,,NORMAL,True,True,True,True,False,False,False,True,False,1,0,0,
78215a452b59da72df5850b1,Module_12_CrossDomain,sklearn.datasets.load_breast_cancer,71aa3180a9c8c9abf1e45ef91d8c1dac2592948b3fa58a7da1cc3e16bef8c2df,bc_classifier_v1,breast_cancer_wisconsin,classification_breast_cancer,42,unit_1,7,5,2026-09-02T20:45:00Z,1.0.0,8e7fd68470057c99,0.25440670553499745,0.2,0.1,0.2,0.2,0.06394574116766959,,,,,,NORMAL,True,True,True,True,False,False,False,True,False,1,0,0,
10c7c63afd67736c679f843e,Module_12_CrossDomain,sklearn.datasets.load_breast_cancer,71aa3180a9c8c9abf1e45ef91d8c1dac2592948b3fa58a7da1cc3e16bef8c2df,bc_classifier_v1,breast_cancer_wisconsin,classification_breast_cancer,42,unit_1,8,1,2026-09-02T20:45:00Z,1.0.0,8e7fd68470057c99,0.06655459773331045,0.2,0.1,0.2,0.2,0.056692416031011175,,,,,,NORMAL,True,True,True,True,False,False,False,True,False,1,0,0,
592535d4c16db87b6f13a7ad,Module_12_CrossDomain,sklearn.datasets.load_breast_cancer,71aa3180a9c8c9abf1e45ef91d8c1dac2592948b3fa58a7da1cc3e16bef8c2df,bc_classifier_v1,breast_cancer_wisconsin,classification_breast_cancer,42,unit_1,8,2,2026-09-02T20:45:00Z,1.0.0,8e7fd68470057c99,0.06655459773331045,0.2,0.1,0.2,0.2,0.056692416031011175,,,,,,NORMAL,True,True,True,True,False,False,False,True,False,1,0,0,
71735d6e3378acb3adfd3941,Module_12_CrossDomain,sklearn.datasets.load_breast_cancer,71aa3180a9c8c9abf1e45ef91d8c1dac2592948b3fa58a7da1cc3e16bef8c2df,bc_classifier_v1,breast_cancer_wisconsin,classification_breast_cancer,42,unit_1,8,3,2026-09-02T20:45:00Z,1.0.0,8e7fd68470057c99,0.06655459773331045,0.2,0.1,0.2,0.2,0.056692416031011175,,,,,,NORMAL,True,True,True,True,False,False,False,True,False,1,0,0,
c5ca8c01308e512c66440dbb,Module_12_CrossDomain,sklearn.datasets.load_breast_cancer,71aa3180a9c8c9abf1e45ef91d8c1dac2592948b3fa58a7da1cc3e16bef8c2df,bc_classifier_v1,breast_cancer_wisconsin,classification_breast_cancer,42,unit_1,8,5,2026-09-02T20:45:00Z,1.0.0,8e7fd68470057c99,0.06655459773331045,0.2,0.1,0.2,0.2,0.056692416031011175,,,,,,NORMAL,True,True,True,True,False,False,False,True,False,1,0,0,
614c3f603bd8d3b9fdc9d63b,Module_12_CrossDomain,sklearn.datasets.load_breast_cancer,71aa3180a9c8c9abf1e45ef91d8c1dac2592948b3fa58a7da1cc3e16bef8c2df,bc_classifier_v1,breast_cancer_wisconsin,classification_breast_cancer,42,unit_1,9,1,2026-09-02T20:45:00Z,1.0.0,8e7fd68470057c99,0.19538368676951273,0.2,0.1,0.2,0.2,0.04609092227999697,,,,,,NORMAL,True,True,True,True,False,False,False,True,False,1,0,0,
e01e4cc355d3783a2f374fc0,Module_12_CrossDomain,sklearn.datasets.load_breast_cancer,71aa3180a9c8c9abf1e45ef91d8c1dac2592948b3fa58a7da1cc3e16bef8c2df,bc_classifier_v1,breast_cancer_wisconsin,classification_breast_cancer,42,unit_1,9,2,2026-09-02T20:45:00Z,1.0.0,8e7fd68470057c99,0.19538368676951273,0.2,0.1,0.2,0.2,0.04609092227999697,,,,,,NORMAL,True,True,True,True,False,False,False,True,False,1,0,0,
7eae05bff1de235dfe0d1ad4,Module_12_CrossDomain,sklearn.datasets.load_breast_cancer,71aa3180a9c8c9abf1e45ef91d8c1dac2592948b3fa58a7da1cc3e16bef8c2df,bc_classifier_v1,breast_cancer_wisconsin,classification_breast_cancer,42,unit_1,9,3,2026-09-02T20:45:00Z,1.0.0,8e7fd68470057c99,0.19538368676951273,0.2,0.1,0.2,0.2,0.04609092227999697,,,,,,NORMAL,True,True,True,True,False,False,False,True,False,1,0,0,
b7473461e56a2c1ee0bc8da9,Module_12_CrossDomain,sklearn.datasets.load_breast_cancer,71aa3180a9c8c9abf1e45ef91d8c1dac2592948b3fa58a7da1cc3e16bef8c2df,bc_classifier_v1,breast_cancer_wisconsin,classification_breast_cancer,42,unit_1,9,5,2026-09-02T20:45:00Z,1.0.0,8e7fd68470057c99,0.19538368676951273,0.2,0.1,0.2,0.2,0.04609092227999697,,,,,,NORMAL,True,True,True,True,False,False,False,True,False,1,0,0,
a7f3698175878513e849dfd8,Module_12_CrossDomain,sklearn.datasets.load_breast_cancer,71aa3180a9c8c9abf1e45ef91d8c1dac2592948b3fa58a7da1cc3e16bef8c2df,bc_classifier_v1,breast_cancer_wisconsin,classification_breast_cancer,42,unit_1,10,1,2026-09-02T20:45:00Z,1.0.0,8e7fd68470057c99,0.2555417635881798,0.2,0.1,0.2,0.2,0.06435848189167236,,,,,,NORMAL,True,True,True,True,False,False,False,True,False,1,0,0,
c4c50a5d04a35a50d0a0f01d,Module_12_CrossDomain,sklearn.datasets.load_breast_cancer,71aa3180a9c8c9abf1e45ef91d8c1dac2592948b3fa58a7da1cc3e16bef8c2df,bc_classifier_v1,breast_cancer_wisconsin,classification_breast_cancer,42,unit_1,10,2,2026-09-02T20:45:00Z,1.0.0,8e7fd68470057c99,0.2555417635881798,0.2,0.1,0.2,0.2,0.06435848189167236,,,,,,NORMAL,True,True,True,True,False,False,False,True,False,1,0,0,
1a035231dd633ca89152431b,Module_12_CrossDomain,sklearn.datasets.load_breast_cancer,71aa3180a9c8c9abf1e45ef91d8c1dac2592948b3fa58a7da1cc3e16bef8c2df,bc_classifier_v1,breast_cancer_wisconsin,classification_breast_cancer,42,unit_1,10,3,2026-09-02T20:45:00Z,1.0.0,8e7fd68470057c99,0.2555417635881798,0.2,0.1,0.2,0.2,0.06435848189167236,,,,,,NORMAL,True,True,True,True,False,False,False,True,False,1,0,0,
3c61cba8a6a3f190ba90d153,Module_12_CrossDomain,sklearn.datasets.load_breast_cancer,71aa3180a9c8c9abf1e45ef91d8c1dac2592948b3fa58a7da1cc3e16bef8c2df,bc_classifier_v1,breast_cancer_wisconsin,classification_breast_cancer,42,unit_1,10,5,2026-09-02T20:45:00Z,1.0.0,8e7fd68470057c99,0.2555417635881798,0.2,0.1,0.2,0.2,0.06435848189167236,,,,,,NORMAL,True,True,True,True,False,False,False,True,False,1,0,0,
93281cc2ce0617a9cf2a3d84,Module_12_CrossDomain,sklearn.datasets.load_breast_cancer,71aa3180a9c8c9abf1e45ef91d8c1dac2592948b3fa58a7da1cc3e16bef8c2df,bc_classifier_v1,breast_cancer_wisconsin,classification_breast_cancer,42,unit_1,11,1,2026-09-02T20:45:00Z,1.0.0,8e7fd68470057c99,0.12981044546724468,0.2,0.1,0.2,0.2,0.041919547580868396,,,,,,NORMAL,True,True,True,True,False,False,False,True,False,1,0,0,
410952fe2336adf746634f63,Module_12_CrossDomain,sklearn.datasets.load_breast_cancer,71aa3180a9c8c9abf1e45ef91d8c1dac2592948b3fa58a7da1cc3e16bef8c2df,bc_classifier_v1,breast_cancer_wisconsin,classification_breast_cancer,42,unit_1,11,2,2026-09-02T20:45:00Z,1.0.0,8e7fd68470057c99,0.12981044546724468,0.2,0.1,0.2,0.2,0.041919547580868396,,,,,,NORMAL,True,True,True,True,False,False,False,True,False,1,0,0,
4c518ee21475cdc37615ee69,Module_12_CrossDomain,sklearn.datasets.load_breast_cancer,71aa3180a9c8c9abf1e45ef91d8c1dac2592948b3fa58a7da1cc3e16bef8c2df,bc_classifier_v1,breast_cancer_wisconsin,classification_breast_cancer,42,unit_1,11,3,2026-09-02T20:45:00Z,1.0.0,8e7fd68470057c99,0.12981044546724468,0.2,0.1,0.2,0.2,0.041919547580868396,,,,,,NORMAL,True,True,True,True,False,False,False,True,False,1,0,0,
1d33882bf2ad5b2286eda32c,Module_12_CrossDomain,sklearn.datasets.load_breast_cancer,71aa3180a9c8c9abf1e45ef91d8c1dac2592948b3fa58a7da1cc3e16bef8c2df,bc_classifier_v1,breast_cancer_wisconsin,classification_breast_cancer,42,unit_1,11,5,2026-09-02T20:45:00Z,1.0.0,8e7fd68470057c99,0.12981044546724468,0.2,0.1,0.2,0.2,0.041919547580868396,,,,,,NORMAL,True,True,True,True,False,False,False,True,False,1,0,0,
71890953f543305ac3d935a8,Module_12_CrossDomain,sklearn.datasets.load_breast_cancer,71aa3180a9c8c9abf1e45ef91d8c1dac2592948b3fa58a7da1cc3e16bef8c2df,bc_classifier_v1,breast_cancer_wisconsin,classification_breast_cancer,42,unit_1,12,1,2026-09-02T20:45:00Z,1.0.0,8e7fd68470057c99,0.1641695903069967,0.2,0.1,0.2,0.2,0.04136766662629197,,,,,,NORMAL,True,True,True,True,False,False,False,True,False,1,0,0,
c3563c0040200b6a83e9f9fd,Module_12_CrossDomain,sklearn.datasets.load_breast_cancer,71aa3180a9c8c9abf1e45ef91d8c1dac2592948b3fa58a7da1cc3e16bef8c2df,bc_classifier_v1,breast_cancer_wisconsin,classification_breast_cancer,42,unit_1,12,2,2026-09-02T20:45:00Z,1.0.0,8e7fd68470057c99,0.1641695903069967,0.2,0.1,0.2,0.2,0.04136766662629197,,,,,,NORMAL,True,True,True,True,False,False,False,True,False,1,0,0,
20b43bb1bbca51c186b68637,Module_12_CrossDomain,sklearn.datasets.load_breast_cancer,71aa3180a9c8c9abf1e45ef91d8c1dac2592948b3fa58a7da1cc3e16bef8c2df,bc_classifier_v1,breast_cancer_wisconsin,classification_breast_cancer,42,unit_1,12,3,2026-09-02T20:45:00Z,1.0.0,8e7fd68470057c99,0.1641695903069967,0.2,0.1,0.2,0.2,0.04136766662629197,,,,,,NORMAL,True,True,True,True,False,False,False,True,False,1,0,0,
58c5fd8cc8a8360520401ad7,Module_12_CrossDomain,sklearn.datasets.load_breast_cancer,71aa3180a9c8c9abf1e45ef91d8c1dac2592948b3fa58a7da1cc3e16bef8c2df,bc_classifier_v1,breast_cancer_wisconsin,classification_breast_cancer,42,unit_1,12,5,2026-09-02T20:45:00Z,1.0.0,8e7fd68470057c99,0.1641695903069967,0.2,0.1,0.2,0.2,0.04136766662629197,,,,,,NORMAL,True,True,True,True,False,False,False,True,False,1,0,1,
2639821e77bf5fc15ad8a8a8,Module_12_CrossDomain,sklearn.datasets.load_breast_cancer,71aa3180a9c8c9abf1e45ef91d8c1dac2592948b3fa58a7da1cc3e16bef8c2df,bc_classifier_v1,breast_cancer_wisconsin,classification_breast_cancer,42,unit_1,13,1,2026-09-02T20:45:00Z,1.0.0,8e7fd68470057c99,0.29186362129001664,0.2,0.1,0.2,0.2,0.07835146888719836,,,,,,NORMAL,True,True,True,True,False,False,False,True,False,1,0,0,
0cd413c25bd4c853045beb9a,Module_12_CrossDomain,sklearn.datasets.load_breast_cancer,71aa3180a9c8c9abf1e45ef91d8c1dac2592948b3fa58a7da1cc3e16bef8c2df,bc_classifier_v1,breast_cancer_wisconsin,classification_breast_cancer,42,unit_1,13,2,2026-09-02T20:45:00Z,1.0.0,8e7fd68470057c99,0.29186362129001664,0.2,0.1,0.2,0.2,0.07835146888719836,,,,,,NORMAL,True,True,True,True,False,False,False,True,False,1,0,0,
4f31fcba0f9d7e65eeb8e199,Module_12_CrossDomain,sklearn.datasets.load_breast_cancer,71aa3180a9c8c9abf1e45ef91d8c1dac2592948b3fa58a7da1cc3e16bef8c2df,bc_classifier_v1,breast_cancer_wisconsin,classification_breast_cancer,42,unit_1,13,3,2026-09-02T20:45:00Z,1.0.0,8e7fd68470057c99,0.29186362129001664,0.2,0.1,0.2,0.2,0.07835146888719836,,,,,,NORMAL,True,True,True,True,False,False,False,True,False,1,0,0,
332e290572388430a15424f6,Module_12_CrossDomain,sklearn.datasets.load_breast_cancer,71aa3180a9c8c9abf1e45ef91d8c1dac2592948b3fa58a7da1cc3e16bef8c2df,bc_classifier_v1,breast_cancer_wisconsin,classification_breast_cancer,42,unit_1,13,5,2026-09-02T20:45:00Z,1.0.0,8e7fd68470057c99,0.29186362129001664,0.2,0.1,0.2,0.2,0.07835146888719836,,,,,,NORMAL,True,True,True,True,False,False,False,True,False,1,0,1,
44565e0dab520f72d8754434,Module_12_CrossDomain,sklearn.datasets.load_breast_cancer,71aa3180a9c8c9abf1e45ef91d8c1dac2592948b3fa58a7da1cc3e16bef8c2df,bc_classifier_v1,breast_cancer_wisconsin,classification_breast_cancer,42,unit_1,14,1,2026-09-02T20:45:00Z,1.0.0,8e7fd68470057c99,0.11365950694037992,0.2,0.1,0.2,0.2,0.04427347195635653,,,,,,NORMAL,True,True,True,True,False,False,False,True,False,1,0,0,
f49834330bc2144ee529ca07,Module_12_CrossDomain,sklearn.datasets.load_breast_cancer,71aa3180a9c8c9abf1e45ef91d8c1dac2592948b3fa58a7da1cc3e16bef8c2df,bc_classifier_v1,breast_cancer_wisconsin,classification_breast_cancer,42,unit_1,14,2,2026-09-02T20:45:00Z,1.0.0,8e7fd68470057c99,0.11365950694037992,0.2,0.1,0.2,0.2,0.04427347195635653,,,,,,NORMAL,True,True,True,True,False,False,False,True,False,1,0,0,
13c873b1765de44b8ecef264,Module_12_CrossDomain,sklearn.datasets.load_breast_cancer,71aa3180a9c8c9abf1e45ef91d8c1dac2592948b3fa58a7da1cc3e16bef8c2df,bc_classifier_v1,breast_cancer_wisconsin,classification_breast_cancer,42,unit_1,14,3,2026-09-02T20:45:00Z,1.0.0,8e7fd68470057c99,0.11365950694037992,0.2,0.1,0.2,0.2,0.04427347195635653,,,,,,NORMAL,True,True,True,True,False,False,False,True,False,1,0,1,
781743e49d61673b75d82f9c,Module_12_CrossDomain,sklearn.datasets.load_breast_cancer,71aa3180a9c8c9abf1e45ef91d8c1dac2592948b3fa58a7da1cc3e16bef8c2df,bc_classifier_v1,breast_cancer_wisconsin,classification_breast_cancer,42,unit_1,14,5,2026-09-02T20:45:00Z,1.0.0,8e7fd68470057c99,0.11365950694037992,0.2,0.1,0.2,0.2,0.04427347195635653,,,,,,NORMAL,True,True,True,True,False,False,False,True,False,1,0,1,
c5de8c1efece0bf4c935d7ed,Module_12_CrossDomain,sklearn.datasets.load_breast_cancer,71aa3180a9c8c9abf1e45ef91d8c1dac2592948b3fa58a7da1cc3e16bef8c2df,bc_classifier_v1,breast_cancer_wisconsin,classification_breast_cancer,42,unit_1,15,1,2026-09-02T20:45:00Z,1.0.0,8e7fd68470057c99,0.14827877756244306,0.2,0.1,0.2,0.2,0.04083289144435606,,,,,,NORMAL,True,True,True,True,False,False,False,True,False,1,0,0,
61da912943c4ec01360b9e87,Module_12_CrossDomain,sklearn.datasets.load_breast_cancer,71aa3180a9c8c9abf1e45ef91d8c1dac2592948b3fa58a7da1cc3e16bef8c2df,bc_classifier_v1,breast_cancer_wisconsin,classification_breast_cancer,42,unit_1,15,2,2026-09-02T20:45:00Z,1.0.0,8e7fd68470057c99,0.14827877756244306,0.2,0.1,0.2,0.2,0.04083289144435606,,,,,,NORMAL,True,True,True,True,False,False,False,True,False,1,0,1,
a8b67cd7ae1bc5ba9f53f218,Module_12_CrossDomain,sklearn.datasets.load_breast_cancer,71aa3180a9c8c9abf1e45ef91d8c1dac2592948b3fa58a7da1cc3e16bef8c2df,bc_classifier_v1,breast_cancer_wisconsin,classification_breast_cancer,42,unit_1,15,3,2026-09-02T20:45:00Z,1.0.0,8e7fd68470057c99,0.14827877756244306,0.2,0.1,0.2,0.2,0.04083289144435606,,,,,,NORMAL,True,True,True,True,False,False,False,True,False,1,0,1,
851660c0a7707f93192a6d38,Module_12_CrossDomain,sklearn.datasets.load_breast_cancer,71aa3180a9c8c9abf1e45ef91d8c1dac2592948b3fa58a7da1cc3e16bef8c2df,bc_classifier_v1,breast_cancer_wisconsin,classification_breast_cancer,42,unit_1,15,5,2026-09-02T20:45:00Z,1.0.0,8e7fd68470057c99,0.14827877756244306,0.2,0.1,0.2,0.2,0.04083289144435606,,,,,,NORMAL,True,True,True,True,False,False,False,True,False,1,0,1,
ff091852e64841497ae1194c,Module_12_CrossDomain,sklearn.datasets.load_breast_cancer,71aa3180a9c8c9abf1e45ef91d8c1dac2592948b3fa58a7da1cc3e16bef8c2df,bc_classifier_v1,breast_cancer_wisconsin,classification_breast_cancer,42,unit_1,16,1,2026-09-02T20:45:00Z,1.0.0,8e7fd68470057c99,0.0069640499412344445,0.2,0.1,0.2,0.2,0.07882368934557354,,,,,,NORMAL,True,True,True,True,False,False,False,True,False,1,0,1,
587fa419ae76550bc121d683,Module_12_CrossDomain,sklearn.datasets.load_breast_cancer,71aa3180a9c8c9abf1e45ef91d8c1dac2592948b3fa58a7da1cc3e16bef8c2df,bc_classifier_v1,breast_cancer_wisconsin,classification_breast_cancer,42,unit_1,16,2,2026-09-02T20:45:00Z,1.0.0,8e7fd68470057c99,0.0069640499412344445,0.2,0.1,0.2,0.2,0.07882368934557354,,,,,,NORMAL,True,True,True,True,False,False,False,True,False,1,0,1,
3eee27dd7f1ea6dcb1d1a6c7,Module_12_CrossDomain,sklearn.datasets.load_breast_cancer,71aa3180a9c8c9abf1e45ef91d8c1dac2592948b3fa58a7da1cc3e16bef8c2df,bc_classifier_v1,breast_cancer_wisconsin,classification_breast_cancer,42,unit_1,16,3,2026-09-02T20:45:00Z,1.0.0,8e7fd68470057c99,0.0069640499412344445,0.2,0.1,0.2,0.2,0.07882368934557354,,,,,,NORMAL,True,True,True,True,False,False,False,True,False,1,0,1,
3846be9988fbd9e7687bb8a2,Module_12_CrossDomain,sklearn.datasets.load_breast_cancer,71aa3180a9c8c9abf1e45ef91d8c1dac2592948b3fa58a7da1cc3e16bef8c2df,bc_classifier_v1,breast_cancer_wisconsin,classification_breast_cancer,42,unit_1,16,5,2026-09-02T20:45:00Z,1.0.0,8e7fd68470057c99,0.0069640499412344445,0.2,0.1,0.2,0.2,0.07882368934557354,,,,,,NORMAL,True,True,True,True,False,False,False,True,False,1,0,1,
903ca436c24a2cf53a723cac,Module_12_CrossDomain,sklearn.datasets.load_breast_cancer,71aa3180a9c8c9abf1e45ef91d8c1dac2592948b3fa58a7da1cc3e16bef8c2df,bc_classifier_v1,breast_cancer_wisconsin,classification_breast_cancer,42,unit_1,17,1,2026-09-02T20:45:00Z,1.0.0,8e7fd68470057c99,0.06227449130289194,0.2,0.1,0.2,0.2,0.058110555316122095,,,,,,NORMAL,True,True,True,True,False,False,False,True,False,1,0,0,
7d7c297749d0dbbc02cda63f,Module_12_CrossDomain,sklearn.datasets.load_breast_cancer,71aa3180a9c8c9abf1e45ef91d8c1dac2592948b3fa58a7da1cc3e16bef8c2df,bc_classifier_v1,breast_cancer_wisconsin,classification_breast_cancer,42,unit_1,17,2,2026-09-02T20:45:00Z,1.0.0,8e7fd68470057c99,0.06227449130289194,0.2,0.1,0.2,0.2,0.058110555316122095,,,,,,NORMAL,True,True,True,True,False,False,False,True,False,1,0,0,
9883d46bc4f14e6dbd068870,Module_12_CrossDomain,sklearn.datasets.load_breast_cancer,71aa3180a9c8c9abf1e45ef91d8c1dac2592948b3fa58a7da1cc3e16bef8c2df,bc_classifier_v1,breast_cancer_wisconsin,classification_breast_cancer,42,unit_1,17,3,2026-09-02T20:45:00Z,1.0.0,8e7fd68470057c99,0.06227449130289194,0.2,0.1,0.2,0.2,0.058110555316122095,,,,,,NORMAL,True,True,True,True,False,False,False,True,False,1,0,0,
d3b8204c62548849480939a1,Module_12_CrossDomain,sklearn.datasets.load_breast_cancer,71aa3180a9c8c9abf1e45ef91d8c1dac2592948b3fa58a7da1cc3e16bef8c2df,bc_classifier_v1,breast_cancer_wisconsin,classification_breast_cancer,42,unit_1,17,5,2026-09-02T20:45:00Z,1.0.0,8e7fd68470057c99,0.06227449130289194,0.2,0.1,0.2,0.2,0.058110555316122095,,,,,,NORMAL,True,True,True,True,False,False,False,True,False,1,0,0,
af3bddc9eb9b92f8cad4a6ce,Module_12_CrossDomain,sklearn.datasets.load_breast_cancer,71aa3180a9c8c9abf1e45ef91d8c1dac2592948b3fa58a7da1cc3e16bef8c2df,bc_classifier_v1,breast_cancer_wisconsin,classification_breast_cancer,42,unit_1,18,1,2026-09-02T20:45:00Z,1.0.0,8e7fd68470057c99,0.04896119790898323,0.2,0.1,0.2,0.2,0.06273195097305795,,,,,,NORMAL,True,True,True,True,False,False,False,True,False,1,0,0,
f62390586a87d5887d705be9,Module_12_CrossDomain,sklearn.datasets.load_breast_cancer,71aa3180a9c8c9abf1e45ef91d8c1dac2592948b3fa58a7da1cc3e16bef8c2df,bc_classifier_v1,breast_cancer_wisconsin,classification_breast_cancer,42,unit_1,18,2,2026-09-02T20:45:00Z,1.0.0,8e7fd68470057c99,0.04896119790898323,0.2,0.1,0.2,0.2,0.06273195097305795,,,,,,NORMAL,True,True,True,True,False,False,False,True,False,1,0,0,
40717afd7e431c6485428af0,Module_12_CrossDomain,sklearn.datasets.load_breast_cancer,71aa3180a9c8c9abf1e45ef91d8c1dac2592948b3fa58a7da1cc3e16bef8c2df,bc_classifier_v1,breast_cancer_wisconsin,classification_breast_cancer,42,unit_1,18,3,2026-09-02T20:45:00Z,1.0.0,8e7fd68470057c99,0.04896119790898323,0.2,0.1,0.2,0.2,0.06273195097305795,,,,,,NORMAL,True,True,True,True,False,False,False,True,False,1,0,0,
0d313561a625dd010409e004,Module_12_CrossDomain,sklearn.datasets.load_breast_cancer,71aa3180a9c8c9abf1e45ef91d8c1dac2592948b3fa58a7da1cc3e16bef8c2df,bc_classifier_v1,breast_cancer_wisconsin,classification_breast_cancer,42,unit_1,18,5,2026-09-02T20:45:00Z,1.0.0,8e7fd68470057c99,0.04896119790898323,0.2,0.1,0.2,0.2,0.06273195097305795,,,,,,NORMAL,True,True,True,True,False,False,False,True,False,1,0,0,
6f0a69a411e5d78178f33d77,Module_12_CrossDomain,sklearn.datasets.load_breast_cancer,71aa3180a9c8c9abf1e45ef91d8c1dac2592948b3fa58a7da1cc3e16bef8c2df,bc_classifier_v1,breast_cancer_wisconsin,classification_breast_cancer,42,unit_1,19,1,2026-09-02T20:45:00Z,1.0.0,8e7fd68470057c99,0.0367356851062879,0.2,0.1,0.2,0.2,0.06721244102486115,,,,,,NORMAL,True,True,True,True,False,False,False,True,False,1,0,0,
eaabdeb0246c55e37b5935fc,Module_12_CrossDomain,sklearn.datasets.load_breast_cancer,71aa3180a9c8c9abf1e45ef91d8c1dac2592948b3fa58a7da1cc3e16bef8c2df,bc_classifier_v1,breast_cancer_wisconsin,classification_breast_cancer,42,unit_1,19,2,2026-09-02T20:45:00Z,1.0.0,8e7fd68470057c99,0.0367356851062879,0.2,0.1,0.2,0.2,0.06721244102486115,,,,,,NORMAL,True,True,True,True,False,False,False,True,False,1,0,0,
2733f68cbbcb40e3df4d701a,Module_12_CrossDomain,sklearn.datasets.load_breast_cancer,71aa3180a9c8c9abf1e45ef91d8c1dac2592948b3fa58a7da1cc3e16bef8c2df,bc_classifier_v1,breast_cancer_wisconsin,classification_breast_cancer,42,unit_1,19,3,2026-09-02T20:45:00Z,1.0.0,8e7fd68470057c99,0.0367356851062879,0.2,0.1,0.2,0.2,0.06721244102486115,,,,,,NORMAL,True,True,True,True,False,False,False,True,False,1,0,0,
efc983f7ec7270d5b9b39a36,Module_12_CrossDomain,sklearn.datasets.load_breast_cancer,71aa3180a9c8c9abf1e45ef91d8c1dac2592948b3fa58a7da1cc3e16bef8c2df,bc_classifier_v1,breast_cancer_wisconsin,classification_breast_cancer,42,unit_1,19,5,2026-09-02T20:45:00Z,1.0.0,8e7fd68470057c99,0.0367356851062879,0.2,0.1,0.2,0.2,0.06721244102486115,,,,,,NORMAL,True,True,True,True,False,False,False,True,False,1,0,0,
1cb16de348543a441971a31a,Module_12_CrossDomain,sklearn.datasets.load_breast_cancer,71aa3180a9c8c9abf1e45ef91d8c1dac2592948b3fa58a7da1cc3e16bef8c2df,bc_classifier_v1,breast_cancer_wisconsin,classification_breast_cancer,42,unit_2,0,1,2026-09-02T20:45:00Z,1.0.0,8e7fd68470057c99,0.03900580121265275,0.2,0.1,0.2,0.2,0.06636550671084952,,,,,,NORMAL,True,True,True,True,False,False,False,True,False,1,6,0,6.0
0ea925f7fecec54635fe2df5,Module_12_CrossDomain,sklearn.datasets.load_breast_cancer,71aa3180a9c8c9abf1e45ef91d8c1dac2592948b3fa58a7da1cc3e16bef8c2df,bc_classifier_v1,breast_cancer_wisconsin,classification_breast_cancer,42,unit_2,0,2,2026-09-02T20:45:00Z,1.0.0,8e7fd68470057c99,0.03900580121265275,0.2,0.1,0.2,0.2,0.06636550671084952,,,,,,NORMAL,True,True,True,True,False,False,False,True,False,1,6,0,6.0
38202aa600436cd7e94abd42,Module_12_CrossDomain,sklearn.datasets.load_breast_cancer,71aa3180a9c8c9abf1e45ef91d8c1dac2592948b3fa58a7da1cc3e16bef8c2df,bc_classifier_v1,breast_cancer_wisconsin,classification_breast_cancer,42,unit_2,0,3,2026-09-02T20:45:00Z,1.0.0,8e7fd68470057c99,0.03900580121265275,0.2,0.1,0.2,0.2,0.06636550671084952,,,,,,NORMAL,True,True,True,True,False,False,False,True,False,1,6,0,6.0
74d807307307ba84d88b1416,Module_12_CrossDomain,sklearn.datasets.load_breast_cancer,71aa3180a9c8c9abf1e45ef91d8c1dac2592948b3fa58a7da1cc3e16bef8c2df,bc_classifier_v1,breast_cancer_wisconsin,classification_breast_cancer,42,unit_2,0,5,2026-09-02T20:45:00Z,1.0.0,8e7fd68470057c99,0.03900580121265275,0.2,0.1,0.2,0.2,0.06636550671084952,,,,,,NORMAL,True,True,True,True,False,False,False,True,False,1,6,0,6.0
b5cf0905180632f6acc43384,Module_12_CrossDomain,sklearn.datasets.load_breast_cancer,71aa3180a9c8c9abf1e45ef91d8c1dac2592948b3fa58a7da1cc3e16bef8c2df,bc_classifier_v1,breast_cancer_wisconsin,classification_breast_cancer,42,unit_2,1,1,2026-09-02T20:45:00Z,1.0.0,8e7fd68470057c99,0.18032052883386146,0.2,0.1,0.2,0.2,0.04325463229853095,,,,,,NORMAL,True,True,True,True,False,False,False,True,False,1,6,0,5.0
2518fbf77169bb133fd14027,Module_12_CrossDomain,sklearn.datasets.load_breast_cancer,71aa3180a9c8c9abf1e45ef91d8c1dac2592948b3fa58a7da1cc3e16bef8c2df,bc_classifier_v1,breast_cancer_wisconsin,classification_breast_cancer,42,unit_2,1,2,2026-09-02T20:45:00Z,1.0.0,8e7fd68470057c99,0.18032052883386146,0.2,0.1,0.2,0.2,0.04325463229853095,,,,,,NORMAL,True,True,True,True,False,False,False,True,False,1,6,0,5.0
6f46c8f9ae2816137cc60f4d,Module_12_CrossDomain,sklearn.datasets.load_breast_cancer,71aa3180a9c8c9abf1e45ef91d8c1dac2592948b3fa58a7da1cc3e16bef8c2df,bc_classifier_v1,breast_cancer_wisconsin,classification_breast_cancer,42,unit_2,1,3,2026-09-02T20:45:00Z,1.0.0,8e7fd68470057c99,0.18032052883386146,0.2,0.1,0.2,0.2,0.04325463229853095,,,,,,NORMAL,True,True,True,True,False,False,False,True,False,1,6,0,5.0
ee7f53198ac2f183b8a54e00,Module_12_CrossDomain,sklearn.datasets.load_breast_cancer,71aa3180a9c8c9abf1e45ef91d8c1dac2592948b3fa58a7da1cc3e16bef8c2df,bc_classifier_v1,breast_cancer_wisconsin,classification_breast_cancer,42,unit_2,1,5,2026-09-02T20:45:00Z,1.0.0,8e7fd68470057c99,0.18032052883386146,0.2,0.1,0.2,0.2,0.04325463229853095,,,,,,NORMAL,True,True,True,True,False,False,False,True,False,1,6,1,5.0
1285cacb81cbe69321622992,Module_12_CrossDomain,sklearn.datasets.load_breast_cancer,71aa3180a9c8c9abf1e45ef91d8c1dac2592948b3fa58a7da1cc3e16bef8c2df,bc_classifier_v1,breast_cancer_wisconsin,classification_breast_cancer,42,unit_2,2,1,2026-09-02T20:45:00Z,1.0.0,8e7fd68470057c99,0.2805130407581927,0.2,0.1,0.2,0.2,0.07383713881532288,,,,,,NORMAL,True,True,True,True,False,False,False,True,False,1,6,0,4.0
e902b3f2b997594f32d4dac9,Module_12_CrossDomain,sklearn.datasets.load_breast_cancer,71aa3180a9c8c9abf1e45ef91d8c1dac2592948b3fa58a7da1cc3e16bef8c2df,bc_classifier_v1,breast_cancer_wisconsin,classification_breast_cancer,42,unit_2,2,2,2026-09-02T20:45:00Z,1.0.0,8e7fd68470057c99,0.2805130407581927,0.2,0.1,0.2,0.2,0.07383713881532288,,,,,,NORMAL,True,True,True,True,False,False,False,True,False,1,6,0,4.0
1eaaba914b03c12cacd2f22a,Module_12_CrossDomain,sklearn.datasets.load_breast_cancer,71aa3180a9c8c9abf1e45ef91d8c1dac2592948b3fa58a7da1cc3e16bef8c2df,bc_classifier_v1,breast_cancer_wisconsin,classification_breast_cancer,42,unit_2,2,3,2026-09-02T20:45:00Z,1.0.0,8e7fd68470057c99,0.2805130407581927,0.2,0.1,0.2,0.2,0.07383713881532288,,,,,,NORMAL,True,True,True,True,False,False,False,True,False,1,6,0,4.0
f262eb4eb06831cac48268c1,Module_12_CrossDomain,sklearn.datasets.load_breast_cancer,71aa3180a9c8c9abf1e45ef91d8c1dac2592948b3fa58a7da1cc3e16bef8c2df,bc_classifier_v1,breast_cancer_wisconsin,classification_breast_cancer,42,unit_2,2,5,2026-09-02T20:45:00Z,1.0.0,8e7fd68470057c99,0.2805130407581927,0.2,0.1,0.2,0.2,0.07383713881532288,,,,,,NORMAL,True,True,True,True,False,False,False,True,False,1,6,1,4.0
e1640f75cc9d949824aab7d5,Module_12_CrossDomain,sklearn.datasets.load_breast_cancer,71aa3180a9c8c9abf1e45ef91d8c1dac2592948b3fa58a7da1cc3e16bef8c2df,bc_classifier_v1,breast_cancer_wisconsin,classification_breast_cancer,42,unit_2,3,1,2026-09-02T20:45:00Z,1.0.0,8e7fd68470057c99,0.048086265638111955,0.2,0.1,0.2,0.2,0.06304567876915468,,,,,,NORMAL,True,True,True,True,False,False,False,True,False,1,6,0,3.0
7c98302bdc09b2ec91d6c0e1,Module_12_CrossDomain,sklearn.datasets.load_breast_cancer,71aa3180a9c8c9abf1e45ef91d8c1dac2592948b3fa58a7da1cc3e16bef8c2df,bc_classifier_v1,breast_cancer_wisconsin,classification_breast_cancer,42,unit_2,3,2,2026-09-02T20:45:00Z,1.0.0,8e7fd68470057c99,0.048086265638111955,0.2,0.1,0.2,0.2,0.06304567876915468,,,,,,NORMAL,True,True,True,True,False,False,False,True,False,1,6,0,3.0
7dcf3e5384eb090af8e5da93,Module_12_CrossDomain,sklearn.datasets.load_breast_cancer,71aa3180a9c8c9abf1e45ef91d8c1dac2592948b3fa58a7da1cc3e16bef8c2df,bc_classifier_v1,breast_cancer_wisconsin,classification_breast_cancer,42,unit_2,3,3,2026-09-02T20:45:00Z,1.0.0,8e7fd68470057c99,0.048086265638111955,0.2,0.1,0.2,0.2,0.06304567876915468,,,,,,NORMAL,True,True,True,True,False,False,False,True,False,1,6,1,3.0
d10725519e811b559044d3d4,Module_12_CrossDomain,sklearn.datasets.load_breast_cancer,71aa3180a9c8c9abf1e45ef91d8c1dac2592948b3fa58a7da1cc3e16bef8c2df,bc_classifier_v1,breast_cancer_wisconsin,classification_breast_cancer,42,unit_2,3,5,2026-09-02T20:45:00Z,1.0.0,8e7fd68470057c99,0.048086265638111955,0.2,0.1,0.2,0.2,0.06304567876915468,,,,,,NORMAL,True,True,True,True,False,False,False,True,False,1,6,1,3.0
04ea7bf0ce93c045294e6935,Module_12_CrossDomain,sklearn.datasets.load_breast_cancer,71aa3180a9c8c9abf1e45ef91d8c1dac2592948b3fa58a7da1cc3e16bef8c2df,bc_classifier_v1,breast_cancer_wisconsin,classification_breast_cancer,42,unit_2,4,1,2026-09-02T20:45:00Z,1.0.0,8e7fd68470057c99,0.054329084930615126,0.2,0.1,0.2,0.2,0.06083296619106281,,,,,,NORMAL,True,True,True,True,False,False,False,True,False,1,6,0,2.0
d6908b31d93f990e31acd71e,Module_12_CrossDomain,sklearn.datasets.load_breast_cancer,71aa3180a9c8c9abf1e45ef91d8c1dac2592948b3fa58a7da1cc3e16bef8c2df,bc_classifier_v1,breast_cancer_wisconsin,classification_breast_cancer,42,unit_2,4,2,2026-09-02T20:45:00Z,1.0.0,8e7fd68470057c99,0.054329084930615126,0.2,0.1,0.2,0.2,0.06083296619106281,,,,,,NORMAL,True,True,True,True,False,False,False,True,False,1,6,1,2.0
4302eaa89cea8647a6a59201,Module_12_CrossDomain,sklearn.datasets.load_breast_cancer,71aa3180a9c8c9abf1e45ef91d8c1dac2592948b3fa58a7da1cc3e16bef8c2df,bc_classifier_v1,breast_cancer_wisconsin,classification_breast_cancer,42,unit_2,4,3,2026-09-02T20:45:00Z,1.0.0,8e7fd68470057c99,0.054329084930615126,0.2,0.1,0.2,0.2,0.06083296619106281,,,,,,NORMAL,True,True,True,True,False,False,False,True,False,1,6,1,2.0
cfce3b42848e4dc2565900c2,Module_12_CrossDomain,sklearn.datasets.load_breast_cancer,71aa3180a9c8c9abf1e45ef91d8c1dac2592948b3fa58a7da1cc3e16bef8c2df,bc_classifier_v1,breast_cancer_wisconsin,classification_breast_cancer,42,unit_2,4,5,2026-09-02T20:45:00Z,1.0.0,8e7fd68470057c99,0.054329084930615126,0.2,0.1,0.2,0.2,0.06083296619106281,,,,,,NORMAL,True,True,True,True,False,False,False,True,False,1,6,1,2.0
b55d8374dc5956763e3fa5ef,Module_12_CrossDomain,sklearn.datasets.load_breast_cancer,71aa3180a9c8c9abf1e45ef91d8c1dac2592948b3fa58a7da1cc3e16bef8c2df,bc_classifier_v1,breast_cancer_wisconsin,classification_breast_cancer,42,unit_2,5,1,2026-09-02T20:45:00Z,1.0.0,8e7fd68470057c99,0.2566768216413622,0.2,0.1,0.2,0.2,0.0647730126853306,,,,,,NORMAL,True,True,True,True,False,False,False,True,False,1,6,1,1.0
aa7c860a9ac6107b7a9c5dd7,Module_12_CrossDomain,sklearn.datasets.load_breast_cancer,71aa3180a9c8c9abf1e45ef91d8c1dac2592948b3fa58a7da1cc3e16bef8c2df,bc_classifier_v1,breast_cancer_wisconsin,classification_breast_cancer,42,unit_2,5,2,2026-09-02T20:45:00Z,1.0.0,8e7fd68470057c99,0.2566768216413622,0.2,0.1,0.2,0.2,0.0647730126853306,,,,,,NORMAL,True,True,True,True,False,False,False,True,False,1,6,1,1.0
51a79a0ba078b4c44b09dc56,Module_12_CrossDomain,sklearn.datasets.load_breast_cancer,71aa3180a9c8c9abf1e45ef91d8c1dac2592948b3fa58a7da1cc3e16bef8c2df,bc_classifier_v1,breast_cancer_wisconsin,classification_breast_cancer,42,unit_2,5,3,2026-09-02T20:45:00Z,1.0.0,8e7fd68470057c99,0.2566768216413622,0.2,0.1,0.2,0.2,0.0647730126853306,,,,,,NORMAL,True,True,True,True,False,False,False,True,False,1,6,1,1.0
bef0e47729c943cfcabba5fe,Module_12_CrossDomain,sklearn.datasets.load_breast_cancer,71aa3180a9c8c9abf1e45ef91d8c1dac2592948b3fa58a7da1cc3e16bef8c2df,bc_classifier_v1,breast_cancer_wisconsin,classification_breast_cancer,42,unit_2,5,5,2026-09-02T20:45:00Z,1.0.0,8e7fd68470057c99,0.2566768216413622,0.2,0.1,0.2,0.2,0.0647730126853306,,,,,,NORMAL,True,True,True,True,False,False,False,True,False,1,6,1,1.0
978a602bf0ad098868dd7228,Module_12_CrossDomain,sklearn.datasets.load_breast_cancer,71aa3180a9c8c9abf1e45ef91d8c1dac2592948b3fa58a7da1cc3e16bef8c2df,bc_classifier_v1,breast_cancer_wisconsin,classification_breast_cancer,42,unit_2,6,1,2026-09-02T20:45:00Z,1.0.0,8e7fd68470057c99,0.3366180227570778,0.2,0.1,0.2,0.2,0.09698371732496727,,,,,,NORMAL,True,True,True,True,False,False,False,True,False,1,6,0,0.0
3f39cd8b5704d033f572a3ba,Module_12_CrossDomain,sklearn.datasets.load_breast_cancer,71aa3180a9c8c9abf1e45ef91d8c1dac2592948b3fa58a7da1cc3e16bef8c2df,bc_classifier_v1,breast_cancer_wisconsin,classification_breast_cancer,42,unit_2,6,2,2026-09-02T20:45:00Z,1.0.0,8e7fd68470057c99,0.3366180227570778,0.2,0.1,0.2,0.2,0.09698371732496727,,,,,,NORMAL,True,True,True,True,False,False,False,True,False,1,6,1,0.0
8be29997ab9e2795d3689b80,Module_12_CrossDomain,sklearn.datasets.load_breast_cancer,71aa3180a9c8c9abf1e45ef91d8c1dac2592948b3fa58a7da1cc3e16bef8c2df,bc_classifier_v1,breast_cancer_wisconsin,classification_breast_cancer,42,unit_2,6,3,2026-09-02T20:45:00Z,1.0.0,8e7fd68470057c99,0.3366180227570778,0.2,0.1,0.2,0.2,0.09698371732496727,,,,,,NORMAL,True,True,True,True,False,False,False,True,False,1,6,1,0.0
b174dfc12b2e44c370e41d67,Module_12_CrossDomain,sklearn.datasets.load_breast_cancer,71aa3180a9c8c9abf1e45ef91d8c1dac2592948b3fa58a7da1cc3e16bef8c2df,bc_classifier_v1,breast_cancer_wisconsin,classification_breast_cancer,42,unit_2,6,5,2026-09-02T20:45:00Z,1.0.0,8e7fd68470057c99,0.3366180227570778,0.2,0.1,0.2,0.2,0.09698371732496727,,,,,,NORMAL,True,True,True,True,False,False,False,True,False,1,6,1,0.0
a705d2685233a9c056754f5c,Module_12_CrossDomain,sklearn.datasets.load_breast_cancer,71aa3180a9c8c9abf1e45ef91d8c1dac2592948b3fa58a7da1cc3e16bef8c2df,bc_classifier_v1,breast_cancer_wisconsin,classification_breast_cancer,42,unit_2,7,1,2026-09-02T20:45:00Z,1.0.0,8e7fd68470057c99,0.054329084930615126,0.2,0.1,0.2,0.2,0.06083296619106281,,,,,,NORMAL,True,True,True,True,False,False,False,True,False,1,6,1,
10e21c8519fb7ab979435864,Module_12_CrossDomain,sklearn.datasets.load_breast_cancer,71aa3180a9c8c9abf1e45ef91d8c1dac2592948b3fa58a7da1cc3e16bef8c2df,bc_classifier_v1,breast_cancer_wisconsin,classification_breast_cancer,42,unit_2,7,2,2026-09-02T20:45:00Z,1.0.0,8e7fd68470057c99,0.054329084930615126,0.2,0.1,0.2,0.2,0.06083296619106281,,,,,,NORMAL,True,True,True,True,False,False,False,True,False,1,6,1,
a579542ad64c5b59185c87e7,Module_12_CrossDomain,sklearn.datasets.load_breast_cancer,71aa3180a9c8c9abf1e45ef91d8c1dac2592948b3fa58a7da1cc3e16bef8c2df,bc_classifier_v1,breast_cancer_wisconsin,classification_breast_cancer,42,unit_2,7,3,2026-09-02T20:45:00Z,1.0.0,8e7fd68470057c99,0.054329084930615126,0.2,0.1,0.2,0.2,0.06083296619106281,,,,,,NORMAL,True,True,True,True,False,False,False,True,False,1,6,1,
98cc3dc0d96a9de5318a55ee,Module_12_CrossDomain,sklearn.datasets.load_breast_cancer,71aa3180a9c8c9abf1e45ef91d8c1dac2592948b3fa58a7da1cc3e16bef8c2df,bc_classifier_v1,breast_cancer_wisconsin,classification_breast_cancer,42,unit_2,7,5,2026-09-02T20:45:00Z,1.0.0,8e7fd68470057c99,0.054329084930615126,0.2,0.1,0.2,0.2,0.06083296619106281,,,,,,NORMAL,True,True,True,True,False,False,False,True,False,1,6,1,
d519bc113728bb4f5b379979,Module_12_CrossDomain,sklearn.datasets.load_breast_cancer,71aa3180a9c8c9abf1e45ef91d8c1dac2592948b3fa58a7da1cc3e16bef8c2df,bc_classifier_v1,breast_cancer_wisconsin,classification_breast_cancer,42,unit_2,8,1,2026-09-02T20:45:00Z,1.0.0,8e7fd68470057c99,0.11789233590882944,0.2,0.1,0.2,0.2,0.04354028043953845,,,,,,NORMAL,True,True,True,True,False,False,False,True,False,1,6,1,
f849f6dcc2f4c0f6c3d98f05,Module_12_CrossDomain,sklearn.datasets.load_breast_cancer,71aa3180a9c8c9abf1e45ef91d8c1dac2592948b3fa58a7da1cc3e16bef8c2df,bc_classifier_v1,breast_cancer_wisconsin,classification_breast_cancer,42,unit_2,8,2,2026-09-02T20:45:00Z,1.0.0,8e7fd68470057c99,0.11789233590882944,0.2,0.1,0.2,0.2,0.04354028043953845,,,,,,NORMAL,True,True,True,True,False,False,False,True,False,1,6,1,
a8cc2f701aaadf542458a5c3,Module_12_CrossDomain,sklearn.datasets.load_breast_cancer,71aa3180a9c8c9abf1e45ef91d8c1dac2592948b3fa58a7da1cc3e16bef8c2df,bc_classifier_v1,breast_cancer_wisconsin,classification_breast_cancer,42,unit_2,8,3,2026-09-02T20:45:00Z,1.0.0,8e7fd68470057c99,0.11789233590882944,0.2,0.1,0.2,0.2,0.04354028043953845,,,,,,NORMAL,True,True,True,True,False,False,False,True,False,1,6,1,
bd23e34c361caa952f099812,Module_12_CrossDomain,sklearn.datasets.load_breast_cancer,71aa3180a9c8c9abf1e45ef91d8c1dac2592948b3fa58a7da1cc3e16bef8c2df,bc_classifier_v1,breast_cancer_wisconsin,classification_breast_cancer,42,unit_2,8,5,2026-09-02T20:45:00Z,1.0.0,8e7fd68470057c99,0.11789233590882944,0.2,0.1,0.2,0.2,0.04354028043953845,,,,,,NORMAL,True,True,True,True,False,False,False,True,False,1,6,1,
259d4038bca0fa007a6d39d5,Module_12_CrossDomain,sklearn.datasets.load_breast_cancer,71aa3180a9c8c9abf1e45ef91d8c1dac2592948b3fa58a7da1cc3e16bef8c2df,bc_classifier_v1,breast_cancer_wisconsin,classification_breast_cancer,42,unit_2,9,1,2026-09-02T20:45:00Z,1.0.0,8e7fd68470057c99,0.036168156079696714,0.2,0.1,0.2,0.2,0.0674251662384904,,,,,,NORMAL,True,True,True,True,False,False,False,True,False,1,6,1,
18843ec49a4b920672a049c4,Module_12_CrossDomain,sklearn.datasets.load_breast_cancer,71aa3180a9c8c9abf1e45ef91d8c1dac2592948b3fa58a7da1cc3e16bef8c2df,bc_classifier_v1,breast_cancer_wisconsin,classification_breast_cancer,42,unit_2,9,2,2026-09-02T20:45:00Z,1.0.0,8e7fd68470057c99,0.036168156079696714,0.2,0.1,0.2,0.2,0.0674251662384904,,,,,,NORMAL,True,True,True,True,False,False,False,True,False,1,6,1,
9e87acf8234f78ce3a928a38,Module_12_CrossDomain,sklearn.datasets.load_breast_cancer,71aa3180a9c8c9abf1e45ef91d8c1dac2592948b3fa58a7da1cc3e16bef8c2df,bc_classifier_v1,breast_cancer_wisconsin,classification_breast_cancer,42,unit_2,9,3,2026-09-02T20:45:00Z,1.0.0,8e7fd68470057c99,0.036168156079696714,0.2,0.1,0.2,0.2,0.0674251662384904,,,,,,NORMAL,True,True,True,True,False,False,False,True,False,1,6,1,
d75fcc1ffdd222f0803ae4ba,Module_12_CrossDomain,sklearn.datasets.load_breast_cancer,71aa3180a9c8c9abf1e45ef91d8c1dac2592948b3fa58a7da1cc3e16bef8c2df,bc_classifier_v1,breast_cancer_wisconsin,classification_breast_cancer,42,unit_2,9,5,2026-09-02T20:45:00Z,1.0.0,8e7fd68470057c99,0.036168156079696714,0.2,0.1,0.2,0.2,0.0674251662384904,,,,,,NORMAL,True,True,True,True,False,False,False,True,False,1,6,1,
7907e5dc31f57d97b6d012ed,Module_12_CrossDomain,sklearn.datasets.load_breast_cancer,71aa3180a9c8c9abf1e45ef91d8c1dac2592948b3fa58a7da1cc3e16bef8c2df,bc_classifier_v1,breast_cancer_wisconsin,classification_breast_cancer,42,unit_2,10,1,2026-09-02T20:45:00Z,1.0.0,8e7fd68470057c99,0.13435067767997427,0.2,0.1,0.2,0.2,0.0414860118033806,,,,,,NORMAL,True,True,True,True,False,False,False,True,False,1,6,1,
8249f8c1e2f75a922228a3bb,Module_12_CrossDomain,sklearn.datasets.load_breast_cancer,71aa3180a9c8c9abf1e45ef91d8c1dac2592948b3fa58a7da1cc3e16bef8c2df,bc_classifier_v1,breast_cancer_wisconsin,classification_breast_cancer,42,unit_2,10,2,2026-09-02T20:45:00Z,1.0.0,8e7fd68470057c99,0.13435067767997427,0.2,0.1,0.2,0.2,0.0414860118033806,,,,,,NORMAL,True,True,True,True,False,False,False,True,False,1,6,1,
827895f85d0f9c57b6075f48,Module_12_CrossDomain,sklearn.datasets.load_breast_cancer,71aa3180a9c8c9abf1e45ef91d8c1dac2592948b3fa58a7da1cc3e16bef8c2df,bc_classifier_v1,breast_cancer_wisconsin,classification_breast_cancer,42,unit_2,10,3,2026-09-02T20:45:00Z,1.0.0,8e7fd68470057c99,0.13435067767997427,0.2,0.1,0.2,0.2,0.0414860118033806,,,,,,NORMAL,True,True,True,True,False,False,False,True,False,1,6,1,
9f20fddb7b80a5d89e01e142,Module_12_CrossDomain,sklearn.datasets.load_breast_cancer,71aa3180a9c8c9abf1e45ef91d8c1dac2592948b3fa58a7da1cc3e16bef8c2df,bc_classifier_v1,breast_cancer_wisconsin,classification_breast_cancer,42,unit_2,10,5,2026-09-02T20:45:00Z,1.0.0,8e7fd68470057c99,0.13435067767997427,0.2,0.1,0.2,0.2,0.0414860118033806,,,,,,NORMAL,True,True,True,True,False,False,False,True,False,1,6,1,
7b1ef2b672b70d5519dc860d,Module_12_CrossDomain,sklearn.datasets.load_breast_cancer,71aa3180a9c8c9abf1e45ef91d8c1dac2592948b3fa58a7da1cc3e16bef8c2df,bc_classifier_v1,breast_cancer_wisconsin,classification_breast_cancer,42,unit_2,11,1,2026-09-02T20:45:00Z,1.0.0,8e7fd68470057c99,0.0276552206808287,0.2,0.1,0.2,0.2,0.07066076237387374,,,,,,NORMAL,True,True,True,True,False,False,False,True,False,1,6,1,
ce358067633054af2db2e059,Module_12_CrossDomain,sklearn.datasets.load_breast_cancer,71aa3180a9c8c9abf1e45ef91d8c1dac2592948b3fa58a7da1cc3e16bef8c2df,bc_classifier_v1,breast_cancer_wisconsin,classification_breast_cancer,42,unit_2,11,2,2026-09-02T20:45:00Z,1.0.0,8e7fd68470057c99,0.0276552206808287,0.2,0.1,0.2,0.2,0.07066076237387374,,,,,,NORMAL,True,True,True,True,False,False,False,True,False,1,6,1,
fbb5a689c5bb853e2703c2c0,Module_12_CrossDomain,sklearn.datasets.load_breast_cancer,71aa3180a9c8c9abf1e45ef91d8c1dac2592948b3fa58a7da1cc3e16bef8c2df,bc_classifier_v1,breast_cancer_wisconsin,classification_breast_cancer,42,unit_2,11,3,2026-09-02T20:45:00Z,1.0.0,8e7fd68470057c99,0.0276552206808287,0.2,0.1,0.2,0.2,0.07066076237387374,,,,,,NORMAL,True,True,True,True,False,False,False,True,False,1,6,1,
de117f4b3cc6a41047248dea,Module_12_CrossDomain,sklearn.datasets.load_breast_cancer,71aa3180a9c8c9abf1e45ef91d8c1dac2592948b3fa58a7da1cc3e16bef8c2df,bc_classifier_v1,breast_cancer_wisconsin,classification_breast_cancer,42,unit_2,11,5,2026-09-02T20:45:00Z,1.0.0,8e7fd68470057c99,0.0276552206808287,0.2,0.1,0.2,0.2,0.07066076237387374,,,,,,NORMAL,True,True,True,True,False,False,False,True,False,1,6,1,
6497fe67ebe8fd41017b74c9,Module_12_CrossDomain,sklearn.datasets.load_breast_cancer,71aa3180a9c8c9abf1e45ef91d8c1dac2592948b3fa58a7da1cc3e16bef8c2df,bc_classifier_v1,breast_cancer_wisconsin,classification_breast_cancer,42,unit_2,12,1,2026-09-02T20:45:00Z,1.0.0,8e7fd68470057c99,0.1241351552013327,0.2,0.1,0.2,0.2,0.04260670316709214,,,,,,NORMAL,True,True,True,True,False,False,False,True,False,1,6,0,
01bd69e4960b5ce2a5c839af,Module_12_CrossDomain,sklearn.datasets.load_breast_cancer,71aa3180a9c8c9abf1e45ef91d8c1dac2592948b3fa58a7da1cc3e16bef8c2df,bc_classifier_v1,breast_cancer_wisconsin,classification_breast_cancer,42,unit_2,12,2,2026-09-02T20:45:00Z,1.0.0,8e7fd68470057c99,0.1241351552013327,0.2,0.1,0.2,0.2,0.04260670316709214,,,,,,NORMAL,True,True,True,True,False,False,False,True,False,1,6,0,
b012ef17c137fd1f8cb1fa8d,Module_12_CrossDomain,sklearn.datasets.load_breast_cancer,71aa3180a9c8c9abf1e45ef91d8c1dac2592948b3fa58a7da1cc3e16bef8c2df,bc_classifier_v1,breast_cancer_wisconsin,classification_breast_cancer,42,unit_2,12,3,2026-09-02T20:45:00Z,1.0.0,8e7fd68470057c99,0.1241351552013327,0.2,0.1,0.2,0.2,0.04260670316709214,,,,,,NORMAL,True,True,True,True,False,False,False,True,False,1,6,1,
5af983c63ba7d22fa5d45fea,Module_12_CrossDomain,sklearn.datasets.load_breast_cancer,71aa3180a9c8c9abf1e45ef91d8c1dac2592948b3fa58a7da1cc3e16bef8c2df,bc_classifier_v1,breast_cancer_wisconsin,classification_breast_cancer,42,unit_2,12,5,2026-09-02T20:45:00Z,1.0.0,8e7fd68470057c99,0.1241351552013327,0.2,0.1,0.2,0.2,0.04260670316709214,,,,,,NORMAL,True,True,True,True,False,False,False,True,False,1,6,1,
7cf26a9402f6b57c8e154826,Module_12_CrossDomain,sklearn.datasets.load_breast_cancer,71aa3180a9c8c9abf1e45ef91d8c1dac2592948b3fa58a7da1cc3e16bef8c2df,bc_classifier_v1,breast_cancer_wisconsin,classification_breast_cancer,42,unit_2,13,1,2026-09-02T20:45:00Z,1.0.0,8e7fd68470057c99,0.23227307349794063,0.2,0.1,0.2,0.2,0.056310367355690255,,,,,,NORMAL,True,True,True,True,False,False,False,True,False,1,6,0,
5e8b27a329d373c639e981d0,Module_12_CrossDomain,sklearn.datasets.load_breast_cancer,71aa3180a9c8c9abf1e45ef91d8c1dac2592948b3fa58a7da1cc3e16bef8c2df,bc_classifier_v1,breast_cancer_wisconsin,classification_breast_cancer,42,unit_2,13,2,2026-09-02T20:45:00Z,1.0.0,8e7fd68470057c99,0.23227307349794063,0.2,0.1,0.2,0.2,0.056310367355690255,,,,,,NORMAL,True,True,True,True,False,False,False,True,False,1,6,1,
a3e4cf64977147ee36d56f18,Module_12_CrossDomain,sklearn.datasets.load_breast_cancer,71aa3180a9c8c9abf1e45ef91d8c1dac2592948b3fa58a7da1cc3e16bef8c2df,bc_classifier_v1,breast_cancer_wisconsin,classification_breast_cancer,42,unit_2,13,3,2026-09-02T20:45:00Z,1.0.0,8e7fd68470057c99,0.23227307349794063,0.2,0.1,0.2,0.2,0.056310367355690255,,,,,,NORMAL,True,True,True,True,False,False,False,True,False,1,6,1,
e1aedac2ffe9b9186d0751b4,Module_12_CrossDomain,sklearn.datasets.load_breast_cancer,71aa3180a9c8c9abf1e45ef91d8c1dac2592948b3fa58a7da1cc3e16bef8c2df,bc_classifier_v1,breast_cancer_wisconsin,classification_breast_cancer,42,unit_2,13,5,2026-09-02T20:45:00Z,1.0.0,8e7fd68470057c99,0.23227307349794063,0.2,0.1,0.2,0.2,0.056310367355690255,,,,,,NORMAL,True,True,True,True,False,False,False,True,False,1,6,1,
be2076d49013f8823a828d85,Module_12_CrossDomain,sklearn.datasets.load_breast_cancer,71aa3180a9c8c9abf1e45ef91d8c1dac2592948b3fa58a7da1cc3e16bef8c2df,bc_classifier_v1,breast_cancer_wisconsin,classification_breast_cancer,42,unit_2,14,1,2026-09-02T20:45:00Z,1.0.0,8e7fd68470057c99,0.0552040172014864,0.2,0.1,0.2,0.2,0.060527823454702014,,,,,,NORMAL,True,True,True,True,False,False,False,True,False,1,6,1,
1c09165adc524ac233ad713b,Module_12_CrossDomain,sklearn.datasets.load_breast_cancer,71aa3180a9c8c9abf1e45ef91d8c1dac2592948b3fa58a7da1cc3e16bef8c2df,bc_classifier_v1,breast_cancer_wisconsin,classification_breast_cancer,42,unit_2,14,2,2026-09-02T20:45:00Z,1.0.0,8e7fd68470057c99,0.0552040172014864,0.2,0.1,0.2,0.2,0.060527823454702014,,,,,,NORMAL,True,True,True,True,False,False,False,True,False,1,6,1,
c4caa000db31facfb7410c22,Module_12_CrossDomain,sklearn.datasets.load_breast_cancer,71aa3180a9c8c9abf1e45ef91d8c1dac2592948b3fa58a7da1cc3e16bef8c2df,bc_classifier_v1,breast_cancer_wisconsin,classification_breast_cancer,42,unit_2,14,3,2026-09-02T20:45:00Z,1.0.0,8e7fd68470057c99,0.0552040172014864,0.2,0.1,0.2,0.2,0.060527823454702014,,,,,,NORMAL,True,True,True,True,False,False,False,True,False,1,6,1,
01757b3e4d4593efb84fa5d1,Module_12_CrossDomain,sklearn.datasets.load_breast_cancer,71aa3180a9c8c9abf1e45ef91d8c1dac2592948b3fa58a7da1cc3e16bef8c2df,bc_classifier_v1,breast_cancer_wisconsin,classification_breast_cancer,42,unit_2,14,5,2026-09-02T20:45:00Z,1.0.0,8e7fd68470057c99,0.0552040172014864,0.2,0.1,0.2,0.2,0.060527823454702014,,,,,,NORMAL,True,True,True,True,False,False,False,True,False,1,6,1,
e3a4b13cfeea2ddc3c2d1c58,Module_12_CrossDomain,sklearn.datasets.load_breast_cancer,71aa3180a9c8c9abf1e45ef91d8c1dac2592948b3fa58a7da1cc3e16bef8c2df,bc_classifier_v1,breast_cancer_wisconsin,classification_breast_cancer,42,unit_2,15,1,2026-09-02T20:45:00Z,1.0.0,8e7fd68470057c99,0.14797137431816307,0.2,0.1,0.2,0.2,0.04083602799858916,,,,,,NORMAL,True,True,True,True,False,False,False,True,False,1,6,0,
2c4141a1253bc89a74206e07,Module_12_CrossDomain,sklearn.datasets.load_breast_cancer,71aa3180a9c8c9abf1e45ef91d8c1dac2592948b3fa58a7da1cc3e16bef8c2df,bc_classifier_v1,breast_cancer_wisconsin,classification_breast_cancer,42,unit_2,15,2,2026-09-02T20:45:00Z,1.0.0,8e7fd68470057c99,0.14797137431816307,0.2,0.1,0.2,0.2,0.04083602799858916,,,,,,NORMAL,True,True,True,True,False,False,False,True,False,1,6,0,
ddb3bac0534896a992107059,Module_12_CrossDomain,sklearn.datasets.load_breast_cancer,71aa3180a9c8c9abf1e45ef91d8c1dac2592948b3fa58a7da1cc3e16bef8c2df,bc_classifier_v1,breast_cancer_wisconsin,classification_breast_cancer,42,unit_2,15,3,2026-09-02T20:45:00Z,1.0.0,8e7fd68470057c99,0.14797137431816307,0.2,0.1,0.2,0.2,0.04083602799858916,,,,,,NORMAL,True,True,True,True,False,False,False,True,False,1,6,1,
ea7207521b9ea5b65d9465ed,Module_12_CrossDomain,sklearn.datasets.load_breast_cancer,71aa3180a9c8c9abf1e45ef91d8c1dac2592948b3fa58a7da1cc3e16bef8c2df,bc_classifier_v1,breast_cancer_wisconsin,classification_breast_cancer,42,unit_2,15,5,2026-09-02T20:45:00Z,1.0.0,8e7fd68470057c99,0.14797137431816307,0.2,0.1,0.2,0.2,0.04083602799858916,,,,,,NORMAL,True,True,True,True,False,False,False,True,False,1,6,1,
6ef208bcb0bee7f5046760e5,Module_12_CrossDomain,sklearn.datasets.load_breast_cancer,71aa3180a9c8c9abf1e45ef91d8c1dac2592948b3fa58a7da1cc3e16bef8c2df,bc_classifier_v1,breast_cancer_wisconsin,classification_breast_cancer,42,unit_2,16,1,2026-09-02T20:45:00Z,1.0.0,8e7fd68470057c99,0.28845844713046953,0.2,0.1,0.2,0.2,0.07698591730062068,,,,,,NORMAL,True,True,True,True,False,False,False,True,False,1,6,0,
7048c1fcde105af118cc437a,Module_12_CrossDomain,sklearn.datasets.load_breast_cancer,71aa3180a9c8c9abf1e45ef91d8c1dac2592948b3fa58a7da1cc3e16bef8c2df,bc_classifier_v1,breast_cancer_wisconsin,classification_breast_cancer,42,unit_2,16,2,2026-09-02T20:45:00Z,1.0.0,8e7fd68470057c99,0.28845844713046953,0.2,0.1,0.2,0.2,0.07698591730062068,,,,,,NORMAL,True,True,True,True,False,False,False,True,False,1,6,1,
cfe31d1ab6dca9be93cf8114,Module_12_CrossDomain,sklearn.datasets.load_breast_cancer,71aa3180a9c8c9abf1e45ef91d8c1dac2592948b3fa58a7da1cc3e16bef8c2df,bc_classifier_v1,breast_cancer_wisconsin,classification_breast_cancer,42,unit_2,16,3,2026-09-02T20:45:00Z,1.0.0,8e7fd68470057c99,0.28845844713046953,0.2,0.1,0.2,0.2,0.07698591730062068,,,,,,NORMAL,True,True,True,True,False,False,False,True,False,1,6,1,
b39813f29c483a0376c0e480,Module_12_CrossDomain,sklearn.datasets.load_breast_cancer,71aa3180a9c8c9abf1e45ef91d8c1dac2592948b3fa58a7da1cc3e16bef8c2df,bc_classifier_v1,breast_cancer_wisconsin,classification_breast_cancer,42,unit_2,16,5,2026-09-02T20:45:00Z,1.0.0,8e7fd68470057c99,0.28845844713046953,0.2,0.1,0.2,0.2,0.07698591730062068,,,,,,NORMAL,True,True,True,True,False,False,False,True,False,1,6,1,
7d342301af44b6bfe69b7468,Module_12_CrossDomain,sklearn.datasets.load_breast_cancer,71aa3180a9c8c9abf1e45ef91d8c1dac2592948b3fa58a7da1cc3e16bef8c2df,bc_classifier_v1,breast_cancer_wisconsin,classification_breast_cancer,42,unit_2,17,1,2026-09-02T20:45:00Z,1.0.0,8e7fd68470057c99,0.03307038516442968,0.2,0.1,0.2,0.2,0.06859305897116029,,,,,,NORMAL,True,True,True,True,False,False,False,True,False,1,6,1,
824d2910e4e562f22f465fe1,Module_12_CrossDomain,sklearn.datasets.load_breast_cancer,71aa3180a9c8c9abf1e45ef91d8c1dac2592948b3fa58a7da1cc3e16bef8c2df,bc_classifier_v1,breast_cancer_wisconsin,classification_breast_cancer,42,unit_2,17,2,2026-09-02T20:45:00Z,1.0.0,8e7fd68470057c99,0.03307038516442968,0.2,0.1,0.2,0.2,0.06859305897116029,,,,,,NORMAL,True,True,True,True,False,False,False,True,False,1,6,1,
13e11136e889d8cbf5a9544a,Module_12_CrossDomain,sklearn.datasets.load_breast_cancer,71aa3180a9c8c9abf1e45ef91d8c1dac2592948b3fa58a7da1cc3e16bef8c2df,bc_classifier_v1,breast_cancer_wisconsin,classification_breast_cancer,42,unit_2,17,3,2026-09-02T20:45:00Z,1.0.0,8e7fd68470057c99,0.03307038516442968,0.2,0.1,0.2,0.2,0.06859305897116029,,,,,,NORMAL,True,True,True,True,False,False,False,True,False,1,6,1,
ab03e7bddbb89834077cce84,Module_12_CrossDomain,sklearn.datasets.load_breast_cancer,71aa3180a9c8c9abf1e45ef91d8c1dac2592948b3fa58a7da1cc3e16bef8c2df,bc_classifier_v1,breast_cancer_wisconsin,classification_breast_cancer,42,unit_2,17,5,2026-09-02T20:45:00Z,1.0.0,8e7fd68470057c99,0.03307038516442968,0.2,0.1,0.2,0.2,0.06859305897116029,,,,,,NORMAL,True,True,True,True,False,False,False,True,False,1,6,1,
cdfc80f3b6da58756e24beaf,Module_12_CrossDomain,sklearn.datasets.load_breast_cancer,71aa3180a9c8c9abf1e45ef91d8c1dac2592948b3fa58a7da1cc3e16bef8c2df,bc_classifier_v1,breast_cancer_wisconsin,classification_breast_cancer,42,unit_2,18,1,2026-09-02T20:45:00Z,1.0.0,8e7fd68470057c99,0.061139433249709475,0.2,0.1,0.2,0.2,0.058492545248058636,,,,,,NORMAL,True,True,True,True,False,False,False,True,False,1,6,1,
87d63f6c5cc17022423e29e9,Module_12_CrossDomain,sklearn.datasets.load_breast_cancer,71aa3180a9c8c9abf1e45ef91d8c1dac2592948b3fa58a7da1cc3e16bef8c2df,bc_classifier_v1,breast_cancer_wisconsin,classification_breast_cancer,42,unit_2,18,2,2026-09-02T20:45:00Z,1.0.0,8e7fd68470057c99,0.061139433249709475,0.2,0.1,0.2,0.2,0.058492545248058636,,,,,,NORMAL,True,True,True,True,False,False,False,True,False,1,6,1,
5bb21ecbec8b4b43ff73d56a,Module_12_CrossDomain,sklearn.datasets.load_breast_cancer,71aa3180a9c8c9abf1e45ef91d8c1dac2592948b3fa58a7da1cc3e16bef8c2df,bc_classifier_v1,breast_cancer_wisconsin,classification_breast_cancer,42,unit_2,18,3,2026-09-02T20:45:00Z,1.0.0,8e7fd68470057c99,0.061139433249709475,0.2,0.1,0.2,0.2,0.058492545248058636,,,,,,NORMAL,True,True,True,True,False,False,False,True,False,1,6,1,
1c30cd42c25a537948088da6,Module_12_CrossDomain,sklearn.datasets.load_breast_cancer,71aa3180a9c8c9abf1e45ef91d8c1dac2592948b3fa58a7da1cc3e16bef8c2df,bc_classifier_v1,breast_cancer_wisconsin,classification_breast_cancer,42,unit_2,18,5,2026-09-02T20:45:00Z,1.0.0,8e7fd68470057c99,0.061139433249709475,0.2,0.1,0.2,0.2,0.058492545248058636,,,,,,NORMAL,True,True,True,True,False,False,False,True,False,1,6,1,
d6fdb16c73af121b70b3f83c,Module_12_CrossDomain,sklearn.datasets.load_breast_cancer,71aa3180a9c8c9abf1e45ef91d8c1dac2592948b3fa58a7da1cc3e16bef8c2df,bc_classifier_v1,breast_cancer_wisconsin,classification_breast_cancer,42,unit_2,19,1,2026-09-02T20:45:00Z,1.0.0,8e7fd68470057c99,0.31266829783492917,0.2,0.1,0.2,0.2,0.08687279988646647,,,,,,NORMAL,True,True,True,True,False,False,False,True,False,1,6,0,
d24cc4593711d167f3050d7e,Module_12_CrossDomain,sklearn.datasets.load_breast_cancer,71aa3180a9c8c9abf1e45ef91d8c1dac2592948b3fa58a7da1cc3e16bef8c2df,bc_classifier_v1,breast_cancer_wisconsin,classification_breast_cancer,42,unit_2,19,2,2026-09-02T20:45:00Z,1.0.0,8e7fd68470057c99,0.31266829783492917,0.2,0.1,0.2,0.2,0.08687279988646647,,,,,,NORMAL,True,True,True,True,False,False,False,True,False,1,6,0,
48cb74dfe9b36abd4256e746,Module_12_CrossDomain,sklearn.datasets.load_breast_cancer,71aa3180a9c8c9abf1e45ef91d8c1dac2592948b3fa58a7da1cc3e16bef8c2df,bc_classifier_v1,breast_cancer_wisconsin,classification_breast_cancer,42,unit_2,19,3,2026-09-02T20:45:00Z,1.0.0,8e7fd68470057c99,0.31266829783492917,0.2,0.1,0.2,0.2,0.08687279988646647,,,,,,NORMAL,True,True,True,True,False,False,False,True,False,1,6,0,
d0fcd75f676b8b63b8b25fab,Module_12_CrossDomain,sklearn.datasets.load_breast_cancer,71aa3180a9c8c9abf1e45ef91d8c1dac2592948b3fa58a7da1cc3e16bef8c2df,bc_classifier_v1,breast_cancer_wisconsin,classification_breast_cancer,42,unit_2,19,5,2026-09-02T20:45:00Z,1.0.0,8e7fd68470057c99,0.31266829783492917,0.2,0.1,0.2,0.2,0.08687279988646647,,,,,,NORMAL,True,True,True,True,False,False,False,True,False,1,6,0,
ff492e6575bbc5e7daf041a4,Module_12_CrossDomain,sklearn.datasets.load_breast_cancer,71aa3180a9c8c9abf1e45ef91d8c1dac2592948b3fa58a7da1cc3e16bef8c2df,bc_classifier_v1,breast_cancer_wisconsin,classification_breast_cancer,42,unit_3,0,1,2026-09-02T20:45:00Z,1.0.0,8e7fd68470057c99,0.224587792907975,0.2,0.1,0.2,0.2,0.053879162846921666,,,,,,NORMAL,True,True,True,True,False,False,False,True,False,1,0,1,0.0
a55df852e6b9e2dd724bc253,Module_12_CrossDomain,sklearn.datasets.load_breast_cancer,71aa3180a9c8c9abf1e45ef91d8c1dac2592948b3fa58a7da1cc3e16bef8c2df,bc_classifier_v1,breast_cancer_wisconsin,classification_breast_cancer,42,unit_3,0,2,2026-09-02T20:45:00Z,1.0.0,8e7fd68470057c99,0.224587792907975,0.2,0.1,0.2,0.2,0.053879162846921666,,,,,,NORMAL,True,True,True,True,False,False,False,True,False,1,0,1,0.0
b326432a2d42a3cce7f352d3,Module_12_CrossDomain,sklearn.datasets.load_breast_cancer,71aa3180a9c8c9abf1e45ef91d8c1dac2592948b3fa58a7da1cc3e16bef8c2df,bc_classifier_v1,breast_cancer_wisconsin,classification_breast_cancer,42,unit_3,0,3,2026-09-02T20:45:00Z,1.0.0,8e7fd68470057c99,0.224587792907975,0.2,0.1,0.2,0.2,0.053879162846921666,,,,,,NORMAL,True,True,True,True,False,False,False,True,False,1,0,1,0.0
382888601486f32824b068d4,Module_12_CrossDomain,sklearn.datasets.load_breast_cancer,71aa3180a9c8c9abf1e45ef91d8c1dac2592948b3fa58a7da1cc3e16bef8c2df,bc_classifier_v1,breast_cancer_wisconsin,classification_breast_cancer,42,unit_3,0,5,2026-09-02T20:45:00Z,1.0.0,8e7fd68470057c99,0.224587792907975,0.2,0.1,0.2,0.2,0.053879162846921666,,,,,,NORMAL,True,True,True,True,False,False,False,True,False,1,0,1,0.0
691c74363cccadf3e20a3998,Module_12_CrossDomain,sklearn.datasets.load_breast_cancer,71aa3180a9c8c9abf1e45ef91d8c1dac2592948b3fa58a7da1cc3e16bef8c2df,bc_classifier_v1,breast_cancer_wisconsin,classification_breast_cancer,42,unit_3,1,1,2026-09-02T20:45:00Z,1.0.0,8e7fd68470057c99,0.3138033558881116,0.2,0.1,0.2,0.2,0.08734546913162614,,,,,,NORMAL,True,True,True,True,False,False,False,True,False,1,0,0,
524a0dd4dd1db0ff832c382d,Module_12_CrossDomain,sklearn.datasets.load_breast_cancer,71aa3180a9c8c9abf1e45ef91d8c1dac2592948b3fa58a7da1cc3e16bef8c2df,bc_classifier_v1,breast_cancer_wisconsin,classification_breast_cancer,42,unit_3,1,2,2026-09-02T20:45:00Z,1.0.0,8e7fd68470057c99,0.3138033558881116,0.2,0.1,0.2,0.2,0.08734546913162614,,,,,,NORMAL,True,True,True,True,False,False,False,True,False,1,0,1,
e89a68feee205799e8a76967,Module_12_CrossDomain,sklearn.datasets.load_breast_cancer,71aa3180a9c8c9abf1e45ef91d8c1dac2592948b3fa58a7da1cc3e16bef8c2df,bc_classifier_v1,breast_cancer_wisconsin,classification_breast_cancer,42,unit_3,1,3,2026-09-02T20:45:00Z,1.0.0,8e7fd68470057c99,0.3138033558881116,0.2,0.1,0.2,0.2,0.08734546913162614,,,,,,NORMAL,True,True,True,True,False,False,False,True,False,1,0,1,
09221040c14a6f867968129d,Module_12_CrossDomain,sklearn.datasets.load_breast_cancer,71aa3180a9c8c9abf1e45ef91d8c1dac2592948b3fa58a7da1cc3e16bef8c2df,bc_classifier_v1,breast_cancer_wisconsin,classification_breast_cancer,42,unit_3,1,5,2026-09-02T20:45:00Z,1.0.0,8e7fd68470057c99,0.3138033558881116,0.2,0.1,0.2,0.2,0.08734546913162614,,,,,,NORMAL,True,True,True,True,False,False,False,True,False,1,0,1,
7c9692245d63de08e4d97a29,Module_12_CrossDomain,sklearn.datasets.load_breast_cancer,71aa3180a9c8c9abf1e45ef91d8c1dac2592948b3fa58a7da1cc3e16bef8c2df,bc_classifier_v1,breast_cancer_wisconsin,classification_breast_cancer,42,unit_3,2,1,2026-09-02T20:45:00Z,1.0.0,8e7fd68470057c99,0.0069640499412344445,0.2,0.1,0.2,0.2,0.07882368934557354,,,,,,NORMAL,True,True,True,True,False,False,False,True,False,1,0,1,
c95cc3447e8099e3f492f15a,Module_12_CrossDomain,sklearn.datasets.load_breast_cancer,71aa3180a9c8c9abf1e45ef91d8c1dac2592948b3fa58a7da1cc3e16bef8c2df,bc_classifier_v1,breast_cancer_wisconsin,classification_breast_cancer,42,unit_3,2,2,2026-09-02T20:45:00Z,1.0.0,8e7fd68470057c99,0.0069640499412344445,0.2,0.1,0.2,0.2,0.07882368934557354,,,,,,NORMAL,True,True,True,True,False,False,False,True,False,1,0,1,
3c332dd375b1c888dfd9ce27,Module_12_CrossDomain,sklearn.datasets.load_breast_cancer,71aa3180a9c8c9abf1e45ef91d8c1dac2592948b3fa58a7da1cc3e16bef8c2df,bc_classifier_v1,breast_cancer_wisconsin,classification_breast_cancer,42,unit_3,2,3,2026-09-02T20:45:00Z,1.0.0,8e7fd68470057c99,0.0069640499412344445,0.2,0.1,0.2,0.2,0.07882368934557354,,,,,,NORMAL,True,True,True,True,False,False,False,True,False,1,0,1,
c01922dbbae686e73918194e,Module_12_CrossDomain,sklearn.datasets.load_breast_cancer,71aa3180a9c8c9abf1e45ef91d8c1dac2592948b3fa58a7da1cc3e16bef8c2df,bc_classifier_v1,breast_cancer_wisconsin,classification_breast_cancer,42,unit_3,2,5,2026-09-02T20:45:00Z,1.0.0,8e7fd68470057c99,0.0069640499412344445,0.2,0.1,0.2,0.2,0.07882368934557354,,,,,,NORMAL,True,True,True,True,False,False,False,True,False,1,0,1,
9dd5fe9847cb012bedb4a09b,Module_12_CrossDomain,sklearn.datasets.load_breast_cancer,71aa3180a9c8c9abf1e45ef91d8c1dac2592948b3fa58a7da1cc3e16bef8c2df,bc_classifier_v1,breast_cancer_wisconsin,classification_breast_cancer,42,unit_3,3,1,2026-09-02T20:45:00Z,1.0.0,8e7fd68470057c99,0.2811704368591176,0.2,0.1,0.2,0.2,0.0740955591798887,,,,,,NORMAL,True,True,True,True,False,False,False,True,False,1,0,0,
a137d5ffe9fd98a1a58393de,Module_12_CrossDomain,sklearn.datasets.load_breast_cancer,71aa3180a9c8c9abf1e45ef91d8c1dac2592948b3fa58a7da1cc3e16bef8c2df,bc_classifier_v1,breast_cancer_wisconsin,classification_breast_cancer,42,unit_3,3,2,2026-09-02T20:45:00Z,1.0.0,8e7fd68470057c99,0.2811704368591176,0.2,0.1,0.2,0.2,0.0740955591798887,,,,,,NORMAL,True,True,True,True,False,False,False,True,False,1,0,0,
e8b87c70a05ad8531f95a57d,Module_12_CrossDomain,sklearn.datasets.load_breast_cancer,71aa3180a9c8c9abf1e45ef91d8c1dac2592948b3fa58a7da1cc3e16bef8c2df,bc_classifier_v1,breast_cancer_wisconsin,classification_breast_cancer,42,unit_3,3,3,2026-09-02T20:45:00Z,1.0.0,8e7fd68470057c99,0.2811704368591176,0.2,0.1,0.2,0.2,0.0740955591798887,,,,,,NORMAL,True,True,True,True,False,False,False,True,False,1,0,1,
9c6ad96edebd42ef950a9ab5,Module_12_CrossDomain,sklearn.datasets.load_breast_cancer,71aa3180a9c8c9abf1e45ef91d8c1dac2592948b3fa58a7da1cc3e16bef8c2df,bc_classifier_v1,breast_cancer_wisconsin,classification_breast_cancer,42,unit_3,3,5,2026-09-02T20:45:00Z,1.0.0,8e7fd68470057c99,0.2811704368591176,0.2,0.1,0.2,0.2,0.0740955591798887,,,,,,NORMAL,True,True,True,True,False,False,False,True,False,1,0,1,
eccf457f3939d6b7d2ff4726,Module_12_CrossDomain,sklearn.datasets.load_breast_cancer,71aa3180a9c8c9abf1e45ef91d8c1dac2592948b3fa58a7da1cc3e16bef8c2df,bc_classifier_v1,breast_cancer_wisconsin,classification_breast_cancer,42,unit_3,4,1,2026-09-02T20:45:00Z,1.0.0,8e7fd68470057c99,0.08213800723358392,0.2,0.1,0.2,0.2,0.051865745626417506,,,,,,NORMAL,True,True,True,True,False,False,False,True,False,1,0,0,
684c4468f7c8b1239fe0ff56,Module_12_CrossDomain,sklearn.datasets.load_breast_cancer,71aa3180a9c8c9abf1e45ef91d8c1dac2592948b3fa58a7da1cc3e16bef8c2df,bc_classifier_v1,breast_cancer_wisconsin,classification_breast_cancer,42,unit_3,4,2,2026-09-02T20:45:00Z,1.0.0,8e7fd68470057c99,0.08213800723358392,0.2,0.1,0.2,0.2,0.051865745626417506,,,,,,NORMAL,True,True,True,True,False,False,False,True,False,1,0,1,
0bec38481258d64f7ebf3348,Module_12_CrossDomain,sklearn.datasets.load_breast_cancer,71aa3180a9c8c9abf1e45ef91d8c1dac2592948b3fa58a7da1cc3e16bef8c2df,bc_classifier_v1,breast_cancer_wisconsin,classification_breast_cancer,42,unit_3,4,3,2026-09-02T20:45:00Z,1.0.0,8e7fd68470057c99,0.08213800723358392,0.2,0.1,0.2,0.2,0.051865745626417506,,,,,,NORMAL,True,True,True,True,False,False,False,True,False,1,0,1,
83d4860422adb13f7999816f,Module_12_CrossDomain,sklearn.datasets.load_breast_cancer,71aa3180a9c8c9abf1e45ef91d8c1dac2592948b3fa58a7da1cc3e16bef8c2df,bc_classifier_v1,breast_cancer_wisconsin,classification_breast_cancer,42,unit_3,4,5,2026-09-02T20:45:00Z,1.0.0,8e7fd68470057c99,0.08213800723358392,0.2,0.1,0.2,0.2,0.051865745626417506,,,,,,NORMAL,True,True,True,True,False,False,False,True,False,1,0,1,
ddc33507534f749cb7ef0def,Module_12_CrossDomain,sklearn.datasets.load_breast_cancer,71aa3180a9c8c9abf1e45ef91d8c1dac2592948b3fa58a7da1cc3e16bef8c2df,bc_classifier_v1,breast_cancer_wisconsin,classification_breast_cancer,42,unit_3,5,1,2026-09-02T20:45:00Z,1.0.0,8e7fd68470057c99,0.037043088350567986,0.2,0.1,0.2,0.2,0.06709738178262926,,,,,,NORMAL,True,True,True,True,False,False,False,True,False,1,0,1,
9dae10fe0b82baff33db7d14,Module_12_CrossDomain,sklearn.datasets.load_breast_cancer,71aa3180a9c8c9abf1e45ef91d8c1dac2592948b3fa58a7da1cc3e16bef8c2df,bc_classifier_v1,breast_cancer_wisconsin,classification_breast_cancer,42,unit_3,5,2,2026-09-02T20:45:00Z,1.0.0,8e7fd68470057c99,0.037043088350567986,0.2,0.1,0.2,0.2,0.06709738178262926,,,,,,NORMAL,True,True,True,True,False,False,False,True,False,1,0,1,
079731019cecd07e004d2d9e,Module_12_CrossDomain,sklearn.datasets.load_breast_cancer,71aa3180a9c8c9abf1e45ef91d8c1dac2592948b3fa58a7da1cc3e16bef8c2df,bc_classifier_v1,breast_cancer_wisconsin,classification_breast_cancer,42,unit_3,5,3,2026-09-02T20:45:00Z,1.0.0,8e7fd68470057c99,0.037043088350567986,0.2,0.1,0.2,0.2,0.06709738178262926,,,,,,NORMAL,True,True,True,True,False,False,False,True,False,1,0,1,
34a766eaabc71df86d964dda,Module_12_CrossDomain,sklearn.datasets.load_breast_cancer,71aa3180a9c8c9abf1e45ef91d8c1dac2592948b3fa58a7da1cc3e16bef8c2df,bc_classifier_v1,breast_cancer_wisconsin,classification_breast_cancer,42,unit_3,5,5,2026-09-02T20:45:00Z,1.0.0,8e7fd68470057c99,0.037043088350567986,0.2,0.1,0.2,0.2,0.06709738178262926,,,,,,NORMAL,True,True,True,True,False,False,False,True,False,1,0,1,
d045c94e3e8e9f5d522bf273,Module_12_CrossDomain,sklearn.datasets.load_breast_cancer,71aa3180a9c8c9abf1e45ef91d8c1dac2592948b3fa58a7da1cc3e16bef8c2df,bc_classifier_v1,breast_cancer_wisconsin,classification_breast_cancer,42,unit_3,6,1,2026-09-02T20:45:00Z,1.0.0,8e7fd68470057c99,0.2645985892826546,0.2,0.1,0.2,0.2,0.06771318050846618,,,,,,NORMAL,True,True,True,True,False,False,False,True,False,1,0,1,
e14b345cb20dc1fad600c5b6,Module_12_CrossDomain,sklearn.datasets.load_breast_cancer,71aa3180a9c8c9abf1e45ef91d8c1dac2592948b3fa58a7da1cc3e16bef8c2df,bc_classifier_v1,breast_cancer_wisconsin,classification_breast_cancer,42,unit_3,6,2,2026-09-02T20:45:00Z,1.0.0,8e7fd68470057c99,0.2645985892826546,0.2,0.1,0.2,0.2,0.06771318050846618,,,,,,NORMAL,True,True,True,True,False,False,False,True,False,1,0,1,
b6170cfb55663803dc7b42aa,Module_12_CrossDomain,sklearn.datasets.load_breast_cancer,71aa3180a9c8c9abf1e45ef91d8c1dac2592948b3fa58a7da1cc3e16bef8c2df,bc_classifier_v1,breast_cancer_wisconsin,classification_breast_cancer,42,unit_3,6,3,2026-09-02T20:45:00Z,1.0.0,8e7fd68470057c99,0.2645985892826546,0.2,0.1,0.2,0.2,0.06771318050846618,,,,,,NORMAL,True,True,True,True,False,False,False,True,False,1,0,1,
e94502d5007fe30819ef38ca,Module_12_CrossDomain,sklearn.datasets.load_breast_cancer,71aa3180a9c8c9abf1e45ef91d8c1dac2592948b3fa58a7da1cc3e16bef8c2df,bc_classifier_v1,breast_cancer_wisconsin,classification_breast_cancer,42,unit_3,6,5,2026-09-02T20:45:00Z,1.0.0,8e7fd68470057c99,0.2645985892826546,0.2,0.1,0.2,0.2,0.06771318050846618,,,,,,NORMAL,True,True,True,True,False,False,False,True,False,1,0,1,
799fabd13d9f707d18d39951,Module_12_CrossDomain,sklearn.datasets.load_breast_cancer,71aa3180a9c8c9abf1e45ef91d8c1dac2592948b3fa58a7da1cc3e16bef8c2df,bc_classifier_v1,breast_cancer_wisconsin,classification_breast_cancer,42,unit_3,7,1,2026-09-02T20:45:00Z,1.0.0,8e7fd68470057c99,0.15988948387657823,0.2,0.1,0.2,0.2,0.041090149918184916,,,,,,NORMAL,True,True,True,True,False,False,False,True,False,1,0,1,
55737292791925ec529ecf84,Module_12_CrossDomain,sklearn.datasets.load_breast_cancer,71aa3180a9c8c9abf1e45ef91d8c1dac2592948b3fa58a7da1cc3e16bef8c2df,bc_classifier_v1,breast_cancer_wisconsin,classification_breast_cancer,42,unit_3,7,2,2026-09-02T20:45:00Z,1.0.0,8e7fd68470057c99,0.15988948387657823,0.2,0.1,0.2,0.2,0.041090149918184916,,,,,,NORMAL,True,True,True,True,False,False,False,True,False,1,0,1,
08e27301ee51d79d9cf26b77,Module_12_CrossDomain,sklearn.datasets.load_breast_cancer,71aa3180a9c8c9abf1e45ef91d8c1dac2592948b3fa58a7da1cc3e16bef8c2df,bc_classifier_v1,breast_cancer_wisconsin,classification_breast_cancer,42,unit_3,7,3,2026-09-02T20:45:00Z,1.0.0,8e7fd68470057c99,0.15988948387657823,0.2,0.1,0.2,0.2,0.041090149918184916,,,,,,NORMAL,True,True,True,True,False,False,False,True,False,1,0,1,
1f0417ded29e92c5fda9abc0,Module_12_CrossDomain,sklearn.datasets.load_breast_cancer,71aa3180a9c8c9abf1e45ef91d8c1dac2592948b3fa58a7da1cc3e16bef8c2df,bc_classifier_v1,breast_cancer_wisconsin,classification_breast_cancer,42,unit_3,7,5,2026-09-02T20:45:00Z,1.0.0,8e7fd68470057c99,0.15988948387657823,0.2,0.1,0.2,0.2,0.041090149918184916,,,,,,NORMAL,True,True,True,True,False,False,False,True,False,1,0,1,
432a42f4cfbd561f2e990e2d,Module_12_CrossDomain,sklearn.datasets.load_breast_cancer,71aa3180a9c8c9abf1e45ef91d8c1dac2592948b3fa58a7da1cc3e16bef8c2df,bc_classifier_v1,breast_cancer_wisconsin,classification_breast_cancer,42,unit_3,8,1,2026-09-02T20:45:00Z,1.0.0,8e7fd68470057c99,0.28934285484203087,0.2,0.1,0.2,0.2,0.07733969973151965,,,,,,NORMAL,True,True,True,True,False,False,False,True,False,1,0,1,
fd64686a439ac98a70972317,Module_12_CrossDomain,sklearn.datasets.load_breast_cancer,71aa3180a9c8c9abf1e45ef91d8c1dac2592948b3fa58a7da1cc3e16bef8c2df,bc_classifier_v1,breast_cancer_wisconsin,classification_breast_cancer,42,unit_3,8,2,2026-09-02T20:45:00Z,1.0.0,8e7fd68470057c99,0.28934285484203087,0.2,0.1,0.2,0.2,0.07733969973151965,,,,,,NORMAL,True,True,True,True,False,False,False,True,False,1,0,1,
6bde4d0900ad84b31c7d8445,Module_12_CrossDomain,sklearn.datasets.load_breast_cancer,71aa3180a9c8c9abf1e45ef91d8c1dac2592948b3fa58a7da1cc3e16bef8c2df,bc_classifier_v1,breast_cancer_wisconsin,classification_breast_cancer,42,unit_3,8,3,2026-09-02T20:45:00Z,1.0.0,8e7fd68470057c99,0.28934285484203087,0.2,0.1,0.2,0.2,0.07733969973151965,,,,,,NORMAL,True,True,True,True,False,False,False,True,False,1,0,1,
5cc2110815f8cdf197be8f3e,Module_12_CrossDomain,sklearn.datasets.load_breast_cancer,71aa3180a9c8c9abf1e45ef91d8c1dac2592948b3fa58a7da1cc3e16bef8c2df,bc_classifier_v1,breast_cancer_wisconsin,classification_breast_cancer,42,unit_3,8,5,2026-09-02T20:45:00Z,1.0.0,8e7fd68470057c99,0.28934285484203087,0.2,0.1,0.2,0.2,0.07733969973151965,,,,,,NORMAL,True,True,True,True,False,False,False,True,False,1,0,1,
34bb0953b5cad5e71e431089,Module_12_CrossDomain,sklearn.datasets.load_breast_cancer,71aa3180a9c8c9abf1e45ef91d8c1dac2592948b3fa58a7da1cc3e16bef8c2df,bc_classifier_v1,breast_cancer_wisconsin,classification_breast_cancer,42,unit_3,9,1,2026-09-02T20:45:00Z,1.0.0,8e7fd68470057c99,0.07646271696767194,0.2,0.1,0.2,0.2,0.05355730471140593,,,,,,NORMAL,True,True,True,True,False,False,False,True,False,1,0,0,
a16113613bf1fb5d137b3e6e,Module_12_CrossDomain,sklearn.datasets.load_breast_cancer,71aa3180a9c8c9abf1e45ef91d8c1dac2592948b3fa58a7da1cc3e16bef8c2df,bc_classifier_v1,breast_cancer_wisconsin,classification_breast_cancer,42,unit_3,9,2,2026-09-02T20:45:00Z,1.0.0,8e7fd68470057c99,0.07646271696767194,0.2,0.1,0.2,0.2,0.05355730471140593,,,,,,NORMAL,True,True,True,True,False,False,False,True,False,1,0,1,
99e8d1ddae4a8318e4431bec,Module_12_CrossDomain,sklearn.datasets.load_breast_cancer,71aa3180a9c8c9abf1e45ef91d8c1dac2592948b3fa58a7da1cc3e16bef8c2df,bc_classifier_v1,breast_cancer_wisconsin,classification_breast_cancer,42,unit_3,9,3,2026-09-02T20:45:00Z,1.0.0,8e7fd68470057c99,0.07646271696767194,0.2,0.1,0.2,0.2,0.05355730471140593,,,,,,NORMAL,True,True,True,True,False,False,False,True,False,1,0,1,
3050b8f5b740c531215f6288,Module_12_CrossDomain,sklearn.datasets.load_breast_cancer,71aa3180a9c8c9abf1e45ef91d8c1dac2592948b3fa58a7da1cc3e16bef8c2df,bc_classifier_v1,breast_cancer_wisconsin,classification_breast_cancer,42,unit_3,9,5,2026-09-02T20:45:00Z,1.0.0,8e7fd68470057c99,0.07646271696767194,0.2,0.1,0.2,0.2,0.05355730471140593,,,,,,NORMAL,True,True,True,True,False,False,False,True,False,1,0,1,
bd020f593e727f118cc2a97a,Module_12_CrossDomain,sklearn.datasets.load_breast_cancer,71aa3180a9c8c9abf1e45ef91d8c1dac2592948b3fa58a7da1cc3e16bef8c2df,bc_classifier_v1,breast_cancer_wisconsin,classification_breast_cancer,42,unit_3,10,1,2026-09-02T20:45:00Z,1.0.0,8e7fd68470057c99,0.27313516341250715,0.2,0.1,0.2,0.2,0.0709652003428047,,,,,,NORMAL,True,True,True,True,False,False,False,True,False,1,0,1,
7afaa6bcb439bef95b70be94,Module_12_CrossDomain,sklearn.datasets.load_breast_cancer,71aa3180a9c8c9abf1e45ef91d8c1dac2592948b3fa58a7da1cc3e16bef8c2df,bc_classifier_v1,breast_cancer_wisconsin,classification_breast_cancer,42,unit_3,10,2,2026-09-02T20:45:00Z,1.0.0,8e7fd68470057c99,0.27313516341250715,0.2,0.1,0.2,0.2,0.0709652003428047,,,,,,NORMAL,True,True,True,True,False,False,False,True,False,1,0,1,
51bd8f63a5b06b850d176de6,Module_12_CrossDomain,sklearn.datasets.load_breast_cancer,71aa3180a9c8c9abf1e45ef91d8c1dac2592948b3fa58a7da1cc3e16bef8c2df,bc_classifier_v1,breast_cancer_wisconsin,classification_breast_cancer,42,unit_3,10,3,2026-09-02T20:45:00Z,1.0.0,8e7fd68470057c99,0.27313516341250715,0.2,0.1,0.2,0.2,0.0709652003428047,,,,,,NORMAL,True,True,True,True,False,False,False,True,False,1,0,1,
d35aff34c98c6609200ac279,Module_12_CrossDomain,sklearn.datasets.load_breast_cancer,71aa3180a9c8c9abf1e45ef91d8c1dac2592948b3fa58a7da1cc3e16bef8c2df,bc_classifier_v1,breast_cancer_wisconsin,classification_breast_cancer,42,unit_3,10,5,2026-09-02T20:45:00Z,1.0.0,8e7fd68470057c99,0.27313516341250715,0.2,0.1,0.2,0.2,0.0709652003428047,,,,,,NORMAL,True,True,True,True,False,False,False,True,False,1,0,1,
a815db33a8b7ae4e8a122bd9,Module_12_CrossDomain,sklearn.datasets.load_breast_cancer,71aa3180a9c8c9abf1e45ef91d8c1dac2592948b3fa58a7da1cc3e16bef8c2df,bc_classifier_v1,breast_cancer_wisconsin,classification_breast_cancer,42,unit_3,11,1,2026-09-02T20:45:00Z,1.0.0,8e7fd68470057c99,0.2973450141169668,0.2,0.1,0.2,0.2,0.08056819497258089,,,,,,NORMAL,True,True,True,True,False,False,False,True,False,1,0,0,
069cc56de2879abd3c6f1e72,Module_12_CrossDomain,sklearn.datasets.load_breast_cancer,71aa3180a9c8c9abf1e45ef91d8c1dac2592948b3fa58a7da1cc3e16bef8c2df,bc_classifier_v1,breast_cancer_wisconsin,classification_breast_cancer,42,unit_3,11,2,2026-09-02T20:45:00Z,1.0.0,8e7fd68470057c99,0.2973450141169668,0.2,0.1,0.2,0.2,0.08056819497258089,,,,,,NORMAL,True,True,True,True,False,False,False,True,False,1,0,0,
a31edc8fe616213a2b52f4d0,Module_12_CrossDomain,sklearn.datasets.load_breast_cancer,71aa3180a9c8c9abf1e45ef91d8c1dac2592948b3fa58a7da1cc3e16bef8c2df,bc_classifier_v1,breast_cancer_wisconsin,classification_breast_cancer,42,unit_3,11,3,2026-09-02T20:45:00Z,1.0.0,8e7fd68470057c99,0.2973450141169668,0.2,0.1,0.2,0.2,0.08056819497258089,,,,,,NORMAL,True,True,True,True,False,False,False,True,False,1,0,1,
a14b8678815b1aa9c2567e57,Module_12_CrossDomain,sklearn.datasets.load_breast_cancer,71aa3180a9c8c9abf1e45ef91d8c1dac2592948b3fa58a7da1cc3e16bef8c2df,bc_classifier_v1,breast_cancer_wisconsin,classification_breast_cancer,42,unit_3,11,5,2026-09-02T20:45:00Z,1.0.0,8e7fd68470057c99,0.2973450141169668,0.2,0.1,0.2,0.2,0.08056819497258089,,,,,,NORMAL,True,True,True,True,False,False,False,True,False,1,0,1,
c2f4a6846c31a10b08d2fbab,Module_12_CrossDomain,sklearn.datasets.load_breast_cancer,71aa3180a9c8c9abf1e45ef91d8c1dac2592948b3fa58a7da1cc3e16bef8c2df,bc_classifier_v1,breast_cancer_wisconsin,classification_breast_cancer,42,unit_3,12,1,2026-09-02T20:45:00Z,1.0.0,8e7fd68470057c99,0.1743851127856383,0.2,0.1,0.2,0.2,0.042412350731487795,,,,,,NORMAL,True,True,True,True,False,False,False,True,False,1,0,0,
2b7b454e347c09dd44c923be,Module_12_CrossDomain,sklearn.datasets.load_breast_cancer,71aa3180a9c8c9abf1e45ef91d8c1dac2592948b3fa58a7da1cc3e16bef8c2df,bc_classifier_v1,breast_cancer_wisconsin,classification_breast_cancer,42,unit_3,12,2,2026-09-02T20:45:00Z,1.0.0,8e7fd68470057c99,0.1743851127856383,0.2,0.1,0.2,0.2,0.042412350731487795,,,,,,NORMAL,True,True,True,True,False,False,False,True,False,1,0,1,
c333d8ea1c012956bd268aad,Module_12_CrossDomain,sklearn.datasets.load_breast_cancer,71aa3180a9c8c9abf1e45ef91d8c1dac2592948b3fa58a7da1cc3e16bef8c2df,bc_classifier_v1,breast_cancer_wisconsin,classification_breast_cancer,42,unit_3,12,3,2026-09-02T20:45:00Z,1.0.0,8e7fd68470057c99,0.1743851127856383,0.2,0.1,0.2,0.2,0.042412350731487795,,,,,,NORMAL,True,True,True,True,False,False,False,True,False,1,0,1,
e0d48429b550bce1b3d287a9,Module_12_CrossDomain,sklearn.datasets.load_breast_cancer,71aa3180a9c8c9abf1e45ef91d8c1dac2592948b3fa58a7da1cc3e16bef8c2df,bc_classifier_v1,breast_cancer_wisconsin,classification_breast_cancer,42,unit_3,12,5,2026-09-02T20:45:00Z,1.0.0,8e7fd68470057c99,0.1743851127856383,0.2,0.1,0.2,0.2,0.042412350731487795,,,,,,NORMAL,True,True,True,True,False,False,False,True,False,1,0,1,
12ea50412cac64436939503c,Module_12_CrossDomain,sklearn.datasets.load_breast_cancer,71aa3180a9c8c9abf1e45ef91d8c1dac2592948b3fa58a7da1cc3e16bef8c2df,bc_classifier_v1,breast_cancer_wisconsin,classification_breast_cancer,42,unit_3,13,1,2026-09-02T20:45:00Z,1.0.0,8e7fd68470057c99,0.018574756255369498,0.2,0.1,0.2,0.2,0.07419582901325016,,,,,,NORMAL,True,True,True,True,False,False,False,True,False,1,0,1,
de1d9cc2cf498cf1607365ba,Module_12_CrossDomain,sklearn.datasets.load_breast_cancer,71aa3180a9c8c9abf1e45ef91d8c1dac2592948b3fa58a7da1cc3e16bef8c2df,bc_classifier_v1,breast_cancer_wisconsin,classification_breast_cancer,42,unit_3,13,2,2026-09-02T20:45:00Z,1.0.0,8e7fd68470057c99,0.018574756255369498,0.2,0.1,0.2,0.2,0.07419582901325016,,,,,,NORMAL,True,True,True,True,False,False,False,True,False,1,0,1,
783f77aaf34857ab670a8bc4,Module_12_CrossDomain,sklearn.datasets.load_breast_cancer,71aa3180a9c8c9abf1e45ef91d8c1dac2592948b3fa58a7da1cc3e16bef8c2df,bc_classifier_v1,breast_cancer_wisconsin,classification_breast_cancer,42,unit_3,13,3,2026-09-02T20:45:00Z,1.0.0,8e7fd68470057c99,0.018574756255369498,0.2,0.1,0.2,0.2,0.07419582901325016,,,,,,NORMAL,True,True,True,True,False,False,False,True,False,1,0,1,
0487467edc6e99eadfa9b1cb,Module_12_CrossDomain,sklearn.datasets.load_breast_cancer,71aa3180a9c8c9abf1e45ef91d8c1dac2592948b3fa58a7da1cc3e16bef8c2df,bc_classifier_v1,breast_cancer_wisconsin,classification_breast_cancer,42,unit_3,13,5,2026-09-02T20:45:00Z,1.0.0,8e7fd68470057c99,0.018574756255369498,0.2,0.1,0.2,0.2,0.07419582901325016,,,,,,NORMAL,True,True,True,True,False,False,False,True,False,1,0,1,
f3bcf47837829614ea95b728,Module_12_CrossDomain,sklearn.datasets.load_breast_cancer,71aa3180a9c8c9abf1e45ef91d8c1dac2592948b3fa58a7da1cc3e16bef8c2df,bc_classifier_v1,breast_cancer_wisconsin,classification_breast_cancer,42,unit_3,14,1,2026-09-02T20:45:00Z,1.0.0,8e7fd68470057c99,0.10313658121745825,0.2,0.1,0.2,0.2,0.0464188180709981,,,,,,NORMAL,True,True,True,True,False,False,False,True,False,1,0,0,
0cecf62b6be75c174ec1867d,Module_12_CrossDomain,sklearn.datasets.load_breast_cancer,71aa3180a9c8c9abf1e45ef91d8c1dac2592948b3fa58a7da1cc3e16bef8c2df,bc_classifier_v1,breast_cancer_wisconsin,classification_breast_cancer,42,unit_3,14,2,2026-09-02T20:45:00Z,1.0.0,8e7fd68470057c99,0.10313658121745825,0.2,0.1,0.2,0.2,0.0464188180709981,,,,,,NORMAL,True,True,True,True,False,False,False,True,False,1,0,1,
88a26aae1cb589dc81825243,Module_12_CrossDomain,sklearn.datasets.load_breast_cancer,71aa3180a9c8c9abf1e45ef91d8c1dac2592948b3fa58a7da1cc3e16bef8c2df,bc_classifier_v1,breast_cancer_wisconsin,classification_breast_cancer,42,unit_3,14,3,2026-09-02T20:45:00Z,1.0.0,8e7fd68470057c99,0.10313658121745825,0.2,0.1,0.2,0.2,0.0464188180709981,,,,,,NORMAL,True,True,True,True,False,False,False,True,False,1,0,1,
d9d7bcb1b48aafd6b1dbe465,Module_12_CrossDomain,sklearn.datasets.load_breast_cancer,71aa3180a9c8c9abf1e45ef91d8c1dac2592948b3fa58a7da1cc3e16bef8c2df,bc_classifier_v1,breast_cancer_wisconsin,classification_breast_cancer,42,unit_3,14,5,2026-09-02T20:45:00Z,1.0.0,8e7fd68470057c99,0.10313658121745825,0.2,0.1,0.2,0.2,0.0464188180709981,,,,,,NORMAL,True,True,True,True,False,False,False,True,False,1,0,1,
db605dc3db50b1b2c1084595,Module_12_CrossDomain,sklearn.datasets.load_breast_cancer,71aa3180a9c8c9abf1e45ef91d8c1dac2592948b3fa58a7da1cc3e16bef8c2df,bc_classifier_v1,breast_cancer_wisconsin,classification_breast_cancer,42,unit_3,15,1,2026-09-02T20:45:00Z,1.0.0,8e7fd68470057c99,0.11025433278083278,0.2,0.1,0.2,0.2,0.04491898401615658,,,,,,NORMAL,True,True,True,True,False,False,False,True,False,1,0,1,
1bc307b5ca0dea40a9c69140,Module_12_CrossDomain,sklearn.datasets.load_breast_cancer,71aa3180a9c8c9abf1e45ef91d8c1dac2592948b3fa58a7da1cc3e16bef8c2df,bc_classifier_v1,breast_cancer_wisconsin,classification_breast_cancer,42,unit_3,15,2,2026-09-02T20:45:00Z,1.0.0,8e7fd68470057c99,0.11025433278083278,0.2,0.1,0.2,0.2,0.04491898401615658,,,,,,NORMAL,True,True,True,True,False,False,False,True,False,1,0,1,
3cca5281d8566b9c19f6847f,Module_12_CrossDomain,sklearn.datasets.load_breast_cancer,71aa3180a9c8c9abf1e45ef91d8c1dac2592948b3fa58a7da1cc3e16bef8c2df,bc_classifier_v1,breast_cancer_wisconsin,classification_breast_cancer,42,unit_3,15,3,2026-09-02T20:45:00Z,1.0.0,8e7fd68470057c99,0.11025433278083278,0.2,0.1,0.2,0.2,0.04491898401615658,,,,,,NORMAL,True,True,True,True,False,False,False,True,False,1,0,1,
61c747de7288e7ee1bab38e4,Module_12_CrossDomain,sklearn.datasets.load_breast_cancer,71aa3180a9c8c9abf1e45ef91d8c1dac2592948b3fa58a7da1cc3e16bef8c2df,bc_classifier_v1,breast_cancer_wisconsin,classification_breast_cancer,42,unit_3,15,5,2026-09-02T20:45:00Z,1.0.0,8e7fd68470057c99,0.11025433278083278,0.2,0.1,0.2,0.2,0.04491898401615658,,,,,,NORMAL,True,True,True,True,False,False,False,True,False,1,0,1,
4b784ff244108f0027e0363a,Module_12_CrossDomain,sklearn.datasets.load_breast_cancer,71aa3180a9c8c9abf1e45ef91d8c1dac2592948b3fa58a7da1cc3e16bef8c2df,bc_classifier_v1,breast_cancer_wisconsin,classification_breast_cancer,42,unit_3,16,1,2026-09-02T20:45:00Z,1.0.0,8e7fd68470057c99,0.03389803997333197,0.2,0.1,0.2,0.2,0.06827992241425329,,,,,,NORMAL,True,True,True,True,False,False,False,True,False,1,0,0,
fb0f24e89488a553880dc42e,Module_12_CrossDomain,sklearn.datasets.load_breast_cancer,71aa3180a9c8c9abf1e45ef91d8c1dac2592948b3fa58a7da1cc3e16bef8c2df,bc_classifier_v1,breast_cancer_wisconsin,classification_breast_cancer,42,unit_3,16,2,2026-09-02T20:45:00Z,1.0.0,8e7fd68470057c99,0.03389803997333197,0.2,0.1,0.2,0.2,0.06827992241425329,,,,,,NORMAL,True,True,True,True,False,False,False,True,False,1,0,0,
b4b9c6189137190352e60d37,Module_12_CrossDomain,sklearn.datasets.load_breast_cancer,71aa3180a9c8c9abf1e45ef91d8c1dac2592948b3fa58a7da1cc3e16bef8c2df,bc_classifier_v1,breast_cancer_wisconsin,classification_breast_cancer,42,unit_3,16,3,2026-09-02T20:45:00Z,1.0.0,8e7fd68470057c99,0.03389803997333197,0.2,0.1,0.2,0.2,0.06827992241425329,,,,,,NORMAL,True,True,True,True,False,False,False,True,False,1,0,1,
8049d2fbe461a6d61f3f9a1e,Module_12_CrossDomain,sklearn.datasets.load_breast_cancer,71aa3180a9c8c9abf1e45ef91d8c1dac2592948b3fa58a7da1cc3e16bef8c2df,bc_classifier_v1,breast_cancer_wisconsin,classification_breast_cancer,42,unit_3,16,5,2026-09-02T20:45:00Z,1.0.0,8e7fd68470057c99,0.03389803997333197,0.2,0.1,0.2,0.2,0.06827992241425329,,,,,,NORMAL,True,True,True,True,False,False,False,True,False,1,0,1,
52e8a99309224517fecdb032,Module_12_CrossDomain,sklearn.datasets.load_breast_cancer,71aa3180a9c8c9abf1e45ef91d8c1dac2592948b3fa58a7da1cc3e16bef8c2df,bc_classifier_v1,breast_cancer_wisconsin,classification_breast_cancer,42,unit_3,17,1,2026-09-02T20:45:00Z,1.0.0,8e7fd68470057c99,0.22262508004589035,0.2,0.1,0.2,0.2,0.053279978002314404,,,,,,NORMAL,True,True,True,True,False,False,False,True,False,1,0,0,
ea94d9075ec72c9552be2a4c,Module_12_CrossDomain,sklearn.datasets.load_breast_cancer,71aa3180a9c8c9abf1e45ef91d8c1dac2592948b3fa58a7da1cc3e16bef8c2df,bc_classifier_v1,breast_cancer_wisconsin,classification_breast_cancer,42,unit_3,17,2,2026-09-02T20:45:00Z,1.0.0,8e7fd68470057c99,0.22262508004589035,0.2,0.1,0.2,0.2,0.053279978002314404,,,,,,NORMAL,True,True,True,True,False,False,False,True,False,1,0,1,
0fa2ecf6e4e0b99615126966,Module_12_CrossDomain,sklearn.datasets.load_breast_cancer,71aa3180a9c8c9abf1e45ef91d8c1dac2592948b3fa58a7da1cc3e16bef8c2df,bc_classifier_v1,breast_cancer_wisconsin,classification_breast_cancer,42,unit_3,17,3,2026-09-02T20:45:00Z,1.0.0,8e7fd68470057c99,0.22262508004589035,0.2,0.1,0.2,0.2,0.053279978002314404,,,,,,NORMAL,True,True,True,True,False,False,False,True,False,1,0,1,
2329693eedcd50e4e2e7773d,Module_12_CrossDomain,sklearn.datasets.load_breast_cancer,71aa3180a9c8c9abf1e45ef91d8c1dac2592948b3fa58a7da1cc3e16bef8c2df,bc_classifier_v1,breast_cancer_wisconsin,classification_breast_cancer,42,unit_3,17,5,2026-09-02T20:45:00Z,1.0.0,8e7fd68470057c99,0.22262508004589035,0.2,0.1,0.2,0.2,0.053279978002314404,,,,,,NORMAL,True,True,True,True,False,False,False,True,False,1,0,1,
735e9a2c4422d390e2094606,Module_12_CrossDomain,sklearn.datasets.load_breast_cancer,71aa3180a9c8c9abf1e45ef91d8c1dac2592948b3fa58a7da1cc3e16bef8c2df,bc_classifier_v1,breast_cancer_wisconsin,classification_breast_cancer,42,unit_3,18,1,2026-09-02T20:45:00Z,1.0.0,8e7fd68470057c99,0.3435087627098158,0.2,0.1,0.2,0.2,0.09993958313288172,,,,,,NORMAL,True,True,True,True,False,False,False,True,False,1,0,1,
52bd5e03fc664025ccb8a918,Module_12_CrossDomain,sklearn.datasets.load_breast_cancer,71aa3180a9c8c9abf1e45ef91d8c1dac2592948b3fa58a7da1cc3e16bef8c2df,bc_classifier_v1,breast_cancer_wisconsin,classification_breast_cancer,42,unit_3,18,2,2026-09-02T20:45:00Z,1.0.0,8e7fd68470057c99,0.3435087627098158,0.2,0.1,0.2,0.2,0.09993958313288172,,,,,,NORMAL,True,True,True,True,False,False,False,True,False,1,0,1,
e9a2fb9969dcef18aa5c1fc6,Module_12_CrossDomain,sklearn.datasets.load_breast_cancer,71aa3180a9c8c9abf1e45ef91d8c1dac2592948b3fa58a7da1cc3e16bef8c2df,bc_classifier_v1,breast_cancer_wisconsin,classification_breast_cancer,42,unit_3,18,3,2026-09-02T20:45:00Z,1.0.0,8e7fd68470057c99,0.3435087627098158,0.2,0.1,0.2,0.2,0.09993958313288172,,,,,,NORMAL,True,True,True,True,False,False,False,True,False,1,0,1,
e2ecbfbd72911b0c29e300e4,Module_12_CrossDomain,sklearn.datasets.load_breast_cancer,71aa3180a9c8c9abf1e45ef91d8c1dac2592948b3fa58a7da1cc3e16bef8c2df,bc_classifier_v1,breast_cancer_wisconsin,classification_breast_cancer,42,unit_3,18,5,2026-09-02T20:45:00Z,1.0.0,8e7fd68470057c99,0.3435087627098158,0.2,0.1,0.2,0.2,0.09993958313288172,,,,,,NORMAL,True,True,True,True,False,False,False,True,False,1,0,1,
327389ebb60db32350120b26,Module_12_CrossDomain,sklearn.datasets.load_breast_cancer,71aa3180a9c8c9abf1e45ef91d8c1dac2592948b3fa58a7da1cc3e16bef8c2df,bc_classifier_v1,breast_cancer_wisconsin,classification_breast_cancer,42,unit_3,19,1,2026-09-02T20:45:00Z,1.0.0,8e7fd68470057c99,0.07192248475494234,0.2,0.1,0.2,0.2,0.054966855441038714,,,,,,NORMAL,True,True,True,True,False,False,False,True,False,1,0,0,
7b937488b0b78a4d9b247e07,Module_12_CrossDomain,sklearn.datasets.load_breast_cancer,71aa3180a9c8c9abf1e45ef91d8c1dac2592948b3fa58a7da1cc3e16bef8c2df,bc_classifier_v1,breast_cancer_wisconsin,classification_breast_cancer,42,unit_3,19,2,2026-09-02T20:45:00Z,1.0.0,8e7fd68470057c99,0.07192248475494234,0.2,0.1,0.2,0.2,0.054966855441038714,,,,,,NORMAL,True,True,True,True,False,False,False,True,False,1,0,0,
5e0545730a336ffbefc0b0e7,Module_12_CrossDomain,sklearn.datasets.load_breast_cancer,71aa3180a9c8c9abf1e45ef91d8c1dac2592948b3fa58a7da1cc3e16bef8c2df,bc_classifier_v1,breast_cancer_wisconsin,classification_breast_cancer,42,unit_3,19,3,2026-09-02T20:45:00Z,1.0.0,8e7fd68470057c99,0.07192248475494234,0.2,0.1,0.2,0.2,0.054966855441038714,,,,,,NORMAL,True,True,True,True,False,False,False,True,False,1,0,0,
b13d9a6b9ebc4733425e3e2e,Module_12_CrossDomain,sklearn.datasets.load_breast_cancer,71aa3180a9c8c9abf1e45ef91d8c1dac2592948b3fa58a7da1cc3e16bef8c2df,bc_classifier_v1,breast_cancer_wisconsin,classification_breast_cancer,42,unit_3,19,5,2026-09-02T20:45:00Z,1.0.0,8e7fd68470057c99,0.07192248475494234,0.2,0.1,0.2,0.2,0.054966855441038714,,,,,,NORMAL,True,True,True,True,False,False,False,True,False,1,0,0,
2c84bd009744f90a782ad735,Module_12_CrossDomain,sklearn.datasets.load_breast_cancer,71aa3180a9c8c9abf1e45ef91d8c1dac2592948b3fa58a7da1cc3e16bef8c2df,bc_classifier_v1,breast_cancer_wisconsin,classification_breast_cancer,42,unit_4,0,1,2026-09-02T20:45:00Z,1.0.0,8e7fd68470057c99,0.1519440775043015,0.2,0.1,0.2,0.2,0.040835114076389185,,,,,,NORMAL,True,True,True,True,False,False,False,True,False,1,0,1,0.0
f1f02632cba874a115e0caac,Module_12_CrossDomain,sklearn.datasets.load_breast_cancer,71aa3180a9c8c9abf1e45ef91d8c1dac2592948b3fa58a7da1cc3e16bef8c2df,bc_classifier_v1,breast_cancer_wisconsin,classification_breast_cancer,42,unit_4,0,2,2026-09-02T20:45:00Z,1.0.0,8e7fd68470057c99,0.1519440775043015,0.2,0.1,0.2,0.2,0.040835114076389185,,,,,,NORMAL,True,True,True,True,False,False,False,True,False,1,0,1,0.0
e1520eed3c02fb95d818e2a6,Module_12_CrossDomain,sklearn.datasets.load_breast_cancer,71aa3180a9c8c9abf1e45ef91d8c1dac2592948b3fa58a7da1cc3e16bef8c2df,bc_classifier_v1,breast_cancer_wisconsin,classification_breast_cancer,42,unit_4,0,3,2026-09-02T20:45:00Z,1.0.0,8e7fd68470057c99,0.1519440775043015,0.2,0.1,0.2,0.2,0.040835114076389185,,,,,,NORMAL,True,True,True,True,False,False,False,True,False,1,0,1,0.0
cdcbd10c8d29a97958c239f5,Module_12_CrossDomain,sklearn.datasets.load_breast_cancer,71aa3180a9c8c9abf1e45ef91d8c1dac2592948b3fa58a7da1cc3e16bef8c2df,bc_classifier_v1,breast_cancer_wisconsin,classification_breast_cancer,42,unit_4,0,5,2026-09-02T20:45:00Z,1.0.0,8e7fd68470057c99,0.1519440775043015,0.2,0.1,0.2,0.2,0.040835114076389185,,,,,,NORMAL,True,True,True,True,False,False,False,True,False,1,0,1,0.0
1ede39eaac03c4dc47409ed6,Module_12_CrossDomain,sklearn.datasets.load_breast_cancer,71aa3180a9c8c9abf1e45ef91d8c1dac2592948b3fa58a7da1cc3e16bef8c2df,bc_classifier_v1,breast_cancer_wisconsin,classification_breast_cancer,42,unit_4,1,1,2026-09-02T20:45:00Z,1.0.0,8e7fd68470057c99,0.044681091478564736,0.2,0.1,0.2,0.2,0.06427730287528743,,,,,,NORMAL,True,True,True,True,False,False,False,True,False,1,0,0,
78dfa046034481468f1ce081,Module_12_CrossDomain,sklearn.datasets.load_breast_cancer,71aa3180a9c8c9abf1e45ef91d8c1dac2592948b3fa58a7da1cc3e16bef8c2df,bc_classifier_v1,breast_cancer_wisconsin,classification_breast_cancer,42,unit_4,1,2,2026-09-02T20:45:00Z,1.0.0,8e7fd68470057c99,0.044681091478564736,0.2,0.1,0.2,0.2,0.06427730287528743,,,,,,NORMAL,True,True,True,True,False,False,False,True,False,1,0,0,
88e7f64a0a17ec6defa08744,Module_12_CrossDomain,sklearn.datasets.load_breast_cancer,71aa3180a9c8c9abf1e45ef91d8c1dac2592948b3fa58a7da1cc3e16bef8c2df,bc_classifier_v1,breast_cancer_wisconsin,classification_breast_cancer,42,unit_4,1,3,2026-09-02T20:45:00Z,1.0.0,8e7fd68470057c99,0.044681091478564736,0.2,0.1,0.2,0.2,0.06427730287528743,,,,,,NORMAL,True,True,True,True,False,False,False,True,False,1,0,1,
6d4e9cfcaf7abf7f4a520b93,Module_12_CrossDomain,sklearn.datasets.load_breast_cancer,71aa3180a9c8c9abf1e45ef91d8c1dac2592948b3fa58a7da1cc3e16bef8c2df,bc_classifier_v1,breast_cancer_wisconsin,classification_breast_cancer,42,unit_4,1,5,2026-09-02T20:45:00Z,1.0.0,8e7fd68470057c99,0.044681091478564736,0.2,0.1,0.2,0.2,0.06427730287528743,,,,,,NORMAL,True,True,True,True,False,False,False,True,False,1,0,1,
a1813fc9d314560122c0fb09,Module_12_CrossDomain,sklearn.datasets.load_breast_cancer,71aa3180a9c8c9abf1e45ef91d8c1dac2592948b3fa58a7da1cc3e16bef8c2df,bc_classifier_v1,breast_cancer_wisconsin,classification_breast_cancer,42,unit_4,2,1,2026-09-02T20:45:00Z,1.0.0,8e7fd68470057c99,0.6295433921117803,0.2,0.1,0.2,0.2,0.2297157010635696,,,,,,NORMAL,True,True,True,True,False,False,False,True,False,1,0,0,
5bc7fe4209d1a29257c47c6d,Module_12_CrossDomain,sklearn.datasets.load_breast_cancer,71aa3180a9c8c9abf1e45ef91d8c1dac2592948b3fa58a7da1cc3e16bef8c2df,bc_classifier_v1,breast_cancer_wisconsin,classification_breast_cancer,42,unit_4,2,2,2026-09-02T20:45:00Z,1.0.0,8e7fd68470057c99,0.6295433921117803,0.2,0.1,0.2,0.2,0.2297157010635696,,,,,,NORMAL,True,True,True,True,False,False,False,True,False,1,0,1,
b65c3e7c23802776aea3ece9,Module_12_CrossDomain,sklearn.datasets.load_breast_cancer,71aa3180a9c8c9abf1e45ef91d8c1dac2592948b3fa58a7da1cc3e16bef8c2df,bc_classifier_v1,breast_cancer_wisconsin,classification_breast_cancer,42,unit_4,2,3,2026-09-02T20:45:00Z,1.0.0,8e7fd68470057c99,0.6295433921117803,0.2,0.1,0.2,0.2,0.2297157010635696,,,,,,NORMAL,True,True,True,True,False,False,False,True,False,1,0,1,
731ee6ef26362a9e3cf84ddd,Module_12_CrossDomain,sklearn.datasets.load_breast_cancer,71aa3180a9c8c9abf1e45ef91d8c1dac2592948b3fa58a7da1cc3e16bef8c2df,bc_classifier_v1,breast_cancer_wisconsin,classification_breast_cancer,42,unit_4,2,5,2026-09-02T20:45:00Z,1.0.0,8e7fd68470057c99,0.6295433921117803,0.2,0.1,0.2,0.2,0.2297157010635696,,,,,,NORMAL,True,True,True,True,False,False,False,True,False,1,0,1,
286dc0ae60c9b1fa0136455a,Module_12_CrossDomain,sklearn.datasets.load_breast_cancer,71aa3180a9c8c9abf1e45ef91d8c1dac2592948b3fa58a7da1cc3e16bef8c2df,bc_classifier_v1,breast_cancer_wisconsin,classification_breast_cancer,42,unit_4,3,1,2026-09-02T20:45:00Z,1.0.0,8e7fd68470057c99,0.28221562783796633,0.2,0.1,0.2,0.2,0.07450722894769282,,,,,,NORMAL,True,True,True,True,False,False,False,True,False,1,0,1,
fe7a6f274735b033b85b7b2a,Module_12_CrossDomain,sklearn.datasets.load_breast_cancer,71aa3180a9c8c9abf1e45ef91d8c1dac2592948b3fa58a7da1cc3e16bef8c2df,bc_classifier_v1,breast_cancer_wisconsin,classification_breast_cancer,42,unit_4,3,2,2026-09-02T20:45:00Z,1.0.0,8e7fd68470057c99,0.28221562783796633,0.2,0.1,0.2,0.2,0.07450722894769282,,,,,,NORMAL,True,True,True,True,False,False,False,True,False,1,0,1,
ef607008024fe0ace0b4b754,Module_12_CrossDomain,sklearn.datasets.load_breast_cancer,71aa3180a9c8c9abf1e45ef91d8c1dac2592948b3fa58a7da1cc3e16bef8c2df,bc_classifier_v1,breast_cancer_wisconsin,classification_breast_cancer,42,unit_4,3,3,2026-09-02T20:45:00Z,1.0.0,8e7fd68470057c99,0.28221562783796633,0.2,0.1,0.2,0.2,0.07450722894769282,,,,,,NORMAL,True,True,True,True,False,False,False,True,False,1,0,1,
edf2adf678b4bf5000ddb828,Module_12_CrossDomain,sklearn.datasets.load_breast_cancer,71aa3180a9c8c9abf1e45ef91d8c1dac2592948b3fa58a7da1cc3e16bef8c2df,bc_classifier_v1,breast_cancer_wisconsin,classification_breast_cancer,42,unit_4,3,5,2026-09-02T20:45:00Z,1.0.0,8e7fd68470057c99,0.28221562783796633,0.2,0.1,0.2,0.2,0.07450722894769282,,,,,,NORMAL,True,True,True,True,False,False,False,True,False,1,0,1,
58373abe05b70f8ee7d9f4eb,Module_12_CrossDomain,sklearn.datasets.load_breast_cancer,71aa3180a9c8c9abf1e45ef91d8c1dac2592948b3fa58a7da1cc3e16bef8c2df,bc_classifier_v1,breast_cancer_wisconsin,classification_breast_cancer,42,unit_4,4,1,2026-09-02T20:45:00Z,1.0.0,8e7fd68470057c99,0.12072998104178548,0.2,0.1,0.2,0.2,0.043093526221242816,,,,,,NORMAL,True,True,True,True,False,False,False,True,False,1,0,0,
bfd4b4ca5a3aec8c06860002,Module_12_CrossDomain,sklearn.datasets.load_breast_cancer,71aa3180a9c8c9abf1e45ef91d8c1dac2592948b3fa58a7da1cc3e16bef8c2df,bc_classifier_v1,breast_cancer_wisconsin,classification_breast_cancer,42,unit_4,4,2,2026-09-02T20:45:00Z,1.0.0,8e7fd68470057c99,0.12072998104178548,0.2,0.1,0.2,0.2,0.043093526221242816,,,,,,NORMAL,True,True,True,True,False,False,False,True,False,1,0,0,
60157f4230bc72c82a668328,Module_12_CrossDomain,sklearn.datasets.load_breast_cancer,71aa3180a9c8c9abf1e45ef91d8c1dac2592948b3fa58a7da1cc3e16bef8c2df,bc_classifier_v1,breast_cancer_wisconsin,classification_breast_cancer,42,unit_4,4,3,2026-09-02T20:45:00Z,1.0.0,8e7fd68470057c99,0.12072998104178548,0.2,0.1,0.2,0.2,0.043093526221242816,,,,,,NORMAL,True,True,True,True,False,False,False,True,False,1,0,0,
57b008d64097ce48802df034,Module_12_CrossDomain,sklearn.datasets.load_breast_cancer,71aa3180a9c8c9abf1e45ef91d8c1dac2592948b3fa58a7da1cc3e16bef8c2df,bc_classifier_v1,breast_cancer_wisconsin,classification_breast_cancer,42,unit_4,4,5,2026-09-02T20:45:00Z,1.0.0,8e7fd68470057c99,0.12072998104178548,0.2,0.1,0.2,0.2,0.043093526221242816,,,,,,NORMAL,True,True,True,True,False,False,False,True,False,1,0,1,
793860e36f6da2b72b1a5a18,Module_12_CrossDomain,sklearn.datasets.load_breast_cancer,71aa3180a9c8c9abf1e45ef91d8c1dac2592948b3fa58a7da1cc3e16bef8c2df,bc_classifier_v1,breast_cancer_wisconsin,classification_breast_cancer,42,unit_4,5,1,2026-09-02T20:45:00Z,1.0.0,8e7fd68470057c99,0.24589377013612954,0.2,0.1,0.2,0.2,0.06091089147438768,,,,,,NORMAL,True,True,True,True,False,False,False,True,False,1,0,0,
19aad26ec63e94f591bd951d,Module_12_CrossDomain,sklearn.datasets.load_breast_cancer,71aa3180a9c8c9abf1e45ef91d8c1dac2592948b3fa58a7da1cc3e16bef8c2df,bc_classifier_v1,breast_cancer_wisconsin,classification_breast_cancer,42,unit_4,5,2,2026-09-02T20:45:00Z,1.0.0,8e7fd68470057c99,0.24589377013612954,0.2,0.1,0.2,0.2,0.06091089147438768,,,,,,NORMAL,True,True,True,True,False,False,False,True,False,1,0,0,
dc27de242d4e5e602fe00462,Module_12_CrossDomain,sklearn.datasets.load_breast_cancer,71aa3180a9c8c9abf1e45ef91d8c1dac2592948b3fa58a7da1cc3e16bef8c2df,bc_classifier_v1,breast_cancer_wisconsin,classification_breast_cancer,42,unit_4,5,3,2026-09-02T20:45:00Z,1.0.0,8e7fd68470057c99,0.24589377013612954,0.2,0.1,0.2,0.2,0.06091089147438768,,,,,,NORMAL,True,True,True,True,False,False,False,True,False,1,0,1,
f61bf5d8102bfc539004ddff,Module_12_CrossDomain,sklearn.datasets.load_breast_cancer,71aa3180a9c8c9abf1e45ef91d8c1dac2592948b3fa58a7da1cc3e16bef8c2df,bc_classifier_v1,breast_cancer_wisconsin,classification_breast_cancer,42,unit_4,5,5,2026-09-02T20:45:00Z,1.0.0,8e7fd68470057c99,0.24589377013612954,0.2,0.1,0.2,0.2,0.06091089147438768,,,,,,NORMAL,True,True,True,True,False,False,False,True,False,1,0,1,
c1f76c75ff5363860fc8e945,Module_12_CrossDomain,sklearn.datasets.load_breast_cancer,71aa3180a9c8c9abf1e45ef91d8c1dac2592948b3fa58a7da1cc3e16bef8c2df,bc_classifier_v1,breast_cancer_wisconsin,classification_breast_cancer,42,unit_4,6,1,2026-09-02T20:45:00Z,1.0.0,8e7fd68470057c99,0.02001721755283206,0.2,0.1,0.2,0.2,0.07362898543479522,,,,,,NORMAL,True,True,True,True,False,False,False,True,False,1,0,0,
6d42915b071983bd336d6c14,Module_12_CrossDomain,sklearn.datasets.load_breast_cancer,71aa3180a9c8c9abf1e45ef91d8c1dac2592948b3fa58a7da1cc3e16bef8c2df,bc_classifier_v1,breast_cancer_wisconsin,classification_breast_cancer,42,unit_4,6,2,2026-09-02T20:45:00Z,1.0.0,8e7fd68470057c99,0.02001721755283206,0.2,0.1,0.2,0.2,0.07362898543479522,,,,,,NORMAL,True,True,True,True,False,False,False,True,False,1,0,1,
2fbe988aede8aff01861ca7c,Module_12_CrossDomain,sklearn.datasets.load_breast_cancer,71aa3180a9c8c9abf1e45ef91d8c1dac2592948b3fa58a7da1cc3e16bef8c2df,bc_classifier_v1,breast_cancer_wisconsin,classification_breast_cancer,42,unit_4,6,3,2026-09-02T20:45:00Z,1.0.0,8e7fd68470057c99,0.02001721755283206,0.2,0.1,0.2,0.2,0.07362898543479522,,,,,,NORMAL,True,True,True,True,False,False,False,True,False,1,0,1,
51c53e6e9a231072849c99f6,Module_12_CrossDomain,sklearn.datasets.load_breast_cancer,71aa3180a9c8c9abf1e45ef91d8c1dac2592948b3fa58a7da1cc3e16bef8c2df,bc_classifier_v1,breast_cancer_wisconsin,classification_breast_cancer,42,unit_4,6,5,2026-09-02T20:45:00Z,1.0.0,8e7fd68470057c99,0.02001721755283206,0.2,0.1,0.2,0.2,0.07362898543479522,,,,,,NORMAL,True,True,True,True,False,False,False,True,False,1,0,1,
c74e5875ce10af60ad0e362a,Module_12_CrossDomain,sklearn.datasets.load_breast_cancer,71aa3180a9c8c9abf1e45ef91d8c1dac2592948b3fa58a7da1cc3e16bef8c2df,bc_classifier_v1,breast_cancer_wisconsin,classification_breast_cancer,42,unit_4,7,1,2026-09-02T20:45:00Z,1.0.0,8e7fd68470057c99,0.27767539562523663,0.2,0.1,0.2,0.2,0.07272628540258282,,,,,,NORMAL,True,True,True,True,False,False,False,True,False,1,0,1,
2a4505d272d214378ca4a58f,Module_12_CrossDomain,sklearn.datasets.load_breast_cancer,71aa3180a9c8c9abf1e45ef91d8c1dac2592948b3fa58a7da1cc3e16bef8c2df,bc_classifier_v1,breast_cancer_wisconsin,classification_breast_cancer,42,unit_4,7,2,2026-09-02T20:45:00Z,1.0.0,8e7fd68470057c99,0.27767539562523663,0.2,0.1,0.2,0.2,0.07272628540258282,,,,,,NORMAL,True,True,True,True,False,False,False,True,False,1,0,1,
d2f64a3889fb7a2de6f843ad,Module_12_CrossDomain,sklearn.datasets.load_breast_cancer,71aa3180a9c8c9abf1e45ef91d8c1dac2592948b3fa58a7da1cc3e16bef8c2df,bc_classifier_v1,breast_cancer_wisconsin,classification_breast_cancer,42,unit_4,7,3,2026-09-02T20:45:00Z,1.0.0,8e7fd68470057c99,0.27767539562523663,0.2,0.1,0.2,0.2,0.07272628540258282,,,,,,NORMAL,True,True,True,True,False,False,False,True,False,1,0,1,
b819c1c69ca61c0d42514915,Module_12_CrossDomain,sklearn.datasets.load_breast_cancer,71aa3180a9c8c9abf1e45ef91d8c1dac2592948b3fa58a7da1cc3e16bef8c2df,bc_classifier_v1,breast_cancer_wisconsin,classification_breast_cancer,42,unit_4,7,5,2026-09-02T20:45:00Z,1.0.0,8e7fd68470057c99,0.27767539562523663,0.2,0.1,0.2,0.2,0.07272628540258282,,,,,,NORMAL,True,True,True,True,False,False,False,True,False,1,0,1,
c3ba2151fea35d0398b5a838,Module_12_CrossDomain,sklearn.datasets.load_breast_cancer,71aa3180a9c8c9abf1e45ef91d8c1dac2592948b3fa58a7da1cc3e16bef8c2df,bc_classifier_v1,breast_cancer_wisconsin,classification_breast_cancer,42,unit_4,8,1,2026-09-02T20:45:00Z,1.0.0,8e7fd68470057c99,0.10029893608450231,0.2,0.1,0.2,0.2,0.04707015037705221,,,,,,NORMAL,True,True,True,True,False,False,False,True,False,1,0,1,
ae6324dda25de7a6a8496f71,Module_12_CrossDomain,sklearn.datasets.load_breast_cancer,71aa3180a9c8c9abf1e45ef91d8c1dac2592948b3fa58a7da1cc3e16bef8c2df,bc_classifier_v1,breast_cancer_wisconsin,classification_breast_cancer,42,unit_4,8,2,2026-09-02T20:45:00Z,1.0.0,8e7fd68470057c99,0.10029893608450231,0.2,0.1,0.2,0.2,0.04707015037705221,,,,,,NORMAL,True,True,True,True,False,False,False,True,False,1,0,1,
2acf9f966a8ed2f508180284,Module_12_CrossDomain,sklearn.datasets.load_breast_cancer,71aa3180a9c8c9abf1e45ef91d8c1dac2592948b3fa58a7da1cc3e16bef8c2df,bc_classifier_v1,breast_cancer_wisconsin,classification_breast_cancer,42,unit_4,8,3,2026-09-02T20:45:00Z,1.0.0,8e7fd68470057c99,0.10029893608450231,0.2,0.1,0.2,0.2,0.04707015037705221,,,,,,NORMAL,True,True,True,True,False,False,False,True,False,1,0,1,
ad7698b5dacfaaa9bb6b1af2,Module_12_CrossDomain,sklearn.datasets.load_breast_cancer,71aa3180a9c8c9abf1e45ef91d8c1dac2592948b3fa58a7da1cc3e16bef8c2df,bc_classifier_v1,breast_cancer_wisconsin,classification_breast_cancer,42,unit_4,8,5,2026-09-02T20:45:00Z,1.0.0,8e7fd68470057c99,0.10029893608450231,0.2,0.1,0.2,0.2,0.04707015037705221,,,,,,NORMAL,True,True,True,True,False,False,False,True,False,1,0,1,
af1a06d4820c077804b8d2c7,Module_12_CrossDomain,sklearn.datasets.load_breast_cancer,71aa3180a9c8c9abf1e45ef91d8c1dac2592948b3fa58a7da1cc3e16bef8c2df,bc_classifier_v1,breast_cancer_wisconsin,classification_breast_cancer,42,unit_4,9,1,2026-09-02T20:45:00Z,1.0.0,8e7fd68470057c99,0.02909768197829126,0.2,0.1,0.2,0.2,0.07010685574816394,,,,,,NORMAL,True,True,True,True,False,False,False,True,False,1,0,1,
111879128bd4e4724794c5d4,Module_12_CrossDomain,sklearn.datasets.load_breast_cancer,71aa3180a9c8c9abf1e45ef91d8c1dac2592948b3fa58a7da1cc3e16bef8c2df,bc_classifier_v1,breast_cancer_wisconsin,classification_breast_cancer,42,unit_4,9,2,2026-09-02T20:45:00Z,1.0.0,8e7fd68470057c99,0.02909768197829126,0.2,0.1,0.2,0.2,0.07010685574816394,,,,,,NORMAL,True,True,True,True,False,False,False,True,False,1,0,1,
1bed4ddc2016e02baa5cf8c5,Module_12_CrossDomain,sklearn.datasets.load_breast_cancer,71aa3180a9c8c9abf1e45ef91d8c1dac2592948b3fa58a7da1cc3e16bef8c2df,bc_classifier_v1,breast_cancer_wisconsin,classification_breast_cancer,42,unit_4,9,3,2026-09-02T20:45:00Z,1.0.0,8e7fd68470057c99,0.02909768197829126,0.2,0.1,0.2,0.2,0.07010685574816394,,,,,,NORMAL,True,True,True,True,False,False,False,True,False,1,0,1,
45a4e342923ba07c669f1f56,Module_12_CrossDomain,sklearn.datasets.load_breast_cancer,71aa3180a9c8c9abf1e45ef91d8c1dac2592948b3fa58a7da1cc3e16bef8c2df,bc_classifier_v1,breast_cancer_wisconsin,classification_breast_cancer,42,unit_4,9,5,2026-09-02T20:45:00Z,1.0.0,8e7fd68470057c99,0.02909768197829126,0.2,0.1,0.2,0.2,0.07010685574816394,,,,,,NORMAL,True,True,True,True,False,False,False,True,False,1,0,1,
5e81b2e360e1c964584658a3,Module_12_CrossDomain,sklearn.datasets.load_breast_cancer,71aa3180a9c8c9abf1e45ef91d8c1dac2592948b3fa58a7da1cc3e16bef8c2df,bc_classifier_v1,breast_cancer_wisconsin,classification_breast_cancer,42,unit_4,10,1,2026-09-02T20:45:00Z,1.0.0,8e7fd68470057c99,0.027962623925108787,0.2,0.1,0.2,0.2,0.07054253430731534,,,,,,NORMAL,True,True,True,True,False,False,False,True,False,1,0,0,
fd9e772b091e387a925e526c,Module_12_CrossDomain,sklearn.datasets.load_breast_cancer,71aa3180a9c8c9abf1e45ef91d8c1dac2592948b3fa58a7da1cc3e16bef8c2df,bc_classifier_v1,breast_cancer_wisconsin,classification_breast_cancer,42,unit_4,10,2,2026-09-02T20:45:00Z,1.0.0,8e7fd68470057c99,0.027962623925108787,0.2,0.1,0.2,0.2,0.07054253430731534,,,,,,NORMAL,True,True,True,True,False,False,False,True,False,1,0,1,
2c27947db17d8e8b9ee7a3d5,Module_12_CrossDomain,sklearn.datasets.load_breast_cancer,71aa3180a9c8c9abf1e45ef91d8c1dac2592948b3fa58a7da1cc3e16bef8c2df,bc_classifier_v1,breast_cancer_wisconsin,classification_breast_cancer,42,unit_4,10,3,2026-09-02T20:45:00Z,1.0.0,8e7fd68470057c99,0.027962623925108787,0.2,0.1,0.2,0.2,0.07054253430731534,,,,,,NORMAL,True,True,True,True,False,False,False,True,False,1,0,1,
0c297890bff7461434bd01d9,Module_12_CrossDomain,sklearn.datasets.load_breast_cancer,71aa3180a9c8c9abf1e45ef91d8c1dac2592948b3fa58a7da1cc3e16bef8c2df,bc_classifier_v1,breast_cancer_wisconsin,classification_breast_cancer,42,unit_4,10,5,2026-09-02T20:45:00Z,1.0.0,8e7fd68470057c99,0.027962623925108787,0.2,0.1,0.2,0.2,0.07054253430731534,,,,,,NORMAL,True,True,True,True,False,False,False,True,False,1,0,1,
db5a849e8d8fc32516d63ec1,Module_12_CrossDomain,sklearn.datasets.load_breast_cancer,71aa3180a9c8c9abf1e45ef91d8c1dac2592948b3fa58a7da1cc3e16bef8c2df,bc_classifier_v1,breast_cancer_wisconsin,classification_breast_cancer,42,unit_4,11,1,2026-09-02T20:45:00Z,1.0.0,8e7fd68470057c99,0.07052730091944877,0.2,0.1,0.2,0.2,0.05540940533709628,,,,,,NORMAL,True,True,True,True,False,False,False,True,False,1,0,1,
b23869fbb1d0135d5e7ff3d9,Module_12_CrossDomain,sklearn.datasets.load_breast_cancer,71aa3180a9c8c9abf1e45ef91d8c1dac2592948b3fa58a7da1cc3e16bef8c2df,bc_classifier_v1,breast_cancer_wisconsin,classification_breast_cancer,42,unit_4,11,2,2026-09-02T20:45:00Z,1.0.0,8e7fd68470057c99,0.07052730091944877,0.2,0.1,0.2,0.2,0.05540940533709628,,,,,,NORMAL,True,True,True,True,False,False,False,True,False,1,0,1,
af4dafa476e72f5d731a7094,Module_12_CrossDomain,sklearn.datasets.load_breast_cancer,71aa3180a9c8c9abf1e45ef91d8c1dac2592948b3fa58a7da1cc3e16bef8c2df,bc_classifier_v1,breast_cancer_wisconsin,classification_breast_cancer,42,unit_4,11,3,2026-09-02T20:45:00Z,1.0.0,8e7fd68470057c99,0.07052730091944877,0.2,0.1,0.2,0.2,0.05540940533709628,,,,,,NORMAL,True,True,True,True,False,False,False,True,False,1,0,1,
243fe8151683ffce1e82afcc,Module_12_CrossDomain,sklearn.datasets.load_breast_cancer,71aa3180a9c8c9abf1e45ef91d8c1dac2592948b3fa58a7da1cc3e16bef8c2df,bc_classifier_v1,breast_cancer_wisconsin,classification_breast_cancer,42,unit_4,11,5,2026-09-02T20:45:00Z,1.0.0,8e7fd68470057c99,0.07052730091944877,0.2,0.1,0.2,0.2,0.05540940533709628,,,,,,NORMAL,True,True,True,True,False,False,False,True,False,1,0,1,
5432d67ce857a1422e898a3d,Module_12_CrossDomain,sklearn.datasets.load_breast_cancer,71aa3180a9c8c9abf1e45ef91d8c1dac2592948b3fa58a7da1cc3e16bef8c2df,bc_classifier_v1,breast_cancer_wisconsin,classification_breast_cancer,42,unit_4,12,1,2026-09-02T20:45:00Z,1.0.0,8e7fd68470057c99,0.04865379466470314,0.2,0.1,0.2,0.2,0.06284204773497891,,,,,,NORMAL,True,True,True,True,False,False,False,True,False,1,0,1,
ad63b2e8537abe6c109049ec,Module_12_CrossDomain,sklearn.datasets.load_breast_cancer,71aa3180a9c8c9abf1e45ef91d8c1dac2592948b3fa58a7da1cc3e16bef8c2df,bc_classifier_v1,breast_cancer_wisconsin,classification_breast_cancer,42,unit_4,12,2,2026-09-02T20:45:00Z,1.0.0,8e7fd68470057c99,0.04865379466470314,0.2,0.1,0.2,0.2,0.06284204773497891,,,,,,NORMAL,True,True,True,True,False,False,False,True,False,1,0,1,
f10c514b3231fee5ef98c93e,Module_12_CrossDomain,sklearn.datasets.load_breast_cancer,71aa3180a9c8c9abf1e45ef91d8c1dac2592948b3fa58a7da1cc3e16bef8c2df,bc_classifier_v1,breast_cancer_wisconsin,classification_breast_cancer,42,unit_4,12,3,2026-09-02T20:45:00Z,1.0.0,8e7fd68470057c99,0.04865379466470314,0.2,0.1,0.2,0.2,0.06284204773497891,,,,,,NORMAL,True,True,True,True,False,False,False,True,False,1,0,1,
314cdc0c901f684a1a8690ce,Module_12_CrossDomain,sklearn.datasets.load_breast_cancer,71aa3180a9c8c9abf1e45ef91d8c1dac2592948b3fa58a7da1cc3e16bef8c2df,bc_classifier_v1,breast_cancer_wisconsin,classification_breast_cancer,42,unit_4,12,5,2026-09-02T20:45:00Z,1.0.0,8e7fd68470057c99,0.04865379466470314,0.2,0.1,0.2,0.2,0.06284204773497891,,,,,,NORMAL,True,True,True,True,False,False,False,True,False,1,0,1,
533989e8f38f161e87b8d409,Module_12_CrossDomain,sklearn.datasets.load_breast_cancer,71aa3180a9c8c9abf1e45ef91d8c1dac2592948b3fa58a7da1cc3e16bef8c2df,bc_classifier_v1,breast_cancer_wisconsin,classification_breast_cancer,42,unit_4,13,1,2026-09-02T20:45:00Z,1.0.0,8e7fd68470057c99,0.038438272186061564,0.2,0.1,0.2,0.2,0.06657663773231783,,,,,,NORMAL,True,True,True,True,False,False,False,True,False,1,0,0,
cd742e2f75cab9ed7b54dcfe,Module_12_CrossDomain,sklearn.datasets.load_breast_cancer,71aa3180a9c8c9abf1e45ef91d8c1dac2592948b3fa58a7da1cc3e16bef8c2df,bc_classifier_v1,breast_cancer_wisconsin,classification_breast_cancer,42,unit_4,13,2,2026-09-02T20:45:00Z,1.0.0,8e7fd68470057c99,0.038438272186061564,0.2,0.1,0.2,0.2,0.06657663773231783,,,,,,NORMAL,True,True,True,True,False,False,False,True,False,1,0,0,
6acb9ec0e627b3ec9b4c830f,Module_12_CrossDomain,sklearn.datasets.load_breast_cancer,71aa3180a9c8c9abf1e45ef91d8c1dac2592948b3fa58a7da1cc3e16bef8c2df,bc_classifier_v1,breast_cancer_wisconsin,classification_breast_cancer,42,unit_4,13,3,2026-09-02T20:45:00Z,1.0.0,8e7fd68470057c99,0.038438272186061564,0.2,0.1,0.2,0.2,0.06657663773231783,,,,,,NORMAL,True,True,True,True,False,False,False,True,False,1,0,1,
74815470e27da2a99dc52128,Module_12_CrossDomain,sklearn.datasets.load_breast_cancer,71aa3180a9c8c9abf1e45ef91d8c1dac2592948b3fa58a7da1cc3e16bef8c2df,bc_classifier_v1,breast_cancer_wisconsin,classification_breast_cancer,42,unit_4,13,5,2026-09-02T20:45:00Z,1.0.0,8e7fd68470057c99,0.038438272186061564,0.2,0.1,0.2,0.2,0.06657663773231783,,,,,,NORMAL,True,True,True,True,False,False,False,True,False,1,0,1,
e79829dc9ea86b5a509eae3e,Module_12_CrossDomain,sklearn.datasets.load_breast_cancer,71aa3180a9c8c9abf1e45ef91d8c1dac2592948b3fa58a7da1cc3e16bef8c2df,bc_classifier_v1,breast_cancer_wisconsin,classification_breast_cancer,42,unit_4,14,1,2026-09-02T20:45:00Z,1.0.0,8e7fd68470057c99,0.05293390109512165,0.2,0.1,0.2,0.2,0.06132215035116979,,,,,,NORMAL,True,True,True,True,False,False,False,True,False,1,0,0,
1fda831bff538242a8df3207,Module_12_CrossDomain,sklearn.datasets.load_breast_cancer,71aa3180a9c8c9abf1e45ef91d8c1dac2592948b3fa58a7da1cc3e16bef8c2df,bc_classifier_v1,breast_cancer_wisconsin,classification_breast_cancer,42,unit_4,14,2,2026-09-02T20:45:00Z,1.0.0,8e7fd68470057c99,0.05293390109512165,0.2,0.1,0.2,0.2,0.06132215035116979,,,,,,NORMAL,True,True,True,True,False,False,False,True,False,1,0,1,
fdcf32c8e93cde0265063070,Module_12_CrossDomain,sklearn.datasets.load_breast_cancer,71aa3180a9c8c9abf1e45ef91d8c1dac2592948b3fa58a7da1cc3e16bef8c2df,bc_classifier_v1,breast_cancer_wisconsin,classification_breast_cancer,42,unit_4,14,3,2026-09-02T20:45:00Z,1.0.0,8e7fd68470057c99,0.05293390109512165,0.2,0.1,0.2,0.2,0.06132215035116979,,,,,,NORMAL,True,True,True,True,False,False,False,True,False,1,0,1,
583b8a63b4eb8933db516416,Module_12_CrossDomain,sklearn.datasets.load_breast_cancer,71aa3180a9c8c9abf1e45ef91d8c1dac2592948b3fa58a7da1cc3e16bef8c2df,bc_classifier_v1,breast_cancer_wisconsin,classification_breast_cancer,42,unit_4,14,5,2026-09-02T20:45:00Z,1.0.0,8e7fd68470057c99,0.05293390109512165,0.2,0.1,0.2,0.2,0.06132215035116979,,,,,,NORMAL,True,True,True,True,False,False,False,True,False,1,0,1,
337e89c9c929803571f7a5fb,Module_12_CrossDomain,sklearn.datasets.load_breast_cancer,71aa3180a9c8c9abf1e45ef91d8c1dac2592948b3fa58a7da1cc3e16bef8c2df,bc_classifier_v1,breast_cancer_wisconsin,classification_breast_cancer,42,unit_4,15,1,2026-09-02T20:45:00Z,1.0.0,8e7fd68470057c99,0.3480489949225455,0.2,0.1,0.2,0.2,0.10189690256968391,,,,,,NORMAL,True,True,True,True,False,False,False,True,False,1,0,1,
5c444dd72b43e4f525ee57ab,Module_12_CrossDomain,sklearn.datasets.load_breast_cancer,71aa3180a9c8c9abf1e45ef91d8c1dac2592948b3fa58a7da1cc3e16bef8c2df,bc_classifier_v1,breast_cancer_wisconsin,classification_breast_cancer,42,unit_4,15,2,2026-09-02T20:45:00Z,1.0.0,8e7fd68470057c99,0.3480489949225455,0.2,0.1,0.2,0.2,0.10189690256968391,,,,,,NORMAL,True,True,True,True,False,False,False,True,False,1,0,1,
01ed321419fcaea045bab647,Module_12_CrossDomain,sklearn.datasets.load_breast_cancer,71aa3180a9c8c9abf1e45ef91d8c1dac2592948b3fa58a7da1cc3e16bef8c2df,bc_classifier_v1,breast_cancer_wisconsin,classification_breast_cancer,42,unit_4,15,3,2026-09-02T20:45:00Z,1.0.0,8e7fd68470057c99,0.3480489949225455,0.2,0.1,0.2,0.2,0.10189690256968391,,,,,,NORMAL,True,True,True,True,False,False,False,True,False,1,0,1,
1249a1bf997bc64c41fa1ee0,Module_12_CrossDomain,sklearn.datasets.load_breast_cancer,71aa3180a9c8c9abf1e45ef91d8c1dac2592948b3fa58a7da1cc3e16bef8c2df,bc_classifier_v1,breast_cancer_wisconsin,classification_breast_cancer,42,unit_4,15,5,2026-09-02T20:45:00Z,1.0.0,8e7fd68470057c99,0.3480489949225455,0.2,0.1,0.2,0.2,0.10189690256968391,,,,,,NORMAL,True,True,True,True,False,False,False,True,False,1,0,1,
3bb8f9d5581726093decbf31,Module_12_CrossDomain,sklearn.datasets.load_breast_cancer,71aa3180a9c8c9abf1e45ef91d8c1dac2592948b3fa58a7da1cc3e16bef8c2df,bc_classifier_v1,breast_cancer_wisconsin,classification_breast_cancer,42,unit_4,16,1,2026-09-02T20:45:00Z,1.0.0,8e7fd68470057c99,0.1105144585631439,0.2,0.1,0.2,0.2,0.04486797418243807,,,,,,NORMAL,True,True,True,True,False,False,False,True,False,1,0,1,
2f0cd053bb39a2c7f75bc333,Module_12_CrossDomain,sklearn.datasets.load_breast_cancer,71aa3180a9c8c9abf1e45ef91d8c1dac2592948b3fa58a7da1cc3e16bef8c2df,bc_classifier_v1,breast_cancer_wisconsin,classification_breast_cancer,42,unit_4,16,2,2026-09-02T20:45:00Z,1.0.0,8e7fd68470057c99,0.1105144585631439,0.2,0.1,0.2,0.2,0.04486797418243807,,,,,,NORMAL,True,True,True,True,False,False,False,True,False,1,0,1,
29059d084371dc2487937428,Module_12_CrossDomain,sklearn.datasets.load_breast_cancer,71aa3180a9c8c9abf1e45ef91d8c1dac2592948b3fa58a7da1cc3e16bef8c2df,bc_classifier_v1,breast_cancer_wisconsin,classification_breast_cancer,42,unit_4,16,3,2026-09-02T20:45:00Z,1.0.0,8e7fd68470057c99,0.1105144585631439,0.2,0.1,0.2,0.2,0.04486797418243807,,,,,,NORMAL,True,True,True,True,False,False,False,True,False,1,0,1,
c40bbbb0359eaf8430ac5d19,Module_12_CrossDomain,sklearn.datasets.load_breast_cancer,71aa3180a9c8c9abf1e45ef91d8c1dac2592948b3fa58a7da1cc3e16bef8c2df,bc_classifier_v1,breast_cancer_wisconsin,classification_breast_cancer,42,unit_4,16,5,2026-09-02T20:45:00Z,1.0.0,8e7fd68470057c99,0.1105144585631439,0.2,0.1,0.2,0.2,0.04486797418243807,,,,,,NORMAL,True,True,True,True,False,False,False,True,False,1,0,1,
c6d46852709a3a0b0609214d,Module_12_CrossDomain,sklearn.datasets.load_breast_cancer,71aa3180a9c8c9abf1e45ef91d8c1dac2592948b3fa58a7da1cc3e16bef8c2df,bc_classifier_v1,breast_cancer_wisconsin,classification_breast_cancer,42,unit_4,17,1,2026-09-02T20:45:00Z,1.0.0,8e7fd68470057c99,0.24632415462641793,0.2,0.1,0.2,0.2,0.06106161326342448,,,,,,NORMAL,True,True,True,True,False,False,False,True,False,1,0,1,
f623f4f659cc4e687ed93d91,Module_12_CrossDomain,sklearn.datasets.load_breast_cancer,71aa3180a9c8c9abf1e45ef91d8c1dac2592948b3fa58a7da1cc3e16bef8c2df,bc_classifier_v1,breast_cancer_wisconsin,classification_breast_cancer,42,unit_4,17,2,2026-09-02T20:45:00Z,1.0.0,8e7fd68470057c99,0.24632415462641793,0.2,0.1,0.2,0.2,0.06106161326342448,,,,,,NORMAL,True,True,True,True,False,False,False,True,False,1,0,1,
9323e51b14a74e2859bed2f5,Module_12_CrossDomain,sklearn.datasets.load_breast_cancer,71aa3180a9c8c9abf1e45ef91d8c1dac2592948b3fa58a7da1cc3e16bef8c2df,bc_classifier_v1,breast_cancer_wisconsin,classification_breast_cancer,42,unit_4,17,3,2026-09-02T20:45:00Z,1.0.0,8e7fd68470057c99,0.24632415462641793,0.2,0.1,0.2,0.2,0.06106161326342448,,,,,,NORMAL,True,True,True,True,False,False,False,True,False,1,0,1,
7821b4b3ac9906511ac268bc,Module_12_CrossDomain,sklearn.datasets.load_breast_cancer,71aa3180a9c8c9abf1e45ef91d8c1dac2592948b3fa58a7da1cc3e16bef8c2df,bc_classifier_v1,breast_cancer_wisconsin,classification_breast_cancer,42,unit_4,17,5,2026-09-02T20:45:00Z,1.0.0,8e7fd68470057c99,0.24632415462641793,0.2,0.1,0.2,0.2,0.06106161326342448,,,,,,NORMAL,True,True,True,True,False,False,False,True,False,1,0,1,
03d983948cc2ebcd5d9b9a67,Module_12_CrossDomain,sklearn.datasets.load_breast_cancer,71aa3180a9c8c9abf1e45ef91d8c1dac2592948b3fa58a7da1cc3e16bef8c2df,bc_classifier_v1,breast_cancer_wisconsin,classification_breast_cancer,42,unit_4,18,1,2026-09-02T20:45:00Z,1.0.0,8e7fd68470057c99,0.14343114210543348,0.2,0.1,0.2,0.2,0.04094209975085143,,,,,,NORMAL,True,True,True,True,False,False,False,True,False,1,0,0,
cfa728b8146a0779b14f99f4,Module_12_CrossDomain,sklearn.datasets.load_breast_cancer,71aa3180a9c8c9abf1e45ef91d8c1dac2592948b3fa58a7da1cc3e16bef8c2df,bc_classifier_v1,breast_cancer_wisconsin,classification_breast_cancer,42,unit_4,18,2,2026-09-02T20:45:00Z,1.0.0,8e7fd68470057c99,0.14343114210543348,0.2,0.1,0.2,0.2,0.04094209975085143,,,,,,NORMAL,True,True,True,True,False,False,False,True,False,1,0,0,
1db21ec91eb6d81f233bc58f,Module_12_CrossDomain,sklearn.datasets.load_breast_cancer,71aa3180a9c8c9abf1e45ef91d8c1dac2592948b3fa58a7da1cc3e16bef8c2df,bc_classifier_v1,breast_cancer_wisconsin,classification_breast_cancer,42,unit_4,18,3,2026-09-02T20:45:00Z,1.0.0,8e7fd68470057c99,0.14343114210543348,0.2,0.1,0.2,0.2,0.04094209975085143,,,,,,NORMAL,True,True,True,True,False,False,False,True,False,1,0,0,
a12538ddb85ae8c10647c80c,Module_12_CrossDomain,sklearn.datasets.load_breast_cancer,71aa3180a9c8c9abf1e45ef91d8c1dac2592948b3fa58a7da1cc3e16bef8c2df,bc_classifier_v1,breast_cancer_wisconsin,classification_breast_cancer,42,unit_4,18,5,2026-09-02T20:45:00Z,1.0.0,8e7fd68470057c99,0.14343114210543348,0.2,0.1,0.2,0.2,0.04094209975085143,,,,,,NORMAL,True,True,True,True,False,False,False,True,False,1,0,0,
543efcee65f1ac3f267fa284,Module_12_CrossDomain,sklearn.datasets.load_breast_cancer,71aa3180a9c8c9abf1e45ef91d8c1dac2592948b3fa58a7da1cc3e16bef8c2df,bc_classifier_v1,breast_cancer_wisconsin,classification_breast_cancer,42,unit_4,19,1,2026-09-02T20:45:00Z,1.0.0,8e7fd68470057c99,0.016612043393284835,0.2,0.1,0.2,0.2,0.07497013771083189,,,,,,NORMAL,True,True,True,True,False,False,False,True,False,1,0,0,
24141e5ecaf3782425002d0f,Module_12_CrossDomain,sklearn.datasets.load_breast_cancer,71aa3180a9c8c9abf1e45ef91d8c1dac2592948b3fa58a7da1cc3e16bef8c2df,bc_classifier_v1,breast_cancer_wisconsin,classification_breast_cancer,42,unit_4,19,2,2026-09-02T20:45:00Z,1.0.0,8e7fd68470057c99,0.016612043393284835,0.2,0.1,0.2,0.2,0.07497013771083189,,,,,,NORMAL,True,True,True,True,False,False,False,True,False,1,0,0,
0a9768309615c2c5e892233e,Module_12_CrossDomain,sklearn.datasets.load_breast_cancer,71aa3180a9c8c9abf1e45ef91d8c1dac2592948b3fa58a7da1cc3e16bef8c2df,bc_classifier_v1,breast_cancer_wisconsin,classification_breast_cancer,42,unit_4,19,3,2026-09-02T20:45:00Z,1.0.0,8e7fd68470057c99,0.016612043393284835,0.2,0.1,0.2,0.2,0.07497013771083189,,,,,,NORMAL,True,True,True,True,False,False,False,True,False,1,0,0,
120c8f88e5a47b429be64fe8,Module_12_CrossDomain,sklearn.datasets.load_breast_cancer,71aa3180a9c8c9abf1e45ef91d8c1dac2592948b3fa58a7da1cc3e16bef8c2df,bc_classifier_v1,breast_cancer_wisconsin,classification_breast_cancer,42,unit_4,19,5,2026-09-02T20:45:00Z,1.0.0,8e7fd68470057c99,0.016612043393284835,0.2,0.1,0.2,0.2,0.07497013771083189,,,,,,NORMAL,True,True,True,True,False,False,False,True,False,1,0,0,
ae309120ba5321068c53907d,Module_12_CrossDomain,sklearn.datasets.load_breast_cancer,71aa3180a9c8c9abf1e45ef91d8c1dac2592948b3fa58a7da1cc3e16bef8c2df,bc_classifier_v1,breast_cancer_wisconsin,classification_breast_cancer,42,unit_5,0,1,2026-09-02T20:45:00Z,1.0.0,8e7fd68470057c99,0.029357807760602365,0.2,0.1,0.2,0.2,0.07000720367430098,,,,,,NORMAL,True,True,True,True,False,False,False,True,False,1,1,1,1.0
5e4626b00fc1e91bdb478288,Module_12_CrossDomain,sklearn.datasets.load_breast_cancer,71aa3180a9c8c9abf1e45ef91d8c1dac2592948b3fa58a7da1cc3e16bef8c2df,bc_classifier_v1,breast_cancer_wisconsin,classification_breast_cancer,42,unit_5,0,2,2026-09-02T20:45:00Z,1.0.0,8e7fd68470057c99,0.029357807760602365,0.2,0.1,0.2,0.2,0.07000720367430098,,,,,,NORMAL,True,True,True,True,False,False,False,True,False,1,1,1,1.0
dc4b5ac94e81d5fc1b50ce2e,Module_12_CrossDomain,sklearn.datasets.load_breast_cancer,71aa3180a9c8c9abf1e45ef91d8c1dac2592948b3fa58a7da1cc3e16bef8c2df,bc_classifier_v1,breast_cancer_wisconsin,classification_breast_cancer,42,unit_5,0,3,2026-09-02T20:45:00Z,1.0.0,8e7fd68470057c99,0.029357807760602365,0.2,0.1,0.2,0.2,0.07000720367430098,,,,,,NORMAL,True,True,True,True,False,False,False,True,False,1,1,1,1.0
109a5617e2bcc1dc55e59ce6,Module_12_CrossDomain,sklearn.datasets.load_breast_cancer,71aa3180a9c8c9abf1e45ef91d8c1dac2592948b3fa58a7da1cc3e16bef8c2df,bc_classifier_v1,breast_cancer_wisconsin,classification_breast_cancer,42,unit_5,0,5,2026-09-02T20:45:00Z,1.0.0,8e7fd68470057c99,0.029357807760602365,0.2,0.1,0.2,0.2,0.07000720367430098,,,,,,NORMAL,True,True,True,True,False,False,False,True,False,1,1,1,1.0
7f8e82eccd4e30531dfe7a45,Module_12_CrossDomain,sklearn.datasets.load_breast_cancer,71aa3180a9c8c9abf1e45ef91d8c1dac2592948b3fa58a7da1cc3e16bef8c2df,bc_classifier_v1,breast_cancer_wisconsin,classification_breast_cancer,42,unit_5,1,1,2026-09-02T20:45:00Z,1.0.0,8e7fd68470057c99,0.4055727994879086,0.2,0.1,0.2,0.2,0.12720714151692963,,,,,,NORMAL,True,True,True,True,False,False,False,True,False,1,1,1,0.0
23c2897368b756afc3df00dd,Module_12_CrossDomain,sklearn.datasets.load_breast_cancer,71aa3180a9c8c9abf1e45ef91d8c1dac2592948b3fa58a7da1cc3e16bef8c2df,bc_classifier_v1,breast_cancer_wisconsin,classification_breast_cancer,42,unit_5,1,2,2026-09-02T20:45:00Z,1.0.0,8e7fd68470057c99,0.4055727994879086,0.2,0.1,0.2,0.2,0.12720714151692963,,,,,,NORMAL,True,True,True,True,False,False,False,True,False,1,1,1,0.0
9c231e52c6f1c59fa8727574,Module_12_CrossDomain,sklearn.datasets.load_breast_cancer,71aa3180a9c8c9abf1e45ef91d8c1dac2592948b3fa58a7da1cc3e16bef8c2df,bc_classifier_v1,breast_cancer_wisconsin,classification_breast_cancer,42,unit_5,1,3,2026-09-02T20:45:00Z,1.0.0,8e7fd68470057c99,0.4055727994879086,0.2,0.1,0.2,0.2,0.12720714151692963,,,,,,NORMAL,True,True,True,True,False,False,False,True,False,1,1,1,0.0
b03d20d79b184b796ddddd4b,Module_12_CrossDomain,sklearn.datasets.load_breast_cancer,71aa3180a9c8c9abf1e45ef91d8c1dac2592948b3fa58a7da1cc3e16bef8c2df,bc_classifier_v1,breast_cancer_wisconsin,classification_breast_cancer,42,unit_5,1,5,2026-09-02T20:45:00Z,1.0.0,8e7fd68470057c99,0.4055727994879086,0.2,0.1,0.2,0.2,0.12720714151692963,,,,,,NORMAL,True,True,True,True,False,False,False,True,False,1,1,1,0.0
490f115929e726bb49f919c6,Module_12_CrossDomain,sklearn.datasets.load_breast_cancer,71aa3180a9c8c9abf1e45ef91d8c1dac2592948b3fa58a7da1cc3e16bef8c2df,bc_classifier_v1,breast_cancer_wisconsin,classification_breast_cancer,42,unit_5,2,1,2026-09-02T20:45:00Z,1.0.0,8e7fd68470057c99,0.1105144585631439,0.2,0.1,0.2,0.2,0.04486797418243807,,,,,,NORMAL,True,True,True,True,False,False,False,True,False,1,1,1,
f2c4f5538b98d59903269cf6,Module_12_CrossDomain,sklearn.datasets.load_breast_cancer,71aa3180a9c8c9abf1e45ef91d8c1dac2592948b3fa58a7da1cc3e16bef8c2df,bc_classifier_v1,breast_cancer_wisconsin,classification_breast_cancer,42,unit_5,2,2,2026-09-02T20:45:00Z,1.0.0,8e7fd68470057c99,0.1105144585631439,0.2,0.1,0.2,0.2,0.04486797418243807,,,,,,NORMAL,True,True,True,True,False,False,False,True,False,1,1,1,
b15a3f86fc5b879dab9f2dbc,Module_12_CrossDomain,sklearn.datasets.load_breast_cancer,71aa3180a9c8c9abf1e45ef91d8c1dac2592948b3fa58a7da1cc3e16bef8c2df,bc_classifier_v1,breast_cancer_wisconsin,classification_breast_cancer,42,unit_5,2,3,2026-09-02T20:45:00Z,1.0.0,8e7fd68470057c99,0.1105144585631439,0.2,0.1,0.2,0.2,0.04486797418243807,,,,,,NORMAL,True,True,True,True,False,False,False,True,False,1,1,1,
0a2ea9e25df75a8dfbc2e8cf,Module_12_CrossDomain,sklearn.datasets.load_breast_cancer,71aa3180a9c8c9abf1e45ef91d8c1dac2592948b3fa58a7da1cc3e16bef8c2df,bc_classifier_v1,breast_cancer_wisconsin,classification_breast_cancer,42,unit_5,2,5,2026-09-02T20:45:00Z,1.0.0,8e7fd68470057c99,0.1105144585631439,0.2,0.1,0.2,0.2,0.04486797418243807,,,,,,NORMAL,True,True,True,True,False,False,False,True,False,1,1,1,
0eaa1124a268500ca51b8f9c,Module_12_CrossDomain,sklearn.datasets.load_breast_cancer,71aa3180a9c8c9abf1e45ef91d8c1dac2592948b3fa58a7da1cc3e16bef8c2df,bc_classifier_v1,breast_cancer_wisconsin,classification_breast_cancer,42,unit_5,3,1,2026-09-02T20:45:00Z,1.0.0,8e7fd68470057c99,0.2412731462897563,0.2,0.1,0.2,0.2,0.05931233192671422,,,,,,NORMAL,True,True,True,True,False,False,False,True,False,1,1,1,
97914b10b6079c014a74f6b9,Module_12_CrossDomain,sklearn.datasets.load_breast_cancer,71aa3180a9c8c9abf1e45ef91d8c1dac2592948b3fa58a7da1cc3e16bef8c2df,bc_classifier_v1,breast_cancer_wisconsin,classification_breast_cancer,42,unit_5,3,2,2026-09-02T20:45:00Z,1.0.0,8e7fd68470057c99,0.2412731462897563,0.2,0.1,0.2,0.2,0.05931233192671422,,,,,,NORMAL,True,True,True,True,False,False,False,True,False,1,1,1,
b3a2b1cd323549c5d4d49680,Module_12_CrossDomain,sklearn.datasets.load_breast_cancer,71aa3180a9c8c9abf1e45ef91d8c1dac2592948b3fa58a7da1cc3e16bef8c2df,bc_classifier_v1,breast_cancer_wisconsin,classification_breast_cancer,42,unit_5,3,3,2026-09-02T20:45:00Z,1.0.0,8e7fd68470057c99,0.2412731462897563,0.2,0.1,0.2,0.2,0.05931233192671422,,,,,,NORMAL,True,True,True,True,False,False,False,True,False,1,1,1,
5ce124c1d4a106cb32322c29,Module_12_CrossDomain,sklearn.datasets.load_breast_cancer,71aa3180a9c8c9abf1e45ef91d8c1dac2592948b3fa58a7da1cc3e16bef8c2df,bc_classifier_v1,breast_cancer_wisconsin,classification_breast_cancer,42,unit_5,3,5,2026-09-02T20:45:00Z,1.0.0,8e7fd68470057c99,0.2412731462897563,0.2,0.1,0.2,0.2,0.05931233192671422,,,,,,NORMAL,True,True,True,True,False,False,False,True,False,1,1,1,
989bde0d2343bf6aeaf9a511,Module_12_CrossDomain,sklearn.datasets.load_breast_cancer,71aa3180a9c8c9abf1e45ef91d8c1dac2592948b3fa58a7da1cc3e16bef8c2df,bc_classifier_v1,breast_cancer_wisconsin,classification_breast_cancer,42,unit_5,4,1,2026-09-02T20:45:00Z,1.0.0,8e7fd68470057c99,0.20642686405705662,0.2,0.1,0.2,0.2,0.048725970687129576,,,,,,NORMAL,True,True,True,True,False,False,False,True,False,1,1,0,
0076f4c5c0b767596101527f,Module_12_CrossDomain,sklearn.datasets.load_breast_cancer,71aa3180a9c8c9abf1e45ef91d8c1dac2592948b3fa58a7da1cc3e16bef8c2df,bc_classifier_v1,breast_cancer_wisconsin,classification_breast_cancer,42,unit_5,4,2,2026-09-02T20:45:00Z,1.0.0,8e7fd68470057c99,0.20642686405705662,0.2,0.1,0.2,0.2,0.048725970687129576,,,,,,NORMAL,True,True,True,True,False,False,False,True,False,1,1,1,
2696ae225e10f015bc4a7f7a,Module_12_CrossDomain,sklearn.datasets.load_breast_cancer,71aa3180a9c8c9abf1e45ef91d8c1dac2592948b3fa58a7da1cc3e16bef8c2df,bc_classifier_v1,breast_cancer_wisconsin,classification_breast_cancer,42,unit_5,4,3,2026-09-02T20:45:00Z,1.0.0,8e7fd68470057c99,0.20642686405705662,0.2,0.1,0.2,0.2,0.048725970687129576,,,,,,NORMAL,True,True,True,True,False,False,False,True,False,1,1,1,
2a94ab0b53ffefdb79ca97c6,Module_12_CrossDomain,sklearn.datasets.load_breast_cancer,71aa3180a9c8c9abf1e45ef91d8c1dac2592948b3fa58a7da1cc3e16bef8c2df,bc_classifier_v1,breast_cancer_wisconsin,classification_breast_cancer,42,unit_5,4,5,2026-09-02T20:45:00Z,1.0.0,8e7fd68470057c99,0.20642686405705662,0.2,0.1,0.2,0.2,0.048725970687129576,,,,,,NORMAL,True,True,True,True,False,False,False,True,False,1,1,1,
8ba4ab4b3c555ee146202485,Module_12_CrossDomain,sklearn.datasets.load_breast_cancer,71aa3180a9c8c9abf1e45ef91d8c1dac2592948b3fa58a7da1cc3e16bef8c2df,bc_classifier_v1,breast_cancer_wisconsin,classification_breast_cancer,42,unit_5,5,1,2026-09-02T20:45:00Z,1.0.0,8e7fd68470057c99,0.057734259090162346,0.2,0.1,0.2,0.2,0.059652636983048776,,,,,,NORMAL,True,True,True,True,False,False,False,True,False,1,1,1,
f7730160c19c165ef2f6d29b,Module_12_CrossDomain,sklearn.datasets.load_breast_cancer,71aa3180a9c8c9abf1e45ef91d8c1dac2592948b3fa58a7da1cc3e16bef8c2df,bc_classifier_v1,breast_cancer_wisconsin,classification_breast_cancer,42,unit_5,5,2,2026-09-02T20:45:00Z,1.0.0,8e7fd68470057c99,0.057734259090162346,0.2,0.1,0.2,0.2,0.059652636983048776,,,,,,NORMAL,True,True,True,True,False,False,False,True,False,1,1,1,
996c139b237de080b57a3296,Module_12_CrossDomain,sklearn.datasets.load_breast_cancer,71aa3180a9c8c9abf1e45ef91d8c1dac2592948b3fa58a7da1cc3e16bef8c2df,bc_classifier_v1,breast_cancer_wisconsin,classification_breast_cancer,42,unit_5,5,3,2026-09-02T20:45:00Z,1.0.0,8e7fd68470057c99,0.057734259090162346,0.2,0.1,0.2,0.2,0.059652636983048776,,,,,,NORMAL,True,True,True,True,False,False,False,True,False,1,1,1,
e5d8d4701ba574a90379d489,Module_12_CrossDomain,sklearn.datasets.load_breast_cancer,71aa3180a9c8c9abf1e45ef91d8c1dac2592948b3fa58a7da1cc3e16bef8c2df,bc_classifier_v1,breast_cancer_wisconsin,classification_breast_cancer,42,unit_5,5,5,2026-09-02T20:45:00Z,1.0.0,8e7fd68470057c99,0.057734259090162346,0.2,0.1,0.2,0.2,0.059652636983048776,,,,,,NORMAL,True,True,True,True,False,False,False,True,False,1,1,1,
8587df96ef81ac6e3b4143db,Module_12_CrossDomain,sklearn.datasets.load_breast_cancer,71aa3180a9c8c9abf1e45ef91d8c1dac2592948b3fa58a7da1cc3e16bef8c2df,bc_classifier_v1,breast_cancer_wisconsin,classification_breast_cancer,42,unit_5,6,1,2026-09-02T20:45:00Z,1.0.0,8e7fd68470057c99,0.14116102599906863,0.2,0.1,0.2,0.2,0.0410369141719153,,,,,,NORMAL,True,True,True,True,False,False,False,True,False,1,1,1,
63cbed1435f92cecf0416489,Module_12_CrossDomain,sklearn.datasets.load_breast_cancer,71aa3180a9c8c9abf1e45ef91d8c1dac2592948b3fa58a7da1cc3e16bef8c2df,bc_classifier_v1,breast_cancer_wisconsin,classification_breast_cancer,42,unit_5,6,2,2026-09-02T20:45:00Z,1.0.0,8e7fd68470057c99,0.14116102599906863,0.2,0.1,0.2,0.2,0.0410369141719153,,,,,,NORMAL,True,True,True,True,False,False,False,True,False,1,1,1,
94bb134ca0c6c131f44d5c38,Module_12_CrossDomain,sklearn.datasets.load_breast_cancer,71aa3180a9c8c9abf1e45ef91d8c1dac2592948b3fa58a7da1cc3e16bef8c2df,bc_classifier_v1,breast_cancer_wisconsin,classification_breast_cancer,42,unit_5,6,3,2026-09-02T20:45:00Z,1.0.0,8e7fd68470057c99,0.14116102599906863,0.2,0.1,0.2,0.2,0.0410369141719153,,,,,,NORMAL,True,True,True,True,False,False,False,True,False,1,1,1,
231fcb7a247822415f8de3b2,Module_12_CrossDomain,sklearn.datasets.load_breast_cancer,71aa3180a9c8c9abf1e45ef91d8c1dac2592948b3fa58a7da1cc3e16bef8c2df,bc_classifier_v1,breast_cancer_wisconsin,classification_breast_cancer,42,unit_5,6,5,2026-09-02T20:45:00Z,1.0.0,8e7fd68470057c99,0.14116102599906863,0.2,0.1,0.2,0.2,0.0410369141719153,,,,,,NORMAL,True,True,True,True,False,False,False,True,False,1,1,1,
620a9df0509ad3ac0dceac68,Module_12_CrossDomain,sklearn.datasets.load_breast_cancer,71aa3180a9c8c9abf1e45ef91d8c1dac2592948b3fa58a7da1cc3e16bef8c2df,bc_classifier_v1,breast_cancer_wisconsin,classification_breast_cancer,42,unit_5,7,1,2026-09-02T20:45:00Z,1.0.0,8e7fd68470057c99,0.10029893608450231,0.2,0.1,0.2,0.2,0.04707015037705221,,,,,,NORMAL,True,True,True,True,False,False,False,True,False,1,1,0,
adf0ea05f65b34cc4034018a,Module_12_CrossDomain,sklearn.datasets.load_breast_cancer,71aa3180a9c8c9abf1e45ef91d8c1dac2592948b3fa58a7da1cc3e16bef8c2df,bc_classifier_v1,breast_cancer_wisconsin,classification_breast_cancer,42,unit_5,7,2,2026-09-02T20:45:00Z,1.0.0,8e7fd68470057c99,0.10029893608450231,0.2,0.1,0.2,0.2,0.04707015037705221,,,,,,NORMAL,True,True,True,True,False,False,False,True,False,1,1,1,
e381dd6847d325617a7cc86a,Module_12_CrossDomain,sklearn.datasets.load_breast_cancer,71aa3180a9c8c9abf1e45ef91d8c1dac2592948b3fa58a7da1cc3e16bef8c2df,bc_classifier_v1,breast_cancer_wisconsin,classification_breast_cancer,42,unit_5,7,3,2026-09-02T20:45:00Z,1.0.0,8e7fd68470057c99,0.10029893608450231,0.2,0.1,0.2,0.2,0.04707015037705221,,,,,,NORMAL,True,True,True,True,False,False,False,True,False,1,1,1,
77ffb3fbcc33519f9f316ec8,Module_12_CrossDomain,sklearn.datasets.load_breast_cancer,71aa3180a9c8c9abf1e45ef91d8c1dac2592948b3fa58a7da1cc3e16bef8c2df,bc_classifier_v1,breast_cancer_wisconsin,classification_breast_cancer,42,unit_5,7,5,2026-09-02T20:45:00Z,1.0.0,8e7fd68470057c99,0.10029893608450231,0.2,0.1,0.2,0.2,0.04707015037705221,,,,,,NORMAL,True,True,True,True,False,False,False,True,False,1,1,1,
6e9ba222cb343a7cf4f64ed5,Module_12_CrossDomain,sklearn.datasets.load_breast_cancer,71aa3180a9c8c9abf1e45ef91d8c1dac2592948b3fa58a7da1cc3e16bef8c2df,bc_classifier_v1,breast_cancer_wisconsin,classification_breast_cancer,42,unit_5,8,1,2026-09-02T20:45:00Z,1.0.0,8e7fd68470057c99,0.46212232926737656,0.2,0.1,0.2,0.2,0.15269457417944754,,,,,,NORMAL,True,True,True,True,False,False,False,True,False,1,1,1,
5a2ef3f6e6fe1c0e00deb72b,Module_12_CrossDomain,sklearn.datasets.load_breast_cancer,71aa3180a9c8c9abf1e45ef91d8c1dac2592948b3fa58a7da1cc3e16bef8c2df,bc_classifier_v1,breast_cancer_wisconsin,classification_breast_cancer,42,unit_5,8,2,2026-09-02T20:45:00Z,1.0.0,8e7fd68470057c99,0.46212232926737656,0.2,0.1,0.2,0.2,0.15269457417944754,,,,,,NORMAL,True,True,True,True,False,False,False,True,False,1,1,1,
99327e7346a9731ef65487da,Module_12_CrossDomain,sklearn.datasets.load_breast_cancer,71aa3180a9c8c9abf1e45ef91d8c1dac2592948b3fa58a7da1cc3e16bef8c2df,bc_classifier_v1,breast_cancer_wisconsin,classification_breast_cancer,42,unit_5,8,3,2026-09-02T20:45:00Z,1.0.0,8e7fd68470057c99,0.46212232926737656,0.2,0.1,0.2,0.2,0.15269457417944754,,,,,,NORMAL,True,True,True,True,False,False,False,True,False,1,1,1,
5ce8843fc2728e358db6027e,Module_12_CrossDomain,sklearn.datasets.load_breast_cancer,71aa3180a9c8c9abf1e45ef91d8c1dac2592948b3fa58a7da1cc3e16bef8c2df,bc_classifier_v1,breast_cancer_wisconsin,classification_breast_cancer,42,unit_5,8,5,2026-09-02T20:45:00Z,1.0.0,8e7fd68470057c99,0.46212232926737656,0.2,0.1,0.2,0.2,0.15269457417944754,,,,,,NORMAL,True,True,True,True,False,False,False,True,False,1,1,1,
170f1f6364f900eddafb8cee,Module_12_CrossDomain,sklearn.datasets.load_breast_cancer,71aa3180a9c8c9abf1e45ef91d8c1dac2592948b3fa58a7da1cc3e16bef8c2df,bc_classifier_v1,breast_cancer_wisconsin,classification_breast_cancer,42,unit_5,9,1,2026-09-02T20:45:00Z,1.0.0,8e7fd68470057c99,0.15818689679680467,0.2,0.1,0.2,0.2,0.041006843003906154,,,,,,NORMAL,True,True,True,True,False,False,False,True,False,1,1,1,
0151fcbcfab23e782f23aa40,Module_12_CrossDomain,sklearn.datasets.load_breast_cancer,71aa3180a9c8c9abf1e45ef91d8c1dac2592948b3fa58a7da1cc3e16bef8c2df,bc_classifier_v1,breast_cancer_wisconsin,classification_breast_cancer,42,unit_5,9,2,2026-09-02T20:45:00Z,1.0.0,8e7fd68470057c99,0.15818689679680467,0.2,0.1,0.2,0.2,0.041006843003906154,,,,,,NORMAL,True,True,True,True,False,False,False,True,False,1,1,1,
96d1dd329f7a5109eeaeaac0,Module_12_CrossDomain,sklearn.datasets.load_breast_cancer,71aa3180a9c8c9abf1e45ef91d8c1dac2592948b3fa58a7da1cc3e16bef8c2df,bc_classifier_v1,breast_cancer_wisconsin,classification_breast_cancer,42,unit_5,9,3,2026-09-02T20:45:00Z,1.0.0,8e7fd68470057c99,0.15818689679680467,0.2,0.1,0.2,0.2,0.041006843003906154,,,,,,NORMAL,True,True,True,True,False,False,False,True,False,1,1,1,
c0e8e9e11367f17fd6db259c,Module_12_CrossDomain,sklearn.datasets.load_breast_cancer,71aa3180a9c8c9abf1e45ef91d8c1dac2592948b3fa58a7da1cc3e16bef8c2df,bc_classifier_v1,breast_cancer_wisconsin,classification_breast_cancer,42,unit_5,9,5,2026-09-02T20:45:00Z,1.0.0,8e7fd68470057c99,0.15818689679680467,0.2,0.1,0.2,0.2,0.041006843003906154,,,,,,NORMAL,True,True,True,True,False,False,False,True,False,1,1,1,
ec5e21cac9c7dbba38faf621,Module_12_CrossDomain,sklearn.datasets.load_breast_cancer,71aa3180a9c8c9abf1e45ef91d8c1dac2592948b3fa58a7da1cc3e16bef8c2df,bc_classifier_v1,breast_cancer_wisconsin,classification_breast_cancer,42,unit_5,10,1,2026-09-02T20:45:00Z,1.0.0,8e7fd68470057c99,0.2468916836530092,0.2,0.1,0.2,0.2,0.06126082373501176,,,,,,NORMAL,True,True,True,True,False,False,False,True,False,1,1,1,
772196f7f2cabfd4fa44c500,Module_12_CrossDomain,sklearn.datasets.load_breast_cancer,71aa3180a9c8c9abf1e45ef91d8c1dac2592948b3fa58a7da1cc3e16bef8c2df,bc_classifier_v1,breast_cancer_wisconsin,classification_breast_cancer,42,unit_5,10,2,2026-09-02T20:45:00Z,1.0.0,8e7fd68470057c99,0.2468916836530092,0.2,0.1,0.2,0.2,0.06126082373501176,,,,,,NORMAL,True,True,True,True,False,False,False,True,False,1,1,1,
673d14cd9bc22e355a54f7ad,Module_12_CrossDomain,sklearn.datasets.load_breast_cancer,71aa3180a9c8c9abf1e45ef91d8c1dac2592948b3fa58a7da1cc3e16bef8c2df,bc_classifier_v1,breast_cancer_wisconsin,classification_breast_cancer,42,unit_5,10,3,2026-09-02T20:45:00Z,1.0.0,8e7fd68470057c99,0.2468916836530092,0.2,0.1,0.2,0.2,0.06126082373501176,,,,,,NORMAL,True,True,True,True,False,False,False,True,False,1,1,1,
a6b30b4e4b8f08fd96a8f96e,Module_12_CrossDomain,sklearn.datasets.load_breast_cancer,71aa3180a9c8c9abf1e45ef91d8c1dac2592948b3fa58a7da1cc3e16bef8c2df,bc_classifier_v1,breast_cancer_wisconsin,classification_breast_cancer,42,unit_5,10,5,2026-09-02T20:45:00Z,1.0.0,8e7fd68470057c99,0.2468916836530092,0.2,0.1,0.2,0.2,0.06126082373501176,,,,,,NORMAL,True,True,True,True,False,False,False,True,False,1,1,1,
1ce8c99848607bc498889a02,Module_12_CrossDomain,sklearn.datasets.load_breast_cancer,71aa3180a9c8c9abf1e45ef91d8c1dac2592948b3fa58a7da1cc3e16bef8c2df,bc_classifier_v1,breast_cancer_wisconsin,classification_breast_cancer,42,unit_5,11,1,2026-09-02T20:45:00Z,1.0.0,8e7fd68470057c99,0.08497565236653985,0.2,0.1,0.2,0.2,0.05105153340858861,,,,,,NORMAL,True,True,True,True,False,False,False,True,False,1,1,1,
06be2420a3eff2d9c4476696,Module_12_CrossDomain,sklearn.datasets.load_breast_cancer,71aa3180a9c8c9abf1e45ef91d8c1dac2592948b3fa58a7da1cc3e16bef8c2df,bc_classifier_v1,breast_cancer_wisconsin,classification_breast_cancer,42,unit_5,11,2,2026-09-02T20:45:00Z,1.0.0,8e7fd68470057c99,0.08497565236653985,0.2,0.1,0.2,0.2,0.05105153340858861,,,,,,NORMAL,True,True,True,True,False,False,False,True,False,1,1,1,
8da16268bb6dd3cf0dd2cef5,Module_12_CrossDomain,sklearn.datasets.load_breast_cancer,71aa3180a9c8c9abf1e45ef91d8c1dac2592948b3fa58a7da1cc3e16bef8c2df,bc_classifier_v1,breast_cancer_wisconsin,classification_breast_cancer,42,unit_5,11,3,2026-09-02T20:45:00Z,1.0.0,8e7fd68470057c99,0.08497565236653985,0.2,0.1,0.2,0.2,0.05105153340858861,,,,,,NORMAL,True,True,True,True,False,False,False,True,False,1,1,1,
a9a7a4195fd54159b62d0e87,Module_12_CrossDomain,sklearn.datasets.load_breast_cancer,71aa3180a9c8c9abf1e45ef91d8c1dac2592948b3fa58a7da1cc3e16bef8c2df,bc_classifier_v1,breast_cancer_wisconsin,classification_breast_cancer,42,unit_5,11,5,2026-09-02T20:45:00Z,1.0.0,8e7fd68470057c99,0.08497565236653985,0.2,0.1,0.2,0.2,0.05105153340858861,,,,,,NORMAL,True,True,True,True,False,False,False,True,False,1,1,1,
885a111f6ed591a3c8c466f0,Module_12_CrossDomain,sklearn.datasets.load_breast_cancer,71aa3180a9c8c9abf1e45ef91d8c1dac2592948b3fa58a7da1cc3e16bef8c2df,bc_classifier_v1,breast_cancer_wisconsin,classification_breast_cancer,42,unit_5,12,1,2026-09-02T20:45:00Z,1.0.0,8e7fd68470057c99,0.007531578967825632,0.2,0.1,0.2,0.2,0.07859495458983343,,,,,,NORMAL,True,True,True,True,False,False,False,True,False,1,1,1,
45f8cbde0706d5173827fd6f,Module_12_CrossDomain,sklearn.datasets.load_breast_cancer,71aa3180a9c8c9abf1e45ef91d8c1dac2592948b3fa58a7da1cc3e16bef8c2df,bc_classifier_v1,breast_cancer_wisconsin,classification_breast_cancer,42,unit_5,12,2,2026-09-02T20:45:00Z,1.0.0,8e7fd68470057c99,0.007531578967825632,0.2,0.1,0.2,0.2,0.07859495458983343,,,,,,NORMAL,True,True,True,True,False,False,False,True,False,1,1,1,
e05905962abff351180229fc,Module_12_CrossDomain,sklearn.datasets.load_breast_cancer,71aa3180a9c8c9abf1e45ef91d8c1dac2592948b3fa58a7da1cc3e16bef8c2df,bc_classifier_v1,breast_cancer_wisconsin,classification_breast_cancer,42,unit_5,12,3,2026-09-02T20:45:00Z,1.0.0,8e7fd68470057c99,0.007531578967825632,0.2,0.1,0.2,0.2,0.07859495458983343,,,,,,NORMAL,True,True,True,True,False,False,False,True,False,1,1,1,
c49d744d642917c1fe5fc1f3,Module_12_CrossDomain,sklearn.datasets.load_breast_cancer,71aa3180a9c8c9abf1e45ef91d8c1dac2592948b3fa58a7da1cc3e16bef8c2df,bc_classifier_v1,breast_cancer_wisconsin,classification_breast_cancer,42,unit_5,12,5,2026-09-02T20:45:00Z,1.0.0,8e7fd68470057c99,0.007531578967825632,0.2,0.1,0.2,0.2,0.07859495458983343,,,,,,NORMAL,True,True,True,True,False,False,False,True,False,1,1,1,
3e4fd09eb61d6b59bfc4b2a7,Module_12_CrossDomain,sklearn.datasets.load_breast_cancer,71aa3180a9c8c9abf1e45ef91d8c1dac2592948b3fa58a7da1cc3e16bef8c2df,bc_classifier_v1,breast_cancer_wisconsin,classification_breast_cancer,42,unit_5,13,1,2026-09-02T20:45:00Z,1.0.0,8e7fd68470057c99,0.20529180600387426,0.2,0.1,0.2,0.2,0.04843594581430904,,,,,,NORMAL,True,True,True,True,False,False,False,True,False,1,1,1,
9dbe926bb709596ed0371814,Module_12_CrossDomain,sklearn.datasets.load_breast_cancer,71aa3180a9c8c9abf1e45ef91d8c1dac2592948b3fa58a7da1cc3e16bef8c2df,bc_classifier_v1,breast_cancer_wisconsin,classification_breast_cancer,42,unit_5,13,2,2026-09-02T20:45:00Z,1.0.0,8e7fd68470057c99,0.20529180600387426,0.2,0.1,0.2,0.2,0.04843594581430904,,,,,,NORMAL,True,True,True,True,False,False,False,True,False,1,1,1,
d233fe3c842b40d0146699d2,Module_12_CrossDomain,sklearn.datasets.load_breast_cancer,71aa3180a9c8c9abf1e45ef91d8c1dac2592948b3fa58a7da1cc3e16bef8c2df,bc_classifier_v1,breast_cancer_wisconsin,classification_breast_cancer,42,unit_5,13,3,2026-09-02T20:45:00Z,1.0.0,8e7fd68470057c99,0.20529180600387426,0.2,0.1,0.2,0.2,0.04843594581430904,,,,,,NORMAL,True,True,True,True,False,False,False,True,False,1,1,1,
49646ba085e461e9bdedb5af,Module_12_CrossDomain,sklearn.datasets.load_breast_cancer,71aa3180a9c8c9abf1e45ef91d8c1dac2592948b3fa58a7da1cc3e16bef8c2df,bc_classifier_v1,breast_cancer_wisconsin,classification_breast_cancer,42,unit_5,13,5,2026-09-02T20:45:00Z,1.0.0,8e7fd68470057c99,0.20529180600387426,0.2,0.1,0.2,0.2,0.04843594581430904,,,,,,NORMAL,True,True,True,True,False,False,False,True,False,1,1,1,
8eb3fa604699a3ef090385e5,Module_12_CrossDomain,sklearn.datasets.load_breast_cancer,71aa3180a9c8c9abf1e45ef91d8c1dac2592948b3fa58a7da1cc3e16bef8c2df,bc_classifier_v1,breast_cancer_wisconsin,classification_breast_cancer,42,unit_5,14,1,2026-09-02T20:45:00Z,1.0.0,8e7fd68470057c99,0.3065389843477442,0.2,0.1,0.2,0.2,0.08433327222741303,,,,,,NORMAL,True,True,True,True,False,False,False,True,False,1,1,1,
c520667fd04c1315c6049abd,Module_12_CrossDomain,sklearn.datasets.load_breast_cancer,71aa3180a9c8c9abf1e45ef91d8c1dac2592948b3fa58a7da1cc3e16bef8c2df,bc_classifier_v1,breast_cancer_wisconsin,classification_breast_cancer,42,unit_5,14,2,2026-09-02T20:45:00Z,1.0.0,8e7fd68470057c99,0.3065389843477442,0.2,0.1,0.2,0.2,0.08433327222741303,,,,,,NORMAL,True,True,True,True,False,False,False,True,False,1,1,1,
fa289895ef1c249235ad5013,Module_12_CrossDomain,sklearn.datasets.load_breast_cancer,71aa3180a9c8c9abf1e45ef91d8c1dac2592948b3fa58a7da1cc3e16bef8c2df,bc_classifier_v1,breast_cancer_wisconsin,classification_breast_cancer,42,unit_5,14,3,2026-09-02T20:45:00Z,1.0.0,8e7fd68470057c99,0.3065389843477442,0.2,0.1,0.2,0.2,0.08433327222741303,,,,,,NORMAL,True,True,True,True,False,False,False,True,False,1,1,1,
818c51663a81a6c031c20e93,Module_12_CrossDomain,sklearn.datasets.load_breast_cancer,71aa3180a9c8c9abf1e45ef91d8c1dac2592948b3fa58a7da1cc3e16bef8c2df,bc_classifier_v1,breast_cancer_wisconsin,classification_breast_cancer,42,unit_5,14,5,2026-09-02T20:45:00Z,1.0.0,8e7fd68470057c99,0.3065389843477442,0.2,0.1,0.2,0.2,0.08433327222741303,,,,,,NORMAL,True,True,True,True,False,False,False,True,False,1,1,1,
dac6e71c78ae81a358d708bf,Module_12_CrossDomain,sklearn.datasets.load_breast_cancer,71aa3180a9c8c9abf1e45ef91d8c1dac2592948b3fa58a7da1cc3e16bef8c2df,bc_classifier_v1,breast_cancer_wisconsin,classification_breast_cancer,42,unit_5,15,1,2026-09-02T20:45:00Z,1.0.0,8e7fd68470057c99,0.12470268422792388,0.2,0.1,0.2,0.2,0.042530914730796135,,,,,,NORMAL,True,True,True,True,False,False,False,True,False,1,1,1,
bc9df7f0c9c37b07674f71f1,Module_12_CrossDomain,sklearn.datasets.load_breast_cancer,71aa3180a9c8c9abf1e45ef91d8c1dac2592948b3fa58a7da1cc3e16bef8c2df,bc_classifier_v1,breast_cancer_wisconsin,classification_breast_cancer,42,unit_5,15,2,2026-09-02T20:45:00Z,1.0.0,8e7fd68470057c99,0.12470268422792388,0.2,0.1,0.2,0.2,0.042530914730796135,,,,,,NORMAL,True,True,True,True,False,False,False,True,False,1,1,1,
2fbb81c5587f42d194bae6fd,Module_12_CrossDomain,sklearn.datasets.load_breast_cancer,71aa3180a9c8c9abf1e45ef91d8c1dac2592948b3fa58a7da1cc3e16bef8c2df,bc_classifier_v1,breast_cancer_wisconsin,classification_breast_cancer,42,unit_5,15,3,2026-09-02T20:45:00Z,1.0.0,8e7fd68470057c99,0.12470268422792388,0.2,0.1,0.2,0.2,0.042530914730796135,,,,,,NORMAL,True,True,True,True,False,False,False,True,False,1,1,1,
dfb313ac617614bb8b1cc544,Module_12_CrossDomain,sklearn.datasets.load_breast_cancer,71aa3180a9c8c9abf1e45ef91d8c1dac2592948b3fa58a7da1cc3e16bef8c2df,bc_classifier_v1,breast_cancer_wisconsin,classification_breast_cancer,42,unit_5,15,5,2026-09-02T20:45:00Z,1.0.0,8e7fd68470057c99,0.12470268422792388,0.2,0.1,0.2,0.2,0.042530914730796135,,,,,,NORMAL,True,True,True,True,False,False,False,True,False,1,1,1,
78f886633111cc61df781d82,Module_12_CrossDomain,sklearn.datasets.load_breast_cancer,71aa3180a9c8c9abf1e45ef91d8c1dac2592948b3fa58a7da1cc3e16bef8c2df,bc_classifier_v1,breast_cancer_wisconsin,classification_breast_cancer,42,unit_5,16,1,2026-09-02T20:45:00Z,1.0.0,8e7fd68470057c99,0.2938263341521014,0.2,0.1,0.2,0.2,0.0791426481398296,,,,,,NORMAL,True,True,True,True,False,False,False,True,False,1,1,0,
64c28fc361957352ae58f154,Module_12_CrossDomain,sklearn.datasets.load_breast_cancer,71aa3180a9c8c9abf1e45ef91d8c1dac2592948b3fa58a7da1cc3e16bef8c2df,bc_classifier_v1,breast_cancer_wisconsin,classification_breast_cancer,42,unit_5,16,2,2026-09-02T20:45:00Z,1.0.0,8e7fd68470057c99,0.2938263341521014,0.2,0.1,0.2,0.2,0.0791426481398296,,,,,,NORMAL,True,True,True,True,False,False,False,True,False,1,1,0,
8863a95817b52f0ae266468e,Module_12_CrossDomain,sklearn.datasets.load_breast_cancer,71aa3180a9c8c9abf1e45ef91d8c1dac2592948b3fa58a7da1cc3e16bef8c2df,bc_classifier_v1,breast_cancer_wisconsin,classification_breast_cancer,42,unit_5,16,3,2026-09-02T20:45:00Z,1.0.0,8e7fd68470057c99,0.2938263341521014,0.2,0.1,0.2,0.2,0.0791426481398296,,,,,,NORMAL,True,True,True,True,False,False,False,True,False,1,1,0,
ff285d9143883dfc4feacfba,Module_12_CrossDomain,sklearn.datasets.load_breast_cancer,71aa3180a9c8c9abf1e45ef91d8c1dac2592948b3fa58a7da1cc3e16bef8c2df,bc_classifier_v1,breast_cancer_wisconsin,classification_breast_cancer,42,unit_5,16,5,2026-09-02T20:45:00Z,1.0.0,8e7fd68470057c99,0.2938263341521014,0.2,0.1,0.2,0.2,0.0791426481398296,,,,,,NORMAL,True,True,True,True,False,False,False,True,False,1,1,0,
937c4d1402ed3a543c98d0dd,Module_12_CrossDomain,sklearn.datasets.load_breast_cancer,71aa3180a9c8c9abf1e45ef91d8c1dac2592948b3fa58a7da1cc3e16bef8c2df,bc_classifier_v1,breast_cancer_wisconsin,classification_breast_cancer,42,unit_5,17,1,2026-09-02T20:45:00Z,1.0.0,8e7fd68470057c99,0.04215084958988878,0.2,0.1,0.2,0.2,0.06520299796138006,,,,,,NORMAL,True,True,True,True,False,False,False,True,False,1,1,0,
6a71dad68de5e95018f77367,Module_12_CrossDomain,sklearn.datasets.load_breast_cancer,71aa3180a9c8c9abf1e45ef91d8c1dac2592948b3fa58a7da1cc3e16bef8c2df,bc_classifier_v1,breast_cancer_wisconsin,classification_breast_cancer,42,unit_5,17,2,2026-09-02T20:45:00Z,1.0.0,8e7fd68470057c99,0.04215084958988878,0.2,0.1,0.2,0.2,0.06520299796138006,,,,,,NORMAL,True,True,True,True,False,False,False,True,False,1,1,0,
2d190b6ce6ff4a36b9ef1bf9,Module_12_CrossDomain,sklearn.datasets.load_breast_cancer,71aa3180a9c8c9abf1e45ef91d8c1dac2592948b3fa58a7da1cc3e16bef8c2df,bc_classifier_v1,breast_cancer_wisconsin,classification_breast_cancer,42,unit_5,17,3,2026-09-02T20:45:00Z,1.0.0,8e7fd68470057c99,0.04215084958988878,0.2,0.1,0.2,0.2,0.06520299796138006,,,,,,NORMAL,True,True,True,True,False,False,False,True,False,1,1,0,
5ad86648cf0338a4b0663553,Module_12_CrossDomain,sklearn.datasets.load_breast_cancer,71aa3180a9c8c9abf1e45ef91d8c1dac2592948b3fa58a7da1cc3e16bef8c2df,bc_classifier_v1,breast_cancer_wisconsin,classification_breast_cancer,42,unit_5,17,5,2026-09-02T20:45:00Z,1.0.0,8e7fd68470057c99,0.04215084958988878,0.2,0.1,0.2,0.2,0.06520299796138006,,,,,,NORMAL,True,True,True,True,False,False,False,True,False,1,1,0,
097a9609b52916910b39dd67,Module_12_CrossDomain,sklearn.datasets.load_breast_cancer,71aa3180a9c8c9abf1e45ef91d8c1dac2592948b3fa58a7da1cc3e16bef8c2df,bc_classifier_v1,breast_cancer_wisconsin,classification_breast_cancer,42,unit_5,18,1,2026-09-02T20:45:00Z,1.0.0,8e7fd68470057c99,0.09379599100968795,0.2,0.1,0.2,0.2,0.04866870001821404,,,,,,NORMAL,True,True,True,True,False,False,False,True,False,1,1,0,
9985a18fe152e7b43036af06,Module_12_CrossDomain,sklearn.datasets.load_breast_cancer,71aa3180a9c8c9abf1e45ef91d8c1dac2592948b3fa58a7da1cc3e16bef8c2df,bc_classifier_v1,breast_cancer_wisconsin,classification_breast_cancer,42,unit_5,18,2,2026-09-02T20:45:00Z,1.0.0,8e7fd68470057c99,0.09379599100968795,0.2,0.1,0.2,0.2,0.04866870001821404,,,,,,NORMAL,True,True,True,True,False,False,False,True,False,1,1,0,
6e293f4577acbf46c4bf160f,Module_12_CrossDomain,sklearn.datasets.load_breast_cancer,71aa3180a9c8c9abf1e45ef91d8c1dac2592948b3fa58a7da1cc3e16bef8c2df,bc_classifier_v1,breast_cancer_wisconsin,classification_breast_cancer,42,unit_5,18,3,2026-09-02T20:45:00Z,1.0.0,8e7fd68470057c99,0.09379599100968795,0.2,0.1,0.2,0.2,0.04866870001821404,,,,,,NORMAL,True,True,True,True,False,False,False,True,False,1,1,0,
bbc2733326cddc6792dae036,Module_12_CrossDomain,sklearn.datasets.load_breast_cancer,71aa3180a9c8c9abf1e45ef91d8c1dac2592948b3fa58a7da1cc3e16bef8c2df,bc_classifier_v1,breast_cancer_wisconsin,classification_breast_cancer,42,unit_5,18,5,2026-09-02T20:45:00Z,1.0.0,8e7fd68470057c99,0.09379599100968795,0.2,0.1,0.2,0.2,0.04866870001821404,,,,,,NORMAL,True,True,True,True,False,False,False,True,False,1,1,0,
9c51521e03f9e0f5337f62d8,Module_12_CrossDomain,sklearn.datasets.load_breast_cancer,71aa3180a9c8c9abf1e45ef91d8c1dac2592948b3fa58a7da1cc3e16bef8c2df,bc_classifier_v1,breast_cancer_wisconsin,classification_breast_cancer,42,unit_5,19,1,2026-09-02T20:45:00Z,1.0.0,8e7fd68470057c99,0.21694978977997828,0.2,0.1,0.2,0.2,0.05160162433184806,,,,,,NORMAL,True,True,True,True,False,False,False,True,False,1,1,0,
1a9a1a37bf18a8ed5d17b05a,Module_12_CrossDomain,sklearn.datasets.load_breast_cancer,71aa3180a9c8c9abf1e45ef91d8c1dac2592948b3fa58a7da1cc3e16bef8c2df,bc_classifier_v1,breast_cancer_wisconsin,classification_breast_cancer,42,unit_5,19,2,2026-09-02T20:45:00Z,1.0.0,8e7fd68470057c99,0.21694978977997828,0.2,0.1,0.2,0.2,0.05160162433184806,,,,,,NORMAL,True,True,True,True,False,False,False,True,False,1,1,0,
2cdbc700bd78e2f5dba8498f,Module_12_CrossDomain,sklearn.datasets.load_breast_cancer,71aa3180a9c8c9abf1e45ef91d8c1dac2592948b3fa58a7da1cc3e16bef8c2df,bc_classifier_v1,breast_cancer_wisconsin,classification_breast_cancer,42,unit_5,19,3,2026-09-02T20:45:00Z,1.0.0,8e7fd68470057c99,0.21694978977997828,0.2,0.1,0.2,0.2,0.05160162433184806,,,,,,NORMAL,True,True,True,True,False,False,False,True,False,1,1,0,
b3d3dd9f7c0c308b062d947f,Module_12_CrossDomain,sklearn.datasets.load_breast_cancer,71aa3180a9c8c9abf1e45ef91d8c1dac2592948b3fa58a7da1cc3e16bef8c2df,bc_classifier_v1,breast_cancer_wisconsin,classification_breast_cancer,42,unit_5,19,5,2026-09-02T20:45:00Z,1.0.0,8e7fd68470057c99,0.21694978977997828,0.2,0.1,0.2,0.2,0.05160162433184806,,,,,,NORMAL,True,True,True,True,False,False,False,True,False,1,1,0,
f95fbaae5c02ea02417612d3,Module_12_CrossDomain,sklearn.datasets.load_breast_cancer,71aa3180a9c8c9abf1e45ef91d8c1dac2592948b3fa58a7da1cc3e16bef8c2df,bc_classifier_v1,breast_cancer_wisconsin,classification_breast_cancer,42,unit_6,0,1,2026-09-02T20:45:00Z,1.0.0,8e7fd68470057c99,0.15421419361066624,0.2,0.1,0.2,0.2,0.04087313550701917,,,,,,NORMAL,True,True,True,True,False,False,False,True,False,1,0,0,0.0
81d9710679449d4d35e3343c,Module_12_CrossDomain,sklearn.datasets.load_breast_cancer,71aa3180a9c8c9abf1e45ef91d8c1dac2592948b3fa58a7da1cc3e16bef8c2df,bc_classifier_v1,breast_cancer_wisconsin,classification_breast_cancer,42,unit_6,0,2,2026-09-02T20:45:00Z,1.0.0,8e7fd68470057c99,0.15421419361066624,0.2,0.1,0.2,0.2,0.04087313550701917,,,,,,NORMAL,True,True,True,True,False,False,False,True,False,1,0,0,0.0
47c79edcaffbbd14b3494102,Module_12_CrossDomain,sklearn.datasets.load_breast_cancer,71aa3180a9c8c9abf1e45ef91d8c1dac2592948b3fa58a7da1cc3e16bef8c2df,bc_classifier_v1,breast_cancer_wisconsin,classification_breast_cancer,42,unit_6,0,3,2026-09-02T20:45:00Z,1.0.0,8e7fd68470057c99,0.15421419361066624,0.2,0.1,0.2,0.2,0.04087313550701917,,,,,,NORMAL,True,True,True,True,False,False,False,True,False,1,0,1,0.0
40c451939ce77e401ae20710,Module_12_CrossDomain,sklearn.datasets.load_breast_cancer,71aa3180a9c8c9abf1e45ef91d8c1dac2592948b3fa58a7da1cc3e16bef8c2df,bc_classifier_v1,breast_cancer_wisconsin,classification_breast_cancer,42,unit_6,0,5,2026-09-02T20:45:00Z,1.0.0,8e7fd68470057c99,0.15421419361066624,0.2,0.1,0.2,0.2,0.04087313550701917,,,,,,NORMAL,True,True,True,True,False,False,False,True,False,1,0,1,0.0
1f0abe8570f25ebae744bc18,Module_12_CrossDomain,sklearn.datasets.load_breast_cancer,71aa3180a9c8c9abf1e45ef91d8c1dac2592948b3fa58a7da1cc3e16bef8c2df,bc_classifier_v1,breast_cancer_wisconsin,classification_breast_cancer,42,unit_6,1,1,2026-09-02T20:45:00Z,1.0.0,8e7fd68470057c99,0.2572443506679535,0.2,0.1,0.2,0.2,0.06498093865843527,,,,,,NORMAL,True,True,True,True,False,False,False,True,False,1,0,0,
4c7a872c975f04b7899c46bd,Module_12_CrossDomain,sklearn.datasets.load_breast_cancer,71aa3180a9c8c9abf1e45ef91d8c1dac2592948b3fa58a7da1cc3e16bef8c2df,bc_classifier_v1,breast_cancer_wisconsin,classification_breast_cancer,42,unit_6,1,2,2026-09-02T20:45:00Z,1.0.0,8e7fd68470057c99,0.2572443506679535,0.2,0.1,0.2,0.2,0.06498093865843527,,,,,,NORMAL,True,True,True,True,False,False,False,True,False,1,0,1,
a0321ce7042afef104d019f9,Module_12_CrossDomain,sklearn.datasets.load_breast_cancer,71aa3180a9c8c9abf1e45ef91d8c1dac2592948b3fa58a7da1cc3e16bef8c2df,bc_classifier_v1,breast_cancer_wisconsin,classification_breast_cancer,42,unit_6,1,3,2026-09-02T20:45:00Z,1.0.0,8e7fd68470057c99,0.2572443506679535,0.2,0.1,0.2,0.2,0.06498093865843527,,,,,,NORMAL,True,True,True,True,False,False,False,True,False,1,0,1,
f0830b905cc4f3f6eda5538c,Module_12_CrossDomain,sklearn.datasets.load_breast_cancer,71aa3180a9c8c9abf1e45ef91d8c1dac2592948b3fa58a7da1cc3e16bef8c2df,bc_classifier_v1,breast_cancer_wisconsin,classification_breast_cancer,42,unit_6,1,5,2026-09-02T20:45:00Z,1.0.0,8e7fd68470057c99,0.2572443506679535,0.2,0.1,0.2,0.2,0.06498093865843527,,,,,,NORMAL,True,True,True,True,False,False,False,True,False,1,0,1,
0da4d7e9866f7a3816270ea3,Module_12_CrossDomain,sklearn.datasets.load_breast_cancer,71aa3180a9c8c9abf1e45ef91d8c1dac2592948b3fa58a7da1cc3e16bef8c2df,bc_classifier_v1,breast_cancer_wisconsin,classification_breast_cancer,42,unit_6,2,1,2026-09-02T20:45:00Z,1.0.0,8e7fd68470057c99,0.5744930765324341,0.2,0.1,0.2,0.2,0.204229920554681,,,,,,NORMAL,True,True,True,True,False,False,False,True,False,1,0,1,
d3db82e7511ceadd6e02d151,Module_12_CrossDomain,sklearn.datasets.load_breast_cancer,71aa3180a9c8c9abf1e45ef91d8c1dac2592948b3fa58a7da1cc3e16bef8c2df,bc_classifier_v1,breast_cancer_wisconsin,classification_breast_cancer,42,unit_6,2,2,2026-09-02T20:45:00Z,1.0.0,8e7fd68470057c99,0.5744930765324341,0.2,0.1,0.2,0.2,0.204229920554681,,,,,,NORMAL,True,True,True,True,False,False,False,True,False,1,0,1,
c23529a6dea2b68188270474,Module_12_CrossDomain,sklearn.datasets.load_breast_cancer,71aa3180a9c8c9abf1e45ef91d8c1dac2592948b3fa58a7da1cc3e16bef8c2df,bc_classifier_v1,breast_cancer_wisconsin,classification_breast_cancer,42,unit_6,2,3,2026-09-02T20:45:00Z,1.0.0,8e7fd68470057c99,0.5744930765324341,0.2,0.1,0.2,0.2,0.204229920554681,,,,,,NORMAL,True,True,True,True,False,False,False,True,False,1,0,1,
3e87d31742577c3533a92f9d,Module_12_CrossDomain,sklearn.datasets.load_breast_cancer,71aa3180a9c8c9abf1e45ef91d8c1dac2592948b3fa58a7da1cc3e16bef8c2df,bc_classifier_v1,breast_cancer_wisconsin,classification_breast_cancer,42,unit_6,2,5,2026-09-02T20:45:00Z,1.0.0,8e7fd68470057c99,0.5744930765324341,0.2,0.1,0.2,0.2,0.204229920554681,,,,,,NORMAL,True,True,True,True,False,False,False,True,False,1,0,1,
04a77ea40d3673f0d31db18e,Module_12_CrossDomain,sklearn.datasets.load_breast_cancer,71aa3180a9c8c9abf1e45ef91d8c1dac2592948b3fa58a7da1cc3e16bef8c2df,bc_classifier_v1,breast_cancer_wisconsin,classification_breast_cancer,42,unit_6,3,1,2026-09-02T20:45:00Z,1.0.0,8e7fd68470057c99,0.021152275606014438,0.2,0.1,0.2,0.2,0.073184297164394,,,,,,NORMAL,True,True,True,True,False,False,False,True,False,1,0,1,
3b84b8889719df670f81c36b,Module_12_CrossDomain,sklearn.datasets.load_breast_cancer,71aa3180a9c8c9abf1e45ef91d8c1dac2592948b3fa58a7da1cc3e16bef8c2df,bc_classifier_v1,breast_cancer_wisconsin,classification_breast_cancer,42,unit_6,3,2,2026-09-02T20:45:00Z,1.0.0,8e7fd68470057c99,0.021152275606014438,0.2,0.1,0.2,0.2,0.073184297164394,,,,,,NORMAL,True,True,True,True,False,False,False,True,False,1,0,1,
5f645ad8f62dd18a3608ba4b,Module_12_CrossDomain,sklearn.datasets.load_breast_cancer,71aa3180a9c8c9abf1e45ef91d8c1dac2592948b3fa58a7da1cc3e16bef8c2df,bc_classifier_v1,breast_cancer_wisconsin,classification_breast_cancer,42,unit_6,3,3,2026-09-02T20:45:00Z,1.0.0,8e7fd68470057c99,0.021152275606014438,0.2,0.1,0.2,0.2,0.073184297164394,,,,,,NORMAL,True,True,True,True,False,False,False,True,False,1,0,1,
efd354fc3e1ba30bd3b2fd46,Module_12_CrossDomain,sklearn.datasets.load_breast_cancer,71aa3180a9c8c9abf1e45ef91d8c1dac2592948b3fa58a7da1cc3e16bef8c2df,bc_classifier_v1,breast_cancer_wisconsin,classification_breast_cancer,42,unit_6,3,5,2026-09-02T20:45:00Z,1.0.0,8e7fd68470057c99,0.021152275606014438,0.2,0.1,0.2,0.2,0.073184297164394,,,,,,NORMAL,True,True,True,True,False,False,False,True,False,1,0,1,
11136d91d219c855787076f9,Module_12_CrossDomain,sklearn.datasets.load_breast_cancer,71aa3180a9c8c9abf1e45ef91d8c1dac2592948b3fa58a7da1cc3e16bef8c2df,bc_classifier_v1,breast_cancer_wisconsin,classification_breast_cancer,42,unit_6,4,1,2026-09-02T20:45:00Z,1.0.0,8e7fd68470057c99,0.04297850439879117,0.2,0.1,0.2,0.2,0.06489923903118257,,,,,,NORMAL,True,True,True,True,False,False,False,True,False,1,0,1,
139b464540f0ee0a040a5fb4,Module_12_CrossDomain,sklearn.datasets.load_breast_cancer,71aa3180a9c8c9abf1e45ef91d8c1dac2592948b3fa58a7da1cc3e16bef8c2df,bc_classifier_v1,breast_cancer_wisconsin,classification_breast_cancer,42,unit_6,4,2,2026-09-02T20:45:00Z,1.0.0,8e7fd68470057c99,0.04297850439879117,0.2,0.1,0.2,0.2,0.06489923903118257,,,,,,NORMAL,True,True,True,True,False,False,False,True,False,1,0,1,
839cff00c492c681e4f0dbc8,Module_12_CrossDomain,sklearn.datasets.load_breast_cancer,71aa3180a9c8c9abf1e45ef91d8c1dac2592948b3fa58a7da1cc3e16bef8c2df,bc_classifier_v1,breast_cancer_wisconsin,classification_breast_cancer,42,unit_6,4,3,2026-09-02T20:45:00Z,1.0.0,8e7fd68470057c99,0.04297850439879117,0.2,0.1,0.2,0.2,0.06489923903118257,,,,,,NORMAL,True,True,True,True,False,False,False,True,False,1,0,1,
660e9a936c528d18f7e15f90,Module_12_CrossDomain,sklearn.datasets.load_breast_cancer,71aa3180a9c8c9abf1e45ef91d8c1dac2592948b3fa58a7da1cc3e16bef8c2df,bc_classifier_v1,breast_cancer_wisconsin,classification_breast_cancer,42,unit_6,4,5,2026-09-02T20:45:00Z,1.0.0,8e7fd68470057c99,0.04297850439879117,0.2,0.1,0.2,0.2,0.06489923903118257,,,,,,NORMAL,True,True,True,True,False,False,False,True,False,1,0,1,
3b1dd2b608495807f72a4d94,Module_12_CrossDomain,sklearn.datasets.load_breast_cancer,71aa3180a9c8c9abf1e45ef91d8c1dac2592948b3fa58a7da1cc3e16bef8c2df,bc_classifier_v1,breast_cancer_wisconsin,classification_breast_cancer,42,unit_6,5,1,2026-09-02T20:45:00Z,1.0.0,8e7fd68470057c99,0.01573711112241356,0.2,0.1,0.2,0.2,0.07531640418889887,,,,,,NORMAL,True,True,True,True,False,False,False,True,False,1,0,0,
39691fd28f5863b5fe38ff30,Module_12_CrossDomain,sklearn.datasets.load_breast_cancer,71aa3180a9c8c9abf1e45ef91d8c1dac2592948b3fa58a7da1cc3e16bef8c2df,bc_classifier_v1,breast_cancer_wisconsin,classification_breast_cancer,42,unit_6,5,2,2026-09-02T20:45:00Z,1.0.0,8e7fd68470057c99,0.01573711112241356,0.2,0.1,0.2,0.2,0.07531640418889887,,,,,,NORMAL,True,True,True,True,False,False,False,True,False,1,0,0,
cd762cc0ec5008badd73754e,Module_12_CrossDomain,sklearn.datasets.load_breast_cancer,71aa3180a9c8c9abf1e45ef91d8c1dac2592948b3fa58a7da1cc3e16bef8c2df,bc_classifier_v1,breast_cancer_wisconsin,classification_breast_cancer,42,unit_6,5,3,2026-09-02T20:45:00Z,1.0.0,8e7fd68470057c99,0.01573711112241356,0.2,0.1,0.2,0.2,0.07531640418889887,,,,,,NORMAL,True,True,True,True,False,False,False,True,False,1,0,1,
dae541ff4fed642a31d974c0,Module_12_CrossDomain,sklearn.datasets.load_breast_cancer,71aa3180a9c8c9abf1e45ef91d8c1dac2592948b3fa58a7da1cc3e16bef8c2df,bc_classifier_v1,breast_cancer_wisconsin,classification_breast_cancer,42,unit_6,5,5,2026-09-02T20:45:00Z,1.0.0,8e7fd68470057c99,0.01573711112241356,0.2,0.1,0.2,0.2,0.07531640418889887,,,,,,NORMAL,True,True,True,True,False,False,False,True,False,1,0,1,
0aa0939a0070c52cc1b20707,Module_12_CrossDomain,sklearn.datasets.load_breast_cancer,71aa3180a9c8c9abf1e45ef91d8c1dac2592948b3fa58a7da1cc3e16bef8c2df,bc_classifier_v1,breast_cancer_wisconsin,classification_breast_cancer,42,unit_6,6,1,2026-09-02T20:45:00Z,1.0.0,8e7fd68470057c99,0.029357807760602365,0.2,0.1,0.2,0.2,0.07000720367430098,,,,,,NORMAL,True,True,True,True,False,False,False,True,False,1,0,0,
2e4ea0ca280457ceba7fe8f3,Module_12_CrossDomain,sklearn.datasets.load_breast_cancer,71aa3180a9c8c9abf1e45ef91d8c1dac2592948b3fa58a7da1cc3e16bef8c2df,bc_classifier_v1,breast_cancer_wisconsin,classification_breast_cancer,42,unit_6,6,2,2026-09-02T20:45:00Z,1.0.0,8e7fd68470057c99,0.029357807760602365,0.2,0.1,0.2,0.2,0.07000720367430098,,,,,,NORMAL,True,True,True,True,False,False,False,True,False,1,0,1,
531c798e9bf1184e06b7d147,Module_12_CrossDomain,sklearn.datasets.load_breast_cancer,71aa3180a9c8c9abf1e45ef91d8c1dac2592948b3fa58a7da1cc3e16bef8c2df,bc_classifier_v1,breast_cancer_wisconsin,classification_breast_cancer,42,unit_6,6,3,2026-09-02T20:45:00Z,1.0.0,8e7fd68470057c99,0.029357807760602365,0.2,0.1,0.2,0.2,0.07000720367430098,,,,,,NORMAL,True,True,True,True,False,False,False,True,False,1,0,1,
9179abb871bd66256c209b99,Module_12_CrossDomain,sklearn.datasets.load_breast_cancer,71aa3180a9c8c9abf1e45ef91d8c1dac2592948b3fa58a7da1cc3e16bef8c2df,bc_classifier_v1,breast_cancer_wisconsin,classification_breast_cancer,42,unit_6,6,5,2026-09-02T20:45:00Z,1.0.0,8e7fd68470057c99,0.029357807760602365,0.2,0.1,0.2,0.2,0.07000720367430098,,,,,,NORMAL,True,True,True,True,False,False,False,True,False,1,0,1,
311a7d46fee49523cde774c8,Module_12_CrossDomain,sklearn.datasets.load_breast_cancer,71aa3180a9c8c9abf1e45ef91d8c1dac2592948b3fa58a7da1cc3e16bef8c2df,bc_classifier_v1,breast_cancer_wisconsin,classification_breast_cancer,42,unit_6,7,1,2026-09-02T20:45:00Z,1.0.0,8e7fd68470057c99,0.27654033757205426,0.2,0.1,0.2,0.2,0.07228409542730906,,,,,,NORMAL,True,True,True,True,False,False,False,True,False,1,0,1,
c483fa0df1da483169416039,Module_12_CrossDomain,sklearn.datasets.load_breast_cancer,71aa3180a9c8c9abf1e45ef91d8c1dac2592948b3fa58a7da1cc3e16bef8c2df,bc_classifier_v1,breast_cancer_wisconsin,classification_breast_cancer,42,unit_6,7,2,2026-09-02T20:45:00Z,1.0.0,8e7fd68470057c99,0.27654033757205426,0.2,0.1,0.2,0.2,0.07228409542730906,,,,,,NORMAL,True,True,True,True,False,False,False,True,False,1,0,1,
cec6b91b5099857371529afb,Module_12_CrossDomain,sklearn.datasets.load_breast_cancer,71aa3180a9c8c9abf1e45ef91d8c1dac2592948b3fa58a7da1cc3e16bef8c2df,bc_classifier_v1,breast_cancer_wisconsin,classification_breast_cancer,42,unit_6,7,3,2026-09-02T20:45:00Z,1.0.0,8e7fd68470057c99,0.27654033757205426,0.2,0.1,0.2,0.2,0.07228409542730906,,,,,,NORMAL,True,True,True,True,False,False,False,True,False,1,0,1,
3c53d6482bfbd0c7e62a262d,Module_12_CrossDomain,sklearn.datasets.load_breast_cancer,71aa3180a9c8c9abf1e45ef91d8c1dac2592948b3fa58a7da1cc3e16bef8c2df,bc_classifier_v1,breast_cancer_wisconsin,classification_breast_cancer,42,unit_6,7,5,2026-09-02T20:45:00Z,1.0.0,8e7fd68470057c99,0.27654033757205426,0.2,0.1,0.2,0.2,0.07228409542730906,,,,,,NORMAL,True,True,True,True,False,False,False,True,False,1,0,1,
61d464673b2b491f7fe04944,Module_12_CrossDomain,sklearn.datasets.load_breast_cancer,71aa3180a9c8c9abf1e45ef91d8c1dac2592948b3fa58a7da1cc3e16bef8c2df,bc_classifier_v1,breast_cancer_wisconsin,classification_breast_cancer,42,unit_6,8,1,2026-09-02T20:45:00Z,1.0.0,8e7fd68470057c99,0.0552040172014864,0.2,0.1,0.2,0.2,0.060527823454702014,,,,,,NORMAL,True,True,True,True,False,False,False,True,False,1,0,0,
a4d1a7e7cb27eacbe86a3e70,Module_12_CrossDomain,sklearn.datasets.load_breast_cancer,71aa3180a9c8c9abf1e45ef91d8c1dac2592948b3fa58a7da1cc3e16bef8c2df,bc_classifier_v1,breast_cancer_wisconsin,classification_breast_cancer,42,unit_6,8,2,2026-09-02T20:45:00Z,1.0.0,8e7fd68470057c99,0.0552040172014864,0.2,0.1,0.2,0.2,0.060527823454702014,,,,,,NORMAL,True,True,True,True,False,False,False,True,False,1,0,1,
e32dcad425623ce97d480918,Module_12_CrossDomain,sklearn.datasets.load_breast_cancer,71aa3180a9c8c9abf1e45ef91d8c1dac2592948b3fa58a7da1cc3e16bef8c2df,bc_classifier_v1,breast_cancer_wisconsin,classification_breast_cancer,42,unit_6,8,3,2026-09-02T20:45:00Z,1.0.0,8e7fd68470057c99,0.0552040172014864,0.2,0.1,0.2,0.2,0.060527823454702014,,,,,,NORMAL,True,True,True,True,False,False,False,True,False,1,0,1,
c2e5fe1706ee8ca9708c90f2,Module_12_CrossDomain,sklearn.datasets.load_breast_cancer,71aa3180a9c8c9abf1e45ef91d8c1dac2592948b3fa58a7da1cc3e16bef8c2df,bc_classifier_v1,breast_cancer_wisconsin,classification_breast_cancer,42,unit_6,8,5,2026-09-02T20:45:00Z,1.0.0,8e7fd68470057c99,0.0552040172014864,0.2,0.1,0.2,0.2,0.060527823454702014,,,,,,NORMAL,True,True,True,True,False,False,False,True,False,1,0,1,
abfac04fbd160fbd64ff4d0c,Module_12_CrossDomain,sklearn.datasets.load_breast_cancer,71aa3180a9c8c9abf1e45ef91d8c1dac2592948b3fa58a7da1cc3e16bef8c2df,bc_classifier_v1,breast_cancer_wisconsin,classification_breast_cancer,42,unit_6,9,1,2026-09-02T20:45:00Z,1.0.0,8e7fd68470057c99,0.32137513067275897,0.2,0.1,0.2,0.2,0.09051634034570187,,,,,,NORMAL,True,True,True,True,False,False,False,True,False,1,0,1,
5afc00209d45d71871881a20,Module_12_CrossDomain,sklearn.datasets.load_breast_cancer,71aa3180a9c8c9abf1e45ef91d8c1dac2592948b3fa58a7da1cc3e16bef8c2df,bc_classifier_v1,breast_cancer_wisconsin,classification_breast_cancer,42,unit_6,9,2,2026-09-02T20:45:00Z,1.0.0,8e7fd68470057c99,0.32137513067275897,0.2,0.1,0.2,0.2,0.09051634034570187,,,,,,NORMAL,True,True,True,True,False,False,False,True,False,1,0,1,
c1ae9622a642731c8a384388,Module_12_CrossDomain,sklearn.datasets.load_breast_cancer,71aa3180a9c8c9abf1e45ef91d8c1dac2592948b3fa58a7da1cc3e16bef8c2df,bc_classifier_v1,breast_cancer_wisconsin,classification_breast_cancer,42,unit_6,9,3,2026-09-02T20:45:00Z,1.0.0,8e7fd68470057c99,0.32137513067275897,0.2,0.1,0.2,0.2,0.09051634034570187,,,,,,NORMAL,True,True,True,True,False,False,False,True,False,1,0,1,
d0352b14377900c5aeee8611,Module_12_CrossDomain,sklearn.datasets.load_breast_cancer,71aa3180a9c8c9abf1e45ef91d8c1dac2592948b3fa58a7da1cc3e16bef8c2df,bc_classifier_v1,breast_cancer_wisconsin,classification_breast_cancer,42,unit_6,9,5,2026-09-02T20:45:00Z,1.0.0,8e7fd68470057c99,0.32137513067275897,0.2,0.1,0.2,0.2,0.09051634034570187,,,,,,NORMAL,True,True,True,True,False,False,False,True,False,1,0,1,
3c7533c7c25d3a8e72b39faf,Module_12_CrossDomain,sklearn.datasets.load_breast_cancer,71aa3180a9c8c9abf1e45ef91d8c1dac2592948b3fa58a7da1cc3e16bef8c2df,bc_classifier_v1,breast_cancer_wisconsin,classification_breast_cancer,42,unit_6,10,1,2026-09-02T20:45:00Z,1.0.0,8e7fd68470057c99,0.10994692953655272,0.2,0.1,0.2,0.2,0.044979621196838494,,,,,,NORMAL,True,True,True,True,False,False,False,True,False,1,0,0,
576a4f35405821c3f9838b70,Module_12_CrossDomain,sklearn.datasets.load_breast_cancer,71aa3180a9c8c9abf1e45ef91d8c1dac2592948b3fa58a7da1cc3e16bef8c2df,bc_classifier_v1,breast_cancer_wisconsin,classification_breast_cancer,42,unit_6,10,2,2026-09-02T20:45:00Z,1.0.0,8e7fd68470057c99,0.10994692953655272,0.2,0.1,0.2,0.2,0.044979621196838494,,,,,,NORMAL,True,True,True,True,False,False,False,True,False,1,0,0,
67e8a809d6219557d2e5695f,Module_12_CrossDomain,sklearn.datasets.load_breast_cancer,71aa3180a9c8c9abf1e45ef91d8c1dac2592948b3fa58a7da1cc3e16bef8c2df,bc_classifier_v1,breast_cancer_wisconsin,classification_breast_cancer,42,unit_6,10,3,2026-09-02T20:45:00Z,1.0.0,8e7fd68470057c99,0.10994692953655272,0.2,0.1,0.2,0.2,0.044979621196838494,,,,,,NORMAL,True,True,True,True,False,False,False,True,False,1,0,1,
6464a64525681451ba06c7e9,Module_12_CrossDomain,sklearn.datasets.load_breast_cancer,71aa3180a9c8c9abf1e45ef91d8c1dac2592948b3fa58a7da1cc3e16bef8c2df,bc_classifier_v1,breast_cancer_wisconsin,classification_breast_cancer,42,unit_6,10,5,2026-09-02T20:45:00Z,1.0.0,8e7fd68470057c99,0.10994692953655272,0.2,0.1,0.2,0.2,0.044979621196838494,,,,,,NORMAL,True,True,True,True,False,False,False,True,False,1,0,1,
c7ad2e11e47c5ce0c3aab5e3,Module_12_CrossDomain,sklearn.datasets.load_breast_cancer,71aa3180a9c8c9abf1e45ef91d8c1dac2592948b3fa58a7da1cc3e16bef8c2df,bc_classifier_v1,breast_cancer_wisconsin,classification_breast_cancer,42,unit_6,11,1,2026-09-02T20:45:00Z,1.0.0,8e7fd68470057c99,0.07563506215876965,0.2,0.1,0.2,0.2,0.05381066391655108,,,,,,NORMAL,True,True,True,True,False,False,False,True,False,1,0,0,
ded0b83ca8b39ac4c3ba0ab9,Module_12_CrossDomain,sklearn.datasets.load_breast_cancer,71aa3180a9c8c9abf1e45ef91d8c1dac2592948b3fa58a7da1cc3e16bef8c2df,bc_classifier_v1,breast_cancer_wisconsin,classification_breast_cancer,42,unit_6,11,2,2026-09-02T20:45:00Z,1.0.0,8e7fd68470057c99,0.07563506215876965,0.2,0.1,0.2,0.2,0.05381066391655108,,,,,,NORMAL,True,True,True,True,False,False,False,True,False,1,0,1,
aaffa1bba85ff34c2f131a25,Module_12_CrossDomain,sklearn.datasets.load_breast_cancer,71aa3180a9c8c9abf1e45ef91d8c1dac2592948b3fa58a7da1cc3e16bef8c2df,bc_classifier_v1,breast_cancer_wisconsin,classification_breast_cancer,42,unit_6,11,3,2026-09-02T20:45:00Z,1.0.0,8e7fd68470057c99,0.07563506215876965,0.2,0.1,0.2,0.2,0.05381066391655108,,,,,,NORMAL,True,True,True,True,False,False,False,True,False,1,0,1,
62699ee3657be932ece57962,Module_12_CrossDomain,sklearn.datasets.load_breast_cancer,71aa3180a9c8c9abf1e45ef91d8c1dac2592948b3fa58a7da1cc3e16bef8c2df,bc_classifier_v1,breast_cancer_wisconsin,classification_breast_cancer,42,unit_6,11,5,2026-09-02T20:45:00Z,1.0.0,8e7fd68470057c99,0.07563506215876965,0.2,0.1,0.2,0.2,0.05381066391655108,,,,,,NORMAL,True,True,True,True,False,False,False,True,False,1,0,1,
fce733d232bc5b44eb1998cd,Module_12_CrossDomain,sklearn.datasets.load_breast_cancer,71aa3180a9c8c9abf1e45ef91d8c1dac2592948b3fa58a7da1cc3e16bef8c2df,bc_classifier_v1,breast_cancer_wisconsin,classification_breast_cancer,42,unit_6,12,1,2026-09-02T20:45:00Z,1.0.0,8e7fd68470057c99,0.11536209402015359,0.2,0.1,0.2,0.2,0.04396914203460999,,,,,,NORMAL,True,True,True,True,False,False,False,True,False,1,0,1,
b942562e6919d5138808d926,Module_12_CrossDomain,sklearn.datasets.load_breast_cancer,71aa3180a9c8c9abf1e45ef91d8c1dac2592948b3fa58a7da1cc3e16bef8c2df,bc_classifier_v1,breast_cancer_wisconsin,classification_breast_cancer,42,unit_6,12,2,2026-09-02T20:45:00Z,1.0.0,8e7fd68470057c99,0.11536209402015359,0.2,0.1,0.2,0.2,0.04396914203460999,,,,,,NORMAL,True,True,True,True,False,False,False,True,False,1,0,1,
cd394a79a897005807e2f2c1,Module_12_CrossDomain,sklearn.datasets.load_breast_cancer,71aa3180a9c8c9abf1e45ef91d8c1dac2592948b3fa58a7da1cc3e16bef8c2df,bc_classifier_v1,breast_cancer_wisconsin,classification_breast_cancer,42,unit_6,12,3,2026-09-02T20:45:00Z,1.0.0,8e7fd68470057c99,0.11536209402015359,0.2,0.1,0.2,0.2,0.04396914203460999,,,,,,NORMAL,True,True,True,True,False,False,False,True,False,1,0,1,
f5649c35a1348f83c6da835f,Module_12_CrossDomain,sklearn.datasets.load_breast_cancer,71aa3180a9c8c9abf1e45ef91d8c1dac2592948b3fa58a7da1cc3e16bef8c2df,bc_classifier_v1,breast_cancer_wisconsin,classification_breast_cancer,42,unit_6,12,5,2026-09-02T20:45:00Z,1.0.0,8e7fd68470057c99,0.11536209402015359,0.2,0.1,0.2,0.2,0.04396914203460999,,,,,,NORMAL,True,True,True,True,False,False,False,True,False,1,0,1,
24383ef231c22b9c235727d0,Module_12_CrossDomain,sklearn.datasets.load_breast_cancer,71aa3180a9c8c9abf1e45ef91d8c1dac2592948b3fa58a7da1cc3e16bef8c2df,bc_classifier_v1,breast_cancer_wisconsin,classification_breast_cancer,42,unit_6,13,1,2026-09-02T20:45:00Z,1.0.0,8e7fd68470057c99,0.08982328782354963,0.2,0.1,0.2,0.2,0.049713035823094734,,,,,,NORMAL,True,True,True,True,False,False,False,True,False,1,0,0,
d01310ccf2199abbc4eddcef,Module_12_CrossDomain,sklearn.datasets.load_breast_cancer,71aa3180a9c8c9abf1e45ef91d8c1dac2592948b3fa58a7da1cc3e16bef8c2df,bc_classifier_v1,breast_cancer_wisconsin,classification_breast_cancer,42,unit_6,13,2,2026-09-02T20:45:00Z,1.0.0,8e7fd68470057c99,0.08982328782354963,0.2,0.1,0.2,0.2,0.049713035823094734,,,,,,NORMAL,True,True,True,True,False,False,False,True,False,1,0,0,
e8850a6db2d7c8d3c2e95baa,Module_12_CrossDomain,sklearn.datasets.load_breast_cancer,71aa3180a9c8c9abf1e45ef91d8c1dac2592948b3fa58a7da1cc3e16bef8c2df,bc_classifier_v1,breast_cancer_wisconsin,classification_breast_cancer,42,unit_6,13,3,2026-09-02T20:45:00Z,1.0.0,8e7fd68470057c99,0.08982328782354963,0.2,0.1,0.2,0.2,0.049713035823094734,,,,,,NORMAL,True,True,True,True,False,False,False,True,False,1,0,1,
5e13cacf729bc3543e77bf42,Module_12_CrossDomain,sklearn.datasets.load_breast_cancer,71aa3180a9c8c9abf1e45ef91d8c1dac2592948b3fa58a7da1cc3e16bef8c2df,bc_classifier_v1,breast_cancer_wisconsin,classification_breast_cancer,42,unit_6,13,5,2026-09-02T20:45:00Z,1.0.0,8e7fd68470057c99,0.08982328782354963,0.2,0.1,0.2,0.2,0.049713035823094734,,,,,,NORMAL,True,True,True,True,False,False,False,True,False,1,0,1,
8e69b53f35fdbea3f61f35fe,Module_12_CrossDomain,sklearn.datasets.load_breast_cancer,71aa3180a9c8c9abf1e45ef91d8c1dac2592948b3fa58a7da1cc3e16bef8c2df,bc_classifier_v1,breast_cancer_wisconsin,classification_breast_cancer,42,unit_6,14,1,2026-09-02T20:45:00Z,1.0.0,8e7fd68470057c99,0.24532624110953827,0.2,0.1,0.2,0.2,0.060712605764232125,,,,,,NORMAL,True,True,True,True,False,False,False,True,False,1,0,0,
3f94af3ee206690e223a5835,Module_12_CrossDomain,sklearn.datasets.load_breast_cancer,71aa3180a9c8c9abf1e45ef91d8c1dac2592948b3fa58a7da1cc3e16bef8c2df,bc_classifier_v1,breast_cancer_wisconsin,classification_breast_cancer,42,unit_6,14,2,2026-09-02T20:45:00Z,1.0.0,8e7fd68470057c99,0.24532624110953827,0.2,0.1,0.2,0.2,0.060712605764232125,,,,,,NORMAL,True,True,True,True,False,False,False,True,False,1,0,1,
d7352953e537aa1f041c1eb6,Module_12_CrossDomain,sklearn.datasets.load_breast_cancer,71aa3180a9c8c9abf1e45ef91d8c1dac2592948b3fa58a7da1cc3e16bef8c2df,bc_classifier_v1,breast_cancer_wisconsin,classification_breast_cancer,42,unit_6,14,3,2026-09-02T20:45:00Z,1.0.0,8e7fd68470057c99,0.24532624110953827,0.2,0.1,0.2,0.2,0.060712605764232125,,,,,,NORMAL,True,True,True,True,False,False,False,True,False,1,0,1,
accde3f4160add1a63f04fe9,Module_12_CrossDomain,sklearn.datasets.load_breast_cancer,71aa3180a9c8c9abf1e45ef91d8c1dac2592948b3fa58a7da1cc3e16bef8c2df,bc_classifier_v1,breast_cancer_wisconsin,classification_breast_cancer,42,unit_6,14,5,2026-09-02T20:45:00Z,1.0.0,8e7fd68470057c99,0.24532624110953827,0.2,0.1,0.2,0.2,0.060712605764232125,,,,,,NORMAL,True,True,True,True,False,False,False,True,False,1,0,1,
d4b2ab35c87f4c0c79756146,Module_12_CrossDomain,sklearn.datasets.load_breast_cancer,71aa3180a9c8c9abf1e45ef91d8c1dac2592948b3fa58a7da1cc3e16bef8c2df,bc_classifier_v1,breast_cancer_wisconsin,classification_breast_cancer,42,unit_6,15,1,2026-09-02T20:45:00Z,1.0.0,8e7fd68470057c99,0.07703024599426313,0.2,0.1,0.2,0.2,0.053384527512208284,,,,,,NORMAL,True,True,True,True,False,False,False,True,False,1,0,1,
1bf33cd64b54d881189d7ead,Module_12_CrossDomain,sklearn.datasets.load_breast_cancer,71aa3180a9c8c9abf1e45ef91d8c1dac2592948b3fa58a7da1cc3e16bef8c2df,bc_classifier_v1,breast_cancer_wisconsin,classification_breast_cancer,42,unit_6,15,2,2026-09-02T20:45:00Z,1.0.0,8e7fd68470057c99,0.07703024599426313,0.2,0.1,0.2,0.2,0.053384527512208284,,,,,,NORMAL,True,True,True,True,False,False,False,True,False,1,0,1,
600b3ea844f39765681cac31,Module_12_CrossDomain,sklearn.datasets.load_breast_cancer,71aa3180a9c8c9abf1e45ef91d8c1dac2592948b3fa58a7da1cc3e16bef8c2df,bc_classifier_v1,breast_cancer_wisconsin,classification_breast_cancer,42,unit_6,15,3,2026-09-02T20:45:00Z,1.0.0,8e7fd68470057c99,0.07703024599426313,0.2,0.1,0.2,0.2,0.053384527512208284,,,,,,NORMAL,True,True,True,True,False,False,False,True,False,1,0,1,
5df8384e4fc7e05e3f9de699,Module_12_CrossDomain,sklearn.datasets.load_breast_cancer,71aa3180a9c8c9abf1e45ef91d8c1dac2592948b3fa58a7da1cc3e16bef8c2df,bc_classifier_v1,breast_cancer_wisconsin,classification_breast_cancer,42,unit_6,15,5,2026-09-02T20:45:00Z,1.0.0,8e7fd68470057c99,0.07703024599426313,0.2,0.1,0.2,0.2,0.053384527512208284,,,,,,NORMAL,True,True,True,True,False,False,False,True,False,1,0,1,
8facefc6b4e393ffb543d9b8,Module_12_CrossDomain,sklearn.datasets.load_breast_cancer,71aa3180a9c8c9abf1e45ef91d8c1dac2592948b3fa58a7da1cc3e16bef8c2df,bc_classifier_v1,breast_cancer_wisconsin,classification_breast_cancer,42,unit_6,16,1,2026-09-02T20:45:00Z,1.0.0,8e7fd68470057c99,0.1371883228129302,0.2,0.1,0.2,0.2,0.041269141208375285,,,,,,NORMAL,True,True,True,True,False,False,False,True,False,1,0,1,
6c5e6341029dde40aa3b001f,Module_12_CrossDomain,sklearn.datasets.load_breast_cancer,71aa3180a9c8c9abf1e45ef91d8c1dac2592948b3fa58a7da1cc3e16bef8c2df,bc_classifier_v1,breast_cancer_wisconsin,classification_breast_cancer,42,unit_6,16,2,2026-09-02T20:45:00Z,1.0.0,8e7fd68470057c99,0.1371883228129302,0.2,0.1,0.2,0.2,0.041269141208375285,,,,,,NORMAL,True,True,True,True,False,False,False,True,False,1,0,1,
1ffb76a11611c9d9a605096f,Module_12_CrossDomain,sklearn.datasets.load_breast_cancer,71aa3180a9c8c9abf1e45ef91d8c1dac2592948b3fa58a7da1cc3e16bef8c2df,bc_classifier_v1,breast_cancer_wisconsin,classification_breast_cancer,42,unit_6,16,3,2026-09-02T20:45:00Z,1.0.0,8e7fd68470057c99,0.1371883228129302,0.2,0.1,0.2,0.2,0.041269141208375285,,,,,,NORMAL,True,True,True,True,False,False,False,True,False,1,0,1,
982fc6251f563a79ab4e6f9b,Module_12_CrossDomain,sklearn.datasets.load_breast_cancer,71aa3180a9c8c9abf1e45ef91d8c1dac2592948b3fa58a7da1cc3e16bef8c2df,bc_classifier_v1,breast_cancer_wisconsin,classification_breast_cancer,42,unit_6,16,5,2026-09-02T20:45:00Z,1.0.0,8e7fd68470057c99,0.1371883228129302,0.2,0.1,0.2,0.2,0.041269141208375285,,,,,,NORMAL,True,True,True,True,False,False,False,True,False,1,0,1,
0a982e62fc66d0625da3ba4f,Module_12_CrossDomain,sklearn.datasets.load_breast_cancer,71aa3180a9c8c9abf1e45ef91d8c1dac2592948b3fa58a7da1cc3e16bef8c2df,bc_classifier_v1,breast_cancer_wisconsin,classification_breast_cancer,42,unit_6,17,1,2026-09-02T20:45:00Z,1.0.0,8e7fd68470057c99,0.15307913555748387,0.2,0.1,0.2,0.2,0.04085062511634135,,,,,,NORMAL,True,True,True,True,False,False,False,True,False,1,0,0,
65684c0016d3cf3a7256bb35,Module_12_CrossDomain,sklearn.datasets.load_breast_cancer,71aa3180a9c8c9abf1e45ef91d8c1dac2592948b3fa58a7da1cc3e16bef8c2df,bc_classifier_v1,breast_cancer_wisconsin,classification_breast_cancer,42,unit_6,17,2,2026-09-02T20:45:00Z,1.0.0,8e7fd68470057c99,0.15307913555748387,0.2,0.1,0.2,0.2,0.04085062511634135,,,,,,NORMAL,True,True,True,True,False,False,False,True,False,1,0,1,
4b2acbf2878413a3e9a06e58,Module_12_CrossDomain,sklearn.datasets.load_breast_cancer,71aa3180a9c8c9abf1e45ef91d8c1dac2592948b3fa58a7da1cc3e16bef8c2df,bc_classifier_v1,breast_cancer_wisconsin,classification_breast_cancer,42,unit_6,17,3,2026-09-02T20:45:00Z,1.0.0,8e7fd68470057c99,0.15307913555748387,0.2,0.1,0.2,0.2,0.04085062511634135,,,,,,NORMAL,True,True,True,True,False,False,False,True,False,1,0,1,
952a051c7bd88412f0650906,Module_12_CrossDomain,sklearn.datasets.load_breast_cancer,71aa3180a9c8c9abf1e45ef91d8c1dac2592948b3fa58a7da1cc3e16bef8c2df,bc_classifier_v1,breast_cancer_wisconsin,classification_breast_cancer,42,unit_6,17,5,2026-09-02T20:45:00Z,1.0.0,8e7fd68470057c99,0.15307913555748387,0.2,0.1,0.2,0.2,0.04085062511634135,,,,,,NORMAL,True,True,True,True,False,False,False,True,False,1,0,1,
a440baf244e20bac2c8a5266,Module_12_CrossDomain,sklearn.datasets.load_breast_cancer,71aa3180a9c8c9abf1e45ef91d8c1dac2592948b3fa58a7da1cc3e16bef8c2df,bc_classifier_v1,breast_cancer_wisconsin,classification_breast_cancer,42,unit_6,18,1,2026-09-02T20:45:00Z,1.0.0,8e7fd68470057c99,0.04669108180261838,0.2,0.1,0.2,0.2,0.0635482888643017,,,,,,NORMAL,True,True,True,True,False,False,False,True,False,1,0,1,
eedd04a02770fb4ac55702aa,Module_12_CrossDomain,sklearn.datasets.load_breast_cancer,71aa3180a9c8c9abf1e45ef91d8c1dac2592948b3fa58a7da1cc3e16bef8c2df,bc_classifier_v1,breast_cancer_wisconsin,classification_breast_cancer,42,unit_6,18,2,2026-09-02T20:45:00Z,1.0.0,8e7fd68470057c99,0.04669108180261838,0.2,0.1,0.2,0.2,0.0635482888643017,,,,,,NORMAL,True,True,True,True,False,False,False,True,False,1,0,1,
499c64416c854268b3ae70da,Module_12_CrossDomain,sklearn.datasets.load_breast_cancer,71aa3180a9c8c9abf1e45ef91d8c1dac2592948b3fa58a7da1cc3e16bef8c2df,bc_classifier_v1,breast_cancer_wisconsin,classification_breast_cancer,42,unit_6,18,3,2026-09-02T20:45:00Z,1.0.0,8e7fd68470057c99,0.04669108180261838,0.2,0.1,0.2,0.2,0.0635482888643017,,,,,,NORMAL,True,True,True,True,False,False,False,True,False,1,0,1,
5d9acf73950d8e2f549d9f61,Module_12_CrossDomain,sklearn.datasets.load_breast_cancer,71aa3180a9c8c9abf1e45ef91d8c1dac2592948b3fa58a7da1cc3e16bef8c2df,bc_classifier_v1,breast_cancer_wisconsin,classification_breast_cancer,42,unit_6,18,5,2026-09-02T20:45:00Z,1.0.0,8e7fd68470057c99,0.04669108180261838,0.2,0.1,0.2,0.2,0.0635482888643017,,,,,,NORMAL,True,True,True,True,False,False,False,True,False,1,0,1,
db1e818715b07409bb63a390,Module_12_CrossDomain,sklearn.datasets.load_breast_cancer,71aa3180a9c8c9abf1e45ef91d8c1dac2592948b3fa58a7da1cc3e16bef8c2df,bc_classifier_v1,breast_cancer_wisconsin,classification_breast_cancer,42,unit_6,19,1,2026-09-02T20:45:00Z,1.0.0,8e7fd68470057c99,0.1615920709563519,0.2,0.1,0.2,0.2,0.041188930845979854,,,,,,NORMAL,True,True,True,True,False,False,False,True,False,1,0,0,
3d857a560bc81833860d66c1,Module_12_CrossDomain,sklearn.datasets.load_breast_cancer,71aa3180a9c8c9abf1e45ef91d8c1dac2592948b3fa58a7da1cc3e16bef8c2df,bc_classifier_v1,breast_cancer_wisconsin,classification_breast_cancer,42,unit_6,19,2,2026-09-02T20:45:00Z,1.0.0,8e7fd68470057c99,0.1615920709563519,0.2,0.1,0.2,0.2,0.041188930845979854,,,,,,NORMAL,True,True,True,True,False,False,False,True,False,1,0,0,
5dee476616ae5498ba9c6eae,Module_12_CrossDomain,sklearn.datasets.load_breast_cancer,71aa3180a9c8c9abf1e45ef91d8c1dac2592948b3fa58a7da1cc3e16bef8c2df,bc_classifier_v1,breast_cancer_wisconsin,classification_breast_cancer,42,unit_6,19,3,2026-09-02T20:45:00Z,1.0.0,8e7fd68470057c99,0.1615920709563519,0.2,0.1,0.2,0.2,0.041188930845979854,,,,,,NORMAL,True,True,True,True,False,False,False,True,False,1,0,0,
f89d7ac1a475961b884009f6,Module_12_CrossDomain,sklearn.datasets.load_breast_cancer,71aa3180a9c8c9abf1e45ef91d8c1dac2592948b3fa58a7da1cc3e16bef8c2df,bc_classifier_v1,breast_cancer_wisconsin,classification_breast_cancer,42,unit_6,19,5,2026-09-02T20:45:00Z,1.0.0,8e7fd68470057c99,0.1615920709563519,0.2,0.1,0.2,0.2,0.041188930845979854,,,,,,NORMAL,True,True,True,True,False,False,False,True,False,1,0,0,
75a2e6828bf0dc51b75ef53e,Module_12_CrossDomain,sklearn.datasets.load_breast_cancer,71aa3180a9c8c9abf1e45ef91d8c1dac2592948b3fa58a7da1cc3e16bef8c2df,bc_classifier_v1,breast_cancer_wisconsin,classification_breast_cancer,42,unit_7,0,1,2026-09-02T20:45:00Z,1.0.0,8e7fd68470057c99,0.24910504685671486,0.2,0.1,0.2,0.2,0.06204265613712275,,,,,,NORMAL,True,True,True,True,False,False,False,True,False,1,0,0,0.0
50e4d12f5ea41cee087bdbb2,Module_12_CrossDomain,sklearn.datasets.load_breast_cancer,71aa3180a9c8c9abf1e45ef91d8c1dac2592948b3fa58a7da1cc3e16bef8c2df,bc_classifier_v1,breast_cancer_wisconsin,classification_breast_cancer,42,unit_7,0,2,2026-09-02T20:45:00Z,1.0.0,8e7fd68470057c99,0.24910504685671486,0.2,0.1,0.2,0.2,0.06204265613712275,,,,,,NORMAL,True,True,True,True,False,False,False,True,False,1,0,1,0.0
93a602ee4eca242e3de2b3f7,Module_12_CrossDomain,sklearn.datasets.load_breast_cancer,71aa3180a9c8c9abf1e45ef91d8c1dac2592948b3fa58a7da1cc3e16bef8c2df,bc_classifier_v1,breast_cancer_wisconsin,classification_breast_cancer,42,unit_7,0,3,2026-09-02T20:45:00Z,1.0.0,8e7fd68470057c99,0.24910504685671486,0.2,0.1,0.2,0.2,0.06204265613712275,,,,,,NORMAL,True,True,True,True,False,False,False,True,False,1,0,1,0.0
998149b94ccf2dd8e6f35459,Module_12_CrossDomain,sklearn.datasets.load_breast_cancer,71aa3180a9c8c9abf1e45ef91d8c1dac2592948b3fa58a7da1cc3e16bef8c2df,bc_classifier_v1,breast_cancer_wisconsin,classification_breast_cancer,42,unit_7,0,5,2026-09-02T20:45:00Z,1.0.0,8e7fd68470057c99,0.24910504685671486,0.2,0.1,0.2,0.2,0.06204265613712275,,,,,,NORMAL,True,True,True,True,False,False,False,True,False,1,0,1,0.0
a1324ebd7e4477de5c9c9a61,Module_12_CrossDomain,sklearn.datasets.load_breast_cancer,71aa3180a9c8c9abf1e45ef91d8c1dac2592948b3fa58a7da1cc3e16bef8c2df,bc_classifier_v1,breast_cancer_wisconsin,classification_breast_cancer,42,unit_7,1,1,2026-09-02T20:45:00Z,1.0.0,8e7fd68470057c99,0.11252444888719755,0.2,0.1,0.2,0.2,0.044483247611278136,,,,,,NORMAL,True,True,True,True,False,False,False,True,False,1,0,1,
3bbaa193973603baf814cb22,Module_12_CrossDomain,sklearn.datasets.load_breast_cancer,71aa3180a9c8c9abf1e45ef91d8c1dac2592948b3fa58a7da1cc3e16bef8c2df,bc_classifier_v1,breast_cancer_wisconsin,classification_breast_cancer,42,unit_7,1,2,2026-09-02T20:45:00Z,1.0.0,8e7fd68470057c99,0.11252444888719755,0.2,0.1,0.2,0.2,0.044483247611278136,,,,,,NORMAL,True,True,True,True,False,False,False,True,False,1,0,1,
669b9546b4568c8b9dc72522,Module_12_CrossDomain,sklearn.datasets.load_breast_cancer,71aa3180a9c8c9abf1e45ef91d8c1dac2592948b3fa58a7da1cc3e16bef8c2df,bc_classifier_v1,breast_cancer_wisconsin,classification_breast_cancer,42,unit_7,1,3,2026-09-02T20:45:00Z,1.0.0,8e7fd68470057c99,0.11252444888719755,0.2,0.1,0.2,0.2,0.044483247611278136,,,,,,NORMAL,True,True,True,True,False,False,False,True,False,1,0,1,
c0416819bfa02cc4b5b86c73,Module_12_CrossDomain,sklearn.datasets.load_breast_cancer,71aa3180a9c8c9abf1e45ef91d8c1dac2592948b3fa58a7da1cc3e16bef8c2df,bc_classifier_v1,breast_cancer_wisconsin,classification_breast_cancer,42,unit_7,1,5,2026-09-02T20:45:00Z,1.0.0,8e7fd68470057c99,0.11252444888719755,0.2,0.1,0.2,0.2,0.044483247611278136,,,,,,NORMAL,True,True,True,True,False,False,False,True,False,1,0,1,
f05f009a27c1b884bf752b9a,Module_12_CrossDomain,sklearn.datasets.load_breast_cancer,71aa3180a9c8c9abf1e45ef91d8c1dac2592948b3fa58a7da1cc3e16bef8c2df,bc_classifier_v1,breast_cancer_wisconsin,classification_breast_cancer,42,unit_7,2,1,2026-09-02T20:45:00Z,1.0.0,8e7fd68470057c99,0.15307913555748387,0.2,0.1,0.2,0.2,0.04085062511634135,,,,,,NORMAL,True,True,True,True,False,False,False,True,False,1,0,1,
41125e6d407e7264e5d30370,Module_12_CrossDomain,sklearn.datasets.load_breast_cancer,71aa3180a9c8c9abf1e45ef91d8c1dac2592948b3fa58a7da1cc3e16bef8c2df,bc_classifier_v1,breast_cancer_wisconsin,classification_breast_cancer,42,unit_7,2,2,2026-09-02T20:45:00Z,1.0.0,8e7fd68470057c99,0.15307913555748387,0.2,0.1,0.2,0.2,0.04085062511634135,,,,,,NORMAL,True,True,True,True,False,False,False,True,False,1,0,1,
31fe05574fd1d506138becb3,Module_12_CrossDomain,sklearn.datasets.load_breast_cancer,71aa3180a9c8c9abf1e45ef91d8c1dac2592948b3fa58a7da1cc3e16bef8c2df,bc_classifier_v1,breast_cancer_wisconsin,classification_breast_cancer,42,unit_7,2,3,2026-09-02T20:45:00Z,1.0.0,8e7fd68470057c99,0.15307913555748387,0.2,0.1,0.2,0.2,0.04085062511634135,,,,,,NORMAL,True,True,True,True,False,False,False,True,False,1,0,1,
e4530692fd2b3d2b1f51db3d,Module_12_CrossDomain,sklearn.datasets.load_breast_cancer,71aa3180a9c8c9abf1e45ef91d8c1dac2592948b3fa58a7da1cc3e16bef8c2df,bc_classifier_v1,breast_cancer_wisconsin,classification_breast_cancer,42,unit_7,2,5,2026-09-02T20:45:00Z,1.0.0,8e7fd68470057c99,0.15307913555748387,0.2,0.1,0.2,0.2,0.04085062511634135,,,,,,NORMAL,True,True,True,True,False,False,False,True,False,1,0,1,
32f8fde68b02f4a41a36ae55,Module_12_CrossDomain,sklearn.datasets.load_breast_cancer,71aa3180a9c8c9abf1e45ef91d8c1dac2592948b3fa58a7da1cc3e16bef8c2df,bc_classifier_v1,breast_cancer_wisconsin,classification_breast_cancer,42,unit_7,3,1,2026-09-02T20:45:00Z,1.0.0,8e7fd68470057c99,0.06965236864857749,0.2,0.1,0.2,0.2,0.055689100995884276,,,,,,NORMAL,True,True,True,True,False,False,False,True,False,1,0,1,
1b1e63bc81c4781f2da63928,Module_12_CrossDomain,sklearn.datasets.load_breast_cancer,71aa3180a9c8c9abf1e45ef91d8c1dac2592948b3fa58a7da1cc3e16bef8c2df,bc_classifier_v1,breast_cancer_wisconsin,classification_breast_cancer,42,unit_7,3,2,2026-09-02T20:45:00Z,1.0.0,8e7fd68470057c99,0.06965236864857749,0.2,0.1,0.2,0.2,0.055689100995884276,,,,,,NORMAL,True,True,True,True,False,False,False,True,False,1,0,1,
2da9a4901b9a3a9eeb7834a2,Module_12_CrossDomain,sklearn.datasets.load_breast_cancer,71aa3180a9c8c9abf1e45ef91d8c1dac2592948b3fa58a7da1cc3e16bef8c2df,bc_classifier_v1,breast_cancer_wisconsin,classification_breast_cancer,42,unit_7,3,3,2026-09-02T20:45:00Z,1.0.0,8e7fd68470057c99,0.06965236864857749,0.2,0.1,0.2,0.2,0.055689100995884276,,,,,,NORMAL,True,True,True,True,False,False,False,True,False,1,0,1,
8b81102fada4f0aa5b4d0a45,Module_12_CrossDomain,sklearn.datasets.load_breast_cancer,71aa3180a9c8c9abf1e45ef91d8c1dac2592948b3fa58a7da1cc3e16bef8c2df,bc_classifier_v1,breast_cancer_wisconsin,classification_breast_cancer,42,unit_7,3,5,2026-09-02T20:45:00Z,1.0.0,8e7fd68470057c99,0.06965236864857749,0.2,0.1,0.2,0.2,0.055689100995884276,,,,,,NORMAL,True,True,True,True,False,False,False,True,False,1,0,1,
e83ef5d824b679e293e365d9,Module_12_CrossDomain,sklearn.datasets.load_breast_cancer,71aa3180a9c8c9abf1e45ef91d8c1dac2592948b3fa58a7da1cc3e16bef8c2df,bc_classifier_v1,breast_cancer_wisconsin,classification_breast_cancer,42,unit_7,4,1,2026-09-02T20:45:00Z,1.0.0,8e7fd68470057c99,0.19167110936568543,0.2,0.1,0.2,0.2,0.045305092565766245,,,,,,NORMAL,True,True,True,True,False,False,False,True,False,1,0,1,
b0119602441491c9bebb7666,Module_12_CrossDomain,sklearn.datasets.load_breast_cancer,71aa3180a9c8c9abf1e45ef91d8c1dac2592948b3fa58a7da1cc3e16bef8c2df,bc_classifier_v1,breast_cancer_wisconsin,classification_breast_cancer,42,unit_7,4,2,2026-09-02T20:45:00Z,1.0.0,8e7fd68470057c99,0.19167110936568543,0.2,0.1,0.2,0.2,0.045305092565766245,,,,,,NORMAL,True,True,True,True,False,False,False,True,False,1,0,1,
70ea792e371d4d04ec1b52d3,Module_12_CrossDomain,sklearn.datasets.load_breast_cancer,71aa3180a9c8c9abf1e45ef91d8c1dac2592948b3fa58a7da1cc3e16bef8c2df,bc_classifier_v1,breast_cancer_wisconsin,classification_breast_cancer,42,unit_7,4,3,2026-09-02T20:45:00Z,1.0.0,8e7fd68470057c99,0.19167110936568543,0.2,0.1,0.2,0.2,0.045305092565766245,,,,,,NORMAL,True,True,True,True,False,False,False,True,False,1,0,1,
030b581bda26de0e4ebba252,Module_12_CrossDomain,sklearn.datasets.load_breast_cancer,71aa3180a9c8c9abf1e45ef91d8c1dac2592948b3fa58a7da1cc3e16bef8c2df,bc_classifier_v1,breast_cancer_wisconsin,classification_breast_cancer,42,unit_7,4,5,2026-09-02T20:45:00Z,1.0.0,8e7fd68470057c99,0.19167110936568543,0.2,0.1,0.2,0.2,0.045305092565766245,,,,,,NORMAL,True,True,True,True,False,False,False,True,False,1,0,1,
d41d29af5c6e372979e0b9f5,Module_12_CrossDomain,sklearn.datasets.load_breast_cancer,71aa3180a9c8c9abf1e45ef91d8c1dac2592948b3fa58a7da1cc3e16bef8c2df,bc_classifier_v1,breast_cancer_wisconsin,classification_breast_cancer,42,unit_7,5,1,2026-09-02T20:45:00Z,1.0.0,8e7fd68470057c99,0.12640527130769746,0.2,0.1,0.2,0.2,0.04231288540822567,,,,,,NORMAL,True,True,True,True,False,False,False,True,False,1,0,0,
96c89329a3cf9e8d7a0d5721,Module_12_CrossDomain,sklearn.datasets.load_breast_cancer,71aa3180a9c8c9abf1e45ef91d8c1dac2592948b3fa58a7da1cc3e16bef8c2df,bc_classifier_v1,breast_cancer_wisconsin,classification_breast_cancer,42,unit_7,5,2,2026-09-02T20:45:00Z,1.0.0,8e7fd68470057c99,0.12640527130769746,0.2,0.1,0.2,0.2,0.04231288540822567,,,,,,NORMAL,True,True,True,True,False,False,False,True,False,1,0,1,
ea86087eed33727c2d3743cd,Module_12_CrossDomain,sklearn.datasets.load_breast_cancer,71aa3180a9c8c9abf1e45ef91d8c1dac2592948b3fa58a7da1cc3e16bef8c2df,bc_classifier_v1,breast_cancer_wisconsin,classification_breast_cancer,42,unit_7,5,3,2026-09-02T20:45:00Z,1.0.0,8e7fd68470057c99,0.12640527130769746,0.2,0.1,0.2,0.2,0.04231288540822567,,,,,,NORMAL,True,True,True,True,False,False,False,True,False,1,0,1,
df59e85f36b429945f51bfd0,Module_12_CrossDomain,sklearn.datasets.load_breast_cancer,71aa3180a9c8c9abf1e45ef91d8c1dac2592948b3fa58a7da1cc3e16bef8c2df,bc_classifier_v1,breast_cancer_wisconsin,classification_breast_cancer,42,unit_7,5,5,2026-09-02T20:45:00Z,1.0.0,8e7fd68470057c99,0.12640527130769746,0.2,0.1,0.2,0.2,0.04231288540822567,,,,,,NORMAL,True,True,True,True,False,False,False,True,False,1,0,1,
bf55a693fbe2042edb64720e,Module_12_CrossDomain,sklearn.datasets.load_breast_cancer,71aa3180a9c8c9abf1e45ef91d8c1dac2592948b3fa58a7da1cc3e16bef8c2df,bc_classifier_v1,breast_cancer_wisconsin,classification_breast_cancer,42,unit_7,6,1,2026-09-02T20:45:00Z,1.0.0,8e7fd68470057c99,0.13208056157360942,0.2,0.1,0.2,0.2,0.0416896104123936,,,,,,NORMAL,True,True,True,True,False,False,False,True,False,1,0,1,
2d2cebc990395b3aaf379fc5,Module_12_CrossDomain,sklearn.datasets.load_breast_cancer,71aa3180a9c8c9abf1e45ef91d8c1dac2592948b3fa58a7da1cc3e16bef8c2df,bc_classifier_v1,breast_cancer_wisconsin,classification_breast_cancer,42,unit_7,6,2,2026-09-02T20:45:00Z,1.0.0,8e7fd68470057c99,0.13208056157360942,0.2,0.1,0.2,0.2,0.0416896104123936,,,,,,NORMAL,True,True,True,True,False,False,False,True,False,1,0,1,
36accedea042d58273a8f922,Module_12_CrossDomain,sklearn.datasets.load_breast_cancer,71aa3180a9c8c9abf1e45ef91d8c1dac2592948b3fa58a7da1cc3e16bef8c2df,bc_classifier_v1,breast_cancer_wisconsin,classification_breast_cancer,42,unit_7,6,3,2026-09-02T20:45:00Z,1.0.0,8e7fd68470057c99,0.13208056157360942,0.2,0.1,0.2,0.2,0.0416896104123936,,,,,,NORMAL,True,True,True,True,False,False,False,True,False,1,0,1,
cdc648e0b93b5febf2a5297b,Module_12_CrossDomain,sklearn.datasets.load_breast_cancer,71aa3180a9c8c9abf1e45ef91d8c1dac2592948b3fa58a7da1cc3e16bef8c2df,bc_classifier_v1,breast_cancer_wisconsin,classification_breast_cancer,42,unit_7,6,5,2026-09-02T20:45:00Z,1.0.0,8e7fd68470057c99,0.13208056157360942,0.2,0.1,0.2,0.2,0.0416896104123936,,,,,,NORMAL,True,True,True,True,False,False,False,True,False,1,0,1,
0decc1ed7615cb3bad384246,Module_12_CrossDomain,sklearn.datasets.load_breast_cancer,71aa3180a9c8c9abf1e45ef91d8c1dac2592948b3fa58a7da1cc3e16bef8c2df,bc_classifier_v1,breast_cancer_wisconsin,classification_breast_cancer,42,unit_7,7,1,2026-09-02T20:45:00Z,1.0.0,8e7fd68470057c99,0.04669108180261838,0.2,0.1,0.2,0.2,0.0635482888643017,,,,,,NORMAL,True,True,True,True,False,False,False,True,False,1,0,1,
45c65d899a069a3b9ad21f71,Module_12_CrossDomain,sklearn.datasets.load_breast_cancer,71aa3180a9c8c9abf1e45ef91d8c1dac2592948b3fa58a7da1cc3e16bef8c2df,bc_classifier_v1,breast_cancer_wisconsin,classification_breast_cancer,42,unit_7,7,2,2026-09-02T20:45:00Z,1.0.0,8e7fd68470057c99,0.04669108180261838,0.2,0.1,0.2,0.2,0.0635482888643017,,,,,,NORMAL,True,True,True,True,False,False,False,True,False,1,0,1,
0e29f1d0055ada42bbc8695a,Module_12_CrossDomain,sklearn.datasets.load_breast_cancer,71aa3180a9c8c9abf1e45ef91d8c1dac2592948b3fa58a7da1cc3e16bef8c2df,bc_classifier_v1,breast_cancer_wisconsin,classification_breast_cancer,42,unit_7,7,3,2026-09-02T20:45:00Z,1.0.0,8e7fd68470057c99,0.04669108180261838,0.2,0.1,0.2,0.2,0.0635482888643017,,,,,,NORMAL,True,True,True,True,False,False,False,True,False,1,0,1,
6d23c3b804f2fd1e32bcb183,Module_12_CrossDomain,sklearn.datasets.load_breast_cancer,71aa3180a9c8c9abf1e45ef91d8c1dac2592948b3fa58a7da1cc3e16bef8c2df,bc_classifier_v1,breast_cancer_wisconsin,classification_breast_cancer,42,unit_7,7,5,2026-09-02T20:45:00Z,1.0.0,8e7fd68470057c99,0.04669108180261838,0.2,0.1,0.2,0.2,0.0635482888643017,,,,,,NORMAL,True,True,True,True,False,False,False,True,False,1,0,1,
eb126f9710eba6d2d6684329,Module_12_CrossDomain,sklearn.datasets.load_breast_cancer,71aa3180a9c8c9abf1e45ef91d8c1dac2592948b3fa58a7da1cc3e16bef8c2df,bc_classifier_v1,breast_cancer_wisconsin,classification_breast_cancer,42,unit_7,8,1,2026-09-02T20:45:00Z,1.0.0,8e7fd68470057c99,0.017747101446467208,0.2,0.1,0.2,0.2,0.07452192693848352,,,,,,NORMAL,True,True,True,True,False,False,False,True,False,1,0,1,
9194c343e30af4d49b3975bd,Module_12_CrossDomain,sklearn.datasets.load_breast_cancer,71aa3180a9c8c9abf1e45ef91d8c1dac2592948b3fa58a7da1cc3e16bef8c2df,bc_classifier_v1,breast_cancer_wisconsin,classification_breast_cancer,42,unit_7,8,2,2026-09-02T20:45:00Z,1.0.0,8e7fd68470057c99,0.017747101446467208,0.2,0.1,0.2,0.2,0.07452192693848352,,,,,,NORMAL,True,True,True,True,False,False,False,True,False,1,0,1,
7f20426a1a495378cf90f565,Module_12_CrossDomain,sklearn.datasets.load_breast_cancer,71aa3180a9c8c9abf1e45ef91d8c1dac2592948b3fa58a7da1cc3e16bef8c2df,bc_classifier_v1,breast_cancer_wisconsin,classification_breast_cancer,42,unit_7,8,3,2026-09-02T20:45:00Z,1.0.0,8e7fd68470057c99,0.017747101446467208,0.2,0.1,0.2,0.2,0.07452192693848352,,,,,,NORMAL,True,True,True,True,False,False,False,True,False,1,0,1,
c083e14fe9bd360b57bb80a5,Module_12_CrossDomain,sklearn.datasets.load_breast_cancer,71aa3180a9c8c9abf1e45ef91d8c1dac2592948b3fa58a7da1cc3e16bef8c2df,bc_classifier_v1,breast_cancer_wisconsin,classification_breast_cancer,42,unit_7,8,5,2026-09-02T20:45:00Z,1.0.0,8e7fd68470057c99,0.017747101446467208,0.2,0.1,0.2,0.2,0.07452192693848352,,,,,,NORMAL,True,True,True,True,False,False,False,True,False,1,0,1,
06da4ebf32d94c474598e801,Module_12_CrossDomain,sklearn.datasets.load_breast_cancer,71aa3180a9c8c9abf1e45ef91d8c1dac2592948b3fa58a7da1cc3e16bef8c2df,bc_classifier_v1,breast_cancer_wisconsin,classification_breast_cancer,42,unit_7,9,1,2026-09-02T20:45:00Z,1.0.0,8e7fd68470057c99,0.021979930414916724,0.2,0.1,0.2,0.2,0.0728608082679564,,,,,,NORMAL,True,True,True,True,False,False,False,True,False,1,0,1,
26df02677920b7e0a1a7f268,Module_12_CrossDomain,sklearn.datasets.load_breast_cancer,71aa3180a9c8c9abf1e45ef91d8c1dac2592948b3fa58a7da1cc3e16bef8c2df,bc_classifier_v1,breast_cancer_wisconsin,classification_breast_cancer,42,unit_7,9,2,2026-09-02T20:45:00Z,1.0.0,8e7fd68470057c99,0.021979930414916724,0.2,0.1,0.2,0.2,0.0728608082679564,,,,,,NORMAL,True,True,True,True,False,False,False,True,False,1,0,1,
2b3ba6c25f303e02ffb8c390,Module_12_CrossDomain,sklearn.datasets.load_breast_cancer,71aa3180a9c8c9abf1e45ef91d8c1dac2592948b3fa58a7da1cc3e16bef8c2df,bc_classifier_v1,breast_cancer_wisconsin,classification_breast_cancer,42,unit_7,9,3,2026-09-02T20:45:00Z,1.0.0,8e7fd68470057c99,0.021979930414916724,0.2,0.1,0.2,0.2,0.0728608082679564,,,,,,NORMAL,True,True,True,True,False,False,False,True,False,1,0,1,
ead61025085f6d7d20b5188a,Module_12_CrossDomain,sklearn.datasets.load_breast_cancer,71aa3180a9c8c9abf1e45ef91d8c1dac2592948b3fa58a7da1cc3e16bef8c2df,bc_classifier_v1,breast_cancer_wisconsin,classification_breast_cancer,42,unit_7,9,5,2026-09-02T20:45:00Z,1.0.0,8e7fd68470057c99,0.021979930414916724,0.2,0.1,0.2,0.2,0.0728608082679564,,,,,,NORMAL,True,True,True,True,False,False,False,True,False,1,0,1,
02937741017df148426c8c4d,Module_12_CrossDomain,sklearn.datasets.load_breast_cancer,71aa3180a9c8c9abf1e45ef91d8c1dac2592948b3fa58a7da1cc3e16bef8c2df,bc_classifier_v1,breast_cancer_wisconsin,classification_breast_cancer,42,unit_7,10,1,2026-09-02T20:45:00Z,1.0.0,8e7fd68470057c99,0.0639770783826655,0.2,0.1,0.2,0.2,0.057542145025445045,,,,,,NORMAL,True,True,True,True,False,False,False,True,False,1,0,1,
a2b950c4ad3b4d26b5b452d3,Module_12_CrossDomain,sklearn.datasets.load_breast_cancer,71aa3180a9c8c9abf1e45ef91d8c1dac2592948b3fa58a7da1cc3e16bef8c2df,bc_classifier_v1,breast_cancer_wisconsin,classification_breast_cancer,42,unit_7,10,2,2026-09-02T20:45:00Z,1.0.0,8e7fd68470057c99,0.0639770783826655,0.2,0.1,0.2,0.2,0.057542145025445045,,,,,,NORMAL,True,True,True,True,False,False,False,True,False,1,0,1,
34afdacb0510e0dc442436b7,Module_12_CrossDomain,sklearn.datasets.load_breast_cancer,71aa3180a9c8c9abf1e45ef91d8c1dac2592948b3fa58a7da1cc3e16bef8c2df,bc_classifier_v1,breast_cancer_wisconsin,classification_breast_cancer,42,unit_7,10,3,2026-09-02T20:45:00Z,1.0.0,8e7fd68470057c99,0.0639770783826655,0.2,0.1,0.2,0.2,0.057542145025445045,,,,,,NORMAL,True,True,True,True,False,False,False,True,False,1,0,1,
033b26472f3341dd58c07a06,Module_12_CrossDomain,sklearn.datasets.load_breast_cancer,71aa3180a9c8c9abf1e45ef91d8c1dac2592948b3fa58a7da1cc3e16bef8c2df,bc_classifier_v1,breast_cancer_wisconsin,classification_breast_cancer,42,unit_7,10,5,2026-09-02T20:45:00Z,1.0.0,8e7fd68470057c99,0.0639770783826655,0.2,0.1,0.2,0.2,0.057542145025445045,,,,,,NORMAL,True,True,True,True,False,False,False,True,False,1,0,1,
4d293d94dc95981e33ef4c84,Module_12_CrossDomain,sklearn.datasets.load_breast_cancer,71aa3180a9c8c9abf1e45ef91d8c1dac2592948b3fa58a7da1cc3e16bef8c2df,bc_classifier_v1,breast_cancer_wisconsin,classification_breast_cancer,42,unit_7,11,1,2026-09-02T20:45:00Z,1.0.0,8e7fd68470057c99,0.3353127059959181,0.2,0.1,0.2,0.2,0.09642590592842613,,,,,,NORMAL,True,True,True,True,False,False,False,True,False,1,0,1,
acfc0237b797b92f7c615b6e,Module_12_CrossDomain,sklearn.datasets.load_breast_cancer,71aa3180a9c8c9abf1e45ef91d8c1dac2592948b3fa58a7da1cc3e16bef8c2df,bc_classifier_v1,breast_cancer_wisconsin,classification_breast_cancer,42,unit_7,11,2,2026-09-02T20:45:00Z,1.0.0,8e7fd68470057c99,0.3353127059959181,0.2,0.1,0.2,0.2,0.09642590592842613,,,,,,NORMAL,True,True,True,True,False,False,False,True,False,1,0,1,
80b2f241bb6a05d0fe977868,Module_12_CrossDomain,sklearn.datasets.load_breast_cancer,71aa3180a9c8c9abf1e45ef91d8c1dac2592948b3fa58a7da1cc3e16bef8c2df,bc_classifier_v1,breast_cancer_wisconsin,classification_breast_cancer,42,unit_7,11,3,2026-09-02T20:45:00Z,1.0.0,8e7fd68470057c99,0.3353127059959181,0.2,0.1,0.2,0.2,0.09642590592842613,,,,,,NORMAL,True,True,True,True,False,False,False,True,False,1,0,1,
2a9d922887a856de795e0f2f,Module_12_CrossDomain,sklearn.datasets.load_breast_cancer,71aa3180a9c8c9abf1e45ef91d8c1dac2592948b3fa58a7da1cc3e16bef8c2df,bc_classifier_v1,breast_cancer_wisconsin,classification_breast_cancer,42,unit_7,11,5,2026-09-02T20:45:00Z,1.0.0,8e7fd68470057c99,0.3353127059959181,0.2,0.1,0.2,0.2,0.09642590592842613,,,,,,NORMAL,True,True,True,True,False,False,False,True,False,1,0,1,
44b203db406c885b937731b0,Module_12_CrossDomain,sklearn.datasets.load_breast_cancer,71aa3180a9c8c9abf1e45ef91d8c1dac2592948b3fa58a7da1cc3e16bef8c2df,bc_classifier_v1,breast_cancer_wisconsin,classification_breast_cancer,42,unit_7,12,1,2026-09-02T20:45:00Z,1.0.0,8e7fd68470057c99,0.2495023171753287,0.2,0.1,0.2,0.2,0.06218379768121045,,,,,,NORMAL,True,True,True,True,False,False,False,True,False,1,0,1,
21a16029a7a9988b408fa2ec,Module_12_CrossDomain,sklearn.datasets.load_breast_cancer,71aa3180a9c8c9abf1e45ef91d8c1dac2592948b3fa58a7da1cc3e16bef8c2df,bc_classifier_v1,breast_cancer_wisconsin,classification_breast_cancer,42,unit_7,12,2,2026-09-02T20:45:00Z,1.0.0,8e7fd68470057c99,0.2495023171753287,0.2,0.1,0.2,0.2,0.06218379768121045,,,,,,NORMAL,True,True,True,True,False,False,False,True,False,1,0,1,
e478f45f0d8dd9f20265ecef,Module_12_CrossDomain,sklearn.datasets.load_breast_cancer,71aa3180a9c8c9abf1e45ef91d8c1dac2592948b3fa58a7da1cc3e16bef8c2df,bc_classifier_v1,breast_cancer_wisconsin,classification_breast_cancer,42,unit_7,12,3,2026-09-02T20:45:00Z,1.0.0,8e7fd68470057c99,0.2495023171753287,0.2,0.1,0.2,0.2,0.06218379768121045,,,,,,NORMAL,True,True,True,True,False,False,False,True,False,1,0,1,
a6f0aa1a6701272d018b29ee,Module_12_CrossDomain,sklearn.datasets.load_breast_cancer,71aa3180a9c8c9abf1e45ef91d8c1dac2592948b3fa58a7da1cc3e16bef8c2df,bc_classifier_v1,breast_cancer_wisconsin,classification_breast_cancer,42,unit_7,12,5,2026-09-02T20:45:00Z,1.0.0,8e7fd68470057c99,0.2495023171753287,0.2,0.1,0.2,0.2,0.06218379768121045,,,,,,NORMAL,True,True,True,True,False,False,False,True,False,1,0,1,
ef0959d1eec9ca0d7148ef48,Module_12_CrossDomain,sklearn.datasets.load_breast_cancer,71aa3180a9c8c9abf1e45ef91d8c1dac2592948b3fa58a7da1cc3e16bef8c2df,bc_classifier_v1,breast_cancer_wisconsin,classification_breast_cancer,42,unit_7,13,1,2026-09-02T20:45:00Z,1.0.0,8e7fd68470057c99,0.16896994830203743,0.2,0.1,0.2,0.2,0.04179276635597221,,,,,,NORMAL,True,True,True,True,False,False,False,True,False,1,0,1,
4493b42a119d07977fbf4cb0,Module_12_CrossDomain,sklearn.datasets.load_breast_cancer,71aa3180a9c8c9abf1e45ef91d8c1dac2592948b3fa58a7da1cc3e16bef8c2df,bc_classifier_v1,breast_cancer_wisconsin,classification_breast_cancer,42,unit_7,13,2,2026-09-02T20:45:00Z,1.0.0,8e7fd68470057c99,0.16896994830203743,0.2,0.1,0.2,0.2,0.04179276635597221,,,,,,NORMAL,True,True,True,True,False,False,False,True,False,1,0,1,
be47ae9e21a0ff5f7a9d12d6,Module_12_CrossDomain,sklearn.datasets.load_breast_cancer,71aa3180a9c8c9abf1e45ef91d8c1dac2592948b3fa58a7da1cc3e16bef8c2df,bc_classifier_v1,breast_cancer_wisconsin,classification_breast_cancer,42,unit_7,13,3,2026-09-02T20:45:00Z,1.0.0,8e7fd68470057c99,0.16896994830203743,0.2,0.1,0.2,0.2,0.04179276635597221,,,,,,NORMAL,True,True,True,True,False,False,False,True,False,1,0,1,
d8fcf63b60fd67b1c814c02b,Module_12_CrossDomain,sklearn.datasets.load_breast_cancer,71aa3180a9c8c9abf1e45ef91d8c1dac2592948b3fa58a7da1cc3e16bef8c2df,bc_classifier_v1,breast_cancer_wisconsin,classification_breast_cancer,42,unit_7,13,5,2026-09-02T20:45:00Z,1.0.0,8e7fd68470057c99,0.16896994830203743,0.2,0.1,0.2,0.2,0.04179276635597221,,,,,,NORMAL,True,True,True,True,False,False,False,True,False,1,0,1,
51c1fdc81b6ad4d118f1f9bf,Module_12_CrossDomain,sklearn.datasets.load_breast_cancer,71aa3180a9c8c9abf1e45ef91d8c1dac2592948b3fa58a7da1cc3e16bef8c2df,bc_classifier_v1,breast_cancer_wisconsin,classification_breast_cancer,42,unit_7,14,1,2026-09-02T20:45:00Z,1.0.0,8e7fd68470057c99,0.055464142983797496,0.2,0.1,0.2,0.2,0.060437347286789275,,,,,,NORMAL,True,True,True,True,False,False,False,True,False,1,0,1,
9eb651ae1397eb4389c5baab,Module_12_CrossDomain,sklearn.datasets.load_breast_cancer,71aa3180a9c8c9abf1e45ef91d8c1dac2592948b3fa58a7da1cc3e16bef8c2df,bc_classifier_v1,breast_cancer_wisconsin,classification_breast_cancer,42,unit_7,14,2,2026-09-02T20:45:00Z,1.0.0,8e7fd68470057c99,0.055464142983797496,0.2,0.1,0.2,0.2,0.060437347286789275,,,,,,NORMAL,True,True,True,True,False,False,False,True,False,1,0,1,
d97dc9b7115e90ef6a3170fa,Module_12_CrossDomain,sklearn.datasets.load_breast_cancer,71aa3180a9c8c9abf1e45ef91d8c1dac2592948b3fa58a7da1cc3e16bef8c2df,bc_classifier_v1,breast_cancer_wisconsin,classification_breast_cancer,42,unit_7,14,3,2026-09-02T20:45:00Z,1.0.0,8e7fd68470057c99,0.055464142983797496,0.2,0.1,0.2,0.2,0.060437347286789275,,,,,,NORMAL,True,True,True,True,False,False,False,True,False,1,0,1,
e5272056ad9eaab7da6758c5,Module_12_CrossDomain,sklearn.datasets.load_breast_cancer,71aa3180a9c8c9abf1e45ef91d8c1dac2592948b3fa58a7da1cc3e16bef8c2df,bc_classifier_v1,breast_cancer_wisconsin,classification_breast_cancer,42,unit_7,14,5,2026-09-02T20:45:00Z,1.0.0,8e7fd68470057c99,0.055464142983797496,0.2,0.1,0.2,0.2,0.060437347286789275,,,,,,NORMAL,True,True,True,True,False,False,False,True,False,1,0,1,
5f1ee5aa67ffc741b8674f5b,Module_12_CrossDomain,sklearn.datasets.load_breast_cancer,71aa3180a9c8c9abf1e45ef91d8c1dac2592948b3fa58a7da1cc3e16bef8c2df,bc_classifier_v1,breast_cancer_wisconsin,classification_breast_cancer,42,unit_7,15,1,2026-09-02T20:45:00Z,1.0.0,8e7fd68470057c99,0.10654175537700547,0.2,0.1,0.2,0.2,0.04567668752757322,,,,,,NORMAL,True,True,True,True,False,False,False,True,False,1,0,0,
239800d5664da5b0e54dc73b,Module_12_CrossDomain,sklearn.datasets.load_breast_cancer,71aa3180a9c8c9abf1e45ef91d8c1dac2592948b3fa58a7da1cc3e16bef8c2df,bc_classifier_v1,breast_cancer_wisconsin,classification_breast_cancer,42,unit_7,15,2,2026-09-02T20:45:00Z,1.0.0,8e7fd68470057c99,0.10654175537700547,0.2,0.1,0.2,0.2,0.04567668752757322,,,,,,NORMAL,True,True,True,True,False,False,False,True,False,1,0,1,
d0f63c929bde78eba0b494e0,Module_12_CrossDomain,sklearn.datasets.load_breast_cancer,71aa3180a9c8c9abf1e45ef91d8c1dac2592948b3fa58a7da1cc3e16bef8c2df,bc_classifier_v1,breast_cancer_wisconsin,classification_breast_cancer,42,unit_7,15,3,2026-09-02T20:45:00Z,1.0.0,8e7fd68470057c99,0.10654175537700547,0.2,0.1,0.2,0.2,0.04567668752757322,,,,,,NORMAL,True,True,True,True,False,False,False,True,False,1,0,1,
cde4abe396f18deb11691fe7,Module_12_CrossDomain,sklearn.datasets.load_breast_cancer,71aa3180a9c8c9abf1e45ef91d8c1dac2592948b3fa58a7da1cc3e16bef8c2df,bc_classifier_v1,breast_cancer_wisconsin,classification_breast_cancer,42,unit_7,15,5,2026-09-02T20:45:00Z,1.0.0,8e7fd68470057c99,0.10654175537700547,0.2,0.1,0.2,0.2,0.04567668752757322,,,,,,NORMAL,True,True,True,True,False,False,False,True,False,1,0,1,
011a2cfe2c741287c790f228,Module_12_CrossDomain,sklearn.datasets.load_breast_cancer,71aa3180a9c8c9abf1e45ef91d8c1dac2592948b3fa58a7da1cc3e16bef8c2df,bc_classifier_v1,breast_cancer_wisconsin,classification_breast_cancer,42,unit_7,16,1,2026-09-02T20:45:00Z,1.0.0,8e7fd68470057c99,0.20162650606201588,0.2,0.1,0.2,0.2,0.04752846194807057,,,,,,NORMAL,True,True,True,True,False,False,False,True,False,1,0,1,
c64c73c74d314422be42afef,Module_12_CrossDomain,sklearn.datasets.load_breast_cancer,71aa3180a9c8c9abf1e45ef91d8c1dac2592948b3fa58a7da1cc3e16bef8c2df,bc_classifier_v1,breast_cancer_wisconsin,classification_breast_cancer,42,unit_7,16,2,2026-09-02T20:45:00Z,1.0.0,8e7fd68470057c99,0.20162650606201588,0.2,0.1,0.2,0.2,0.04752846194807057,,,,,,NORMAL,True,True,True,True,False,False,False,True,False,1,0,1,
6a6d2afc3885bb8cc7ffd2f4,Module_12_CrossDomain,sklearn.datasets.load_breast_cancer,71aa3180a9c8c9abf1e45ef91d8c1dac2592948b3fa58a7da1cc3e16bef8c2df,bc_classifier_v1,breast_cancer_wisconsin,classification_breast_cancer,42,unit_7,16,3,2026-09-02T20:45:00Z,1.0.0,8e7fd68470057c99,0.20162650606201588,0.2,0.1,0.2,0.2,0.04752846194807057,,,,,,NORMAL,True,True,True,True,False,False,False,True,False,1,0,1,
92d27170a582215d3e8503cb,Module_12_CrossDomain,sklearn.datasets.load_breast_cancer,71aa3180a9c8c9abf1e45ef91d8c1dac2592948b3fa58a7da1cc3e16bef8c2df,bc_classifier_v1,breast_cancer_wisconsin,classification_breast_cancer,42,unit_7,16,5,2026-09-02T20:45:00Z,1.0.0,8e7fd68470057c99,0.20162650606201588,0.2,0.1,0.2,0.2,0.04752846194807057,,,,,,NORMAL,True,True,True,True,False,False,False,True,False,1,0,1,
f0f421c18b5e8101fcaad84e,Module_12_CrossDomain,sklearn.datasets.load_breast_cancer,71aa3180a9c8c9abf1e45ef91d8c1dac2592948b3fa58a7da1cc3e16bef8c2df,bc_classifier_v1,breast_cancer_wisconsin,classification_breast_cancer,42,unit_7,17,1,2026-09-02T20:45:00Z,1.0.0,8e7fd68470057c99,0.15395406782835513,0.2,0.1,0.2,0.2,0.0408673590272814,,,,,,NORMAL,True,True,True,True,False,False,False,True,False,1,0,1,
3b96f34ba6734c0222fea801,Module_12_CrossDomain,sklearn.datasets.load_breast_cancer,71aa3180a9c8c9abf1e45ef91d8c1dac2592948b3fa58a7da1cc3e16bef8c2df,bc_classifier_v1,breast_cancer_wisconsin,classification_breast_cancer,42,unit_7,17,2,2026-09-02T20:45:00Z,1.0.0,8e7fd68470057c99,0.15395406782835513,0.2,0.1,0.2,0.2,0.0408673590272814,,,,,,NORMAL,True,True,True,True,False,False,False,True,False,1,0,1,
11dab435b44a840310d10b99,Module_12_CrossDomain,sklearn.datasets.load_breast_cancer,71aa3180a9c8c9abf1e45ef91d8c1dac2592948b3fa58a7da1cc3e16bef8c2df,bc_classifier_v1,breast_cancer_wisconsin,classification_breast_cancer,42,unit_7,17,3,2026-09-02T20:45:00Z,1.0.0,8e7fd68470057c99,0.15395406782835513,0.2,0.1,0.2,0.2,0.0408673590272814,,,,,,NORMAL,True,True,True,True,False,False,False,True,False,1,0,1,
a2b0d6335e17a2c278f3b0f3,Module_12_CrossDomain,sklearn.datasets.load_breast_cancer,71aa3180a9c8c9abf1e45ef91d8c1dac2592948b3fa58a7da1cc3e16bef8c2df,bc_classifier_v1,breast_cancer_wisconsin,classification_breast_cancer,42,unit_7,17,5,2026-09-02T20:45:00Z,1.0.0,8e7fd68470057c99,0.15395406782835513,0.2,0.1,0.2,0.2,0.0408673590272814,,,,,,NORMAL,True,True,True,True,False,False,False,True,False,1,0,1,
4fdd094303b844c7a4998fb7,Module_12_CrossDomain,sklearn.datasets.load_breast_cancer,71aa3180a9c8c9abf1e45ef91d8c1dac2592948b3fa58a7da1cc3e16bef8c2df,bc_classifier_v1,breast_cancer_wisconsin,classification_breast_cancer,42,unit_7,18,1,2026-09-02T20:45:00Z,1.0.0,8e7fd68470057c99,0.11732480688223826,0.2,0.1,0.2,0.2,0.043634003675225144,,,,,,NORMAL,True,True,True,True,False,False,False,True,False,1,0,1,
d6bfde489a58db39e9735e44,Module_12_CrossDomain,sklearn.datasets.load_breast_cancer,71aa3180a9c8c9abf1e45ef91d8c1dac2592948b3fa58a7da1cc3e16bef8c2df,bc_classifier_v1,breast_cancer_wisconsin,classification_breast_cancer,42,unit_7,18,2,2026-09-02T20:45:00Z,1.0.0,8e7fd68470057c99,0.11732480688223826,0.2,0.1,0.2,0.2,0.043634003675225144,,,,,,NORMAL,True,True,True,True,False,False,False,True,False,1,0,1,
2c08a42a135809525e7fac1a,Module_12_CrossDomain,sklearn.datasets.load_breast_cancer,71aa3180a9c8c9abf1e45ef91d8c1dac2592948b3fa58a7da1cc3e16bef8c2df,bc_classifier_v1,breast_cancer_wisconsin,classification_breast_cancer,42,unit_7,18,3,2026-09-02T20:45:00Z,1.0.0,8e7fd68470057c99,0.11732480688223826,0.2,0.1,0.2,0.2,0.043634003675225144,,,,,,NORMAL,True,True,True,True,False,False,False,True,False,1,0,1,
610185fbe710713973b0f03f,Module_12_CrossDomain,sklearn.datasets.load_breast_cancer,71aa3180a9c8c9abf1e45ef91d8c1dac2592948b3fa58a7da1cc3e16bef8c2df,bc_classifier_v1,breast_cancer_wisconsin,classification_breast_cancer,42,unit_7,18,5,2026-09-02T20:45:00Z,1.0.0,8e7fd68470057c99,0.11732480688223826,0.2,0.1,0.2,0.2,0.043634003675225144,,,,,,NORMAL,True,True,True,True,False,False,False,True,False,1,0,1,
9858f59bc2c651a5bf14c74c,Module_12_CrossDomain,sklearn.datasets.load_breast_cancer,71aa3180a9c8c9abf1e45ef91d8c1dac2592948b3fa58a7da1cc3e16bef8c2df,bc_classifier_v1,breast_cancer_wisconsin,classification_breast_cancer,42,unit_7,19,1,2026-09-02T20:45:00Z,1.0.0,8e7fd68470057c99,0.1831581739668174,0.2,0.1,0.2,0.2,0.04371489575982013,,,,,,NORMAL,True,True,True,True,False,False,False,True,False,1,0,0,
51d495e2ce6f110f590b8942,Module_12_CrossDomain,sklearn.datasets.load_breast_cancer,71aa3180a9c8c9abf1e45ef91d8c1dac2592948b3fa58a7da1cc3e16bef8c2df,bc_classifier_v1,breast_cancer_wisconsin,classification_breast_cancer,42,unit_7,19,2,2026-09-02T20:45:00Z,1.0.0,8e7fd68470057c99,0.1831581739668174,0.2,0.1,0.2,0.2,0.04371489575982013,,,,,,NORMAL,True,True,True,True,False,False,False,True,False,1,0,0,
0896a565066502b3b0adcf71,Module_12_CrossDomain,sklearn.datasets.load_breast_cancer,71aa3180a9c8c9abf1e45ef91d8c1dac2592948b3fa58a7da1cc3e16bef8c2df,bc_classifier_v1,breast_cancer_wisconsin,classification_breast_cancer,42,unit_7,19,3,2026-09-02T20:45:00Z,1.0.0,8e7fd68470057c99,0.1831581739668174,0.2,0.1,0.2,0.2,0.04371489575982013,,,,,,NORMAL,True,True,True,True,False,False,False,True,False,1,0,0,
9ea11264035517ade7102e3c,Module_12_CrossDomain,sklearn.datasets.load_breast_cancer,71aa3180a9c8c9abf1e45ef91d8c1dac2592948b3fa58a7da1cc3e16bef8c2df,bc_classifier_v1,breast_cancer_wisconsin,classification_breast_cancer,42,unit_7,19,5,2026-09-02T20:45:00Z,1.0.0,8e7fd68470057c99,0.1831581739668174,0.2,0.1,0.2,0.2,0.04371489575982013,,,,,,NORMAL,True,True,True,True,False,False,False,True,False,1,0,0,
7a13157e38636af4e17c3d48,Module_12_CrossDomain,sklearn.datasets.load_breast_cancer,71aa3180a9c8c9abf1e45ef91d8c1dac2592948b3fa58a7da1cc3e16bef8c2df,bc_classifier_v1,breast_cancer_wisconsin,classification_breast_cancer,42,unit_8,0,1,2026-09-02T20:45:00Z,1.0.0,8e7fd68470057c99,0.13491820670656546,0.2,0.1,0.2,0.2,0.041439274148903416,,,,,,NORMAL,True,True,True,True,False,False,False,True,False,1,0,0,0.0
da4de4953e00ff4706e39dc7,Module_12_CrossDomain,sklearn.datasets.load_breast_cancer,71aa3180a9c8c9abf1e45ef91d8c1dac2592948b3fa58a7da1cc3e16bef8c2df,bc_classifier_v1,breast_cancer_wisconsin,classification_breast_cancer,42,unit_8,0,2,2026-09-02T20:45:00Z,1.0.0,8e7fd68470057c99,0.13491820670656546,0.2,0.1,0.2,0.2,0.041439274148903416,,,,,,NORMAL,True,True,True,True,False,False,False,True,False,1,0,0,0.0
8250e685484eb941417e4d6e,Module_12_CrossDomain,sklearn.datasets.load_breast_cancer,71aa3180a9c8c9abf1e45ef91d8c1dac2592948b3fa58a7da1cc3e16bef8c2df,bc_classifier_v1,breast_cancer_wisconsin,classification_breast_cancer,42,unit_8,0,3,2026-09-02T20:45:00Z,1.0.0,8e7fd68470057c99,0.13491820670656546,0.2,0.1,0.2,0.2,0.041439274148903416,,,,,,NORMAL,True,True,True,True,False,False,False,True,False,1,0,1,0.0
d3ba872ed319d043519561b9,Module_12_CrossDomain,sklearn.datasets.load_breast_cancer,71aa3180a9c8c9abf1e45ef91d8c1dac2592948b3fa58a7da1cc3e16bef8c2df,bc_classifier_v1,breast_cancer_wisconsin,classification_breast_cancer,42,unit_8,0,5,2026-09-02T20:45:00Z,1.0.0,8e7fd68470057c99,0.13491820670656546,0.2,0.1,0.2,0.2,0.041439274148903416,,,,,,NORMAL,True,True,True,True,False,False,False,True,False,1,0,1,0.0
eb08bb2bae8164f683fa5ee5,Module_12_CrossDomain,sklearn.datasets.load_breast_cancer,71aa3180a9c8c9abf1e45ef91d8c1dac2592948b3fa58a7da1cc3e16bef8c2df,bc_classifier_v1,breast_cancer_wisconsin,classification_breast_cancer,42,unit_8,1,1,2026-09-02T20:45:00Z,1.0.0,8e7fd68470057c99,0.28732338907728716,0.2,0.1,0.2,0.2,0.07653280079325754,,,,,,NORMAL,True,True,True,True,False,False,False,True,False,1,0,0,
b92a82be7c45ff2ae3da0099,Module_12_CrossDomain,sklearn.datasets.load_breast_cancer,71aa3180a9c8c9abf1e45ef91d8c1dac2592948b3fa58a7da1cc3e16bef8c2df,bc_classifier_v1,breast_cancer_wisconsin,classification_breast_cancer,42,unit_8,1,2,2026-09-02T20:45:00Z,1.0.0,8e7fd68470057c99,0.28732338907728716,0.2,0.1,0.2,0.2,0.07653280079325754,,,,,,NORMAL,True,True,True,True,False,False,False,True,False,1,0,1,
c21b237fa7018b789571aa15,Module_12_CrossDomain,sklearn.datasets.load_breast_cancer,71aa3180a9c8c9abf1e45ef91d8c1dac2592948b3fa58a7da1cc3e16bef8c2df,bc_classifier_v1,breast_cancer_wisconsin,classification_breast_cancer,42,unit_8,1,3,2026-09-02T20:45:00Z,1.0.0,8e7fd68470057c99,0.28732338907728716,0.2,0.1,0.2,0.2,0.07653280079325754,,,,,,NORMAL,True,True,True,True,False,False,False,True,False,1,0,1,
2fa14d4cf5a2c0562315c6d0,Module_12_CrossDomain,sklearn.datasets.load_breast_cancer,71aa3180a9c8c9abf1e45ef91d8c1dac2592948b3fa58a7da1cc3e16bef8c2df,bc_classifier_v1,breast_cancer_wisconsin,classification_breast_cancer,42,unit_8,1,5,2026-09-02T20:45:00Z,1.0.0,8e7fd68470057c99,0.28732338907728716,0.2,0.1,0.2,0.2,0.07653280079325754,,,,,,NORMAL,True,True,True,True,False,False,False,True,False,1,0,1,
06a4c7ad3d4248be36452b6e,Module_12_CrossDomain,sklearn.datasets.load_breast_cancer,71aa3180a9c8c9abf1e45ef91d8c1dac2592948b3fa58a7da1cc3e16bef8c2df,bc_classifier_v1,breast_cancer_wisconsin,classification_breast_cancer,42,unit_8,2,1,2026-09-02T20:45:00Z,1.0.0,8e7fd68470057c99,0.31002455014093505,0.2,0.1,0.2,0.2,0.08577471350748313,,,,,,NORMAL,True,True,True,True,False,False,False,True,False,1,0,1,
4d52268727f5bab1b01fb306,Module_12_CrossDomain,sklearn.datasets.load_breast_cancer,71aa3180a9c8c9abf1e45ef91d8c1dac2592948b3fa58a7da1cc3e16bef8c2df,bc_classifier_v1,breast_cancer_wisconsin,classification_breast_cancer,42,unit_8,2,2,2026-09-02T20:45:00Z,1.0.0,8e7fd68470057c99,0.31002455014093505,0.2,0.1,0.2,0.2,0.08577471350748313,,,,,,NORMAL,True,True,True,True,False,False,False,True,False,1,0,1,
8e95c13ed5cb16f8297bb8cc,Module_12_CrossDomain,sklearn.datasets.load_breast_cancer,71aa3180a9c8c9abf1e45ef91d8c1dac2592948b3fa58a7da1cc3e16bef8c2df,bc_classifier_v1,breast_cancer_wisconsin,classification_breast_cancer,42,unit_8,2,3,2026-09-02T20:45:00Z,1.0.0,8e7fd68470057c99,0.31002455014093505,0.2,0.1,0.2,0.2,0.08577471350748313,,,,,,NORMAL,True,True,True,True,False,False,False,True,False,1,0,1,
3538b951332bb19d13ab68ec,Module_12_CrossDomain,sklearn.datasets.load_breast_cancer,71aa3180a9c8c9abf1e45ef91d8c1dac2592948b3fa58a7da1cc3e16bef8c2df,bc_classifier_v1,breast_cancer_wisconsin,classification_breast_cancer,42,unit_8,2,5,2026-09-02T20:45:00Z,1.0.0,8e7fd68470057c99,0.31002455014093505,0.2,0.1,0.2,0.2,0.08577471350748313,,,,,,NORMAL,True,True,True,True,False,False,False,True,False,1,0,1,
3adfc654b9299eac0205207f,Module_12_CrossDomain,sklearn.datasets.load_breast_cancer,71aa3180a9c8c9abf1e45ef91d8c1dac2592948b3fa58a7da1cc3e16bef8c2df,bc_classifier_v1,breast_cancer_wisconsin,classification_breast_cancer,42,unit_8,3,1,2026-09-02T20:45:00Z,1.0.0,8e7fd68470057c99,0.1014339941376847,0.2,0.1,0.2,0.2,0.04680611765670154,,,,,,NORMAL,True,True,True,True,False,False,False,True,False,1,0,0,
2dd470312779116031d84a1f,Module_12_CrossDomain,sklearn.datasets.load_breast_cancer,71aa3180a9c8c9abf1e45ef91d8c1dac2592948b3fa58a7da1cc3e16bef8c2df,bc_classifier_v1,breast_cancer_wisconsin,classification_breast_cancer,42,unit_8,3,2,2026-09-02T20:45:00Z,1.0.0,8e7fd68470057c99,0.1014339941376847,0.2,0.1,0.2,0.2,0.04680611765670154,,,,,,NORMAL,True,True,True,True,False,False,False,True,False,1,0,1,
de4b004782dca70d17b02c58,Module_12_CrossDomain,sklearn.datasets.load_breast_cancer,71aa3180a9c8c9abf1e45ef91d8c1dac2592948b3fa58a7da1cc3e16bef8c2df,bc_classifier_v1,breast_cancer_wisconsin,classification_breast_cancer,42,unit_8,3,3,2026-09-02T20:45:00Z,1.0.0,8e7fd68470057c99,0.1014339941376847,0.2,0.1,0.2,0.2,0.04680611765670154,,,,,,NORMAL,True,True,True,True,False,False,False,True,False,1,0,1,
6a57f83383639f6ae8690cbc,Module_12_CrossDomain,sklearn.datasets.load_breast_cancer,71aa3180a9c8c9abf1e45ef91d8c1dac2592948b3fa58a7da1cc3e16bef8c2df,bc_classifier_v1,breast_cancer_wisconsin,classification_breast_cancer,42,unit_8,3,5,2026-09-02T20:45:00Z,1.0.0,8e7fd68470057c99,0.1014339941376847,0.2,0.1,0.2,0.2,0.04680611765670154,,,,,,NORMAL,True,True,True,True,False,False,False,True,False,1,0,1,
7f5d67d9d26122d4635e2f59,Module_12_CrossDomain,sklearn.datasets.load_breast_cancer,71aa3180a9c8c9abf1e45ef91d8c1dac2592948b3fa58a7da1cc3e16bef8c2df,bc_classifier_v1,breast_cancer_wisconsin,classification_breast_cancer,42,unit_8,4,1,2026-09-02T20:45:00Z,1.0.0,8e7fd68470057c99,0.5188752319264964,0.2,0.1,0.2,0.2,0.1786174911982627,,,,,,NORMAL,True,True,True,True,False,False,False,True,False,1,0,1,
8bba9db44467b76edf2c6984,Module_12_CrossDomain,sklearn.datasets.load_breast_cancer,71aa3180a9c8c9abf1e45ef91d8c1dac2592948b3fa58a7da1cc3e16bef8c2df,bc_classifier_v1,breast_cancer_wisconsin,classification_breast_cancer,42,unit_8,4,2,2026-09-02T20:45:00Z,1.0.0,8e7fd68470057c99,0.5188752319264964,0.2,0.1,0.2,0.2,0.1786174911982627,,,,,,NORMAL,True,True,True,True,False,False,False,True,False,1,0,1,
645616beface311a9c4c63e6,Module_12_CrossDomain,sklearn.datasets.load_breast_cancer,71aa3180a9c8c9abf1e45ef91d8c1dac2592948b3fa58a7da1cc3e16bef8c2df,bc_classifier_v1,breast_cancer_wisconsin,classification_breast_cancer,42,unit_8,4,3,2026-09-02T20:45:00Z,1.0.0,8e7fd68470057c99,0.5188752319264964,0.2,0.1,0.2,0.2,0.1786174911982627,,,,,,NORMAL,True,True,True,True,False,False,False,True,False,1,0,1,
c648fe6690debbed2194dfe9,Module_12_CrossDomain,sklearn.datasets.load_breast_cancer,71aa3180a9c8c9abf1e45ef91d8c1dac2592948b3fa58a7da1cc3e16bef8c2df,bc_classifier_v1,breast_cancer_wisconsin,classification_breast_cancer,42,unit_8,4,5,2026-09-02T20:45:00Z,1.0.0,8e7fd68470057c99,0.5188752319264964,0.2,0.1,0.2,0.2,0.1786174911982627,,,,,,NORMAL,True,True,True,True,False,False,False,True,False,1,0,1,
47187f195c729f6294864e59,Module_12_CrossDomain,sklearn.datasets.load_breast_cancer,71aa3180a9c8c9abf1e45ef91d8c1dac2592948b3fa58a7da1cc3e16bef8c2df,bc_classifier_v1,breast_cancer_wisconsin,classification_breast_cancer,42,unit_8,5,1,2026-09-02T20:45:00Z,1.0.0,8e7fd68470057c99,0.04782613985580085,0.2,0.1,0.2,0.2,0.06313917202280894,,,,,,NORMAL,True,True,True,True,False,False,False,True,False,1,0,1,
95c09352775a7bd306517d8a,Module_12_CrossDomain,sklearn.datasets.load_breast_cancer,71aa3180a9c8c9abf1e45ef91d8c1dac2592948b3fa58a7da1cc3e16bef8c2df,bc_classifier_v1,breast_cancer_wisconsin,classification_breast_cancer,42,unit_8,5,2,2026-09-02T20:45:00Z,1.0.0,8e7fd68470057c99,0.04782613985580085,0.2,0.1,0.2,0.2,0.06313917202280894,,,,,,NORMAL,True,True,True,True,False,False,False,True,False,1,0,1,
c071ec0f37b4b204c806273e,Module_12_CrossDomain,sklearn.datasets.load_breast_cancer,71aa3180a9c8c9abf1e45ef91d8c1dac2592948b3fa58a7da1cc3e16bef8c2df,bc_classifier_v1,breast_cancer_wisconsin,classification_breast_cancer,42,unit_8,5,3,2026-09-02T20:45:00Z,1.0.0,8e7fd68470057c99,0.04782613985580085,0.2,0.1,0.2,0.2,0.06313917202280894,,,,,,NORMAL,True,True,True,True,False,False,False,True,False,1,0,1,
04248362529777f27458ac22,Module_12_CrossDomain,sklearn.datasets.load_breast_cancer,71aa3180a9c8c9abf1e45ef91d8c1dac2592948b3fa58a7da1cc3e16bef8c2df,bc_classifier_v1,breast_cancer_wisconsin,classification_breast_cancer,42,unit_8,5,5,2026-09-02T20:45:00Z,1.0.0,8e7fd68470057c99,0.04782613985580085,0.2,0.1,0.2,0.2,0.06313917202280894,,,,,,NORMAL,True,True,True,True,False,False,False,True,False,1,0,1,
df99d851d0a8d71099249e1e,Module_12_CrossDomain,sklearn.datasets.load_breast_cancer,71aa3180a9c8c9abf1e45ef91d8c1dac2592948b3fa58a7da1cc3e16bef8c2df,bc_classifier_v1,breast_cancer_wisconsin,classification_breast_cancer,42,unit_8,6,1,2026-09-02T20:45:00Z,1.0.0,8e7fd68470057c99,0.1888334642327294,0.2,0.1,0.2,0.2,0.04474132552627051,,,,,,NORMAL,True,True,True,True,False,False,False,True,False,1,0,0,
359fee704593b8232d1c2d06,Module_12_CrossDomain,sklearn.datasets.load_breast_cancer,71aa3180a9c8c9abf1e45ef91d8c1dac2592948b3fa58a7da1cc3e16bef8c2df,bc_classifier_v1,breast_cancer_wisconsin,classification_breast_cancer,42,unit_8,6,2,2026-09-02T20:45:00Z,1.0.0,8e7fd68470057c99,0.1888334642327294,0.2,0.1,0.2,0.2,0.04474132552627051,,,,,,NORMAL,True,True,True,True,False,False,False,True,False,1,0,0,
5e6335db83c2ff250e07d1a3,Module_12_CrossDomain,sklearn.datasets.load_breast_cancer,71aa3180a9c8c9abf1e45ef91d8c1dac2592948b3fa58a7da1cc3e16bef8c2df,bc_classifier_v1,breast_cancer_wisconsin,classification_breast_cancer,42,unit_8,6,3,2026-09-02T20:45:00Z,1.0.0,8e7fd68470057c99,0.1888334642327294,0.2,0.1,0.2,0.2,0.04474132552627051,,,,,,NORMAL,True,True,True,True,False,False,False,True,False,1,0,1,
b735632199d1d5d7ab0b8efc,Module_12_CrossDomain,sklearn.datasets.load_breast_cancer,71aa3180a9c8c9abf1e45ef91d8c1dac2592948b3fa58a7da1cc3e16bef8c2df,bc_classifier_v1,breast_cancer_wisconsin,classification_breast_cancer,42,unit_8,6,5,2026-09-02T20:45:00Z,1.0.0,8e7fd68470057c99,0.1888334642327294,0.2,0.1,0.2,0.2,0.04474132552627051,,,,,,NORMAL,True,True,True,True,False,False,False,True,False,1,0,1,
1a37d4fbdad43aa199d9ece8,Module_12_CrossDomain,sklearn.datasets.load_breast_cancer,71aa3180a9c8c9abf1e45ef91d8c1dac2592948b3fa58a7da1cc3e16bef8c2df,bc_classifier_v1,breast_cancer_wisconsin,classification_breast_cancer,42,unit_8,7,1,2026-09-02T20:45:00Z,1.0.0,8e7fd68470057c99,0.15054889366880803,0.2,0.1,0.2,0.2,0.04082564903004444,,,,,,NORMAL,True,True,True,True,False,False,False,True,False,1,0,0,
4c2b22055d7a01d197ef633b,Module_12_CrossDomain,sklearn.datasets.load_breast_cancer,71aa3180a9c8c9abf1e45ef91d8c1dac2592948b3fa58a7da1cc3e16bef8c2df,bc_classifier_v1,breast_cancer_wisconsin,classification_breast_cancer,42,unit_8,7,2,2026-09-02T20:45:00Z,1.0.0,8e7fd68470057c99,0.15054889366880803,0.2,0.1,0.2,0.2,0.04082564903004444,,,,,,NORMAL,True,True,True,True,False,False,False,True,False,1,0,1,
9194e9c8444621a94a8d9b64,Module_12_CrossDomain,sklearn.datasets.load_breast_cancer,71aa3180a9c8c9abf1e45ef91d8c1dac2592948b3fa58a7da1cc3e16bef8c2df,bc_classifier_v1,breast_cancer_wisconsin,classification_breast_cancer,42,unit_8,7,3,2026-09-02T20:45:00Z,1.0.0,8e7fd68470057c99,0.15054889366880803,0.2,0.1,0.2,0.2,0.04082564903004444,,,,,,NORMAL,True,True,True,True,False,False,False,True,False,1,0,1,
6f7bf8a0ccea66dc59fbee65,Module_12_CrossDomain,sklearn.datasets.load_breast_cancer,71aa3180a9c8c9abf1e45ef91d8c1dac2592948b3fa58a7da1cc3e16bef8c2df,bc_classifier_v1,breast_cancer_wisconsin,classification_breast_cancer,42,unit_8,7,5,2026-09-02T20:45:00Z,1.0.0,8e7fd68470057c99,0.15054889366880803,0.2,0.1,0.2,0.2,0.04082564903004444,,,,,,NORMAL,True,True,True,True,False,False,False,True,False,1,0,1,
f8473e743f64da57d8135498,Module_12_CrossDomain,sklearn.datasets.load_breast_cancer,71aa3180a9c8c9abf1e45ef91d8c1dac2592948b3fa58a7da1cc3e16bef8c2df,bc_classifier_v1,breast_cancer_wisconsin,classification_breast_cancer,42,unit_8,8,1,2026-09-02T20:45:00Z,1.0.0,8e7fd68470057c99,0.18970839650360066,0.2,0.1,0.2,0.2,0.0449116583550101,,,,,,NORMAL,True,True,True,True,False,False,False,True,False,1,0,1,
2f846fe01bbf743c91f26971,Module_12_CrossDomain,sklearn.datasets.load_breast_cancer,71aa3180a9c8c9abf1e45ef91d8c1dac2592948b3fa58a7da1cc3e16bef8c2df,bc_classifier_v1,breast_cancer_wisconsin,classification_breast_cancer,42,unit_8,8,2,2026-09-02T20:45:00Z,1.0.0,8e7fd68470057c99,0.18970839650360066,0.2,0.1,0.2,0.2,0.0449116583550101,,,,,,NORMAL,True,True,True,True,False,False,False,True,False,1,0,1,
9678299d78dad627f8719efa,Module_12_CrossDomain,sklearn.datasets.load_breast_cancer,71aa3180a9c8c9abf1e45ef91d8c1dac2592948b3fa58a7da1cc3e16bef8c2df,bc_classifier_v1,breast_cancer_wisconsin,classification_breast_cancer,42,unit_8,8,3,2026-09-02T20:45:00Z,1.0.0,8e7fd68470057c99,0.18970839650360066,0.2,0.1,0.2,0.2,0.0449116583550101,,,,,,NORMAL,True,True,True,True,False,False,False,True,False,1,0,1,
7da8722188591d1745fdddaa,Module_12_CrossDomain,sklearn.datasets.load_breast_cancer,71aa3180a9c8c9abf1e45ef91d8c1dac2592948b3fa58a7da1cc3e16bef8c2df,bc_classifier_v1,breast_cancer_wisconsin,classification_breast_cancer,42,unit_8,8,5,2026-09-02T20:45:00Z,1.0.0,8e7fd68470057c99,0.18970839650360066,0.2,0.1,0.2,0.2,0.0449116583550101,,,,,,NORMAL,True,True,True,True,False,False,False,True,False,1,0,1,
92f6095e54f356a03c9cfb3c,Module_12_CrossDomain,sklearn.datasets.load_breast_cancer,71aa3180a9c8c9abf1e45ef91d8c1dac2592948b3fa58a7da1cc3e16bef8c2df,bc_classifier_v1,breast_cancer_wisconsin,classification_breast_cancer,42,unit_8,9,1,2026-09-02T20:45:00Z,1.0.0,8e7fd68470057c99,0.04782613985580085,0.2,0.1,0.2,0.2,0.06313917202280894,,,,,,NORMAL,True,True,True,True,False,False,False,True,False,1,0,1,
cda93f0aacea5eda90f34d4c,Module_12_CrossDomain,sklearn.datasets.load_breast_cancer,71aa3180a9c8c9abf1e45ef91d8c1dac2592948b3fa58a7da1cc3e16bef8c2df,bc_classifier_v1,breast_cancer_wisconsin,classification_breast_cancer,42,unit_8,9,2,2026-09-02T20:45:00Z,1.0.0,8e7fd68470057c99,0.04782613985580085,0.2,0.1,0.2,0.2,0.06313917202280894,,,,,,NORMAL,True,True,True,True,False,False,False,True,False,1,0,1,
223ac968c33136b44f24ad12,Module_12_CrossDomain,sklearn.datasets.load_breast_cancer,71aa3180a9c8c9abf1e45ef91d8c1dac2592948b3fa58a7da1cc3e16bef8c2df,bc_classifier_v1,breast_cancer_wisconsin,classification_breast_cancer,42,unit_8,9,3,2026-09-02T20:45:00Z,1.0.0,8e7fd68470057c99,0.04782613985580085,0.2,0.1,0.2,0.2,0.06313917202280894,,,,,,NORMAL,True,True,True,True,False,False,False,True,False,1,0,1,
1adc7f3a2189f5e9bc0ed632,Module_12_CrossDomain,sklearn.datasets.load_breast_cancer,71aa3180a9c8c9abf1e45ef91d8c1dac2592948b3fa58a7da1cc3e16bef8c2df,bc_classifier_v1,breast_cancer_wisconsin,classification_breast_cancer,42,unit_8,9,5,2026-09-02T20:45:00Z,1.0.0,8e7fd68470057c99,0.04782613985580085,0.2,0.1,0.2,0.2,0.06313917202280894,,,,,,NORMAL,True,True,True,True,False,False,False,True,False,1,0,1,
cc6c272f4633421f4637cd45,Module_12_CrossDomain,sklearn.datasets.load_breast_cancer,71aa3180a9c8c9abf1e45ef91d8c1dac2592948b3fa58a7da1cc3e16bef8c2df,bc_classifier_v1,breast_cancer_wisconsin,classification_breast_cancer,42,unit_8,10,1,2026-09-02T20:45:00Z,1.0.0,8e7fd68470057c99,0.10256905219086707,0.2,0.1,0.2,0.2,0.0465467383033744,,,,,,NORMAL,True,True,True,True,False,False,False,True,False,1,0,0,
f7ff6654de18fc6b4c9139a2,Module_12_CrossDomain,sklearn.datasets.load_breast_cancer,71aa3180a9c8c9abf1e45ef91d8c1dac2592948b3fa58a7da1cc3e16bef8c2df,bc_classifier_v1,breast_cancer_wisconsin,classification_breast_cancer,42,unit_8,10,2,2026-09-02T20:45:00Z,1.0.0,8e7fd68470057c99,0.10256905219086707,0.2,0.1,0.2,0.2,0.0465467383033744,,,,,,NORMAL,True,True,True,True,False,False,False,True,False,1,0,0,
631d6134b8f87e12d2b13240,Module_12_CrossDomain,sklearn.datasets.load_breast_cancer,71aa3180a9c8c9abf1e45ef91d8c1dac2592948b3fa58a7da1cc3e16bef8c2df,bc_classifier_v1,breast_cancer_wisconsin,classification_breast_cancer,42,unit_8,10,3,2026-09-02T20:45:00Z,1.0.0,8e7fd68470057c99,0.10256905219086707,0.2,0.1,0.2,0.2,0.0465467383033744,,,,,,NORMAL,True,True,True,True,False,False,False,True,False,1,0,1,
4d4ad52fd0300c29100c5299,Module_12_CrossDomain,sklearn.datasets.load_breast_cancer,71aa3180a9c8c9abf1e45ef91d8c1dac2592948b3fa58a7da1cc3e16bef8c2df,bc_classifier_v1,breast_cancer_wisconsin,classification_breast_cancer,42,unit_8,10,5,2026-09-02T20:45:00Z,1.0.0,8e7fd68470057c99,0.10256905219086707,0.2,0.1,0.2,0.2,0.0465467383033744,,,,,,NORMAL,True,True,True,True,False,False,False,True,False,1,0,1,
f9eefe4e0662a724c94c5357,Module_12_CrossDomain,sklearn.datasets.load_breast_cancer,71aa3180a9c8c9abf1e45ef91d8c1dac2592948b3fa58a7da1cc3e16bef8c2df,bc_classifier_v1,breast_cancer_wisconsin,classification_breast_cancer,42,unit_8,11,1,2026-09-02T20:45:00Z,1.0.0,8e7fd68470057c99,0.03957333023924394,0.2,0.1,0.2,0.2,0.06615478381031208,,,,,,NORMAL,True,True,True,True,False,False,False,True,False,1,0,0,
3e0bcb6c6e2d4dfff3e463f7,Module_12_CrossDomain,sklearn.datasets.load_breast_cancer,71aa3180a9c8c9abf1e45ef91d8c1dac2592948b3fa58a7da1cc3e16bef8c2df,bc_classifier_v1,breast_cancer_wisconsin,classification_breast_cancer,42,unit_8,11,2,2026-09-02T20:45:00Z,1.0.0,8e7fd68470057c99,0.03957333023924394,0.2,0.1,0.2,0.2,0.06615478381031208,,,,,,NORMAL,True,True,True,True,False,False,False,True,False,1,0,1,
36c4440806e0103c0399e28c,Module_12_CrossDomain,sklearn.datasets.load_breast_cancer,71aa3180a9c8c9abf1e45ef91d8c1dac2592948b3fa58a7da1cc3e16bef8c2df,bc_classifier_v1,breast_cancer_wisconsin,classification_breast_cancer,42,unit_8,11,3,2026-09-02T20:45:00Z,1.0.0,8e7fd68470057c99,0.03957333023924394,0.2,0.1,0.2,0.2,0.06615478381031208,,,,,,NORMAL,True,True,True,True,False,False,False,True,False,1,0,1,
6cf8a3680e14d67e4250f0bf,Module_12_CrossDomain,sklearn.datasets.load_breast_cancer,71aa3180a9c8c9abf1e45ef91d8c1dac2592948b3fa58a7da1cc3e16bef8c2df,bc_classifier_v1,breast_cancer_wisconsin,classification_breast_cancer,42,unit_8,11,5,2026-09-02T20:45:00Z,1.0.0,8e7fd68470057c99,0.03957333023924394,0.2,0.1,0.2,0.2,0.06615478381031208,,,,,,NORMAL,True,True,True,True,False,False,False,True,False,1,0,1,
3980fc26f59e7dde53929755,Module_12_CrossDomain,sklearn.datasets.load_breast_cancer,71aa3180a9c8c9abf1e45ef91d8c1dac2592948b3fa58a7da1cc3e16bef8c2df,bc_classifier_v1,breast_cancer_wisconsin,classification_breast_cancer,42,unit_8,12,1,2026-09-02T20:45:00Z,1.0.0,8e7fd68470057c99,0.07563506215876965,0.2,0.1,0.2,0.2,0.05381066391655108,,,,,,NORMAL,True,True,True,True,False,False,False,True,False,1,0,1,
f241bb147c36e514a6a5ff47,Module_12_CrossDomain,sklearn.datasets.load_breast_cancer,71aa3180a9c8c9abf1e45ef91d8c1dac2592948b3fa58a7da1cc3e16bef8c2df,bc_classifier_v1,breast_cancer_wisconsin,classification_breast_cancer,42,unit_8,12,2,2026-09-02T20:45:00Z,1.0.0,8e7fd68470057c99,0.07563506215876965,0.2,0.1,0.2,0.2,0.05381066391655108,,,,,,NORMAL,True,True,True,True,False,False,False,True,False,1,0,1,
cf09c6c8b6b680bf22896a4b,Module_12_CrossDomain,sklearn.datasets.load_breast_cancer,71aa3180a9c8c9abf1e45ef91d8c1dac2592948b3fa58a7da1cc3e16bef8c2df,bc_classifier_v1,breast_cancer_wisconsin,classification_breast_cancer,42,unit_8,12,3,2026-09-02T20:45:00Z,1.0.0,8e7fd68470057c99,0.07563506215876965,0.2,0.1,0.2,0.2,0.05381066391655108,,,,,,NORMAL,True,True,True,True,False,False,False,True,False,1,0,1,
4149db60bef045f08127ba79,Module_12_CrossDomain,sklearn.datasets.load_breast_cancer,71aa3180a9c8c9abf1e45ef91d8c1dac2592948b3fa58a7da1cc3e16bef8c2df,bc_classifier_v1,breast_cancer_wisconsin,classification_breast_cancer,42,unit_8,12,5,2026-09-02T20:45:00Z,1.0.0,8e7fd68470057c99,0.07563506215876965,0.2,0.1,0.2,0.2,0.05381066391655108,,,,,,NORMAL,True,True,True,True,False,False,False,True,False,1,0,1,
b59fe249ee82f87968e045cf,Module_12_CrossDomain,sklearn.datasets.load_breast_cancer,71aa3180a9c8c9abf1e45ef91d8c1dac2592948b3fa58a7da1cc3e16bef8c2df,bc_classifier_v1,breast_cancer_wisconsin,classification_breast_cancer,42,unit_8,13,1,2026-09-02T20:45:00Z,1.0.0,8e7fd68470057c99,0.17294265148817584,0.2,0.1,0.2,0.2,0.04223312353883145,,,,,,NORMAL,True,True,True,True,False,False,False,True,False,1,0,1,
2e59af2818663fc81cdd40f0,Module_12_CrossDomain,sklearn.datasets.load_breast_cancer,71aa3180a9c8c9abf1e45ef91d8c1dac2592948b3fa58a7da1cc3e16bef8c2df,bc_classifier_v1,breast_cancer_wisconsin,classification_breast_cancer,42,unit_8,13,2,2026-09-02T20:45:00Z,1.0.0,8e7fd68470057c99,0.17294265148817584,0.2,0.1,0.2,0.2,0.04223312353883145,,,,,,NORMAL,True,True,True,True,False,False,False,True,False,1,0,1,
7d2cd3cb6dd245e79ddb2903,Module_12_CrossDomain,sklearn.datasets.load_breast_cancer,71aa3180a9c8c9abf1e45ef91d8c1dac2592948b3fa58a7da1cc3e16bef8c2df,bc_classifier_v1,breast_cancer_wisconsin,classification_breast_cancer,42,unit_8,13,3,2026-09-02T20:45:00Z,1.0.0,8e7fd68470057c99,0.17294265148817584,0.2,0.1,0.2,0.2,0.04223312353883145,,,,,,NORMAL,True,True,True,True,False,False,False,True,False,1,0,1,
400eeac71b036437c6a604ee,Module_12_CrossDomain,sklearn.datasets.load_breast_cancer,71aa3180a9c8c9abf1e45ef91d8c1dac2592948b3fa58a7da1cc3e16bef8c2df,bc_classifier_v1,breast_cancer_wisconsin,classification_breast_cancer,42,unit_8,13,5,2026-09-02T20:45:00Z,1.0.0,8e7fd68470057c99,0.17294265148817584,0.2,0.1,0.2,0.2,0.04223312353883145,,,,,,NORMAL,True,True,True,True,False,False,False,True,False,1,0,1,
c2d473ae6fc030416686acd4,Module_12_CrossDomain,sklearn.datasets.load_breast_cancer,71aa3180a9c8c9abf1e45ef91d8c1dac2592948b3fa58a7da1cc3e16bef8c2df,bc_classifier_v1,breast_cancer_wisconsin,classification_breast_cancer,42,unit_8,14,1,2026-09-02T20:45:00Z,1.0.0,8e7fd68470057c99,0.1967788706050062,0.2,0.1,0.2,0.2,0.04639986287115731,,,,,,NORMAL,True,True,True,True,False,False,False,True,False,1,0,1,
c018eed927ed6043992425d6,Module_12_CrossDomain,sklearn.datasets.load_breast_cancer,71aa3180a9c8c9abf1e45ef91d8c1dac2592948b3fa58a7da1cc3e16bef8c2df,bc_classifier_v1,breast_cancer_wisconsin,classification_breast_cancer,42,unit_8,14,2,2026-09-02T20:45:00Z,1.0.0,8e7fd68470057c99,0.1967788706050062,0.2,0.1,0.2,0.2,0.04639986287115731,,,,,,NORMAL,True,True,True,True,False,False,False,True,False,1,0,1,
e3337cfb3c03821fcd5cb48d,Module_12_CrossDomain,sklearn.datasets.load_breast_cancer,71aa3180a9c8c9abf1e45ef91d8c1dac2592948b3fa58a7da1cc3e16bef8c2df,bc_classifier_v1,breast_cancer_wisconsin,classification_breast_cancer,42,unit_8,14,3,2026-09-02T20:45:00Z,1.0.0,8e7fd68470057c99,0.1967788706050062,0.2,0.1,0.2,0.2,0.04639986287115731,,,,,,NORMAL,True,True,True,True,False,False,False,True,False,1,0,1,
5c8606d6b40c7911253f3226,Module_12_CrossDomain,sklearn.datasets.load_breast_cancer,71aa3180a9c8c9abf1e45ef91d8c1dac2592948b3fa58a7da1cc3e16bef8c2df,bc_classifier_v1,breast_cancer_wisconsin,classification_breast_cancer,42,unit_8,14,5,2026-09-02T20:45:00Z,1.0.0,8e7fd68470057c99,0.1967788706050062,0.2,0.1,0.2,0.2,0.04639986287115731,,,,,,NORMAL,True,True,True,True,False,False,False,True,False,1,0,1,
22566a610887b72eac25e3eb,Module_12_CrossDomain,sklearn.datasets.load_breast_cancer,71aa3180a9c8c9abf1e45ef91d8c1dac2592948b3fa58a7da1cc3e16bef8c2df,bc_classifier_v1,breast_cancer_wisconsin,classification_breast_cancer,42,unit_8,15,1,2026-09-02T20:45:00Z,1.0.0,8e7fd68470057c99,0.30966039399399586,0.2,0.1,0.2,0.2,0.08562377838261466,,,,,,NORMAL,True,True,True,True,False,False,False,True,False,1,0,1,
3e5df8bbc961f3f2ae7cb7f2,Module_12_CrossDomain,sklearn.datasets.load_breast_cancer,71aa3180a9c8c9abf1e45ef91d8c1dac2592948b3fa58a7da1cc3e16bef8c2df,bc_classifier_v1,breast_cancer_wisconsin,classification_breast_cancer,42,unit_8,15,2,2026-09-02T20:45:00Z,1.0.0,8e7fd68470057c99,0.30966039399399586,0.2,0.1,0.2,0.2,0.08562377838261466,,,,,,NORMAL,True,True,True,True,False,False,False,True,False,1,0,1,
96c3c211c3eeb6d1faecad7b,Module_12_CrossDomain,sklearn.datasets.load_breast_cancer,71aa3180a9c8c9abf1e45ef91d8c1dac2592948b3fa58a7da1cc3e16bef8c2df,bc_classifier_v1,breast_cancer_wisconsin,classification_breast_cancer,42,unit_8,15,3,2026-09-02T20:45:00Z,1.0.0,8e7fd68470057c99,0.30966039399399586,0.2,0.1,0.2,0.2,0.08562377838261466,,,,,,NORMAL,True,True,True,True,False,False,False,True,False,1,0,1,
6424968900755e23330c221f,Module_12_CrossDomain,sklearn.datasets.load_breast_cancer,71aa3180a9c8c9abf1e45ef91d8c1dac2592948b3fa58a7da1cc3e16bef8c2df,bc_classifier_v1,breast_cancer_wisconsin,classification_breast_cancer,42,unit_8,15,5,2026-09-02T20:45:00Z,1.0.0,8e7fd68470057c99,0.30966039399399586,0.2,0.1,0.2,0.2,0.08562377838261466,,,,,,NORMAL,True,True,True,True,False,False,False,True,False,1,0,1,
63b2fa793ed0198af9dc532e,Module_12_CrossDomain,sklearn.datasets.load_breast_cancer,71aa3180a9c8c9abf1e45ef91d8c1dac2592948b3fa58a7da1cc3e16bef8c2df,bc_classifier_v1,breast_cancer_wisconsin,classification_breast_cancer,42,unit_8,16,1,2026-09-02T20:45:00Z,1.0.0,8e7fd68470057c99,0.23968406501530093,0.2,0.1,0.2,0.2,0.05877117872197926,,,,,,NORMAL,True,True,True,True,False,False,False,True,False,1,0,0,
81c389ff6f93dee247f2e456,Module_12_CrossDomain,sklearn.datasets.load_breast_cancer,71aa3180a9c8c9abf1e45ef91d8c1dac2592948b3fa58a7da1cc3e16bef8c2df,bc_classifier_v1,breast_cancer_wisconsin,classification_breast_cancer,42,unit_8,16,2,2026-09-02T20:45:00Z,1.0.0,8e7fd68470057c99,0.23968406501530093,0.2,0.1,0.2,0.2,0.05877117872197926,,,,,,NORMAL,True,True,True,True,False,False,False,True,False,1,0,1,
df40a1b04a70860e24d489f8,Module_12_CrossDomain,sklearn.datasets.load_breast_cancer,71aa3180a9c8c9abf1e45ef91d8c1dac2592948b3fa58a7da1cc3e16bef8c2df,bc_classifier_v1,breast_cancer_wisconsin,classification_breast_cancer,42,unit_8,16,3,2026-09-02T20:45:00Z,1.0.0,8e7fd68470057c99,0.23968406501530093,0.2,0.1,0.2,0.2,0.05877117872197926,,,,,,NORMAL,True,True,True,True,False,False,False,True,False,1,0,1,
f6117aa2a004e2f275320205,Module_12_CrossDomain,sklearn.datasets.load_breast_cancer,71aa3180a9c8c9abf1e45ef91d8c1dac2592948b3fa58a7da1cc3e16bef8c2df,bc_classifier_v1,breast_cancer_wisconsin,classification_breast_cancer,42,unit_8,16,5,2026-09-02T20:45:00Z,1.0.0,8e7fd68470057c99,0.23968406501530093,0.2,0.1,0.2,0.2,0.05877117872197926,,,,,,NORMAL,True,True,True,True,False,False,False,True,False,1,0,1,
a7f78dc1f825707b92872187,Module_12_CrossDomain,sklearn.datasets.load_breast_cancer,71aa3180a9c8c9abf1e45ef91d8c1dac2592948b3fa58a7da1cc3e16bef8c2df,bc_classifier_v1,breast_cancer_wisconsin,classification_breast_cancer,42,unit_8,17,1,2026-09-02T20:45:00Z,1.0.0,8e7fd68470057c99,0.13238796481788961,0.2,0.1,0.2,0.2,0.041660489630813126,,,,,,NORMAL,True,True,True,True,False,False,False,True,False,1,0,1,
b3b02565d222cffd180d4e67,Module_12_CrossDomain,sklearn.datasets.load_breast_cancer,71aa3180a9c8c9abf1e45ef91d8c1dac2592948b3fa58a7da1cc3e16bef8c2df,bc_classifier_v1,breast_cancer_wisconsin,classification_breast_cancer,42,unit_8,17,2,2026-09-02T20:45:00Z,1.0.0,8e7fd68470057c99,0.13238796481788961,0.2,0.1,0.2,0.2,0.041660489630813126,,,,,,NORMAL,True,True,True,True,False,False,False,True,False,1,0,1,
947683c82ffd6c4be5d71cab,Module_12_CrossDomain,sklearn.datasets.load_breast_cancer,71aa3180a9c8c9abf1e45ef91d8c1dac2592948b3fa58a7da1cc3e16bef8c2df,bc_classifier_v1,breast_cancer_wisconsin,classification_breast_cancer,42,unit_8,17,3,2026-09-02T20:45:00Z,1.0.0,8e7fd68470057c99,0.13238796481788961,0.2,0.1,0.2,0.2,0.041660489630813126,,,,,,NORMAL,True,True,True,True,False,False,False,True,False,1,0,1,
521a03a18caeed8a01d8ecad,Module_12_CrossDomain,sklearn.datasets.load_breast_cancer,71aa3180a9c8c9abf1e45ef91d8c1dac2592948b3fa58a7da1cc3e16bef8c2df,bc_classifier_v1,breast_cancer_wisconsin,classification_breast_cancer,42,unit_8,17,5,2026-09-02T20:45:00Z,1.0.0,8e7fd68470057c99,0.13238796481788961,0.2,0.1,0.2,0.2,0.041660489630813126,,,,,,NORMAL,True,True,True,True,False,False,False,True,False,1,0,1,
96a303a15269673a6edfdb24,Module_12_CrossDomain,sklearn.datasets.load_breast_cancer,71aa3180a9c8c9abf1e45ef91d8c1dac2592948b3fa58a7da1cc3e16bef8c2df,bc_classifier_v1,breast_cancer_wisconsin,classification_breast_cancer,42,unit_8,18,1,2026-09-02T20:45:00Z,1.0.0,8e7fd68470057c99,0.06340954935607432,0.2,0.1,0.2,0.2,0.05773099714811048,,,,,,NORMAL,True,True,True,True,False,False,False,True,False,1,0,1,
07053060ca44b9be983a0c63,Module_12_CrossDomain,sklearn.datasets.load_breast_cancer,71aa3180a9c8c9abf1e45ef91d8c1dac2592948b3fa58a7da1cc3e16bef8c2df,bc_classifier_v1,breast_cancer_wisconsin,classification_breast_cancer,42,unit_8,18,2,2026-09-02T20:45:00Z,1.0.0,8e7fd68470057c99,0.06340954935607432,0.2,0.1,0.2,0.2,0.05773099714811048,,,,,,NORMAL,True,True,True,True,False,False,False,True,False,1,0,1,
023ea430c33036b8ad2e0397,Module_12_CrossDomain,sklearn.datasets.load_breast_cancer,71aa3180a9c8c9abf1e45ef91d8c1dac2592948b3fa58a7da1cc3e16bef8c2df,bc_classifier_v1,breast_cancer_wisconsin,classification_breast_cancer,42,unit_8,18,3,2026-09-02T20:45:00Z,1.0.0,8e7fd68470057c99,0.06340954935607432,0.2,0.1,0.2,0.2,0.05773099714811048,,,,,,NORMAL,True,True,True,True,False,False,False,True,False,1,0,1,
fce42d2c410b5d9f69c518da,Module_12_CrossDomain,sklearn.datasets.load_breast_cancer,71aa3180a9c8c9abf1e45ef91d8c1dac2592948b3fa58a7da1cc3e16bef8c2df,bc_classifier_v1,breast_cancer_wisconsin,classification_breast_cancer,42,unit_8,18,5,2026-09-02T20:45:00Z,1.0.0,8e7fd68470057c99,0.06340954935607432,0.2,0.1,0.2,0.2,0.05773099714811048,,,,,,NORMAL,True,True,True,True,False,False,False,True,False,1,0,1,
c5c8e835cdfe54f6b1eec4ed,Module_12_CrossDomain,sklearn.datasets.load_breast_cancer,71aa3180a9c8c9abf1e45ef91d8c1dac2592948b3fa58a7da1cc3e16bef8c2df,bc_classifier_v1,breast_cancer_wisconsin,classification_breast_cancer,42,unit_8,19,1,2026-09-02T20:45:00Z,1.0.0,8e7fd68470057c99,0.07476012988789828,0.2,0.1,0.2,0.2,0.054080265561654725,,,,,,NORMAL,True,True,True,True,False,False,False,True,False,1,0,0,
ce831924a90b763a364d072e,Module_12_CrossDomain,sklearn.datasets.load_breast_cancer,71aa3180a9c8c9abf1e45ef91d8c1dac2592948b3fa58a7da1cc3e16bef8c2df,bc_classifier_v1,breast_cancer_wisconsin,classification_breast_cancer,42,unit_8,19,2,2026-09-02T20:45:00Z,1.0.0,8e7fd68470057c99,0.07476012988789828,0.2,0.1,0.2,0.2,0.054080265561654725,,,,,,NORMAL,True,True,True,True,False,False,False,True,False,1,0,0,
6b5b17ce5222051a48bf4f74,Module_12_CrossDomain,sklearn.datasets.load_breast_cancer,71aa3180a9c8c9abf1e45ef91d8c1dac2592948b3fa58a7da1cc3e16bef8c2df,bc_classifier_v1,breast_cancer_wisconsin,classification_breast_cancer,42,unit_8,19,3,2026-09-02T20:45:00Z,1.0.0,8e7fd68470057c99,0.07476012988789828,0.2,0.1,0.2,0.2,0.054080265561654725,,,,,,NORMAL,True,True,True,True,False,False,False,True,False,1,0,0,
f349ef80487eed16a3d2607e,Module_12_CrossDomain,sklearn.datasets.load_breast_cancer,71aa3180a9c8c9abf1e45ef91d8c1dac2592948b3fa58a7da1cc3e16bef8c2df,bc_classifier_v1,breast_cancer_wisconsin,classification_breast_cancer,42,unit_8,19,5,2026-09-02T20:45:00Z,1.0.0,8e7fd68470057c99,0.07476012988789828,0.2,0.1,0.2,0.2,0.054080265561654725,,,,,,NORMAL,True,True,True,True,False,False,False,True,False,1,0,0,
d994ea1baa753dd2072185f6,Module_12_CrossDomain,sklearn.datasets.load_breast_cancer,71aa3180a9c8c9abf1e45ef91d8c1dac2592948b3fa58a7da1cc3e16bef8c2df,bc_classifier_v1,breast_cancer_wisconsin,classification_breast_cancer,42,unit_9,0,1,2026-09-02T20:45:00Z,1.0.0,8e7fd68470057c99,0.7430491974300203,0.2,0.1,0.2,0.2,0.2825311587820954,,,,,,NORMAL,True,True,True,True,False,False,False,True,False,1,3,0,3.0
a09aa0349fee421201359edc,Module_12_CrossDomain,sklearn.datasets.load_breast_cancer,71aa3180a9c8c9abf1e45ef91d8c1dac2592948b3fa58a7da1cc3e16bef8c2df,bc_classifier_v1,breast_cancer_wisconsin,classification_breast_cancer,42,unit_9,0,2,2026-09-02T20:45:00Z,1.0.0,8e7fd68470057c99,0.7430491974300203,0.2,0.1,0.2,0.2,0.2825311587820954,,,,,,NORMAL,True,True,True,True,False,False,False,True,False,1,3,0,3.0
02a78e32907ab86ce2a308eb,Module_12_CrossDomain,sklearn.datasets.load_breast_cancer,71aa3180a9c8c9abf1e45ef91d8c1dac2592948b3fa58a7da1cc3e16bef8c2df,bc_classifier_v1,breast_cancer_wisconsin,classification_breast_cancer,42,unit_9,0,3,2026-09-02T20:45:00Z,1.0.0,8e7fd68470057c99,0.7430491974300203,0.2,0.1,0.2,0.2,0.2825311587820954,,,,,,NORMAL,True,True,True,True,False,False,False,True,False,1,3,1,3.0
9f26b17730005b46bd1884a4,Module_12_CrossDomain,sklearn.datasets.load_breast_cancer,71aa3180a9c8c9abf1e45ef91d8c1dac2592948b3fa58a7da1cc3e16bef8c2df,bc_classifier_v1,breast_cancer_wisconsin,classification_breast_cancer,42,unit_9,0,5,2026-09-02T20:45:00Z,1.0.0,8e7fd68470057c99,0.7430491974300203,0.2,0.1,0.2,0.2,0.2825311587820954,,,,,,NORMAL,True,True,True,True,False,False,False,True,False,1,3,1,3.0
0624fba7b9f7b2f7e2169ad2,Module_12_CrossDomain,sklearn.datasets.load_breast_cancer,71aa3180a9c8c9abf1e45ef91d8c1dac2592948b3fa58a7da1cc3e16bef8c2df,bc_classifier_v1,breast_cancer_wisconsin,classification_breast_cancer,42,unit_9,1,1,2026-09-02T20:45:00Z,1.0.0,8e7fd68470057c99,0.395153904129615,0.2,0.1,0.2,0.2,0.12256557130323022,,,,,,NORMAL,True,True,True,True,False,False,False,True,False,1,3,0,2.0
84669b1e0d70962a775bda25,Module_12_CrossDomain,sklearn.datasets.load_breast_cancer,71aa3180a9c8c9abf1e45ef91d8c1dac2592948b3fa58a7da1cc3e16bef8c2df,bc_classifier_v1,breast_cancer_wisconsin,classification_breast_cancer,42,unit_9,1,2,2026-09-02T20:45:00Z,1.0.0,8e7fd68470057c99,0.395153904129615,0.2,0.1,0.2,0.2,0.12256557130323022,,,,,,NORMAL,True,True,True,True,False,False,False,True,False,1,3,1,2.0
560daf82bc922541bd91731f,Module_12_CrossDomain,sklearn.datasets.load_breast_cancer,71aa3180a9c8c9abf1e45ef91d8c1dac2592948b3fa58a7da1cc3e16bef8c2df,bc_classifier_v1,breast_cancer_wisconsin,classification_breast_cancer,42,unit_9,1,3,2026-09-02T20:45:00Z,1.0.0,8e7fd68470057c99,0.395153904129615,0.2,0.1,0.2,0.2,0.12256557130323022,,,,,,NORMAL,True,True,True,True,False,False,False,True,False,1,3,1,2.0
c8a93cf4fe4a766b8bceb025,Module_12_CrossDomain,sklearn.datasets.load_breast_cancer,71aa3180a9c8c9abf1e45ef91d8c1dac2592948b3fa58a7da1cc3e16bef8c2df,bc_classifier_v1,breast_cancer_wisconsin,classification_breast_cancer,42,unit_9,1,5,2026-09-02T20:45:00Z,1.0.0,8e7fd68470057c99,0.395153904129615,0.2,0.1,0.2,0.2,0.12256557130323022,,,,,,NORMAL,True,True,True,True,False,False,False,True,False,1,3,1,2.0
a6221e9b46dab2f5e538157c,Module_12_CrossDomain,sklearn.datasets.load_breast_cancer,71aa3180a9c8c9abf1e45ef91d8c1dac2592948b3fa58a7da1cc3e16bef8c2df,bc_classifier_v1,breast_cancer_wisconsin,classification_breast_cancer,42,unit_9,2,1,2026-09-02T20:45:00Z,1.0.0,8e7fd68470057c99,0.08925575879695835,0.2,0.1,0.2,0.2,0.04986618279474089,,,,,,NORMAL,True,True,True,True,False,False,False,True,False,1,3,1,1.0
17f2a11e5172b2504467ba2e,Module_12_CrossDomain,sklearn.datasets.load_breast_cancer,71aa3180a9c8c9abf1e45ef91d8c1dac2592948b3fa58a7da1cc3e16bef8c2df,bc_classifier_v1,breast_cancer_wisconsin,classification_breast_cancer,42,unit_9,2,2,2026-09-02T20:45:00Z,1.0.0,8e7fd68470057c99,0.08925575879695835,0.2,0.1,0.2,0.2,0.04986618279474089,,,,,,NORMAL,True,True,True,True,False,False,False,True,False,1,3,1,1.0
ecbfbc02195b9405253451c9,Module_12_CrossDomain,sklearn.datasets.load_breast_cancer,71aa3180a9c8c9abf1e45ef91d8c1dac2592948b3fa58a7da1cc3e16bef8c2df,bc_classifier_v1,breast_cancer_wisconsin,classification_breast_cancer,42,unit_9,2,3,2026-09-02T20:45:00Z,1.0.0,8e7fd68470057c99,0.08925575879695835,0.2,0.1,0.2,0.2,0.04986618279474089,,,,,,NORMAL,True,True,True,True,False,False,False,True,False,1,3,1,1.0
f441ea457ea3eb4b73fc7d30,Module_12_CrossDomain,sklearn.datasets.load_breast_cancer,71aa3180a9c8c9abf1e45ef91d8c1dac2592948b3fa58a7da1cc3e16bef8c2df,bc_classifier_v1,breast_cancer_wisconsin,classification_breast_cancer,42,unit_9,2,5,2026-09-02T20:45:00Z,1.0.0,8e7fd68470057c99,0.08925575879695835,0.2,0.1,0.2,0.2,0.04986618279474089,,,,,,NORMAL,True,True,True,True,False,False,False,True,False,1,3,1,1.0
875bbc8e85bf7c3d8c2c0175,Module_12_CrossDomain,sklearn.datasets.load_breast_cancer,71aa3180a9c8c9abf1e45ef91d8c1dac2592948b3fa58a7da1cc3e16bef8c2df,bc_classifier_v1,breast_cancer_wisconsin,classification_breast_cancer,42,unit_9,3,1,2026-09-02T20:45:00Z,1.0.0,8e7fd68470057c99,0.15421419361066624,0.2,0.1,0.2,0.2,0.04087313550701917,,,,,,NORMAL,True,True,True,True,False,False,False,True,False,1,3,0,0.0
5634b83785f661ee4ed54c5f,Module_12_CrossDomain,sklearn.datasets.load_breast_cancer,71aa3180a9c8c9abf1e45ef91d8c1dac2592948b3fa58a7da1cc3e16bef8c2df,bc_classifier_v1,breast_cancer_wisconsin,classification_breast_cancer,42,unit_9,3,2,2026-09-02T20:45:00Z,1.0.0,8e7fd68470057c99,0.15421419361066624,0.2,0.1,0.2,0.2,0.04087313550701917,,,,,,NORMAL,True,True,True,True,False,False,False,True,False,1,3,1,0.0
0067b819b479d03018cee5ac,Module_12_CrossDomain,sklearn.datasets.load_breast_cancer,71aa3180a9c8c9abf1e45ef91d8c1dac2592948b3fa58a7da1cc3e16bef8c2df,bc_classifier_v1,breast_cancer_wisconsin,classification_breast_cancer,42,unit_9,3,3,2026-09-02T20:45:00Z,1.0.0,8e7fd68470057c99,0.15421419361066624,0.2,0.1,0.2,0.2,0.04087313550701917,,,,,,NORMAL,True,True,True,True,False,False,False,True,False,1,3,1,0.0
d3c53d487d9bde6cb8448f9c,Module_12_CrossDomain,sklearn.datasets.load_breast_cancer,71aa3180a9c8c9abf1e45ef91d8c1dac2592948b3fa58a7da1cc3e16bef8c2df,bc_classifier_v1,breast_cancer_wisconsin,classification_breast_cancer,42,unit_9,3,5,2026-09-02T20:45:00Z,1.0.0,8e7fd68470057c99,0.15421419361066624,0.2,0.1,0.2,0.2,0.04087313550701917,,,,,,NORMAL,True,True,True,True,False,False,False,True,False,1,3,1,0.0
a56f9da503d47b4ada8d87bc,Module_12_CrossDomain,sklearn.datasets.load_breast_cancer,71aa3180a9c8c9abf1e45ef91d8c1dac2592948b3fa58a7da1cc3e16bef8c2df,bc_classifier_v1,breast_cancer_wisconsin,classification_breast_cancer,42,unit_9,4,1,2026-09-02T20:45:00Z,1.0.0,8e7fd68470057c99,0.06541953968012797,0.2,0.1,0.2,0.2,0.057064981026353635,,,,,,NORMAL,True,True,True,True,False,False,False,True,False,1,3,1,
35ceeafcc254706164c59d3e,Module_12_CrossDomain,sklearn.datasets.load_breast_cancer,71aa3180a9c8c9abf1e45ef91d8c1dac2592948b3fa58a7da1cc3e16bef8c2df,bc_classifier_v1,breast_cancer_wisconsin,classification_breast_cancer,42,unit_9,4,2,2026-09-02T20:45:00Z,1.0.0,8e7fd68470057c99,0.06541953968012797,0.2,0.1,0.2,0.2,0.057064981026353635,,,,,,NORMAL,True,True,True,True,False,False,False,True,False,1,3,1,
48c06fdf5f81aeadfdc111ab,Module_12_CrossDomain,sklearn.datasets.load_breast_cancer,71aa3180a9c8c9abf1e45ef91d8c1dac2592948b3fa58a7da1cc3e16bef8c2df,bc_classifier_v1,breast_cancer_wisconsin,classification_breast_cancer,42,unit_9,4,3,2026-09-02T20:45:00Z,1.0.0,8e7fd68470057c99,0.06541953968012797,0.2,0.1,0.2,0.2,0.057064981026353635,,,,,,NORMAL,True,True,True,True,False,False,False,True,False,1,3,1,
d2a2fd5ef76c3de0568036fb,Module_12_CrossDomain,sklearn.datasets.load_breast_cancer,71aa3180a9c8c9abf1e45ef91d8c1dac2592948b3fa58a7da1cc3e16bef8c2df,bc_classifier_v1,breast_cancer_wisconsin,classification_breast_cancer,42,unit_9,4,5,2026-09-02T20:45:00Z,1.0.0,8e7fd68470057c99,0.06541953968012797,0.2,0.1,0.2,0.2,0.057064981026353635,,,,,,NORMAL,True,True,True,True,False,False,False,True,False,1,3,1,
8d7bc1a183e0cab4833e393d,Module_12_CrossDomain,sklearn.datasets.load_breast_cancer,71aa3180a9c8c9abf1e45ef91d8c1dac2592948b3fa58a7da1cc3e16bef8c2df,bc_classifier_v1,breast_cancer_wisconsin,classification_breast_cancer,42,unit_9,5,1,2026-09-02T20:45:00Z,1.0.0,8e7fd68470057c99,0.2296955541472958,0.2,0.1,0.2,0.2,0.05548048976561151,,,,,,NORMAL,True,True,True,True,False,False,False,True,False,1,3,0,
d9f5aed1951a4bf8feac483c,Module_12_CrossDomain,sklearn.datasets.load_breast_cancer,71aa3180a9c8c9abf1e45ef91d8c1dac2592948b3fa58a7da1cc3e16bef8c2df,bc_classifier_v1,breast_cancer_wisconsin,classification_breast_cancer,42,unit_9,5,2,2026-09-02T20:45:00Z,1.0.0,8e7fd68470057c99,0.2296955541472958,0.2,0.1,0.2,0.2,0.05548048976561151,,,,,,NORMAL,True,True,True,True,False,False,False,True,False,1,3,1,
814afe83334901acb27d6572,Module_12_CrossDomain,sklearn.datasets.load_breast_cancer,71aa3180a9c8c9abf1e45ef91d8c1dac2592948b3fa58a7da1cc3e16bef8c2df,bc_classifier_v1,breast_cancer_wisconsin,classification_breast_cancer,42,unit_9,5,3,2026-09-02T20:45:00Z,1.0.0,8e7fd68470057c99,0.2296955541472958,0.2,0.1,0.2,0.2,0.05548048976561151,,,,,,NORMAL,True,True,True,True,False,False,False,True,False,1,3,1,
580c78f18f90902a393c9548,Module_12_CrossDomain,sklearn.datasets.load_breast_cancer,71aa3180a9c8c9abf1e45ef91d8c1dac2592948b3fa58a7da1cc3e16bef8c2df,bc_classifier_v1,breast_cancer_wisconsin,classification_breast_cancer,42,unit_9,5,5,2026-09-02T20:45:00Z,1.0.0,8e7fd68470057c99,0.2296955541472958,0.2,0.1,0.2,0.2,0.05548048976561151,,,,,,NORMAL,True,True,True,True,False,False,False,True,False,1,3,1,
bb17b752843410f1ae5f0a8c,Module_12_CrossDomain,sklearn.datasets.load_breast_cancer,71aa3180a9c8c9abf1e45ef91d8c1dac2592948b3fa58a7da1cc3e16bef8c2df,bc_classifier_v1,breast_cancer_wisconsin,classification_breast_cancer,42,unit_9,6,1,2026-09-02T20:45:00Z,1.0.0,8e7fd68470057c99,0.2373808347372614,0.2,0.1,0.2,0.2,0.05799503863718878,,,,,,NORMAL,True,True,True,True,False,False,False,True,False,1,3,1,
6598b6aeab625752b5079e52,Module_12_CrossDomain,sklearn.datasets.load_breast_cancer,71aa3180a9c8c9abf1e45ef91d8c1dac2592948b3fa58a7da1cc3e16bef8c2df,bc_classifier_v1,breast_cancer_wisconsin,classification_breast_cancer,42,unit_9,6,2,2026-09-02T20:45:00Z,1.0.0,8e7fd68470057c99,0.2373808347372614,0.2,0.1,0.2,0.2,0.05799503863718878,,,,,,NORMAL,True,True,True,True,False,False,False,True,False,1,3,1,
3d09674b89c8a7c52c07550e,Module_12_CrossDomain,sklearn.datasets.load_breast_cancer,71aa3180a9c8c9abf1e45ef91d8c1dac2592948b3fa58a7da1cc3e16bef8c2df,bc_classifier_v1,breast_cancer_wisconsin,classification_breast_cancer,42,unit_9,6,3,2026-09-02T20:45:00Z,1.0.0,8e7fd68470057c99,0.2373808347372614,0.2,0.1,0.2,0.2,0.05799503863718878,,,,,,NORMAL,True,True,True,True,False,False,False,True,False,1,3,1,
4fe7616cdc0699ed8212bc60,Module_12_CrossDomain,sklearn.datasets.load_breast_cancer,71aa3180a9c8c9abf1e45ef91d8c1dac2592948b3fa58a7da1cc3e16bef8c2df,bc_classifier_v1,breast_cancer_wisconsin,classification_breast_cancer,42,unit_9,6,5,2026-09-02T20:45:00Z,1.0.0,8e7fd68470057c99,0.2373808347372614,0.2,0.1,0.2,0.2,0.05799503863718878,,,,,,NORMAL,True,True,True,True,False,False,False,True,False,1,3,1,
f166e44f378a2bbb8115e991,Module_12_CrossDomain,sklearn.datasets.load_breast_cancer,71aa3180a9c8c9abf1e45ef91d8c1dac2592948b3fa58a7da1cc3e16bef8c2df,bc_classifier_v1,breast_cancer_wisconsin,classification_breast_cancer,42,unit_9,7,1,2026-09-02T20:45:00Z,1.0.0,8e7fd68470057c99,0.1371883228129302,0.2,0.1,0.2,0.2,0.041269141208375285,,,,,,NORMAL,True,True,True,True,False,False,False,True,False,1,3,1,
a994950942c924540f605fbd,Module_12_CrossDomain,sklearn.datasets.load_breast_cancer,71aa3180a9c8c9abf1e45ef91d8c1dac2592948b3fa58a7da1cc3e16bef8c2df,bc_classifier_v1,breast_cancer_wisconsin,classification_breast_cancer,42,unit_9,7,2,2026-09-02T20:45:00Z,1.0.0,8e7fd68470057c99,0.1371883228129302,0.2,0.1,0.2,0.2,0.041269141208375285,,,,,,NORMAL,True,True,True,True,False,False,False,True,False,1,3,1,
45f06576cf34c7cc9afb6ab9,Module_12_CrossDomain,sklearn.datasets.load_breast_cancer,71aa3180a9c8c9abf1e45ef91d8c1dac2592948b3fa58a7da1cc3e16bef8c2df,bc_classifier_v1,breast_cancer_wisconsin,classification_breast_cancer,42,unit_9,7,3,2026-09-02T20:45:00Z,1.0.0,8e7fd68470057c99,0.1371883228129302,0.2,0.1,0.2,0.2,0.041269141208375285,,,,,,NORMAL,True,True,True,True,False,False,False,True,False,1,3,1,
a96ffdc42662c847536ee6db,Module_12_CrossDomain,sklearn.datasets.load_breast_cancer,71aa3180a9c8c9abf1e45ef91d8c1dac2592948b3fa58a7da1cc3e16bef8c2df,bc_classifier_v1,breast_cancer_wisconsin,classification_breast_cancer,42,unit_9,7,5,2026-09-02T20:45:00Z,1.0.0,8e7fd68470057c99,0.1371883228129302,0.2,0.1,0.2,0.2,0.041269141208375285,,,,,,NORMAL,True,True,True,True,False,False,False,True,False,1,3,1,
53797cacdc767b79dbeb98fe,Module_12_CrossDomain,sklearn.datasets.load_breast_cancer,71aa3180a9c8c9abf1e45ef91d8c1dac2592948b3fa58a7da1cc3e16bef8c2df,bc_classifier_v1,breast_cancer_wisconsin,classification_breast_cancer,42,unit_9,8,1,2026-09-02T20:45:00Z,1.0.0,8e7fd68470057c99,0.13151303254701824,0.2,0.1,0.2,0.2,0.041744641613844974,,,,,,NORMAL,True,True,True,True,False,False,False,True,False,1,3,1,
529db9d6e9b789138f6d53e0,Module_12_CrossDomain,sklearn.datasets.load_breast_cancer,71aa3180a9c8c9abf1e45ef91d8c1dac2592948b3fa58a7da1cc3e16bef8c2df,bc_classifier_v1,breast_cancer_wisconsin,classification_breast_cancer,42,unit_9,8,2,2026-09-02T20:45:00Z,1.0.0,8e7fd68470057c99,0.13151303254701824,0.2,0.1,0.2,0.2,0.041744641613844974,,,,,,NORMAL,True,True,True,True,False,False,False,True,False,1,3,1,
90d93ec722b1a94f9c95c99e,Module_12_CrossDomain,sklearn.datasets.load_breast_cancer,71aa3180a9c8c9abf1e45ef91d8c1dac2592948b3fa58a7da1cc3e16bef8c2df,bc_classifier_v1,breast_cancer_wisconsin,classification_breast_cancer,42,unit_9,8,3,2026-09-02T20:45:00Z,1.0.0,8e7fd68470057c99,0.13151303254701824,0.2,0.1,0.2,0.2,0.041744641613844974,,,,,,NORMAL,True,True,True,True,False,False,False,True,False,1,3,1,
19de9a8a7b3155bb3f07e78c,Module_12_CrossDomain,sklearn.datasets.load_breast_cancer,71aa3180a9c8c9abf1e45ef91d8c1dac2592948b3fa58a7da1cc3e16bef8c2df,bc_classifier_v1,breast_cancer_wisconsin,classification_breast_cancer,42,unit_9,8,5,2026-09-02T20:45:00Z,1.0.0,8e7fd68470057c99,0.13151303254701824,0.2,0.1,0.2,0.2,0.041744641613844974,,,,,,NORMAL,True,True,True,True,False,False,False,True,False,1,3,1,
c6d3f9bd4e1a6eee56046b36,Module_12_CrossDomain,sklearn.datasets.load_breast_cancer,71aa3180a9c8c9abf1e45ef91d8c1dac2592948b3fa58a7da1cc3e16bef8c2df,bc_classifier_v1,breast_cancer_wisconsin,classification_breast_cancer,42,unit_9,9,1,2026-09-02T20:45:00Z,1.0.0,8e7fd68470057c99,0.10370411024404944,0.2,0.1,0.2,0.2,0.04629209053702162,,,,,,NORMAL,True,True,True,True,False,False,False,True,False,1,3,0,
f7c044dc093e1dd3ace9eee4,Module_12_CrossDomain,sklearn.datasets.load_breast_cancer,71aa3180a9c8c9abf1e45ef91d8c1dac2592948b3fa58a7da1cc3e16bef8c2df,bc_classifier_v1,breast_cancer_wisconsin,classification_breast_cancer,42,unit_9,9,2,2026-09-02T20:45:00Z,1.0.0,8e7fd68470057c99,0.10370411024404944,0.2,0.1,0.2,0.2,0.04629209053702162,,,,,,NORMAL,True,True,True,True,False,False,False,True,False,1,3,1,
84163b589e594dac8f1c7c88,Module_12_CrossDomain,sklearn.datasets.load_breast_cancer,71aa3180a9c8c9abf1e45ef91d8c1dac2592948b3fa58a7da1cc3e16bef8c2df,bc_classifier_v1,breast_cancer_wisconsin,classification_breast_cancer,42,unit_9,9,3,2026-09-02T20:45:00Z,1.0.0,8e7fd68470057c99,0.10370411024404944,0.2,0.1,0.2,0.2,0.04629209053702162,,,,,,NORMAL,True,True,True,True,False,False,False,True,False,1,3,1,
3260efc439dee85c0f99fd36,Module_12_CrossDomain,sklearn.datasets.load_breast_cancer,71aa3180a9c8c9abf1e45ef91d8c1dac2592948b3fa58a7da1cc3e16bef8c2df,bc_classifier_v1,breast_cancer_wisconsin,classification_breast_cancer,42,unit_9,9,5,2026-09-02T20:45:00Z,1.0.0,8e7fd68470057c99,0.10370411024404944,0.2,0.1,0.2,0.2,0.04629209053702162,,,,,,NORMAL,True,True,True,True,False,False,False,True,False,1,3,1,
b69de1e3129941d2b638758e,Module_12_CrossDomain,sklearn.datasets.load_breast_cancer,71aa3180a9c8c9abf1e45ef91d8c1dac2592948b3fa58a7da1cc3e16bef8c2df,bc_classifier_v1,breast_cancer_wisconsin,classification_breast_cancer,42,unit_9,10,1,2026-09-02T20:45:00Z,1.0.0,8e7fd68470057c99,0.005261462861460882,0.2,0.1,0.2,0.2,0.07951134668573238,,,,,,NORMAL,True,True,True,True,False,False,False,True,False,1,3,1,
b47d5cdc2cb2ce901609f190,Module_12_CrossDomain,sklearn.datasets.load_breast_cancer,71aa3180a9c8c9abf1e45ef91d8c1dac2592948b3fa58a7da1cc3e16bef8c2df,bc_classifier_v1,breast_cancer_wisconsin,classification_breast_cancer,42,unit_9,10,2,2026-09-02T20:45:00Z,1.0.0,8e7fd68470057c99,0.005261462861460882,0.2,0.1,0.2,0.2,0.07951134668573238,,,,,,NORMAL,True,True,True,True,False,False,False,True,False,1,3,1,
27b8fae515b0b76c1bf14acf,Module_12_CrossDomain,sklearn.datasets.load_breast_cancer,71aa3180a9c8c9abf1e45ef91d8c1dac2592948b3fa58a7da1cc3e16bef8c2df,bc_classifier_v1,breast_cancer_wisconsin,classification_breast_cancer,42,unit_9,10,3,2026-09-02T20:45:00Z,1.0.0,8e7fd68470057c99,0.005261462861460882,0.2,0.1,0.2,0.2,0.07951134668573238,,,,,,NORMAL,True,True,True,True,False,False,False,True,False,1,3,1,
1cb0cea82d855aad2f6f2dd3,Module_12_CrossDomain,sklearn.datasets.load_breast_cancer,71aa3180a9c8c9abf1e45ef91d8c1dac2592948b3fa58a7da1cc3e16bef8c2df,bc_classifier_v1,breast_cancer_wisconsin,classification_breast_cancer,42,unit_9,10,5,2026-09-02T20:45:00Z,1.0.0,8e7fd68470057c99,0.005261462861460882,0.2,0.1,0.2,0.2,0.07951134668573238,,,,,,NORMAL,True,True,True,True,False,False,False,True,False,1,3,1,
bd9f71bbbeffbdebb97bf1fa,Module_12_CrossDomain,sklearn.datasets.load_breast_cancer,71aa3180a9c8c9abf1e45ef91d8c1dac2592948b3fa58a7da1cc3e16bef8c2df,bc_classifier_v1,breast_cancer_wisconsin,classification_breast_cancer,42,unit_9,11,1,2026-09-02T20:45:00Z,1.0.0,8e7fd68470057c99,0.07703024599426313,0.2,0.1,0.2,0.2,0.053384527512208284,,,,,,NORMAL,True,True,True,True,False,False,False,True,False,1,3,1,
96b948f7a80bb31eae7876ef,Module_12_CrossDomain,sklearn.datasets.load_breast_cancer,71aa3180a9c8c9abf1e45ef91d8c1dac2592948b3fa58a7da1cc3e16bef8c2df,bc_classifier_v1,breast_cancer_wisconsin,classification_breast_cancer,42,unit_9,11,2,2026-09-02T20:45:00Z,1.0.0,8e7fd68470057c99,0.07703024599426313,0.2,0.1,0.2,0.2,0.053384527512208284,,,,,,NORMAL,True,True,True,True,False,False,False,True,False,1,3,1,
02a3bd450031b305008acab1,Module_12_CrossDomain,sklearn.datasets.load_breast_cancer,71aa3180a9c8c9abf1e45ef91d8c1dac2592948b3fa58a7da1cc3e16bef8c2df,bc_classifier_v1,breast_cancer_wisconsin,classification_breast_cancer,42,unit_9,11,3,2026-09-02T20:45:00Z,1.0.0,8e7fd68470057c99,0.07703024599426313,0.2,0.1,0.2,0.2,0.053384527512208284,,,,,,NORMAL,True,True,True,True,False,False,False,True,False,1,3,1,
c021871d0b06e96fa88ed5bf,Module_12_CrossDomain,sklearn.datasets.load_breast_cancer,71aa3180a9c8c9abf1e45ef91d8c1dac2592948b3fa58a7da1cc3e16bef8c2df,bc_classifier_v1,breast_cancer_wisconsin,classification_breast_cancer,42,unit_9,11,5,2026-09-02T20:45:00Z,1.0.0,8e7fd68470057c99,0.07703024599426313,0.2,0.1,0.2,0.2,0.053384527512208284,,,,,,NORMAL,True,True,True,True,False,False,False,True,False,1,3,1,
a017220df29fc9ba02940e42,Module_12_CrossDomain,sklearn.datasets.load_breast_cancer,71aa3180a9c8c9abf1e45ef91d8c1dac2592948b3fa58a7da1cc3e16bef8c2df,bc_classifier_v1,breast_cancer_wisconsin,classification_breast_cancer,42,unit_9,12,1,2026-09-02T20:45:00Z,1.0.0,8e7fd68470057c99,0.25012659910457896,0.2,0.1,0.2,0.2,0.06240608205446552,,,,,,NORMAL,True,True,True,True,False,False,False,True,False,1,3,0,
06f405cd65bf3b4f8f27d3f6,Module_12_CrossDomain,sklearn.datasets.load_breast_cancer,71aa3180a9c8c9abf1e45ef91d8c1dac2592948b3fa58a7da1cc3e16bef8c2df,bc_classifier_v1,breast_cancer_wisconsin,classification_breast_cancer,42,unit_9,12,2,2026-09-02T20:45:00Z,1.0.0,8e7fd68470057c99,0.25012659910457896,0.2,0.1,0.2,0.2,0.06240608205446552,,,,,,NORMAL,True,True,True,True,False,False,False,True,False,1,3,0,
c119381e0d65b45337e2dd2e,Module_12_CrossDomain,sklearn.datasets.load_breast_cancer,71aa3180a9c8c9abf1e45ef91d8c1dac2592948b3fa58a7da1cc3e16bef8c2df,bc_classifier_v1,breast_cancer_wisconsin,classification_breast_cancer,42,unit_9,12,3,2026-09-02T20:45:00Z,1.0.0,8e7fd68470057c99,0.25012659910457896,0.2,0.1,0.2,0.2,0.06240608205446552,,,,,,NORMAL,True,True,True,True,False,False,False,True,False,1,3,1,
ffa2459989c96ed335322904,Module_12_CrossDomain,sklearn.datasets.load_breast_cancer,71aa3180a9c8c9abf1e45ef91d8c1dac2592948b3fa58a7da1cc3e16bef8c2df,bc_classifier_v1,breast_cancer_wisconsin,classification_breast_cancer,42,unit_9,12,5,2026-09-02T20:45:00Z,1.0.0,8e7fd68470057c99,0.25012659910457896,0.2,0.1,0.2,0.2,0.06240608205446552,,,,,,NORMAL,True,True,True,True,False,False,False,True,False,1,3,1,
538010bd61998019162fc68b,Module_12_CrossDomain,sklearn.datasets.load_breast_cancer,71aa3180a9c8c9abf1e45ef91d8c1dac2592948b3fa58a7da1cc3e16bef8c2df,bc_classifier_v1,breast_cancer_wisconsin,classification_breast_cancer,42,unit_9,13,1,2026-09-02T20:45:00Z,1.0.0,8e7fd68470057c99,0.1014339941376847,0.2,0.1,0.2,0.2,0.04680611765670154,,,,,,NORMAL,True,True,True,True,False,False,False,True,False,1,3,0,
aa60ed9f9112b05b89aea0fe,Module_12_CrossDomain,sklearn.datasets.load_breast_cancer,71aa3180a9c8c9abf1e45ef91d8c1dac2592948b3fa58a7da1cc3e16bef8c2df,bc_classifier_v1,breast_cancer_wisconsin,classification_breast_cancer,42,unit_9,13,2,2026-09-02T20:45:00Z,1.0.0,8e7fd68470057c99,0.1014339941376847,0.2,0.1,0.2,0.2,0.04680611765670154,,,,,,NORMAL,True,True,True,True,False,False,False,True,False,1,3,1,
0e620de19d5d07b2d922acfe,Module_12_CrossDomain,sklearn.datasets.load_breast_cancer,71aa3180a9c8c9abf1e45ef91d8c1dac2592948b3fa58a7da1cc3e16bef8c2df,bc_classifier_v1,breast_cancer_wisconsin,classification_breast_cancer,42,unit_9,13,3,2026-09-02T20:45:00Z,1.0.0,8e7fd68470057c99,0.1014339941376847,0.2,0.1,0.2,0.2,0.04680611765670154,,,,,,NORMAL,True,True,True,True,False,False,False,True,False,1,3,1,
8f837f2d0add16f3046cfa8e,Module_12_CrossDomain,sklearn.datasets.load_breast_cancer,71aa3180a9c8c9abf1e45ef91d8c1dac2592948b3fa58a7da1cc3e16bef8c2df,bc_classifier_v1,breast_cancer_wisconsin,classification_breast_cancer,42,unit_9,13,5,2026-09-02T20:45:00Z,1.0.0,8e7fd68470057c99,0.1014339941376847,0.2,0.1,0.2,0.2,0.04680611765670154,,,,,,NORMAL,True,True,True,True,False,False,False,True,False,1,3,1,
2c8039359f374a6f760c0729,Module_12_CrossDomain,sklearn.datasets.load_breast_cancer,71aa3180a9c8c9abf1e45ef91d8c1dac2592948b3fa58a7da1cc3e16bef8c2df,bc_classifier_v1,breast_cancer_wisconsin,classification_breast_cancer,42,unit_9,14,1,2026-09-02T20:45:00Z,1.0.0,8e7fd68470057c99,0.041583320563297596,0.2,0.1,0.2,0.2,0.06541181745097864,,,,,,NORMAL,True,True,True,True,False,False,False,True,False,1,3,1,
377430650d43e255bb1f2cc5,Module_12_CrossDomain,sklearn.datasets.load_breast_cancer,71aa3180a9c8c9abf1e45ef91d8c1dac2592948b3fa58a7da1cc3e16bef8c2df,bc_classifier_v1,breast_cancer_wisconsin,classification_breast_cancer,42,unit_9,14,2,2026-09-02T20:45:00Z,1.0.0,8e7fd68470057c99,0.041583320563297596,0.2,0.1,0.2,0.2,0.06541181745097864,,,,,,NORMAL,True,True,True,True,False,False,False,True,False,1,3,1,
67d0b3447628f51f3f71b29a,Module_12_CrossDomain,sklearn.datasets.load_breast_cancer,71aa3180a9c8c9abf1e45ef91d8c1dac2592948b3fa58a7da1cc3e16bef8c2df,bc_classifier_v1,breast_cancer_wisconsin,classification_breast_cancer,42,unit_9,14,3,2026-09-02T20:45:00Z,1.0.0,8e7fd68470057c99,0.041583320563297596,0.2,0.1,0.2,0.2,0.06541181745097864,,,,,,NORMAL,True,True,True,True,False,False,False,True,False,1,3,1,
54d756529d769ce3e3f3c19b,Module_12_CrossDomain,sklearn.datasets.load_breast_cancer,71aa3180a9c8c9abf1e45ef91d8c1dac2592948b3fa58a7da1cc3e16bef8c2df,bc_classifier_v1,breast_cancer_wisconsin,classification_breast_cancer,42,unit_9,14,5,2026-09-02T20:45:00Z,1.0.0,8e7fd68470057c99,0.041583320563297596,0.2,0.1,0.2,0.2,0.06541181745097864,,,,,,NORMAL,True,True,True,True,False,False,False,True,False,1,3,1,
5994d2970f40c6217b38fe78,Module_12_CrossDomain,sklearn.datasets.load_breast_cancer,71aa3180a9c8c9abf1e45ef91d8c1dac2592948b3fa58a7da1cc3e16bef8c2df,bc_classifier_v1,breast_cancer_wisconsin,classification_breast_cancer,42,unit_9,15,1,2026-09-02T20:45:00Z,1.0.0,8e7fd68470057c99,0.06908483962198629,0.2,0.1,0.2,0.2,0.05587140628065224,,,,,,NORMAL,True,True,True,True,False,False,False,True,False,1,3,0,
9ef40fcee3160f1558f66ff8,Module_12_CrossDomain,sklearn.datasets.load_breast_cancer,71aa3180a9c8c9abf1e45ef91d8c1dac2592948b3fa58a7da1cc3e16bef8c2df,bc_classifier_v1,breast_cancer_wisconsin,classification_breast_cancer,42,unit_9,15,2,2026-09-02T20:45:00Z,1.0.0,8e7fd68470057c99,0.06908483962198629,0.2,0.1,0.2,0.2,0.05587140628065224,,,,,,NORMAL,True,True,True,True,False,False,False,True,False,1,3,0,
1205d8badefd2a20123d1307,Module_12_CrossDomain,sklearn.datasets.load_breast_cancer,71aa3180a9c8c9abf1e45ef91d8c1dac2592948b3fa58a7da1cc3e16bef8c2df,bc_classifier_v1,breast_cancer_wisconsin,classification_breast_cancer,42,unit_9,15,3,2026-09-02T20:45:00Z,1.0.0,8e7fd68470057c99,0.06908483962198629,0.2,0.1,0.2,0.2,0.05587140628065224,,,,,,NORMAL,True,True,True,True,False,False,False,True,False,1,3,0,
1a97c213c0873926386caf4c,Module_12_CrossDomain,sklearn.datasets.load_breast_cancer,71aa3180a9c8c9abf1e45ef91d8c1dac2592948b3fa58a7da1cc3e16bef8c2df,bc_classifier_v1,breast_cancer_wisconsin,classification_breast_cancer,42,unit_9,15,5,2026-09-02T20:45:00Z,1.0.0,8e7fd68470057c99,0.06908483962198629,0.2,0.1,0.2,0.2,0.05587140628065224,,,,,,NORMAL,True,True,True,True,False,False,False,True,False,1,3,0,
5467a2af6082f7b7d002925e,Module_12_CrossDomain,sklearn.datasets.load_breast_cancer,71aa3180a9c8c9abf1e45ef91d8c1dac2592948b3fa58a7da1cc3e16bef8c2df,bc_classifier_v1,breast_cancer_wisconsin,classification_breast_cancer,42,unit_9,16,1,2026-09-02T20:45:00Z,1.0.0,8e7fd68470057c99,0.02027734333514316,0.2,0.1,0.2,0.2,0.07352696807171931,,,,,,NORMAL,True,True,True,True,False,False,False,True,False,1,3,0,
47e40f3a13522c2e8f897a42,Module_12_CrossDomain,sklearn.datasets.load_breast_cancer,71aa3180a9c8c9abf1e45ef91d8c1dac2592948b3fa58a7da1cc3e16bef8c2df,bc_classifier_v1,breast_cancer_wisconsin,classification_breast_cancer,42,unit_9,16,2,2026-09-02T20:45:00Z,1.0.0,8e7fd68470057c99,0.02027734333514316,0.2,0.1,0.2,0.2,0.07352696807171931,,,,,,NORMAL,True,True,True,True,False,False,False,True,False,1,3,0,
a187c24fc4934df4180add2d,Module_12_CrossDomain,sklearn.datasets.load_breast_cancer,71aa3180a9c8c9abf1e45ef91d8c1dac2592948b3fa58a7da1cc3e16bef8c2df,bc_classifier_v1,breast_cancer_wisconsin,classification_breast_cancer,42,unit_9,16,3,2026-09-02T20:45:00Z,1.0.0,8e7fd68470057c99,0.02027734333514316,0.2,0.1,0.2,0.2,0.07352696807171931,,,,,,NORMAL,True,True,True,True,False,False,False,True,False,1,3,0,
ed1cd7b3f8347749a1370815,Module_12_CrossDomain,sklearn.datasets.load_breast_cancer,71aa3180a9c8c9abf1e45ef91d8c1dac2592948b3fa58a7da1cc3e16bef8c2df,bc_classifier_v1,breast_cancer_wisconsin,classification_breast_cancer,42,unit_9,16,5,2026-09-02T20:45:00Z,1.0.0,8e7fd68470057c99,0.02027734333514316,0.2,0.1,0.2,0.2,0.07352696807171931,,,,,,NORMAL,True,True,True,True,False,False,False,True,False,1,3,0,
362a4a8095c62c11d4e707d4,Module_12_CrossDomain,sklearn.datasets.load_breast_cancer,71aa3180a9c8c9abf1e45ef91d8c1dac2592948b3fa58a7da1cc3e16bef8c2df,bc_classifier_v1,breast_cancer_wisconsin,classification_breast_cancer,42,unit_9,17,1,2026-09-02T20:45:00Z,1.0.0,8e7fd68470057c99,0.22432766712566382,0.2,0.1,0.2,0.2,0.05379921953242958,,,,,,NORMAL,True,True,True,True,False,False,False,True,False,1,3,0,
afa9ca0b8ab0a31ec0da3e76,Module_12_CrossDomain,sklearn.datasets.load_breast_cancer,71aa3180a9c8c9abf1e45ef91d8c1dac2592948b3fa58a7da1cc3e16bef8c2df,bc_classifier_v1,breast_cancer_wisconsin,classification_breast_cancer,42,unit_9,17,2,2026-09-02T20:45:00Z,1.0.0,8e7fd68470057c99,0.22432766712566382,0.2,0.1,0.2,0.2,0.05379921953242958,,,,,,NORMAL,True,True,True,True,False,False,False,True,False,1,3,0,
222265c2487f46eb0ba790db,Module_12_CrossDomain,sklearn.datasets.load_breast_cancer,71aa3180a9c8c9abf1e45ef91d8c1dac2592948b3fa58a7da1cc3e16bef8c2df,bc_classifier_v1,breast_cancer_wisconsin,classification_breast_cancer,42,unit_9,17,3,2026-09-02T20:45:00Z,1.0.0,8e7fd68470057c99,0.22432766712566382,0.2,0.1,0.2,0.2,0.05379921953242958,,,,,,NORMAL,True,True,True,True,False,False,False,True,False,1,3,0,
9910edf65aa446d8eded3fa4,Module_12_CrossDomain,sklearn.datasets.load_breast_cancer,71aa3180a9c8c9abf1e45ef91d8c1dac2592948b3fa58a7da1cc3e16bef8c2df,bc_classifier_v1,breast_cancer_wisconsin,classification_breast_cancer,42,unit_9,17,5,2026-09-02T20:45:00Z,1.0.0,8e7fd68470057c99,0.22432766712566382,0.2,0.1,0.2,0.2,0.05379921953242958,,,,,,NORMAL,True,True,True,True,False,False,False,True,False,1,3,0,
18e7d96d95641f9ceb6ba97e,Module_12_CrossDomain,sklearn.datasets.load_breast_cancer,71aa3180a9c8c9abf1e45ef91d8c1dac2592948b3fa58a7da1cc3e16bef8c2df,bc_classifier_v1,breast_cancer_wisconsin,classification_breast_cancer,42,unit_9,18,1,2026-09-02T20:45:00Z,1.0.0,8e7fd68470057c99,0.28675586005069587,0.2,0.1,0.2,0.2,0.07630664054138628,,,,,,NORMAL,True,True,True,True,False,False,False,True,False,1,3,0,
104b43cb70b1fc8fbfc7bddf,Module_12_CrossDomain,sklearn.datasets.load_breast_cancer,71aa3180a9c8c9abf1e45ef91d8c1dac2592948b3fa58a7da1cc3e16bef8c2df,bc_classifier_v1,breast_cancer_wisconsin,classification_breast_cancer,42,unit_9,18,2,2026-09-02T20:45:00Z,1.0.0,8e7fd68470057c99,0.28675586005069587,0.2,0.1,0.2,0.2,0.07630664054138628,,,,,,NORMAL,True,True,True,True,False,False,False,True,False,1,3,0,
bb10b9e7eceabacd18b344f5,Module_12_CrossDomain,sklearn.datasets.load_breast_cancer,71aa3180a9c8c9abf1e45ef91d8c1dac2592948b3fa58a7da1cc3e16bef8c2df,bc_classifier_v1,breast_cancer_wisconsin,classification_breast_cancer,42,unit_9,18,3,2026-09-02T20:45:00Z,1.0.0,8e7fd68470057c99,0.28675586005069587,0.2,0.1,0.2,0.2,0.07630664054138628,,,,,,NORMAL,True,True,True,True,False,False,False,True,False,1,3,0,
b61a0bfdcdb0e238137001f7,Module_12_CrossDomain,sklearn.datasets.load_breast_cancer,71aa3180a9c8c9abf1e45ef91d8c1dac2592948b3fa58a7da1cc3e16bef8c2df,bc_classifier_v1,breast_cancer_wisconsin,classification_breast_cancer,42,unit_9,18,5,2026-09-02T20:45:00Z,1.0.0,8e7fd68470057c99,0.28675586005069587,0.2,0.1,0.2,0.2,0.07630664054138628,,,,,,NORMAL,True,True,True,True,False,False,False,True,False,1,3,0,
b8d20bd7a4eb53e429ccb5a6,Module_12_CrossDomain,sklearn.datasets.load_breast_cancer,71aa3180a9c8c9abf1e45ef91d8c1dac2592948b3fa58a7da1cc3e16bef8c2df,bc_classifier_v1,breast_cancer_wisconsin,classification_breast_cancer,42,unit_9,19,1,2026-09-02T20:45:00Z,1.0.0,8e7fd68470057c99,0.018314630473058396,0.2,0.1,0.2,0.2,0.07429825263003934,,,,,,NORMAL,True,True,True,True,False,False,False,True,False,1,3,0,
d586f69deeae00b00b8fc9a0,Module_12_CrossDomain,sklearn.datasets.load_breast_cancer,71aa3180a9c8c9abf1e45ef91d8c1dac2592948b3fa58a7da1cc3e16bef8c2df,bc_classifier_v1,breast_cancer_wisconsin,classification_breast_cancer,42,unit_9,19,2,2026-09-02T20:45:00Z,1.0.0,8e7fd68470057c99,0.018314630473058396,0.2,0.1,0.2,0.2,0.07429825263003934,,,,,,NORMAL,True,True,True,True,False,False,False,True,False,1,3,0,
ca03178e7acd4bfa6491e4ca,Module_12_CrossDomain,sklearn.datasets.load_breast_cancer,71aa3180a9c8c9abf1e45ef91d8c1dac2592948b3fa58a7da1cc3e16bef8c2df,bc_classifier_v1,breast_cancer_wisconsin,classification_breast_cancer,42,unit_9,19,3,2026-09-02T20:45:00Z,1.0.0,8e7fd68470057c99,0.018314630473058396,0.2,0.1,0.2,0.2,0.07429825263003934,,,,,,NORMAL,True,True,True,True,False,False,False,True,False,1,3,0,
51546242703521455189e476,Module_12_CrossDomain,sklearn.datasets.load_breast_cancer,71aa3180a9c8c9abf1e45ef91d8c1dac2592948b3fa58a7da1cc3e16bef8c2df,bc_classifier_v1,breast_cancer_wisconsin,classification_breast_cancer,42,unit_9,19,5,2026-09-02T20:45:00Z,1.0.0,8e7fd68470057c99,0.018314630473058396,0.2,0.1,0.2,0.2,0.07429825263003934,,,,,,NORMAL,True,True,True,True,False,False,False,True,False,1,3,0,
f94963c19a52bd0cb4fdc1ed,Module_12_CrossDomain,sklearn.datasets.load_breast_cancer,71aa3180a9c8c9abf1e45ef91d8c1dac2592948b3fa58a7da1cc3e16bef8c2df,bc_classifier_v1,breast_cancer_wisconsin,classification_breast_cancer,42,unit_10,0,1,2026-09-02T20:45:00Z,1.0.0,8e7fd68470057c99,0.10767681343018787,0.2,0.1,0.2,0.2,0.04543921977377675,,,,,,NORMAL,True,True,True,True,False,False,False,True,False,1,0,0,0.0
b1173f0a86087da46922deef,Module_12_CrossDomain,sklearn.datasets.load_breast_cancer,71aa3180a9c8c9abf1e45ef91d8c1dac2592948b3fa58a7da1cc3e16bef8c2df,bc_classifier_v1,breast_cancer_wisconsin,classification_breast_cancer,42,unit_10,0,2,2026-09-02T20:45:00Z,1.0.0,8e7fd68470057c99,0.10767681343018787,0.2,0.1,0.2,0.2,0.04543921977377675,,,,,,NORMAL,True,True,True,True,False,False,False,True,False,1,0,0,0.0
890e2642d659f72b85961996,Module_12_CrossDomain,sklearn.datasets.load_breast_cancer,71aa3180a9c8c9abf1e45ef91d8c1dac2592948b3fa58a7da1cc3e16bef8c2df,bc_classifier_v1,breast_cancer_wisconsin,classification_breast_cancer,42,unit_10,0,3,2026-09-02T20:45:00Z,1.0.0,8e7fd68470057c99,0.10767681343018787,0.2,0.1,0.2,0.2,0.04543921977377675,,,,,,NORMAL,True,True,True,True,False,False,False,True,False,1,0,0,0.0
6079e5f4747bce2d4604bb2b,Module_12_CrossDomain,sklearn.datasets.load_breast_cancer,71aa3180a9c8c9abf1e45ef91d8c1dac2592948b3fa58a7da1cc3e16bef8c2df,bc_classifier_v1,breast_cancer_wisconsin,classification_breast_cancer,42,unit_10,0,5,2026-09-02T20:45:00Z,1.0.0,8e7fd68470057c99,0.10767681343018787,0.2,0.1,0.2,0.2,0.04543921977377675,,,,,,NORMAL,True,True,True,True,False,False,False,True,False,1,0,1,0.0
b69cc168c989b0f419a0671c,Module_12_CrossDomain,sklearn.datasets.load_breast_cancer,71aa3180a9c8c9abf1e45ef91d8c1dac2592948b3fa58a7da1cc3e16bef8c2df,bc_classifier_v1,breast_cancer_wisconsin,classification_breast_cancer,42,unit_10,1,1,2026-09-02T20:45:00Z,1.0.0,8e7fd68470057c99,0.19368109968973907,0.2,0.1,0.2,0.2,0.04572390201611048,,,,,,NORMAL,True,True,True,True,False,False,False,True,False,1,0,0,
c5dc7fef682841839b17b57c,Module_12_CrossDomain,sklearn.datasets.load_breast_cancer,71aa3180a9c8c9abf1e45ef91d8c1dac2592948b3fa58a7da1cc3e16bef8c2df,bc_classifier_v1,breast_cancer_wisconsin,classification_breast_cancer,42,unit_10,1,2,2026-09-02T20:45:00Z,1.0.0,8e7fd68470057c99,0.19368109968973907,0.2,0.1,0.2,0.2,0.04572390201611048,,,,,,NORMAL,True,True,True,True,False,False,False,True,False,1,0,0,
e8cc3fa195e16c215f4cfa26,Module_12_CrossDomain,sklearn.datasets.load_breast_cancer,71aa3180a9c8c9abf1e45ef91d8c1dac2592948b3fa58a7da1cc3e16bef8c2df,bc_classifier_v1,breast_cancer_wisconsin,classification_breast_cancer,42,unit_10,1,3,2026-09-02T20:45:00Z,1.0.0,8e7fd68470057c99,0.19368109968973907,0.2,0.1,0.2,0.2,0.04572390201611048,,,,,,NORMAL,True,True,True,True,False,False,False,True,False,1,0,1,
554244ed314885f01d71d52b,Module_12_CrossDomain,sklearn.datasets.load_breast_cancer,71aa3180a9c8c9abf1e45ef91d8c1dac2592948b3fa58a7da1cc3e16bef8c2df,bc_classifier_v1,breast_cancer_wisconsin,classification_breast_cancer,42,unit_10,1,5,2026-09-02T20:45:00Z,1.0.0,8e7fd68470057c99,0.19368109968973907,0.2,0.1,0.2,0.2,0.04572390201611048,,,,,,NORMAL,True,True,True,True,False,False,False,True,False,1,0,1,
cd200c37f561f44817d1ac2d,Module_12_CrossDomain,sklearn.datasets.load_breast_cancer,71aa3180a9c8c9abf1e45ef91d8c1dac2592948b3fa58a7da1cc3e16bef8c2df,bc_classifier_v1,breast_cancer_wisconsin,classification_breast_cancer,42,unit_10,2,1,2026-09-02T20:45:00Z,1.0.0,8e7fd68470057c99,0.5200102899796788,0.2,0.1,0.2,0.2,0.17913844099581258,,,,,,NORMAL,True,True,True,True,False,False,False,True,False,1,0,0,
2051104dd1a08495681b4546,Module_12_CrossDomain,sklearn.datasets.load_breast_cancer,71aa3180a9c8c9abf1e45ef91d8c1dac2592948b3fa58a7da1cc3e16bef8c2df,bc_classifier_v1,breast_cancer_wisconsin,classification_breast_cancer,42,unit_10,2,2,2026-09-02T20:45:00Z,1.0.0,8e7fd68470057c99,0.5200102899796788,0.2,0.1,0.2,0.2,0.17913844099581258,,,,,,NORMAL,True,True,True,True,False,False,False,True,False,1,0,1,
0726105a34563556d58b471c,Module_12_CrossDomain,sklearn.datasets.load_breast_cancer,71aa3180a9c8c9abf1e45ef91d8c1dac2592948b3fa58a7da1cc3e16bef8c2df,bc_classifier_v1,breast_cancer_wisconsin,classification_breast_cancer,42,unit_10,2,3,2026-09-02T20:45:00Z,1.0.0,8e7fd68470057c99,0.5200102899796788,0.2,0.1,0.2,0.2,0.17913844099581258,,,,,,NORMAL,True,True,True,True,False,False,False,True,False,1,0,1,
45d73d597424ab1ee11202fe,Module_12_CrossDomain,sklearn.datasets.load_breast_cancer,71aa3180a9c8c9abf1e45ef91d8c1dac2592948b3fa58a7da1cc3e16bef8c2df,bc_classifier_v1,breast_cancer_wisconsin,classification_breast_cancer,42,unit_10,2,5,2026-09-02T20:45:00Z,1.0.0,8e7fd68470057c99,0.5200102899796788,0.2,0.1,0.2,0.2,0.17913844099581258,,,,,,NORMAL,True,True,True,True,False,False,False,True,False,1,0,1,
1fc15acd177286e1f72eaf7f,Module_12_CrossDomain,sklearn.datasets.load_breast_cancer,71aa3180a9c8c9abf1e45ef91d8c1dac2592948b3fa58a7da1cc3e16bef8c2df,bc_classifier_v1,breast_cancer_wisconsin,classification_breast_cancer,42,unit_10,3,1,2026-09-02T20:45:00Z,1.0.0,8e7fd68470057c99,0.01800722722877831,0.2,0.1,0.2,0.2,0.07441937033361883,,,,,,NORMAL,True,True,True,True,False,False,False,True,False,1,0,1,
ed47ef70b1b6e3398cad2a65,Module_12_CrossDomain,sklearn.datasets.load_breast_cancer,71aa3180a9c8c9abf1e45ef91d8c1dac2592948b3fa58a7da1cc3e16bef8c2df,bc_classifier_v1,breast_cancer_wisconsin,classification_breast_cancer,42,unit_10,3,2,2026-09-02T20:45:00Z,1.0.0,8e7fd68470057c99,0.01800722722877831,0.2,0.1,0.2,0.2,0.07441937033361883,,,,,,NORMAL,True,True,True,True,False,False,False,True,False,1,0,1,
575260dfdec055d5540c06ab,Module_12_CrossDomain,sklearn.datasets.load_breast_cancer,71aa3180a9c8c9abf1e45ef91d8c1dac2592948b3fa58a7da1cc3e16bef8c2df,bc_classifier_v1,breast_cancer_wisconsin,classification_breast_cancer,42,unit_10,3,3,2026-09-02T20:45:00Z,1.0.0,8e7fd68470057c99,0.01800722722877831,0.2,0.1,0.2,0.2,0.07441937033361883,,,,,,NORMAL,True,True,True,True,False,False,False,True,False,1,0,1,
ee139af2d4c81fd12965a981,Module_12_CrossDomain,sklearn.datasets.load_breast_cancer,71aa3180a9c8c9abf1e45ef91d8c1dac2592948b3fa58a7da1cc3e16bef8c2df,bc_classifier_v1,breast_cancer_wisconsin,classification_breast_cancer,42,unit_10,3,5,2026-09-02T20:45:00Z,1.0.0,8e7fd68470057c99,0.01800722722877831,0.2,0.1,0.2,0.2,0.07441937033361883,,,,,,NORMAL,True,True,True,True,False,False,False,True,False,1,0,1,
ef10717f492822c0fee96be4,Module_12_CrossDomain,sklearn.datasets.load_breast_cancer,71aa3180a9c8c9abf1e45ef91d8c1dac2592948b3fa58a7da1cc3e16bef8c2df,bc_classifier_v1,breast_cancer_wisconsin,classification_breast_cancer,42,unit_10,4,1,2026-09-02T20:45:00Z,1.0.0,8e7fd68470057c99,0.09405611679199906,0.2,0.1,0.2,0.2,0.04860205315368306,,,,,,NORMAL,True,True,True,True,False,False,False,True,False,1,0,0,
a001c905b57bd2fb08a34a14,Module_12_CrossDomain,sklearn.datasets.load_breast_cancer,71aa3180a9c8c9abf1e45ef91d8c1dac2592948b3fa58a7da1cc3e16bef8c2df,bc_classifier_v1,breast_cancer_wisconsin,classification_breast_cancer,42,unit_10,4,2,2026-09-02T20:45:00Z,1.0.0,8e7fd68470057c99,0.09405611679199906,0.2,0.1,0.2,0.2,0.04860205315368306,,,,,,NORMAL,True,True,True,True,False,False,False,True,False,1,0,1,
52d5c2f9c1e8677c9143b678,Module_12_CrossDomain,sklearn.datasets.load_breast_cancer,71aa3180a9c8c9abf1e45ef91d8c1dac2592948b3fa58a7da1cc3e16bef8c2df,bc_classifier_v1,breast_cancer_wisconsin,classification_breast_cancer,42,unit_10,4,3,2026-09-02T20:45:00Z,1.0.0,8e7fd68470057c99,0.09405611679199906,0.2,0.1,0.2,0.2,0.04860205315368306,,,,,,NORMAL,True,True,True,True,False,False,False,True,False,1,0,1,
4972e14b50264664be36ff73,Module_12_CrossDomain,sklearn.datasets.load_breast_cancer,71aa3180a9c8c9abf1e45ef91d8c1dac2592948b3fa58a7da1cc3e16bef8c2df,bc_classifier_v1,breast_cancer_wisconsin,classification_breast_cancer,42,unit_10,4,5,2026-09-02T20:45:00Z,1.0.0,8e7fd68470057c99,0.09405611679199906,0.2,0.1,0.2,0.2,0.04860205315368306,,,,,,NORMAL,True,True,True,True,False,False,False,True,False,1,0,1,
918de380dafc52f16daa8566,Module_12_CrossDomain,sklearn.datasets.load_breast_cancer,71aa3180a9c8c9abf1e45ef91d8c1dac2592948b3fa58a7da1cc3e16bef8c2df,bc_classifier_v1,breast_cancer_wisconsin,classification_breast_cancer,42,unit_10,5,1,2026-09-02T20:45:00Z,1.0.0,8e7fd68470057c99,0.05633907525466877,0.2,0.1,0.2,0.2,0.060133867004562046,,,,,,NORMAL,True,True,True,True,False,False,False,True,False,1,0,1,
52a4e6df03313f6057e4b806,Module_12_CrossDomain,sklearn.datasets.load_breast_cancer,71aa3180a9c8c9abf1e45ef91d8c1dac2592948b3fa58a7da1cc3e16bef8c2df,bc_classifier_v1,breast_cancer_wisconsin,classification_breast_cancer,42,unit_10,5,2,2026-09-02T20:45:00Z,1.0.0,8e7fd68470057c99,0.05633907525466877,0.2,0.1,0.2,0.2,0.060133867004562046,,,,,,NORMAL,True,True,True,True,False,False,False,True,False,1,0,1,
312fb75100f52f9bbe986467,Module_12_CrossDomain,sklearn.datasets.load_breast_cancer,71aa3180a9c8c9abf1e45ef91d8c1dac2592948b3fa58a7da1cc3e16bef8c2df,bc_classifier_v1,breast_cancer_wisconsin,classification_breast_cancer,42,unit_10,5,3,2026-09-02T20:45:00Z,1.0.0,8e7fd68470057c99,0.05633907525466877,0.2,0.1,0.2,0.2,0.060133867004562046,,,,,,NORMAL,True,True,True,True,False,False,False,True,False,1,0,1,
9258e0fa2f2649915a1c3e6c,Module_12_CrossDomain,sklearn.datasets.load_breast_cancer,71aa3180a9c8c9abf1e45ef91d8c1dac2592948b3fa58a7da1cc3e16bef8c2df,bc_classifier_v1,breast_cancer_wisconsin,classification_breast_cancer,42,unit_10,5,5,2026-09-02T20:45:00Z,1.0.0,8e7fd68470057c99,0.05633907525466877,0.2,0.1,0.2,0.2,0.060133867004562046,,,,,,NORMAL,True,True,True,True,False,False,False,True,False,1,0,1,
abbb8a4973fbfbd81dbc3fa8,Module_12_CrossDomain,sklearn.datasets.load_breast_cancer,71aa3180a9c8c9abf1e45ef91d8c1dac2592948b3fa58a7da1cc3e16bef8c2df,bc_classifier_v1,breast_cancer_wisconsin,classification_breast_cancer,42,unit_10,6,1,2026-09-02T20:45:00Z,1.0.0,8e7fd68470057c99,0.2412731462897563,0.2,0.1,0.2,0.2,0.05931233192671422,,,,,,NORMAL,True,True,True,True,False,False,False,True,False,1,0,0,
b822364c08c8aad9d9b95b6a,Module_12_CrossDomain,sklearn.datasets.load_breast_cancer,71aa3180a9c8c9abf1e45ef91d8c1dac2592948b3fa58a7da1cc3e16bef8c2df,bc_classifier_v1,breast_cancer_wisconsin,classification_breast_cancer,42,unit_10,6,2,2026-09-02T20:45:00Z,1.0.0,8e7fd68470057c99,0.2412731462897563,0.2,0.1,0.2,0.2,0.05931233192671422,,,,,,NORMAL,True,True,True,True,False,False,False,True,False,1,0,1,
a17458e6393279e5d381a2c9,Module_12_CrossDomain,sklearn.datasets.load_breast_cancer,71aa3180a9c8c9abf1e45ef91d8c1dac2592948b3fa58a7da1cc3e16bef8c2df,bc_classifier_v1,breast_cancer_wisconsin,classification_breast_cancer,42,unit_10,6,3,2026-09-02T20:45:00Z,1.0.0,8e7fd68470057c99,0.2412731462897563,0.2,0.1,0.2,0.2,0.05931233192671422,,,,,,NORMAL,True,True,True,True,False,False,False,True,False,1,0,1,
3004515917fddde1af3157b0,Module_12_CrossDomain,sklearn.datasets.load_breast_cancer,71aa3180a9c8c9abf1e45ef91d8c1dac2592948b3fa58a7da1cc3e16bef8c2df,bc_classifier_v1,breast_cancer_wisconsin,classification_breast_cancer,42,unit_10,6,5,2026-09-02T20:45:00Z,1.0.0,8e7fd68470057c99,0.2412731462897563,0.2,0.1,0.2,0.2,0.05931233192671422,,,,,,NORMAL,True,True,True,True,False,False,False,True,False,1,0,1,
9ac42f1c24d609ef88346873,Module_12_CrossDomain,sklearn.datasets.load_breast_cancer,71aa3180a9c8c9abf1e45ef91d8c1dac2592948b3fa58a7da1cc3e16bef8c2df,bc_classifier_v1,breast_cancer_wisconsin,classification_breast_cancer,42,unit_10,7,1,2026-09-02T20:45:00Z,1.0.0,8e7fd68470057c99,0.16360206128040564,0.2,0.1,0.2,0.2,0.04132531124054579,,,,,,NORMAL,True,True,True,True,False,False,False,True,False,1,0,1,
d53ab68f593c64affc7b3826,Module_12_CrossDomain,sklearn.datasets.load_breast_cancer,71aa3180a9c8c9abf1e45ef91d8c1dac2592948b3fa58a7da1cc3e16bef8c2df,bc_classifier_v1,breast_cancer_wisconsin,classification_breast_cancer,42,unit_10,7,2,2026-09-02T20:45:00Z,1.0.0,8e7fd68470057c99,0.16360206128040564,0.2,0.1,0.2,0.2,0.04132531124054579,,,,,,NORMAL,True,True,True,True,False,False,False,True,False,1,0,1,
511b0e9c2fe888375dddab2b,Module_12_CrossDomain,sklearn.datasets.load_breast_cancer,71aa3180a9c8c9abf1e45ef91d8c1dac2592948b3fa58a7da1cc3e16bef8c2df,bc_classifier_v1,breast_cancer_wisconsin,classification_breast_cancer,42,unit_10,7,3,2026-09-02T20:45:00Z,1.0.0,8e7fd68470057c99,0.16360206128040564,0.2,0.1,0.2,0.2,0.04132531124054579,,,,,,NORMAL,True,True,True,True,False,False,False,True,False,1,0,1,
f280df6196c796ad849658ab,Module_12_CrossDomain,sklearn.datasets.load_breast_cancer,71aa3180a9c8c9abf1e45ef91d8c1dac2592948b3fa58a7da1cc3e16bef8c2df,bc_classifier_v1,breast_cancer_wisconsin,classification_breast_cancer,42,unit_10,7,5,2026-09-02T20:45:00Z,1.0.0,8e7fd68470057c99,0.16360206128040564,0.2,0.1,0.2,0.2,0.04132531124054579,,,,,,NORMAL,True,True,True,True,False,False,False,True,False,1,0,1,
24ddebafc38344f07e3bdeb5,Module_12_CrossDomain,sklearn.datasets.load_breast_cancer,71aa3180a9c8c9abf1e45ef91d8c1dac2592948b3fa58a7da1cc3e16bef8c2df,bc_classifier_v1,breast_cancer_wisconsin,classification_breast_cancer,42,unit_10,8,1,2026-09-02T20:45:00Z,1.0.0,8e7fd68470057c99,0.057734259090162346,0.2,0.1,0.2,0.2,0.059652636983048776,,,,,,NORMAL,True,True,True,True,False,False,False,True,False,1,0,1,
6c48317049342e95ef2b9477,Module_12_CrossDomain,sklearn.datasets.load_breast_cancer,71aa3180a9c8c9abf1e45ef91d8c1dac2592948b3fa58a7da1cc3e16bef8c2df,bc_classifier_v1,breast_cancer_wisconsin,classification_breast_cancer,42,unit_10,8,2,2026-09-02T20:45:00Z,1.0.0,8e7fd68470057c99,0.057734259090162346,0.2,0.1,0.2,0.2,0.059652636983048776,,,,,,NORMAL,True,True,True,True,False,False,False,True,False,1,0,1,
1cf9072239b4dd29ac426557,Module_12_CrossDomain,sklearn.datasets.load_breast_cancer,71aa3180a9c8c9abf1e45ef91d8c1dac2592948b3fa58a7da1cc3e16bef8c2df,bc_classifier_v1,breast_cancer_wisconsin,classification_breast_cancer,42,unit_10,8,3,2026-09-02T20:45:00Z,1.0.0,8e7fd68470057c99,0.057734259090162346,0.2,0.1,0.2,0.2,0.059652636983048776,,,,,,NORMAL,True,True,True,True,False,False,False,True,False,1,0,1,
13ced16125fb1fb577ad4fc4,Module_12_CrossDomain,sklearn.datasets.load_breast_cancer,71aa3180a9c8c9abf1e45ef91d8c1dac2592948b3fa58a7da1cc3e16bef8c2df,bc_classifier_v1,breast_cancer_wisconsin,classification_breast_cancer,42,unit_10,8,5,2026-09-02T20:45:00Z,1.0.0,8e7fd68470057c99,0.057734259090162346,0.2,0.1,0.2,0.2,0.059652636983048776,,,,,,NORMAL,True,True,True,True,False,False,False,True,False,1,0,1,
103ebaf8b263960ebab27ca2,Module_12_CrossDomain,sklearn.datasets.load_breast_cancer,71aa3180a9c8c9abf1e45ef91d8c1dac2592948b3fa58a7da1cc3e16bef8c2df,bc_classifier_v1,breast_cancer_wisconsin,classification_breast_cancer,42,unit_10,9,1,2026-09-02T20:45:00Z,1.0.0,8e7fd68470057c99,0.06485201065353678,0.2,0.1,0.2,0.2,0.057252229631003924,,,,,,NORMAL,True,True,True,True,False,False,False,True,False,1,0,0,
af1ea6b8b636ff73e69eb448,Module_12_CrossDomain,sklearn.datasets.load_breast_cancer,71aa3180a9c8c9abf1e45ef91d8c1dac2592948b3fa58a7da1cc3e16bef8c2df,bc_classifier_v1,breast_cancer_wisconsin,classification_breast_cancer,42,unit_10,9,2,2026-09-02T20:45:00Z,1.0.0,8e7fd68470057c99,0.06485201065353678,0.2,0.1,0.2,0.2,0.057252229631003924,,,,,,NORMAL,True,True,True,True,False,False,False,True,False,1,0,1,
abed3f650ad841cb148ff069,Module_12_CrossDomain,sklearn.datasets.load_breast_cancer,71aa3180a9c8c9abf1e45ef91d8c1dac2592948b3fa58a7da1cc3e16bef8c2df,bc_classifier_v1,breast_cancer_wisconsin,classification_breast_cancer,42,unit_10,9,3,2026-09-02T20:45:00Z,1.0.0,8e7fd68470057c99,0.06485201065353678,0.2,0.1,0.2,0.2,0.057252229631003924,,,,,,NORMAL,True,True,True,True,False,False,False,True,False,1,0,1,
4fa68c1725e7daac651f09c1,Module_12_CrossDomain,sklearn.datasets.load_breast_cancer,71aa3180a9c8c9abf1e45ef91d8c1dac2592948b3fa58a7da1cc3e16bef8c2df,bc_classifier_v1,breast_cancer_wisconsin,classification_breast_cancer,42,unit_10,9,5,2026-09-02T20:45:00Z,1.0.0,8e7fd68470057c99,0.06485201065353678,0.2,0.1,0.2,0.2,0.057252229631003924,,,,,,NORMAL,True,True,True,True,False,False,False,True,False,1,0,1,
dc46627366e416580e16bf76,Module_12_CrossDomain,sklearn.datasets.load_breast_cancer,71aa3180a9c8c9abf1e45ef91d8c1dac2592948b3fa58a7da1cc3e16bef8c2df,bc_classifier_v1,breast_cancer_wisconsin,classification_breast_cancer,42,unit_10,10,1,2026-09-02T20:45:00Z,1.0.0,8e7fd68470057c99,0.36620992377346373,0.2,0.1,0.2,0.2,0.10979448593534194,,,,,,NORMAL,True,True,True,True,False,False,False,True,False,1,0,1,
db3ef2ae640d8169f27ec316,Module_12_CrossDomain,sklearn.datasets.load_breast_cancer,71aa3180a9c8c9abf1e45ef91d8c1dac2592948b3fa58a7da1cc3e16bef8c2df,bc_classifier_v1,breast_cancer_wisconsin,classification_breast_cancer,42,unit_10,10,2,2026-09-02T20:45:00Z,1.0.0,8e7fd68470057c99,0.36620992377346373,0.2,0.1,0.2,0.2,0.10979448593534194,,,,,,NORMAL,True,True,True,True,False,False,False,True,False,1,0,1,
2e970b0bece61a0c583c7bdf,Module_12_CrossDomain,sklearn.datasets.load_breast_cancer,71aa3180a9c8c9abf1e45ef91d8c1dac2592948b3fa58a7da1cc3e16bef8c2df,bc_classifier_v1,breast_cancer_wisconsin,classification_breast_cancer,42,unit_10,10,3,2026-09-02T20:45:00Z,1.0.0,8e7fd68470057c99,0.36620992377346373,0.2,0.1,0.2,0.2,0.10979448593534194,,,,,,NORMAL,True,True,True,True,False,False,False,True,False,1,0,1,
27758c846227237ec2f34241,Module_12_CrossDomain,sklearn.datasets.load_breast_cancer,71aa3180a9c8c9abf1e45ef91d8c1dac2592948b3fa58a7da1cc3e16bef8c2df,bc_classifier_v1,breast_cancer_wisconsin,classification_breast_cancer,42,unit_10,10,5,2026-09-02T20:45:00Z,1.0.0,8e7fd68470057c99,0.36620992377346373,0.2,0.1,0.2,0.2,0.10979448593534194,,,,,,NORMAL,True,True,True,True,False,False,False,True,False,1,0,1,
13b2145a8a0016cbd5ef7972,Module_12_CrossDomain,sklearn.datasets.load_breast_cancer,71aa3180a9c8c9abf1e45ef91d8c1dac2592948b3fa58a7da1cc3e16bef8c2df,bc_classifier_v1,breast_cancer_wisconsin,classification_breast_cancer,42,unit_10,11,1,2026-09-02T20:45:00Z,1.0.0,8e7fd68470057c99,0.12981044546724468,0.2,0.1,0.2,0.2,0.041919547580868396,,,,,,NORMAL,True,True,True,True,False,False,False,True,False,1,0,0,
6503960c75e965fb13ec7655,Module_12_CrossDomain,sklearn.datasets.load_breast_cancer,71aa3180a9c8c9abf1e45ef91d8c1dac2592948b3fa58a7da1cc3e16bef8c2df,bc_classifier_v1,breast_cancer_wisconsin,classification_breast_cancer,42,unit_10,11,2,2026-09-02T20:45:00Z,1.0.0,8e7fd68470057c99,0.12981044546724468,0.2,0.1,0.2,0.2,0.041919547580868396,,,,,,NORMAL,True,True,True,True,False,False,False,True,False,1,0,0,
6b8723ad3be1ee5d92fecd62,Module_12_CrossDomain,sklearn.datasets.load_breast_cancer,71aa3180a9c8c9abf1e45ef91d8c1dac2592948b3fa58a7da1cc3e16bef8c2df,bc_classifier_v1,breast_cancer_wisconsin,classification_breast_cancer,42,unit_10,11,3,2026-09-02T20:45:00Z,1.0.0,8e7fd68470057c99,0.12981044546724468,0.2,0.1,0.2,0.2,0.041919547580868396,,,,,,NORMAL,True,True,True,True,False,False,False,True,False,1,0,0,
d71303ac60284e6ef0f965af,Module_12_CrossDomain,sklearn.datasets.load_breast_cancer,71aa3180a9c8c9abf1e45ef91d8c1dac2592948b3fa58a7da1cc3e16bef8c2df,bc_classifier_v1,breast_cancer_wisconsin,classification_breast_cancer,42,unit_10,11,5,2026-09-02T20:45:00Z,1.0.0,8e7fd68470057c99,0.12981044546724468,0.2,0.1,0.2,0.2,0.041919547580868396,,,,,,NORMAL,True,True,True,True,False,False,False,True,False,1,0,1,
13b7661199fec09dd480d4f1,Module_12_CrossDomain,sklearn.datasets.load_breast_cancer,71aa3180a9c8c9abf1e45ef91d8c1dac2592948b3fa58a7da1cc3e16bef8c2df,bc_classifier_v1,breast_cancer_wisconsin,classification_breast_cancer,42,unit_10,12,1,2026-09-02T20:45:00Z,1.0.0,8e7fd68470057c99,0.7935592807966371,0.2,0.1,0.2,0.2,0.3061112898202891,,,,,,NORMAL,True,True,True,True,False,False,False,True,False,1,0,0,
4221ea7966c0a43ddbeec3c6,Module_12_CrossDomain,sklearn.datasets.load_breast_cancer,71aa3180a9c8c9abf1e45ef91d8c1dac2592948b3fa58a7da1cc3e16bef8c2df,bc_classifier_v1,breast_cancer_wisconsin,classification_breast_cancer,42,unit_10,12,2,2026-09-02T20:45:00Z,1.0.0,8e7fd68470057c99,0.7935592807966371,0.2,0.1,0.2,0.2,0.3061112898202891,,,,,,NORMAL,True,True,True,True,False,False,False,True,False,1,0,0,
178e04347649865e12f5fcf4,Module_12_CrossDomain,sklearn.datasets.load_breast_cancer,71aa3180a9c8c9abf1e45ef91d8c1dac2592948b3fa58a7da1cc3e16bef8c2df,bc_classifier_v1,breast_cancer_wisconsin,classification_breast_cancer,42,unit_10,12,3,2026-09-02T20:45:00Z,1.0.0,8e7fd68470057c99,0.7935592807966371,0.2,0.1,0.2,0.2,0.3061112898202891,,,,,,NORMAL,True,True,True,True,False,False,False,True,False,1,0,0,
4baeeab7d200f65afc256d0e,Module_12_CrossDomain,sklearn.datasets.load_breast_cancer,71aa3180a9c8c9abf1e45ef91d8c1dac2592948b3fa58a7da1cc3e16bef8c2df,bc_classifier_v1,breast_cancer_wisconsin,classification_breast_cancer,42,unit_10,12,5,2026-09-02T20:45:00Z,1.0.0,8e7fd68470057c99,0.7935592807966371,0.2,0.1,0.2,0.2,0.3061112898202891,,,,,,NORMAL,True,True,True,True,False,False,False,True,False,1,0,1,
383a2c670d8b863c8cfc6f03,Module_12_CrossDomain,sklearn.datasets.load_breast_cancer,71aa3180a9c8c9abf1e45ef91d8c1dac2592948b3fa58a7da1cc3e16bef8c2df,bc_classifier_v1,breast_cancer_wisconsin,classification_breast_cancer,42,unit_10,13,1,2026-09-02T20:45:00Z,1.0.0,8e7fd68470057c99,0.18687075137064482,0.2,0.1,0.2,0.2,0.04437079196106853,,,,,,NORMAL,True,True,True,True,False,False,False,True,False,1,0,0,
798df964ff744a46a207e499,Module_12_CrossDomain,sklearn.datasets.load_breast_cancer,71aa3180a9c8c9abf1e45ef91d8c1dac2592948b3fa58a7da1cc3e16bef8c2df,bc_classifier_v1,breast_cancer_wisconsin,classification_breast_cancer,42,unit_10,13,2,2026-09-02T20:45:00Z,1.0.0,8e7fd68470057c99,0.18687075137064482,0.2,0.1,0.2,0.2,0.04437079196106853,,,,,,NORMAL,True,True,True,True,False,False,False,True,False,1,0,0,
c7c4010cf18373b405564920,Module_12_CrossDomain,sklearn.datasets.load_breast_cancer,71aa3180a9c8c9abf1e45ef91d8c1dac2592948b3fa58a7da1cc3e16bef8c2df,bc_classifier_v1,breast_cancer_wisconsin,classification_breast_cancer,42,unit_10,13,3,2026-09-02T20:45:00Z,1.0.0,8e7fd68470057c99,0.18687075137064482,0.2,0.1,0.2,0.2,0.04437079196106853,,,,,,NORMAL,True,True,True,True,False,False,False,True,False,1,0,1,
39a0822f37b4b9ae878dc616,Module_12_CrossDomain,sklearn.datasets.load_breast_cancer,71aa3180a9c8c9abf1e45ef91d8c1dac2592948b3fa58a7da1cc3e16bef8c2df,bc_classifier_v1,breast_cancer_wisconsin,classification_breast_cancer,42,unit_10,13,5,2026-09-02T20:45:00Z,1.0.0,8e7fd68470057c99,0.18687075137064482,0.2,0.1,0.2,0.2,0.04437079196106853,,,,,,NORMAL,True,True,True,True,False,False,False,True,False,1,0,1,
25ebc67b5d2dfe1b8e1f78e8,Module_12_CrossDomain,sklearn.datasets.load_breast_cancer,71aa3180a9c8c9abf1e45ef91d8c1dac2592948b3fa58a7da1cc3e16bef8c2df,bc_classifier_v1,breast_cancer_wisconsin,classification_breast_cancer,42,unit_10,14,1,2026-09-02T20:45:00Z,1.0.0,8e7fd68470057c99,0.003558875781687219,0.2,0.1,0.2,0.2,0.08020114000619985,,,,,,NORMAL,True,True,True,True,False,False,False,True,False,1,0,0,
d81c5ab7de0db83c8c7c542a,Module_12_CrossDomain,sklearn.datasets.load_breast_cancer,71aa3180a9c8c9abf1e45ef91d8c1dac2592948b3fa58a7da1cc3e16bef8c2df,bc_classifier_v1,breast_cancer_wisconsin,classification_breast_cancer,42,unit_10,14,2,2026-09-02T20:45:00Z,1.0.0,8e7fd68470057c99,0.003558875781687219,0.2,0.1,0.2,0.2,0.08020114000619985,,,,,,NORMAL,True,True,True,True,False,False,False,True,False,1,0,1,
59c6f428935e4431f91e9763,Module_12_CrossDomain,sklearn.datasets.load_breast_cancer,71aa3180a9c8c9abf1e45ef91d8c1dac2592948b3fa58a7da1cc3e16bef8c2df,bc_classifier_v1,breast_cancer_wisconsin,classification_breast_cancer,42,unit_10,14,3,2026-09-02T20:45:00Z,1.0.0,8e7fd68470057c99,0.003558875781687219,0.2,0.1,0.2,0.2,0.08020114000619985,,,,,,NORMAL,True,True,True,True,False,False,False,True,False,1,0,1,
b8a5032ae86930a07c59700f,Module_12_CrossDomain,sklearn.datasets.load_breast_cancer,71aa3180a9c8c9abf1e45ef91d8c1dac2592948b3fa58a7da1cc3e16bef8c2df,bc_classifier_v1,breast_cancer_wisconsin,classification_breast_cancer,42,unit_10,14,5,2026-09-02T20:45:00Z,1.0.0,8e7fd68470057c99,0.003558875781687219,0.2,0.1,0.2,0.2,0.08020114000619985,,,,,,NORMAL,True,True,True,True,False,False,False,True,False,1,0,1,
ad9210e573e16086452c0199,Module_12_CrossDomain,sklearn.datasets.load_breast_cancer,71aa3180a9c8c9abf1e45ef91d8c1dac2592948b3fa58a7da1cc3e16bef8c2df,bc_classifier_v1,breast_cancer_wisconsin,classification_breast_cancer,42,unit_10,15,1,2026-09-02T20:45:00Z,1.0.0,8e7fd68470057c99,0.015169582095822374,0.2,0.1,0.2,0.2,0.07554136702233667,,,,,,NORMAL,True,True,True,True,False,False,False,True,False,1,0,1,
ec25db35472e94fe0511ec27,Module_12_CrossDomain,sklearn.datasets.load_breast_cancer,71aa3180a9c8c9abf1e45ef91d8c1dac2592948b3fa58a7da1cc3e16bef8c2df,bc_classifier_v1,breast_cancer_wisconsin,classification_breast_cancer,42,unit_10,15,2,2026-09-02T20:45:00Z,1.0.0,8e7fd68470057c99,0.015169582095822374,0.2,0.1,0.2,0.2,0.07554136702233667,,,,,,NORMAL,True,True,True,True,False,False,False,True,False,1,0,1,
663b4f2481b6bde7e4203439,Module_12_CrossDomain,sklearn.datasets.load_breast_cancer,71aa3180a9c8c9abf1e45ef91d8c1dac2592948b3fa58a7da1cc3e16bef8c2df,bc_classifier_v1,breast_cancer_wisconsin,classification_breast_cancer,42,unit_10,15,3,2026-09-02T20:45:00Z,1.0.0,8e7fd68470057c99,0.015169582095822374,0.2,0.1,0.2,0.2,0.07554136702233667,,,,,,NORMAL,True,True,True,True,False,False,False,True,False,1,0,1,
200da504aa37eb25659d35f9,Module_12_CrossDomain,sklearn.datasets.load_breast_cancer,71aa3180a9c8c9abf1e45ef91d8c1dac2592948b3fa58a7da1cc3e16bef8c2df,bc_classifier_v1,breast_cancer_wisconsin,classification_breast_cancer,42,unit_10,15,5,2026-09-02T20:45:00Z,1.0.0,8e7fd68470057c99,0.015169582095822374,0.2,0.1,0.2,0.2,0.07554136702233667,,,,,,NORMAL,True,True,True,True,False,False,False,True,False,1,0,1,
c2e6a3b455b15886f51b9bc6,Module_12_CrossDomain,sklearn.datasets.load_breast_cancer,71aa3180a9c8c9abf1e45ef91d8c1dac2592948b3fa58a7da1cc3e16bef8c2df,bc_classifier_v1,breast_cancer_wisconsin,classification_breast_cancer,42,unit_10,16,1,2026-09-02T20:45:00Z,1.0.0,8e7fd68470057c99,0.12697280033428865,0.2,0.1,0.2,0.2,0.04224334773256426,,,,,,NORMAL,True,True,True,True,False,False,False,True,False,1,0,1,
3286b8516c611040529a4dd7,Module_12_CrossDomain,sklearn.datasets.load_breast_cancer,71aa3180a9c8c9abf1e45ef91d8c1dac2592948b3fa58a7da1cc3e16bef8c2df,bc_classifier_v1,breast_cancer_wisconsin,classification_breast_cancer,42,unit_10,16,2,2026-09-02T20:45:00Z,1.0.0,8e7fd68470057c99,0.12697280033428865,0.2,0.1,0.2,0.2,0.04224334773256426,,,,,,NORMAL,True,True,True,True,False,False,False,True,False,1,0,1,
aee094e8f2897cef63761289,Module_12_CrossDomain,sklearn.datasets.load_breast_cancer,71aa3180a9c8c9abf1e45ef91d8c1dac2592948b3fa58a7da1cc3e16bef8c2df,bc_classifier_v1,breast_cancer_wisconsin,classification_breast_cancer,42,unit_10,16,3,2026-09-02T20:45:00Z,1.0.0,8e7fd68470057c99,0.12697280033428865,0.2,0.1,0.2,0.2,0.04224334773256426,,,,,,NORMAL,True,True,True,True,False,False,False,True,False,1,0,1,
b98cab1e68eb38f57e7a3e19,Module_12_CrossDomain,sklearn.datasets.load_breast_cancer,71aa3180a9c8c9abf1e45ef91d8c1dac2592948b3fa58a7da1cc3e16bef8c2df,bc_classifier_v1,breast_cancer_wisconsin,classification_breast_cancer,42,unit_10,16,5,2026-09-02T20:45:00Z,1.0.0,8e7fd68470057c99,0.12697280033428865,0.2,0.1,0.2,0.2,0.04224334773256426,,,,,,NORMAL,True,True,True,True,False,False,False,True,False,1,0,1,
049199a2c0e5c98c868dbbe9,Module_12_CrossDomain,sklearn.datasets.load_breast_cancer,71aa3180a9c8c9abf1e45ef91d8c1dac2592948b3fa58a7da1cc3e16bef8c2df,bc_classifier_v1,breast_cancer_wisconsin,classification_breast_cancer,42,unit_10,17,1,2026-09-02T20:45:00Z,1.0.0,8e7fd68470057c99,0.22288520582820145,0.2,0.1,0.2,0.2,0.05335885478660145,,,,,,NORMAL,True,True,True,True,False,False,False,True,False,1,0,0,
a56271f2e6f9b1a668944720,Module_12_CrossDomain,sklearn.datasets.load_breast_cancer,71aa3180a9c8c9abf1e45ef91d8c1dac2592948b3fa58a7da1cc3e16bef8c2df,bc_classifier_v1,breast_cancer_wisconsin,classification_breast_cancer,42,unit_10,17,2,2026-09-02T20:45:00Z,1.0.0,8e7fd68470057c99,0.22288520582820145,0.2,0.1,0.2,0.2,0.05335885478660145,,,,,,NORMAL,True,True,True,True,False,False,False,True,False,1,0,0,
0d4d7fddb08b41d2736c04aa,Module_12_CrossDomain,sklearn.datasets.load_breast_cancer,71aa3180a9c8c9abf1e45ef91d8c1dac2592948b3fa58a7da1cc3e16bef8c2df,bc_classifier_v1,breast_cancer_wisconsin,classification_breast_cancer,42,unit_10,17,3,2026-09-02T20:45:00Z,1.0.0,8e7fd68470057c99,0.22288520582820145,0.2,0.1,0.2,0.2,0.05335885478660145,,,,,,NORMAL,True,True,True,True,False,False,False,True,False,1,0,0,
fa99a639ff60f2145e5731cd,Module_12_CrossDomain,sklearn.datasets.load_breast_cancer,71aa3180a9c8c9abf1e45ef91d8c1dac2592948b3fa58a7da1cc3e16bef8c2df,bc_classifier_v1,breast_cancer_wisconsin,classification_breast_cancer,42,unit_10,17,5,2026-09-02T20:45:00Z,1.0.0,8e7fd68470057c99,0.22288520582820145,0.2,0.1,0.2,0.2,0.05335885478660145,,,,,,NORMAL,True,True,True,True,False,False,False,True,False,1,0,0,
0911d1224768a63302ffa54a,Module_12_CrossDomain,sklearn.datasets.load_breast_cancer,71aa3180a9c8c9abf1e45ef91d8c1dac2592948b3fa58a7da1cc3e16bef8c2df,bc_classifier_v1,breast_cancer_wisconsin,classification_breast_cancer,42,unit_10,18,1,2026-09-02T20:45:00Z,1.0.0,8e7fd68470057c99,0.3219426596993503,0.2,0.1,0.2,0.2,0.09075519969736241,,,,,,NORMAL,True,True,True,True,False,False,False,True,False,1,0,0,
649e8dc7475427bd93367848,Module_12_CrossDomain,sklearn.datasets.load_breast_cancer,71aa3180a9c8c9abf1e45ef91d8c1dac2592948b3fa58a7da1cc3e16bef8c2df,bc_classifier_v1,breast_cancer_wisconsin,classification_breast_cancer,42,unit_10,18,2,2026-09-02T20:45:00Z,1.0.0,8e7fd68470057c99,0.3219426596993503,0.2,0.1,0.2,0.2,0.09075519969736241,,,,,,NORMAL,True,True,True,True,False,False,False,True,False,1,0,0,
a9e5f6cab113dbf257f1b3cc,Module_12_CrossDomain,sklearn.datasets.load_breast_cancer,71aa3180a9c8c9abf1e45ef91d8c1dac2592948b3fa58a7da1cc3e16bef8c2df,bc_classifier_v1,breast_cancer_wisconsin,classification_breast_cancer,42,unit_10,18,3,2026-09-02T20:45:00Z,1.0.0,8e7fd68470057c99,0.3219426596993503,0.2,0.1,0.2,0.2,0.09075519969736241,,,,,,NORMAL,True,True,True,True,False,False,False,True,False,1,0,0,
79d918879571c1455cb4f720,Module_12_CrossDomain,sklearn.datasets.load_breast_cancer,71aa3180a9c8c9abf1e45ef91d8c1dac2592948b3fa58a7da1cc3e16bef8c2df,bc_classifier_v1,breast_cancer_wisconsin,classification_breast_cancer,42,unit_10,18,5,2026-09-02T20:45:00Z,1.0.0,8e7fd68470057c99,0.3219426596993503,0.2,0.1,0.2,0.2,0.09075519969736241,,,,,,NORMAL,True,True,True,True,False,False,False,True,False,1,0,0,
3bce8cbec0bba070fa117de2,Module_12_CrossDomain,sklearn.datasets.load_breast_cancer,71aa3180a9c8c9abf1e45ef91d8c1dac2592948b3fa58a7da1cc3e16bef8c2df,bc_classifier_v1,breast_cancer_wisconsin,classification_breast_cancer,42,unit_10,19,1,2026-09-02T20:45:00Z,1.0.0,8e7fd68470057c99,0.3066193759813879,0.2,0.1,0.2,0.2,0.08436643478540416,,,,,,NORMAL,True,True,True,True,False,False,False,True,False,1,0,0,
8176dabf08b2b086a0739f62,Module_12_CrossDomain,sklearn.datasets.load_breast_cancer,71aa3180a9c8c9abf1e45ef91d8c1dac2592948b3fa58a7da1cc3e16bef8c2df,bc_classifier_v1,breast_cancer_wisconsin,classification_breast_cancer,42,unit_10,19,2,2026-09-02T20:45:00Z,1.0.0,8e7fd68470057c99,0.3066193759813879,0.2,0.1,0.2,0.2,0.08436643478540416,,,,,,NORMAL,True,True,True,True,False,False,False,True,False,1,0,0,
e53c2359e345626bf25c5faf,Module_12_CrossDomain,sklearn.datasets.load_breast_cancer,71aa3180a9c8c9abf1e45ef91d8c1dac2592948b3fa58a7da1cc3e16bef8c2df,bc_classifier_v1,breast_cancer_wisconsin,classification_breast_cancer,42,unit_10,19,3,2026-09-02T20:45:00Z,1.0.0,8e7fd68470057c99,0.3066193759813879,0.2,0.1,0.2,0.2,0.08436643478540416,,,,,,NORMAL,True,True,True,True,False,False,False,True,False,1,0,0,
19fdbe8b4534ef5a1991a6a2,Module_12_CrossDomain,sklearn.datasets.load_breast_cancer,71aa3180a9c8c9abf1e45ef91d8c1dac2592948b3fa58a7da1cc3e16bef8c2df,bc_classifier_v1,breast_cancer_wisconsin,classification_breast_cancer,42,unit_10,19,5,2026-09-02T20:45:00Z,1.0.0,8e7fd68470057c99,0.3066193759813879,0.2,0.1,0.2,0.2,0.08436643478540416,,,,,,NORMAL,True,True,True,True,False,False,False,True,False,1,0,0,
5355d80c18b53ac753d644de,Module_12_CrossDomain,sklearn.datasets.load_breast_cancer,71aa3180a9c8c9abf1e45ef91d8c1dac2592948b3fa58a7da1cc3e16bef8c2df,bc_classifier_v1,breast_cancer_wisconsin,classification_breast_cancer,42,unit_11,0,1,2026-09-02T20:45:00Z,1.0.0,8e7fd68470057c99,0.027087691654237512,0.2,0.1,0.2,0.2,0.07087929574343475,,,,,,NORMAL,True,True,True,True,False,False,False,True,False,1,0,1,0.0
53db21c13bfdb6a70a81c25c,Module_12_CrossDomain,sklearn.datasets.load_breast_cancer,71aa3180a9c8c9abf1e45ef91d8c1dac2592948b3fa58a7da1cc3e16bef8c2df,bc_classifier_v1,breast_cancer_wisconsin,classification_breast_cancer,42,unit_11,0,2,2026-09-02T20:45:00Z,1.0.0,8e7fd68470057c99,0.027087691654237512,0.2,0.1,0.2,0.2,0.07087929574343475,,,,,,NORMAL,True,True,True,True,False,False,False,True,False,1,0,1,0.0
ffb3a7736dba6f2f03c66b5d,Module_12_CrossDomain,sklearn.datasets.load_breast_cancer,71aa3180a9c8c9abf1e45ef91d8c1dac2592948b3fa58a7da1cc3e16bef8c2df,bc_classifier_v1,breast_cancer_wisconsin,classification_breast_cancer,42,unit_11,0,3,2026-09-02T20:45:00Z,1.0.0,8e7fd68470057c99,0.027087691654237512,0.2,0.1,0.2,0.2,0.07087929574343475,,,,,,NORMAL,True,True,True,True,False,False,False,True,False,1,0,1,0.0
e44c8ac31809d664e3533f6a,Module_12_CrossDomain,sklearn.datasets.load_breast_cancer,71aa3180a9c8c9abf1e45ef91d8c1dac2592948b3fa58a7da1cc3e16bef8c2df,bc_classifier_v1,breast_cancer_wisconsin,classification_breast_cancer,42,unit_11,0,5,2026-09-02T20:45:00Z,1.0.0,8e7fd68470057c99,0.027087691654237512,0.2,0.1,0.2,0.2,0.07087929574343475,,,,,,NORMAL,True,True,True,True,False,False,False,True,False,1,0,1,0.0
d80afa80698e0a5af181cf29,Module_12_CrossDomain,sklearn.datasets.load_breast_cancer,71aa3180a9c8c9abf1e45ef91d8c1dac2592948b3fa58a7da1cc3e16bef8c2df,bc_classifier_v1,breast_cancer_wisconsin,classification_breast_cancer,42,unit_11,1,1,2026-09-02T20:45:00Z,1.0.0,8e7fd68470057c99,0.0321954528935583,0.2,0.1,0.2,0.2,0.0689249371401057,,,,,,NORMAL,True,True,True,True,False,False,False,True,False,1,0,1,
3d9cde69df8d7b7f128de2f5,Module_12_CrossDomain,sklearn.datasets.load_breast_cancer,71aa3180a9c8c9abf1e45ef91d8c1dac2592948b3fa58a7da1cc3e16bef8c2df,bc_classifier_v1,breast_cancer_wisconsin,classification_breast_cancer,42,unit_11,1,2,2026-09-02T20:45:00Z,1.0.0,8e7fd68470057c99,0.0321954528935583,0.2,0.1,0.2,0.2,0.0689249371401057,,,,,,NORMAL,True,True,True,True,False,False,False,True,False,1,0,1,
7825e27fe55e3dc29bc86f05,Module_12_CrossDomain,sklearn.datasets.load_breast_cancer,71aa3180a9c8c9abf1e45ef91d8c1dac2592948b3fa58a7da1cc3e16bef8c2df,bc_classifier_v1,breast_cancer_wisconsin,classification_breast_cancer,42,unit_11,1,3,2026-09-02T20:45:00Z,1.0.0,8e7fd68470057c99,0.0321954528935583,0.2,0.1,0.2,0.2,0.0689249371401057,,,,,,NORMAL,True,True,True,True,False,False,False,True,False,1,0,1,
44e5f58f27ee6f975eef7321,Module_12_CrossDomain,sklearn.datasets.load_breast_cancer,71aa3180a9c8c9abf1e45ef91d8c1dac2592948b3fa58a7da1cc3e16bef8c2df,bc_classifier_v1,breast_cancer_wisconsin,classification_breast_cancer,42,unit_11,1,5,2026-09-02T20:45:00Z,1.0.0,8e7fd68470057c99,0.0321954528935583,0.2,0.1,0.2,0.2,0.0689249371401057,,,,,,NORMAL,True,True,True,True,False,False,False,True,False,1,0,1,
b3a38ea3647f728b11839cce,Module_12_CrossDomain,sklearn.datasets.load_breast_cancer,71aa3180a9c8c9abf1e45ef91d8c1dac2592948b3fa58a7da1cc3e16bef8c2df,bc_classifier_v1,breast_cancer_wisconsin,classification_breast_cancer,42,unit_11,2,1,2026-09-02T20:45:00Z,1.0.0,8e7fd68470057c99,0.22402026388138382,0.2,0.1,0.2,0.2,0.053704954178816884,,,,,,NORMAL,True,True,True,True,False,False,False,True,False,1,0,0,
30080e9709ff46e44a19e1c8,Module_12_CrossDomain,sklearn.datasets.load_breast_cancer,71aa3180a9c8c9abf1e45ef91d8c1dac2592948b3fa58a7da1cc3e16bef8c2df,bc_classifier_v1,breast_cancer_wisconsin,classification_breast_cancer,42,unit_11,2,2,2026-09-02T20:45:00Z,1.0.0,8e7fd68470057c99,0.22402026388138382,0.2,0.1,0.2,0.2,0.053704954178816884,,,,,,NORMAL,True,True,True,True,False,False,False,True,False,1,0,1,
548483a9dbcdc6ba0d4876bc,Module_12_CrossDomain,sklearn.datasets.load_breast_cancer,71aa3180a9c8c9abf1e45ef91d8c1dac2592948b3fa58a7da1cc3e16bef8c2df,bc_classifier_v1,breast_cancer_wisconsin,classification_breast_cancer,42,unit_11,2,3,2026-09-02T20:45:00Z,1.0.0,8e7fd68470057c99,0.22402026388138382,0.2,0.1,0.2,0.2,0.053704954178816884,,,,,,NORMAL,True,True,True,True,False,False,False,True,False,1,0,1,
96e36d8791967dbcd2def5c4,Module_12_CrossDomain,sklearn.datasets.load_breast_cancer,71aa3180a9c8c9abf1e45ef91d8c1dac2592948b3fa58a7da1cc3e16bef8c2df,bc_classifier_v1,breast_cancer_wisconsin,classification_breast_cancer,42,unit_11,2,5,2026-09-02T20:45:00Z,1.0.0,8e7fd68470057c99,0.22402026388138382,0.2,0.1,0.2,0.2,0.053704954178816884,,,,,,NORMAL,True,True,True,True,False,False,False,True,False,1,0,1,
e08018923f0c77501ebba137,Module_12_CrossDomain,sklearn.datasets.load_breast_cancer,71aa3180a9c8c9abf1e45ef91d8c1dac2592948b3fa58a7da1cc3e16bef8c2df,bc_classifier_v1,breast_cancer_wisconsin,classification_breast_cancer,42,unit_11,3,1,2026-09-02T20:45:00Z,1.0.0,8e7fd68470057c99,0.09209340392991439,0.2,0.1,0.2,0.2,0.04911024755797252,,,,,,NORMAL,True,True,True,True,False,False,False,True,False,1,0,1,
9ffcc54a8de085f00cfe6d6c,Module_12_CrossDomain,sklearn.datasets.load_breast_cancer,71aa3180a9c8c9abf1e45ef91d8c1dac2592948b3fa58a7da1cc3e16bef8c2df,bc_classifier_v1,breast_cancer_wisconsin,classification_breast_cancer,42,unit_11,3,2,2026-09-02T20:45:00Z,1.0.0,8e7fd68470057c99,0.09209340392991439,0.2,0.1,0.2,0.2,0.04911024755797252,,,,,,NORMAL,True,True,True,True,False,False,False,True,False,1,0,1,
a45f4faae129450804696525,Module_12_CrossDomain,sklearn.datasets.load_breast_cancer,71aa3180a9c8c9abf1e45ef91d8c1dac2592948b3fa58a7da1cc3e16bef8c2df,bc_classifier_v1,breast_cancer_wisconsin,classification_breast_cancer,42,unit_11,3,3,2026-09-02T20:45:00Z,1.0.0,8e7fd68470057c99,0.09209340392991439,0.2,0.1,0.2,0.2,0.04911024755797252,,,,,,NORMAL,True,True,True,True,False,False,False,True,False,1,0,1,
fe7e14ae0da4d3c1991c2882,Module_12_CrossDomain,sklearn.datasets.load_breast_cancer,71aa3180a9c8c9abf1e45ef91d8c1dac2592948b3fa58a7da1cc3e16bef8c2df,bc_classifier_v1,breast_cancer_wisconsin,classification_breast_cancer,42,unit_11,3,5,2026-09-02T20:45:00Z,1.0.0,8e7fd68470057c99,0.09209340392991439,0.2,0.1,0.2,0.2,0.04911024755797252,,,,,,NORMAL,True,True,True,True,False,False,False,True,False,1,0,1,
af9168f27e44c46dbee24d6f,Module_12_CrossDomain,sklearn.datasets.load_breast_cancer,71aa3180a9c8c9abf1e45ef91d8c1dac2592948b3fa58a7da1cc3e16bef8c2df,bc_classifier_v1,breast_cancer_wisconsin,classification_breast_cancer,42,unit_11,4,1,2026-09-02T20:45:00Z,1.0.0,8e7fd68470057c99,0.04865379466470314,0.2,0.1,0.2,0.2,0.06284204773497891,,,,,,NORMAL,True,True,True,True,False,False,False,True,False,1,0,1,
1860653a8270185f759bb7b6,Module_12_CrossDomain,sklearn.datasets.load_breast_cancer,71aa3180a9c8c9abf1e45ef91d8c1dac2592948b3fa58a7da1cc3e16bef8c2df,bc_classifier_v1,breast_cancer_wisconsin,classification_breast_cancer,42,unit_11,4,2,2026-09-02T20:45:00Z,1.0.0,8e7fd68470057c99,0.04865379466470314,0.2,0.1,0.2,0.2,0.06284204773497891,,,,,,NORMAL,True,True,True,True,False,False,False,True,False,1,0,1,
1e7e7b0dbeae7984827369df,Module_12_CrossDomain,sklearn.datasets.load_breast_cancer,71aa3180a9c8c9abf1e45ef91d8c1dac2592948b3fa58a7da1cc3e16bef8c2df,bc_classifier_v1,breast_cancer_wisconsin,classification_breast_cancer,42,unit_11,4,3,2026-09-02T20:45:00Z,1.0.0,8e7fd68470057c99,0.04865379466470314,0.2,0.1,0.2,0.2,0.06284204773497891,,,,,,NORMAL,True,True,True,True,False,False,False,True,False,1,0,1,
31b285f55e580c8a704a563a,Module_12_CrossDomain,sklearn.datasets.load_breast_cancer,71aa3180a9c8c9abf1e45ef91d8c1dac2592948b3fa58a7da1cc3e16bef8c2df,bc_classifier_v1,breast_cancer_wisconsin,classification_breast_cancer,42,unit_11,4,5,2026-09-02T20:45:00Z,1.0.0,8e7fd68470057c99,0.04865379466470314,0.2,0.1,0.2,0.2,0.06284204773497891,,,,,,NORMAL,True,True,True,True,False,False,False,True,False,1,0,1,
b841717fd5dfaf5fca645c3a,Module_12_CrossDomain,sklearn.datasets.load_breast_cancer,71aa3180a9c8c9abf1e45ef91d8c1dac2592948b3fa58a7da1cc3e16bef8c2df,bc_classifier_v1,breast_cancer_wisconsin,classification_breast_cancer,42,unit_11,5,1,2026-09-02T20:45:00Z,1.0.0,8e7fd68470057c99,0.012071811180555234,0.2,0.1,0.2,0.2,0.0767741062700069,,,,,,NORMAL,True,True,True,True,False,False,False,True,False,1,0,1,
39f4bdc4ab23331e70696797,Module_12_CrossDomain,sklearn.datasets.load_breast_cancer,71aa3180a9c8c9abf1e45ef91d8c1dac2592948b3fa58a7da1cc3e16bef8c2df,bc_classifier_v1,breast_cancer_wisconsin,classification_breast_cancer,42,unit_11,5,2,2026-09-02T20:45:00Z,1.0.0,8e7fd68470057c99,0.012071811180555234,0.2,0.1,0.2,0.2,0.0767741062700069,,,,,,NORMAL,True,True,True,True,False,False,False,True,False,1,0,1,
006030be508e46a4c408c0cf,Module_12_CrossDomain,sklearn.datasets.load_breast_cancer,71aa3180a9c8c9abf1e45ef91d8c1dac2592948b3fa58a7da1cc3e16bef8c2df,bc_classifier_v1,breast_cancer_wisconsin,classification_breast_cancer,42,unit_11,5,3,2026-09-02T20:45:00Z,1.0.0,8e7fd68470057c99,0.012071811180555234,0.2,0.1,0.2,0.2,0.0767741062700069,,,,,,NORMAL,True,True,True,True,False,False,False,True,False,1,0,1,
1315c2e8514a702889b43c14,Module_12_CrossDomain,sklearn.datasets.load_breast_cancer,71aa3180a9c8c9abf1e45ef91d8c1dac2592948b3fa58a7da1cc3e16bef8c2df,bc_classifier_v1,breast_cancer_wisconsin,classification_breast_cancer,42,unit_11,5,5,2026-09-02T20:45:00Z,1.0.0,8e7fd68470057c99,0.012071811180555234,0.2,0.1,0.2,0.2,0.0767741062700069,,,,,,NORMAL,True,True,True,True,False,False,False,True,False,1,0,1,
a515a84605b0692ed08efb66,Module_12_CrossDomain,sklearn.datasets.load_breast_cancer,71aa3180a9c8c9abf1e45ef91d8c1dac2592948b3fa58a7da1cc3e16bef8c2df,bc_classifier_v1,breast_cancer_wisconsin,classification_breast_cancer,42,unit_11,6,1,2026-09-02T20:45:00Z,1.0.0,8e7fd68470057c99,0.20926450919001263,0.2,0.1,0.2,0.2,0.04946891740057722,,,,,,NORMAL,True,True,True,True,False,False,False,True,False,1,0,1,
127962a628d25547b7debfba,Module_12_CrossDomain,sklearn.datasets.load_breast_cancer,71aa3180a9c8c9abf1e45ef91d8c1dac2592948b3fa58a7da1cc3e16bef8c2df,bc_classifier_v1,breast_cancer_wisconsin,classification_breast_cancer,42,unit_11,6,2,2026-09-02T20:45:00Z,1.0.0,8e7fd68470057c99,0.20926450919001263,0.2,0.1,0.2,0.2,0.04946891740057722,,,,,,NORMAL,True,True,True,True,False,False,False,True,False,1,0,1,
373e294f9c8ee091d68fdc3a,Module_12_CrossDomain,sklearn.datasets.load_breast_cancer,71aa3180a9c8c9abf1e45ef91d8c1dac2592948b3fa58a7da1cc3e16bef8c2df,bc_classifier_v1,breast_cancer_wisconsin,classification_breast_cancer,42,unit_11,6,3,2026-09-02T20:45:00Z,1.0.0,8e7fd68470057c99,0.20926450919001263,0.2,0.1,0.2,0.2,0.04946891740057722,,,,,,NORMAL,True,True,True,True,False,False,False,True,False,1,0,1,
8fb011d7cc0d73027291c1e4,Module_12_CrossDomain,sklearn.datasets.load_breast_cancer,71aa3180a9c8c9abf1e45ef91d8c1dac2592948b3fa58a7da1cc3e16bef8c2df,bc_classifier_v1,breast_cancer_wisconsin,classification_breast_cancer,42,unit_11,6,5,2026-09-02T20:45:00Z,1.0.0,8e7fd68470057c99,0.20926450919001263,0.2,0.1,0.2,0.2,0.04946891740057722,,,,,,NORMAL,True,True,True,True,False,False,False,True,False,1,0,1,
1b8ccafc4c29c4674e69502c,Module_12_CrossDomain,sklearn.datasets.load_breast_cancer,71aa3180a9c8c9abf1e45ef91d8c1dac2592948b3fa58a7da1cc3e16bef8c2df,bc_classifier_v1,breast_cancer_wisconsin,classification_breast_cancer,42,unit_11,7,1,2026-09-02T20:45:00Z,1.0.0,8e7fd68470057c99,0.04952872693557442,0.2,0.1,0.2,0.2,0.06252906295153456,,,,,,NORMAL,True,True,True,True,False,False,False,True,False,1,0,1,
64e68467bf46f1ec16406405,Module_12_CrossDomain,sklearn.datasets.load_breast_cancer,71aa3180a9c8c9abf1e45ef91d8c1dac2592948b3fa58a7da1cc3e16bef8c2df,bc_classifier_v1,breast_cancer_wisconsin,classification_breast_cancer,42,unit_11,7,2,2026-09-02T20:45:00Z,1.0.0,8e7fd68470057c99,0.04952872693557442,0.2,0.1,0.2,0.2,0.06252906295153456,,,,,,NORMAL,True,True,True,True,False,False,False,True,False,1,0,1,
a512c9191269cf559fa1cea3,Module_12_CrossDomain,sklearn.datasets.load_breast_cancer,71aa3180a9c8c9abf1e45ef91d8c1dac2592948b3fa58a7da1cc3e16bef8c2df,bc_classifier_v1,breast_cancer_wisconsin,classification_breast_cancer,42,unit_11,7,3,2026-09-02T20:45:00Z,1.0.0,8e7fd68470057c99,0.04952872693557442,0.2,0.1,0.2,0.2,0.06252906295153456,,,,,,NORMAL,True,True,True,True,False,False,False,True,False,1,0,1,
2ad4555561363cbe58f3cda5,Module_12_CrossDomain,sklearn.datasets.load_breast_cancer,71aa3180a9c8c9abf1e45ef91d8c1dac2592948b3fa58a7da1cc3e16bef8c2df,bc_classifier_v1,breast_cancer_wisconsin,classification_breast_cancer,42,unit_11,7,5,2026-09-02T20:45:00Z,1.0.0,8e7fd68470057c99,0.04952872693557442,0.2,0.1,0.2,0.2,0.06252906295153456,,,,,,NORMAL,True,True,True,True,False,False,False,True,False,1,0,1,
904d5443b0ec4c8473140d47,Module_12_CrossDomain,sklearn.datasets.load_breast_cancer,71aa3180a9c8c9abf1e45ef91d8c1dac2592948b3fa58a7da1cc3e16bef8c2df,bc_classifier_v1,breast_cancer_wisconsin,classification_breast_cancer,42,unit_11,8,1,2026-09-02T20:45:00Z,1.0.0,8e7fd68470057c99,0.08554318139313113,0.2,0.1,0.2,0.2,0.050891347146901106,,,,,,NORMAL,True,True,True,True,False,False,False,True,False,1,0,0,
326f33c17d397e1cc597dcb7,Module_12_CrossDomain,sklearn.datasets.load_breast_cancer,71aa3180a9c8c9abf1e45ef91d8c1dac2592948b3fa58a7da1cc3e16bef8c2df,bc_classifier_v1,breast_cancer_wisconsin,classification_breast_cancer,42,unit_11,8,2,2026-09-02T20:45:00Z,1.0.0,8e7fd68470057c99,0.08554318139313113,0.2,0.1,0.2,0.2,0.050891347146901106,,,,,,NORMAL,True,True,True,True,False,False,False,True,False,1,0,0,
a8cda3f3f683cd98ec2f68e6,Module_12_CrossDomain,sklearn.datasets.load_breast_cancer,71aa3180a9c8c9abf1e45ef91d8c1dac2592948b3fa58a7da1cc3e16bef8c2df,bc_classifier_v1,breast_cancer_wisconsin,classification_breast_cancer,42,unit_11,8,3,2026-09-02T20:45:00Z,1.0.0,8e7fd68470057c99,0.08554318139313113,0.2,0.1,0.2,0.2,0.050891347146901106,,,,,,NORMAL,True,True,True,True,False,False,False,True,False,1,0,1,
2c316304d12746450c24f49a,Module_12_CrossDomain,sklearn.datasets.load_breast_cancer,71aa3180a9c8c9abf1e45ef91d8c1dac2592948b3fa58a7da1cc3e16bef8c2df,bc_classifier_v1,breast_cancer_wisconsin,classification_breast_cancer,42,unit_11,8,5,2026-09-02T20:45:00Z,1.0.0,8e7fd68470057c99,0.08554318139313113,0.2,0.1,0.2,0.2,0.050891347146901106,,,,,,NORMAL,True,True,True,True,False,False,False,True,False,1,0,1,
d73c292f18260afbc8ac1f78,Module_12_CrossDomain,sklearn.datasets.load_breast_cancer,71aa3180a9c8c9abf1e45ef91d8c1dac2592948b3fa58a7da1cc3e16bef8c2df,bc_classifier_v1,breast_cancer_wisconsin,classification_breast_cancer,42,unit_11,9,1,2026-09-02T20:45:00Z,1.0.0,8e7fd68470057c99,0.07362507183471591,0.2,0.1,0.2,0.2,0.054432689631328274,,,,,,NORMAL,True,True,True,True,False,False,False,True,False,1,0,0,
6fb0eeea6db22bc88954e0dc,Module_12_CrossDomain,sklearn.datasets.load_breast_cancer,71aa3180a9c8c9abf1e45ef91d8c1dac2592948b3fa58a7da1cc3e16bef8c2df,bc_classifier_v1,breast_cancer_wisconsin,classification_breast_cancer,42,unit_11,9,2,2026-09-02T20:45:00Z,1.0.0,8e7fd68470057c99,0.07362507183471591,0.2,0.1,0.2,0.2,0.054432689631328274,,,,,,NORMAL,True,True,True,True,False,False,False,True,False,1,0,1,
93e7711a3d7465ed51745ba6,Module_12_CrossDomain,sklearn.datasets.load_breast_cancer,71aa3180a9c8c9abf1e45ef91d8c1dac2592948b3fa58a7da1cc3e16bef8c2df,bc_classifier_v1,breast_cancer_wisconsin,classification_breast_cancer,42,unit_11,9,3,2026-09-02T20:45:00Z,1.0.0,8e7fd68470057c99,0.07362507183471591,0.2,0.1,0.2,0.2,0.054432689631328274,,,,,,NORMAL,True,True,True,True,False,False,False,True,False,1,0,1,
d285ef0361c32e5420a2c50b,Module_12_CrossDomain,sklearn.datasets.load_breast_cancer,71aa3180a9c8c9abf1e45ef91d8c1dac2592948b3fa58a7da1cc3e16bef8c2df,bc_classifier_v1,breast_cancer_wisconsin,classification_breast_cancer,42,unit_11,9,5,2026-09-02T20:45:00Z,1.0.0,8e7fd68470057c99,0.07362507183471591,0.2,0.1,0.2,0.2,0.054432689631328274,,,,,,NORMAL,True,True,True,True,False,False,False,True,False,1,0,1,
3bc6294ca24cf8f22ba81684,Module_12_CrossDomain,sklearn.datasets.load_breast_cancer,71aa3180a9c8c9abf1e45ef91d8c1dac2592948b3fa58a7da1cc3e16bef8c2df,bc_classifier_v1,breast_cancer_wisconsin,classification_breast_cancer,42,unit_11,10,1,2026-09-02T20:45:00Z,1.0.0,8e7fd68470057c99,0.16587217738677038,0.2,0.1,0.2,0.2,0.0415048217145299,,,,,,NORMAL,True,True,True,True,False,False,False,True,False,1,0,1,
384eefa0181d2999553288f9,Module_12_CrossDomain,sklearn.datasets.load_breast_cancer,71aa3180a9c8c9abf1e45ef91d8c1dac2592948b3fa58a7da1cc3e16bef8c2df,bc_classifier_v1,breast_cancer_wisconsin,classification_breast_cancer,42,unit_11,10,2,2026-09-02T20:45:00Z,1.0.0,8e7fd68470057c99,0.16587217738677038,0.2,0.1,0.2,0.2,0.0415048217145299,,,,,,NORMAL,True,True,True,True,False,False,False,True,False,1,0,1,
298d946501174649db3714e4,Module_12_CrossDomain,sklearn.datasets.load_breast_cancer,71aa3180a9c8c9abf1e45ef91d8c1dac2592948b3fa58a7da1cc3e16bef8c2df,bc_classifier_v1,breast_cancer_wisconsin,classification_breast_cancer,42,unit_11,10,3,2026-09-02T20:45:00Z,1.0.0,8e7fd68470057c99,0.16587217738677038,0.2,0.1,0.2,0.2,0.0415048217145299,,,,,,NORMAL,True,True,True,True,False,False,False,True,False,1,0,1,
1811569c99c2c3ecaeb7972d,Module_12_CrossDomain,sklearn.datasets.load_breast_cancer,71aa3180a9c8c9abf1e45ef91d8c1dac2592948b3fa58a7da1cc3e16bef8c2df,bc_classifier_v1,breast_cancer_wisconsin,classification_breast_cancer,42,unit_11,10,5,2026-09-02T20:45:00Z,1.0.0,8e7fd68470057c99,0.16587217738677038,0.2,0.1,0.2,0.2,0.0415048217145299,,,,,,NORMAL,True,True,True,True,False,False,False,True,False,1,0,1,
c9d96e8476cc0661bd70fd81,Module_12_CrossDomain,sklearn.datasets.load_breast_cancer,71aa3180a9c8c9abf1e45ef91d8c1dac2592948b3fa58a7da1cc3e16bef8c2df,bc_classifier_v1,breast_cancer_wisconsin,classification_breast_cancer,42,unit_11,11,1,2026-09-02T20:45:00Z,1.0.0,8e7fd68470057c99,0.15932195484998704,0.2,0.1,0.2,0.2,0.041060656600869015,,,,,,NORMAL,True,True,True,True,False,False,False,True,False,1,0,1,
4af72ed6e4522392871b7a59,Module_12_CrossDomain,sklearn.datasets.load_breast_cancer,71aa3180a9c8c9abf1e45ef91d8c1dac2592948b3fa58a7da1cc3e16bef8c2df,bc_classifier_v1,breast_cancer_wisconsin,classification_breast_cancer,42,unit_11,11,2,2026-09-02T20:45:00Z,1.0.0,8e7fd68470057c99,0.15932195484998704,0.2,0.1,0.2,0.2,0.041060656600869015,,,,,,NORMAL,True,True,True,True,False,False,False,True,False,1,0,1,
10f052ba16396694b449f342,Module_12_CrossDomain,sklearn.datasets.load_breast_cancer,71aa3180a9c8c9abf1e45ef91d8c1dac2592948b3fa58a7da1cc3e16bef8c2df,bc_classifier_v1,breast_cancer_wisconsin,classification_breast_cancer,42,unit_11,11,3,2026-09-02T20:45:00Z,1.0.0,8e7fd68470057c99,0.15932195484998704,0.2,0.1,0.2,0.2,0.041060656600869015,,,,,,NORMAL,True,True,True,True,False,False,False,True,False,1,0,1,
58cf052e9151a8d4cd63a79e,Module_12_CrossDomain,sklearn.datasets.load_breast_cancer,71aa3180a9c8c9abf1e45ef91d8c1dac2592948b3fa58a7da1cc3e16bef8c2df,bc_classifier_v1,breast_cancer_wisconsin,classification_breast_cancer,42,unit_11,11,5,2026-09-02T20:45:00Z,1.0.0,8e7fd68470057c99,0.15932195484998704,0.2,0.1,0.2,0.2,0.041060656600869015,,,,,,NORMAL,True,True,True,True,False,False,False,True,False,1,0,1,
1cef9feff47539e7639f5d24,Module_12_CrossDomain,sklearn.datasets.load_breast_cancer,71aa3180a9c8c9abf1e45ef91d8c1dac2592948b3fa58a7da1cc3e16bef8c2df,bc_classifier_v1,breast_cancer_wisconsin,classification_breast_cancer,42,unit_11,12,1,2026-09-02T20:45:00Z,1.0.0,8e7fd68470057c99,0.16499724511589903,0.2,0.1,0.2,0.2,0.0414324546998991,,,,,,NORMAL,True,True,True,True,False,False,False,True,False,1,0,0,
640c61daacc35c692f0055b3,Module_12_CrossDomain,sklearn.datasets.load_breast_cancer,71aa3180a9c8c9abf1e45ef91d8c1dac2592948b3fa58a7da1cc3e16bef8c2df,bc_classifier_v1,breast_cancer_wisconsin,classification_breast_cancer,42,unit_11,12,2,2026-09-02T20:45:00Z,1.0.0,8e7fd68470057c99,0.16499724511589903,0.2,0.1,0.2,0.2,0.0414324546998991,,,,,,NORMAL,True,True,True,True,False,False,False,True,False,1,0,1,
725491efb0befce64e56421a,Module_12_CrossDomain,sklearn.datasets.load_breast_cancer,71aa3180a9c8c9abf1e45ef91d8c1dac2592948b3fa58a7da1cc3e16bef8c2df,bc_classifier_v1,breast_cancer_wisconsin,classification_breast_cancer,42,unit_11,12,3,2026-09-02T20:45:00Z,1.0.0,8e7fd68470057c99,0.16499724511589903,0.2,0.1,0.2,0.2,0.0414324546998991,,,,,,NORMAL,True,True,True,True,False,False,False,True,False,1,0,1,
8e804572efadd9871ae477f0,Module_12_CrossDomain,sklearn.datasets.load_breast_cancer,71aa3180a9c8c9abf1e45ef91d8c1dac2592948b3fa58a7da1cc3e16bef8c2df,bc_classifier_v1,breast_cancer_wisconsin,classification_breast_cancer,42,unit_11,12,5,2026-09-02T20:45:00Z,1.0.0,8e7fd68470057c99,0.16499724511589903,0.2,0.1,0.2,0.2,0.0414324546998991,,,,,,NORMAL,True,True,True,True,False,False,False,True,False,1,0,1,
f19438218608d65ecf4ac3c7,Module_12_CrossDomain,sklearn.datasets.load_breast_cancer,71aa3180a9c8c9abf1e45ef91d8c1dac2592948b3fa58a7da1cc3e16bef8c2df,bc_classifier_v1,breast_cancer_wisconsin,classification_breast_cancer,42,unit_11,13,1,2026-09-02T20:45:00Z,1.0.0,8e7fd68470057c99,0.36223722058732555,0.2,0.1,0.2,0.2,0.10805825363369012,,,,,,NORMAL,True,True,True,True,False,False,False,True,False,1,0,1,
cb27350053b45d16fbe10ac0,Module_12_CrossDomain,sklearn.datasets.load_breast_cancer,71aa3180a9c8c9abf1e45ef91d8c1dac2592948b3fa58a7da1cc3e16bef8c2df,bc_classifier_v1,breast_cancer_wisconsin,classification_breast_cancer,42,unit_11,13,2,2026-09-02T20:45:00Z,1.0.0,8e7fd68470057c99,0.36223722058732555,0.2,0.1,0.2,0.2,0.10805825363369012,,,,,,NORMAL,True,True,True,True,False,False,False,True,False,1,0,1,
2720efc2efb3d74486e8e4f9,Module_12_CrossDomain,sklearn.datasets.load_breast_cancer,71aa3180a9c8c9abf1e45ef91d8c1dac2592948b3fa58a7da1cc3e16bef8c2df,bc_classifier_v1,breast_cancer_wisconsin,classification_breast_cancer,42,unit_11,13,3,2026-09-02T20:45:00Z,1.0.0,8e7fd68470057c99,0.36223722058732555,0.2,0.1,0.2,0.2,0.10805825363369012,,,,,,NORMAL,True,True,True,True,False,False,False,True,False,1,0,1,
fe00cc5619b16a3b9d046ecb,Module_12_CrossDomain,sklearn.datasets.load_breast_cancer,71aa3180a9c8c9abf1e45ef91d8c1dac2592948b3fa58a7da1cc3e16bef8c2df,bc_classifier_v1,breast_cancer_wisconsin,classification_breast_cancer,42,unit_11,13,5,2026-09-02T20:45:00Z,1.0.0,8e7fd68470057c99,0.36223722058732555,0.2,0.1,0.2,0.2,0.10805825363369012,,,,,,NORMAL,True,True,True,True,False,False,False,True,False,1,0,1,
86394ca3527274a223aa57c8,Module_12_CrossDomain,sklearn.datasets.load_breast_cancer,71aa3180a9c8c9abf1e45ef91d8c1dac2592948b3fa58a7da1cc3e16bef8c2df,bc_classifier_v1,breast_cancer_wisconsin,classification_breast_cancer,42,unit_11,14,1,2026-09-02T20:45:00Z,1.0.0,8e7fd68470057c99,0.25880979321142433,0.2,0.1,0.2,0.2,0.06555671183319561,,,,,,NORMAL,True,True,True,True,False,False,False,True,False,1,0,1,
01fbd19d6ff800ff4def73e3,Module_12_CrossDomain,sklearn.datasets.load_breast_cancer,71aa3180a9c8c9abf1e45ef91d8c1dac2592948b3fa58a7da1cc3e16bef8c2df,bc_classifier_v1,breast_cancer_wisconsin,classification_breast_cancer,42,unit_11,14,2,2026-09-02T20:45:00Z,1.0.0,8e7fd68470057c99,0.25880979321142433,0.2,0.1,0.2,0.2,0.06555671183319561,,,,,,NORMAL,True,True,True,True,False,False,False,True,False,1,0,1,
351bf36a859963e4067eb2ad,Module_12_CrossDomain,sklearn.datasets.load_breast_cancer,71aa3180a9c8c9abf1e45ef91d8c1dac2592948b3fa58a7da1cc3e16bef8c2df,bc_classifier_v1,breast_cancer_wisconsin,classification_breast_cancer,42,unit_11,14,3,2026-09-02T20:45:00Z,1.0.0,8e7fd68470057c99,0.25880979321142433,0.2,0.1,0.2,0.2,0.06555671183319561,,,,,,NORMAL,True,True,True,True,False,False,False,True,False,1,0,1,
59f1a25cf38b392be8b4a647,Module_12_CrossDomain,sklearn.datasets.load_breast_cancer,71aa3180a9c8c9abf1e45ef91d8c1dac2592948b3fa58a7da1cc3e16bef8c2df,bc_classifier_v1,breast_cancer_wisconsin,classification_breast_cancer,42,unit_11,14,5,2026-09-02T20:45:00Z,1.0.0,8e7fd68470057c99,0.25880979321142433,0.2,0.1,0.2,0.2,0.06555671183319561,,,,,,NORMAL,True,True,True,True,False,False,False,True,False,1,0,1,
a70031fb67b42db9b8a6cfd9,Module_12_CrossDomain,sklearn.datasets.load_breast_cancer,71aa3180a9c8c9abf1e45ef91d8c1dac2592948b3fa58a7da1cc3e16bef8c2df,bc_classifier_v1,breast_cancer_wisconsin,classification_breast_cancer,42,unit_11,15,1,2026-09-02T20:45:00Z,1.0.0,8e7fd68470057c99,0.005521588643771983,0.2,0.1,0.2,0.2,0.07940614494556093,,,,,,NORMAL,True,True,True,True,False,False,False,True,False,1,0,0,
101559b75ba28d5343718c4a,Module_12_CrossDomain,sklearn.datasets.load_breast_cancer,71aa3180a9c8c9abf1e45ef91d8c1dac2592948b3fa58a7da1cc3e16bef8c2df,bc_classifier_v1,breast_cancer_wisconsin,classification_breast_cancer,42,unit_11,15,2,2026-09-02T20:45:00Z,1.0.0,8e7fd68470057c99,0.005521588643771983,0.2,0.1,0.2,0.2,0.07940614494556093,,,,,,NORMAL,True,True,True,True,False,False,False,True,False,1,0,0,
e430f37e7ce37d85bf305fbf,Module_12_CrossDomain,sklearn.datasets.load_breast_cancer,71aa3180a9c8c9abf1e45ef91d8c1dac2592948b3fa58a7da1cc3e16bef8c2df,bc_classifier_v1,breast_cancer_wisconsin,classification_breast_cancer,42,unit_11,15,3,2026-09-02T20:45:00Z,1.0.0,8e7fd68470057c99,0.005521588643771983,0.2,0.1,0.2,0.2,0.07940614494556093,,,,,,NORMAL,True,True,True,True,False,False,False,True,False,1,0,1,
ac049514f77cdd3caa1718e9,Module_12_CrossDomain,sklearn.datasets.load_breast_cancer,71aa3180a9c8c9abf1e45ef91d8c1dac2592948b3fa58a7da1cc3e16bef8c2df,bc_classifier_v1,breast_cancer_wisconsin,classification_breast_cancer,42,unit_11,15,5,2026-09-02T20:45:00Z,1.0.0,8e7fd68470057c99,0.005521588643771983,0.2,0.1,0.2,0.2,0.07940614494556093,,,,,,NORMAL,True,True,True,True,False,False,False,True,False,1,0,1,
2d60009823d09130c68dd9e4,Module_12_CrossDomain,sklearn.datasets.load_breast_cancer,71aa3180a9c8c9abf1e45ef91d8c1dac2592948b3fa58a7da1cc3e16bef8c2df,bc_classifier_v1,breast_cancer_wisconsin,classification_breast_cancer,42,unit_11,16,1,2026-09-02T20:45:00Z,1.0.0,8e7fd68470057c99,0.5154700577669493,0.2,0.1,0.2,0.2,0.17705514716806753,,,,,,NORMAL,True,True,True,True,False,False,False,True,False,1,0,0,
479e363d6ef20b7e95158ec9,Module_12_CrossDomain,sklearn.datasets.load_breast_cancer,71aa3180a9c8c9abf1e45ef91d8c1dac2592948b3fa58a7da1cc3e16bef8c2df,bc_classifier_v1,breast_cancer_wisconsin,classification_breast_cancer,42,unit_11,16,2,2026-09-02T20:45:00Z,1.0.0,8e7fd68470057c99,0.5154700577669493,0.2,0.1,0.2,0.2,0.17705514716806753,,,,,,NORMAL,True,True,True,True,False,False,False,True,False,1,0,1,
84f43cbfe0e2e768c1d12fe0,Module_12_CrossDomain,sklearn.datasets.load_breast_cancer,71aa3180a9c8c9abf1e45ef91d8c1dac2592948b3fa58a7da1cc3e16bef8c2df,bc_classifier_v1,breast_cancer_wisconsin,classification_breast_cancer,42,unit_11,16,3,2026-09-02T20:45:00Z,1.0.0,8e7fd68470057c99,0.5154700577669493,0.2,0.1,0.2,0.2,0.17705514716806753,,,,,,NORMAL,True,True,True,True,False,False,False,True,False,1,0,1,
a729dde02478cfedb9ad61a8,Module_12_CrossDomain,sklearn.datasets.load_breast_cancer,71aa3180a9c8c9abf1e45ef91d8c1dac2592948b3fa58a7da1cc3e16bef8c2df,bc_classifier_v1,breast_cancer_wisconsin,classification_breast_cancer,42,unit_11,16,5,2026-09-02T20:45:00Z,1.0.0,8e7fd68470057c99,0.5154700577669493,0.2,0.1,0.2,0.2,0.17705514716806753,,,,,,NORMAL,True,True,True,True,False,False,False,True,False,1,0,1,
b87098dd2d09b3974abdce92,Module_12_CrossDomain,sklearn.datasets.load_breast_cancer,71aa3180a9c8c9abf1e45ef91d8c1dac2592948b3fa58a7da1cc3e16bef8c2df,bc_classifier_v1,breast_cancer_wisconsin,classification_breast_cancer,42,unit_11,17,1,2026-09-02T20:45:00Z,1.0.0,8e7fd68470057c99,0.3605346335075518,0.2,0.1,0.2,0.2,0.10731555950783564,,,,,,NORMAL,True,True,True,True,False,False,False,True,False,1,0,1,
5a9bde83b63558e53aa13cc2,Module_12_CrossDomain,sklearn.datasets.load_breast_cancer,71aa3180a9c8c9abf1e45ef91d8c1dac2592948b3fa58a7da1cc3e16bef8c2df,bc_classifier_v1,breast_cancer_wisconsin,classification_breast_cancer,42,unit_11,17,2,2026-09-02T20:45:00Z,1.0.0,8e7fd68470057c99,0.3605346335075518,0.2,0.1,0.2,0.2,0.10731555950783564,,,,,,NORMAL,True,True,True,True,False,False,False,True,False,1,0,1,
2bdbabc486c68d3f6b381ca1,Module_12_CrossDomain,sklearn.datasets.load_breast_cancer,71aa3180a9c8c9abf1e45ef91d8c1dac2592948b3fa58a7da1cc3e16bef8c2df,bc_classifier_v1,breast_cancer_wisconsin,classification_breast_cancer,42,unit_11,17,3,2026-09-02T20:45:00Z,1.0.0,8e7fd68470057c99,0.3605346335075518,0.2,0.1,0.2,0.2,0.10731555950783564,,,,,,NORMAL,True,True,True,True,False,False,False,True,False,1,0,1,
b6dd6498242b7de21616be65,Module_12_CrossDomain,sklearn.datasets.load_breast_cancer,71aa3180a9c8c9abf1e45ef91d8c1dac2592948b3fa58a7da1cc3e16bef8c2df,bc_classifier_v1,breast_cancer_wisconsin,classification_breast_cancer,42,unit_11,17,5,2026-09-02T20:45:00Z,1.0.0,8e7fd68470057c99,0.3605346335075518,0.2,0.1,0.2,0.2,0.10731555950783564,,,,,,NORMAL,True,True,True,True,False,False,False,True,False,1,0,1,
499ab2dbf4a61df730872f5b,Module_12_CrossDomain,sklearn.datasets.load_breast_cancer,71aa3180a9c8c9abf1e45ef91d8c1dac2592948b3fa58a7da1cc3e16bef8c2df,bc_classifier_v1,breast_cancer_wisconsin,classification_breast_cancer,42,unit_11,18,1,2026-09-02T20:45:00Z,1.0.0,8e7fd68470057c99,0.005261462861460882,0.2,0.1,0.2,0.2,0.07951134668573238,,,,,,NORMAL,True,True,True,True,False,False,False,True,False,1,0,0,
57c41ea4800f6af902c5ab62,Module_12_CrossDomain,sklearn.datasets.load_breast_cancer,71aa3180a9c8c9abf1e45ef91d8c1dac2592948b3fa58a7da1cc3e16bef8c2df,bc_classifier_v1,breast_cancer_wisconsin,classification_breast_cancer,42,unit_11,18,2,2026-09-02T20:45:00Z,1.0.0,8e7fd68470057c99,0.005261462861460882,0.2,0.1,0.2,0.2,0.07951134668573238,,,,,,NORMAL,True,True,True,True,False,False,False,True,False,1,0,0,
89de9845a7ee7795097da791,Module_12_CrossDomain,sklearn.datasets.load_breast_cancer,71aa3180a9c8c9abf1e45ef91d8c1dac2592948b3fa58a7da1cc3e16bef8c2df,bc_classifier_v1,breast_cancer_wisconsin,classification_breast_cancer,42,unit_11,18,3,2026-09-02T20:45:00Z,1.0.0,8e7fd68470057c99,0.005261462861460882,0.2,0.1,0.2,0.2,0.07951134668573238,,,,,,NORMAL,True,True,True,True,False,False,False,True,False,1,0,0,
c5294178164b07b1c59c85b5,Module_12_CrossDomain,sklearn.datasets.load_breast_cancer,71aa3180a9c8c9abf1e45ef91d8c1dac2592948b3fa58a7da1cc3e16bef8c2df,bc_classifier_v1,breast_cancer_wisconsin,classification_breast_cancer,42,unit_11,18,5,2026-09-02T20:45:00Z,1.0.0,8e7fd68470057c99,0.005261462861460882,0.2,0.1,0.2,0.2,0.07951134668573238,,,,,,NORMAL,True,True,True,True,False,False,False,True,False,1,0,0,
0de9f7e9d7b8637992959535,Module_12_CrossDomain,sklearn.datasets.load_breast_cancer,71aa3180a9c8c9abf1e45ef91d8c1dac2592948b3fa58a7da1cc3e16bef8c2df,bc_classifier_v1,breast_cancer_wisconsin,classification_breast_cancer,42,unit_11,19,1,2026-09-02T20:45:00Z,1.0.0,8e7fd68470057c99,0.1891408674770096,0.2,0.1,0.2,0.2,0.04480081226161673,,,,,,NORMAL,True,True,True,True,False,False,False,True,False,1,0,0,
bda2dfd8d1775792a16f8488,Module_12_CrossDomain,sklearn.datasets.load_breast_cancer,71aa3180a9c8c9abf1e45ef91d8c1dac2592948b3fa58a7da1cc3e16bef8c2df,bc_classifier_v1,breast_cancer_wisconsin,classification_breast_cancer,42,unit_11,19,2,2026-09-02T20:45:00Z,1.0.0,8e7fd68470057c99,0.1891408674770096,0.2,0.1,0.2,0.2,0.04480081226161673,,,,,,NORMAL,True,True,True,True,False,False,False,True,False,1,0,0,
ed71aa61a749e3fe48d5899b,Module_12_CrossDomain,sklearn.datasets.load_breast_cancer,71aa3180a9c8c9abf1e45ef91d8c1dac2592948b3fa58a7da1cc3e16bef8c2df,bc_classifier_v1,breast_cancer_wisconsin,classification_breast_cancer,42,unit_11,19,3,2026-09-02T20:45:00Z,1.0.0,8e7fd68470057c99,0.1891408674770096,0.2,0.1,0.2,0.2,0.04480081226161673,,,,,,NORMAL,True,True,True,True,False,False,False,True,False,1,0,0,
f1a4573b0e12660caaca57e7,Module_12_CrossDomain,sklearn.datasets.load_breast_cancer,71aa3180a9c8c9abf1e45ef91d8c1dac2592948b3fa58a7da1cc3e16bef8c2df,bc_classifier_v1,breast_cancer_wisconsin,classification_breast_cancer,42,unit_11,19,5,2026-09-02T20:45:00Z,1.0.0,8e7fd68470057c99,0.1891408674770096,0.2,0.1,0.2,0.2,0.04480081226161673,,,,,,NORMAL,True,True,True,True,False,False,False,True,False,1,0,0,
d30f2edf13a27caf2a95de68,Module_12_CrossDomain,sklearn.datasets.load_breast_cancer,71aa3180a9c8c9abf1e45ef91d8c1dac2592948b3fa58a7da1cc3e16bef8c2df,bc_classifier_v1,breast_cancer_wisconsin,classification_breast_cancer,42,unit_12,0,1,2026-09-02T20:45:00Z,1.0.0,8e7fd68470057c99,0.0276552206808287,0.2,0.1,0.2,0.2,0.07066076237387374,,,,,,NORMAL,True,True,True,True,False,False,False,True,False,1,0,1,0.0
a96683730db8d8eb1a881afd,Module_12_CrossDomain,sklearn.datasets.load_breast_cancer,71aa3180a9c8c9abf1e45ef91d8c1dac2592948b3fa58a7da1cc3e16bef8c2df,bc_classifier_v1,breast_cancer_wisconsin,classification_breast_cancer,42,unit_12,0,2,2026-09-02T20:45:00Z,1.0.0,8e7fd68470057c99,0.0276552206808287,0.2,0.1,0.2,0.2,0.07066076237387374,,,,,,NORMAL,True,True,True,True,False,False,False,True,False,1,0,1,0.0
9244fcc32215de012b0de2e0,Module_12_CrossDomain,sklearn.datasets.load_breast_cancer,71aa3180a9c8c9abf1e45ef91d8c1dac2592948b3fa58a7da1cc3e16bef8c2df,bc_classifier_v1,breast_cancer_wisconsin,classification_breast_cancer,42,unit_12,0,3,2026-09-02T20:45:00Z,1.0.0,8e7fd68470057c99,0.0276552206808287,0.2,0.1,0.2,0.2,0.07066076237387374,,,,,,NORMAL,True,True,True,True,False,False,False,True,False,1,0,1,0.0
38e42b2265da636abc6144bc,Module_12_CrossDomain,sklearn.datasets.load_breast_cancer,71aa3180a9c8c9abf1e45ef91d8c1dac2592948b3fa58a7da1cc3e16bef8c2df,bc_classifier_v1,breast_cancer_wisconsin,classification_breast_cancer,42,unit_12,0,5,2026-09-02T20:45:00Z,1.0.0,8e7fd68470057c99,0.0276552206808287,0.2,0.1,0.2,0.2,0.07066076237387374,,,,,,NORMAL,True,True,True,True,False,False,False,True,False,1,0,1,0.0
bcb76727ab44c31509eb1952,Module_12_CrossDomain,sklearn.datasets.load_breast_cancer,71aa3180a9c8c9abf1e45ef91d8c1dac2592948b3fa58a7da1cc3e16bef8c2df,bc_classifier_v1,breast_cancer_wisconsin,classification_breast_cancer,42,unit_12,1,1,2026-09-02T20:45:00Z,1.0.0,8e7fd68470057c99,0.0968937619249551,0.2,0.1,0.2,0.2,0.04788939228978782,,,,,,NORMAL,True,True,True,True,False,False,False,True,False,1,0,1,
2fadcec8352ea27c19cdc7ec,Module_12_CrossDomain,sklearn.datasets.load_breast_cancer,71aa3180a9c8c9abf1e45ef91d8c1dac2592948b3fa58a7da1cc3e16bef8c2df,bc_classifier_v1,breast_cancer_wisconsin,classification_breast_cancer,42,unit_12,1,2,2026-09-02T20:45:00Z,1.0.0,8e7fd68470057c99,0.0968937619249551,0.2,0.1,0.2,0.2,0.04788939228978782,,,,,,NORMAL,True,True,True,True,False,False,False,True,False,1,0,1,
3aa0e6c2dc1859c7cfa084aa,Module_12_CrossDomain,sklearn.datasets.load_breast_cancer,71aa3180a9c8c9abf1e45ef91d8c1dac2592948b3fa58a7da1cc3e16bef8c2df,bc_classifier_v1,breast_cancer_wisconsin,classification_breast_cancer,42,unit_12,1,3,2026-09-02T20:45:00Z,1.0.0,8e7fd68470057c99,0.0968937619249551,0.2,0.1,0.2,0.2,0.04788939228978782,,,,,,NORMAL,True,True,True,True,False,False,False,True,False,1,0,1,
743b656b24f8bd46916b315a,Module_12_CrossDomain,sklearn.datasets.load_breast_cancer,71aa3180a9c8c9abf1e45ef91d8c1dac2592948b3fa58a7da1cc3e16bef8c2df,bc_classifier_v1,breast_cancer_wisconsin,classification_breast_cancer,42,unit_12,1,5,2026-09-02T20:45:00Z,1.0.0,8e7fd68470057c99,0.0968937619249551,0.2,0.1,0.2,0.2,0.04788939228978782,,,,,,NORMAL,True,True,True,True,False,False,False,True,False,1,0,1,
302292bccc5036991dcf308b,Module_12_CrossDomain,sklearn.datasets.load_breast_cancer,71aa3180a9c8c9abf1e45ef91d8c1dac2592948b3fa58a7da1cc3e16bef8c2df,bc_classifier_v1,breast_cancer_wisconsin,classification_breast_cancer,42,unit_12,2,1,2026-09-02T20:45:00Z,1.0.0,8e7fd68470057c99,0.1604570129031694,0.2,0.1,0.2,0.2,0.041121362706713925,,,,,,NORMAL,True,True,True,True,False,False,False,True,False,1,0,1,
f3392f78db76fc01991e9895,Module_12_CrossDomain,sklearn.datasets.load_breast_cancer,71aa3180a9c8c9abf1e45ef91d8c1dac2592948b3fa58a7da1cc3e16bef8c2df,bc_classifier_v1,breast_cancer_wisconsin,classification_breast_cancer,42,unit_12,2,2,2026-09-02T20:45:00Z,1.0.0,8e7fd68470057c99,0.1604570129031694,0.2,0.1,0.2,0.2,0.041121362706713925,,,,,,NORMAL,True,True,True,True,False,False,False,True,False,1,0,1,
e00c667a57414a26badde275,Module_12_CrossDomain,sklearn.datasets.load_breast_cancer,71aa3180a9c8c9abf1e45ef91d8c1dac2592948b3fa58a7da1cc3e16bef8c2df,bc_classifier_v1,breast_cancer_wisconsin,classification_breast_cancer,42,unit_12,2,3,2026-09-02T20:45:00Z,1.0.0,8e7fd68470057c99,0.1604570129031694,0.2,0.1,0.2,0.2,0.041121362706713925,,,,,,NORMAL,True,True,True,True,False,False,False,True,False,1,0,1,
873f56b18cf71486ad00d76e,Module_12_CrossDomain,sklearn.datasets.load_breast_cancer,71aa3180a9c8c9abf1e45ef91d8c1dac2592948b3fa58a7da1cc3e16bef8c2df,bc_classifier_v1,breast_cancer_wisconsin,classification_breast_cancer,42,unit_12,2,5,2026-09-02T20:45:00Z,1.0.0,8e7fd68470057c99,0.1604570129031694,0.2,0.1,0.2,0.2,0.041121362706713925,,,,,,NORMAL,True,True,True,True,False,False,False,True,False,1,0,1,
2f0a0b7ba777b08a9fc33d40,Module_12_CrossDomain,sklearn.datasets.load_breast_cancer,71aa3180a9c8c9abf1e45ef91d8c1dac2592948b3fa58a7da1cc3e16bef8c2df,bc_classifier_v1,breast_cancer_wisconsin,classification_breast_cancer,42,unit_12,3,1,2026-09-02T20:45:00Z,1.0.0,8e7fd68470057c99,0.021412401388325536,0.2,0.1,0.2,0.2,0.07308255684379156,,,,,,NORMAL,True,True,True,True,False,False,False,True,False,1,0,0,
5587752d43801b427d865975,Module_12_CrossDomain,sklearn.datasets.load_breast_cancer,71aa3180a9c8c9abf1e45ef91d8c1dac2592948b3fa58a7da1cc3e16bef8c2df,bc_classifier_v1,breast_cancer_wisconsin,classification_breast_cancer,42,unit_12,3,2,2026-09-02T20:45:00Z,1.0.0,8e7fd68470057c99,0.021412401388325536,0.2,0.1,0.2,0.2,0.07308255684379156,,,,,,NORMAL,True,True,True,True,False,False,False,True,False,1,0,1,
07bf3ee9a808c46cc1224c30,Module_12_CrossDomain,sklearn.datasets.load_breast_cancer,71aa3180a9c8c9abf1e45ef91d8c1dac2592948b3fa58a7da1cc3e16bef8c2df,bc_classifier_v1,breast_cancer_wisconsin,classification_breast_cancer,42,unit_12,3,3,2026-09-02T20:45:00Z,1.0.0,8e7fd68470057c99,0.021412401388325536,0.2,0.1,0.2,0.2,0.07308255684379156,,,,,,NORMAL,True,True,True,True,False,False,False,True,False,1,0,1,
c5de3bb746bf79c6ebccdd3c,Module_12_CrossDomain,sklearn.datasets.load_breast_cancer,71aa3180a9c8c9abf1e45ef91d8c1dac2592948b3fa58a7da1cc3e16bef8c2df,bc_classifier_v1,breast_cancer_wisconsin,classification_breast_cancer,42,unit_12,3,5,2026-09-02T20:45:00Z,1.0.0,8e7fd68470057c99,0.021412401388325536,0.2,0.1,0.2,0.2,0.07308255684379156,,,,,,NORMAL,True,True,True,True,False,False,False,True,False,1,0,1,
f76c3c13fe73e927e590c2d2,Module_12_CrossDomain,sklearn.datasets.load_breast_cancer,71aa3180a9c8c9abf1e45ef91d8c1dac2592948b3fa58a7da1cc3e16bef8c2df,bc_classifier_v1,breast_cancer_wisconsin,classification_breast_cancer,42,unit_12,4,1,2026-09-02T20:45:00Z,1.0.0,8e7fd68470057c99,0.2992414986357022,0.2,0.1,0.2,0.2,0.08134019768168517,,,,,,NORMAL,True,True,True,True,False,False,False,True,False,1,0,1,
a3a62d1d8a9df2b4cbeedf2e,Module_12_CrossDomain,sklearn.datasets.load_breast_cancer,71aa3180a9c8c9abf1e45ef91d8c1dac2592948b3fa58a7da1cc3e16bef8c2df,bc_classifier_v1,breast_cancer_wisconsin,classification_breast_cancer,42,unit_12,4,2,2026-09-02T20:45:00Z,1.0.0,8e7fd68470057c99,0.2992414986357022,0.2,0.1,0.2,0.2,0.08134019768168517,,,,,,NORMAL,True,True,True,True,False,False,False,True,False,1,0,1,
3fc92f5efdfdd8267710335f,Module_12_CrossDomain,sklearn.datasets.load_breast_cancer,71aa3180a9c8c9abf1e45ef91d8c1dac2592948b3fa58a7da1cc3e16bef8c2df,bc_classifier_v1,breast_cancer_wisconsin,classification_breast_cancer,42,unit_12,4,3,2026-09-02T20:45:00Z,1.0.0,8e7fd68470057c99,0.2992414986357022,0.2,0.1,0.2,0.2,0.08134019768168517,,,,,,NORMAL,True,True,True,True,False,False,False,True,False,1,0,1,
ff49916e8eccd92dcfc6debb,Module_12_CrossDomain,sklearn.datasets.load_breast_cancer,71aa3180a9c8c9abf1e45ef91d8c1dac2592948b3fa58a7da1cc3e16bef8c2df,bc_classifier_v1,breast_cancer_wisconsin,classification_breast_cancer,42,unit_12,4,5,2026-09-02T20:45:00Z,1.0.0,8e7fd68470057c99,0.2992414986357022,0.2,0.1,0.2,0.2,0.08134019768168517,,,,,,NORMAL,True,True,True,True,False,False,False,True,False,1,0,1,
96b830eef48dec69ca104692,Module_12_CrossDomain,sklearn.datasets.load_breast_cancer,71aa3180a9c8c9abf1e45ef91d8c1dac2592948b3fa58a7da1cc3e16bef8c2df,bc_classifier_v1,breast_cancer_wisconsin,classification_breast_cancer,42,unit_12,5,1,2026-09-02T20:45:00Z,1.0.0,8e7fd68470057c99,0.2069943930836478,0.2,0.1,0.2,0.2,0.04887253453394716,,,,,,NORMAL,True,True,True,True,False,False,False,True,False,1,0,1,
8c4e2818e65586a5b9cef9b6,Module_12_CrossDomain,sklearn.datasets.load_breast_cancer,71aa3180a9c8c9abf1e45ef91d8c1dac2592948b3fa58a7da1cc3e16bef8c2df,bc_classifier_v1,breast_cancer_wisconsin,classification_breast_cancer,42,unit_12,5,2,2026-09-02T20:45:00Z,1.0.0,8e7fd68470057c99,0.2069943930836478,0.2,0.1,0.2,0.2,0.04887253453394716,,,,,,NORMAL,True,True,True,True,False,False,False,True,False,1,0,1,
f4df471156a92dc12161cf31,Module_12_CrossDomain,sklearn.datasets.load_breast_cancer,71aa3180a9c8c9abf1e45ef91d8c1dac2592948b3fa58a7da1cc3e16bef8c2df,bc_classifier_v1,breast_cancer_wisconsin,classification_breast_cancer,42,unit_12,5,3,2026-09-02T20:45:00Z,1.0.0,8e7fd68470057c99,0.2069943930836478,0.2,0.1,0.2,0.2,0.04887253453394716,,,,,,NORMAL,True,True,True,True,False,False,False,True,False,1,0,1,
c7c13bd510aa604a1ed8fd1a,Module_12_CrossDomain,sklearn.datasets.load_breast_cancer,71aa3180a9c8c9abf1e45ef91d8c1dac2592948b3fa58a7da1cc3e16bef8c2df,bc_classifier_v1,breast_cancer_wisconsin,classification_breast_cancer,42,unit_12,5,5,2026-09-02T20:45:00Z,1.0.0,8e7fd68470057c99,0.2069943930836478,0.2,0.1,0.2,0.2,0.04887253453394716,,,,,,NORMAL,True,True,True,True,False,False,False,True,False,1,0,1,
357c6c93d3ee3eac46674788,Module_12_CrossDomain,sklearn.datasets.load_breast_cancer,71aa3180a9c8c9abf1e45ef91d8c1dac2592948b3fa58a7da1cc3e16bef8c2df,bc_classifier_v1,breast_cancer_wisconsin,classification_breast_cancer,42,unit_12,6,1,2026-09-02T20:45:00Z,1.0.0,8e7fd68470057c99,0.05262649785084156,0.2,0.1,0.2,0.2,0.0614303560877269,,,,,,NORMAL,True,True,True,True,False,False,False,True,False,1,0,1,
9947db8faeb9de73a245fee1,Module_12_CrossDomain,sklearn.datasets.load_breast_cancer,71aa3180a9c8c9abf1e45ef91d8c1dac2592948b3fa58a7da1cc3e16bef8c2df,bc_classifier_v1,breast_cancer_wisconsin,classification_breast_cancer,42,unit_12,6,2,2026-09-02T20:45:00Z,1.0.0,8e7fd68470057c99,0.05262649785084156,0.2,0.1,0.2,0.2,0.0614303560877269,,,,,,NORMAL,True,True,True,True,False,False,False,True,False,1,0,1,
266e690123d9545927ee4626,Module_12_CrossDomain,sklearn.datasets.load_breast_cancer,71aa3180a9c8c9abf1e45ef91d8c1dac2592948b3fa58a7da1cc3e16bef8c2df,bc_classifier_v1,breast_cancer_wisconsin,classification_breast_cancer,42,unit_12,6,3,2026-09-02T20:45:00Z,1.0.0,8e7fd68470057c99,0.05262649785084156,0.2,0.1,0.2,0.2,0.0614303560877269,,,,,,NORMAL,True,True,True,True,False,False,False,True,False,1,0,1,
5eb2367a8fdca55d4617f76a,Module_12_CrossDomain,sklearn.datasets.load_breast_cancer,71aa3180a9c8c9abf1e45ef91d8c1dac2592948b3fa58a7da1cc3e16bef8c2df,bc_classifier_v1,breast_cancer_wisconsin,classification_breast_cancer,42,unit_12,6,5,2026-09-02T20:45:00Z,1.0.0,8e7fd68470057c99,0.05262649785084156,0.2,0.1,0.2,0.2,0.0614303560877269,,,,,,NORMAL,True,True,True,True,False,False,False,True,False,1,0,1,
38c3132485ad024d42efdfd9,Module_12_CrossDomain,sklearn.datasets.load_breast_cancer,71aa3180a9c8c9abf1e45ef91d8c1dac2592948b3fa58a7da1cc3e16bef8c2df,bc_classifier_v1,breast_cancer_wisconsin,classification_breast_cancer,42,unit_12,7,1,2026-09-02T20:45:00Z,1.0.0,8e7fd68470057c99,0.07021989767516867,0.2,0.1,0.2,0.2,0.055507486435936546,,,,,,NORMAL,True,True,True,True,False,False,False,True,False,1,0,1,
227db39fc3247df9060f3ace,Module_12_CrossDomain,sklearn.datasets.load_breast_cancer,71aa3180a9c8c9abf1e45ef91d8c1dac2592948b3fa58a7da1cc3e16bef8c2df,bc_classifier_v1,breast_cancer_wisconsin,classification_breast_cancer,42,unit_12,7,2,2026-09-02T20:45:00Z,1.0.0,8e7fd68470057c99,0.07021989767516867,0.2,0.1,0.2,0.2,0.055507486435936546,,,,,,NORMAL,True,True,True,True,False,False,False,True,False,1,0,1,
57cf4350c4b7a55abd6a9be2,Module_12_CrossDomain,sklearn.datasets.load_breast_cancer,71aa3180a9c8c9abf1e45ef91d8c1dac2592948b3fa58a7da1cc3e16bef8c2df,bc_classifier_v1,breast_cancer_wisconsin,classification_breast_cancer,42,unit_12,7,3,2026-09-02T20:45:00Z,1.0.0,8e7fd68470057c99,0.07021989767516867,0.2,0.1,0.2,0.2,0.055507486435936546,,,,,,NORMAL,True,True,True,True,False,False,False,True,False,1,0,1,
54fa1eb6761489c1e2e7d38b,Module_12_CrossDomain,sklearn.datasets.load_breast_cancer,71aa3180a9c8c9abf1e45ef91d8c1dac2592948b3fa58a7da1cc3e16bef8c2df,bc_classifier_v1,breast_cancer_wisconsin,classification_breast_cancer,42,unit_12,7,5,2026-09-02T20:45:00Z,1.0.0,8e7fd68470057c99,0.07021989767516867,0.2,0.1,0.2,0.2,0.055507486435936546,,,,,,NORMAL,True,True,True,True,False,False,False,True,False,1,0,1,
9c0e1db4facc996d5e6bb03f,Module_12_CrossDomain,sklearn.datasets.load_breast_cancer,71aa3180a9c8c9abf1e45ef91d8c1dac2592948b3fa58a7da1cc3e16bef8c2df,bc_classifier_v1,breast_cancer_wisconsin,classification_breast_cancer,42,unit_12,8,1,2026-09-02T20:45:00Z,1.0.0,8e7fd68470057c99,0.19734639963159742,0.2,0.1,0.2,0.2,0.04652760604218372,,,,,,NORMAL,True,True,True,True,False,False,False,True,False,1,0,1,
0ee98df34313062a040cd214,Module_12_CrossDomain,sklearn.datasets.load_breast_cancer,71aa3180a9c8c9abf1e45ef91d8c1dac2592948b3fa58a7da1cc3e16bef8c2df,bc_classifier_v1,breast_cancer_wisconsin,classification_breast_cancer,42,unit_12,8,2,2026-09-02T20:45:00Z,1.0.0,8e7fd68470057c99,0.19734639963159742,0.2,0.1,0.2,0.2,0.04652760604218372,,,,,,NORMAL,True,True,True,True,False,False,False,True,False,1,0,1,
1b8e8adb91a777824ce4ee8c,Module_12_CrossDomain,sklearn.datasets.load_breast_cancer,71aa3180a9c8c9abf1e45ef91d8c1dac2592948b3fa58a7da1cc3e16bef8c2df,bc_classifier_v1,breast_cancer_wisconsin,classification_breast_cancer,42,unit_12,8,3,2026-09-02T20:45:00Z,1.0.0,8e7fd68470057c99,0.19734639963159742,0.2,0.1,0.2,0.2,0.04652760604218372,,,,,,NORMAL,True,True,True,True,False,False,False,True,False,1,0,1,
d87dbc04ce504aa7b747e7ad,Module_12_CrossDomain,sklearn.datasets.load_breast_cancer,71aa3180a9c8c9abf1e45ef91d8c1dac2592948b3fa58a7da1cc3e16bef8c2df,bc_classifier_v1,breast_cancer_wisconsin,classification_breast_cancer,42,unit_12,8,5,2026-09-02T20:45:00Z,1.0.0,8e7fd68470057c99,0.19734639963159742,0.2,0.1,0.2,0.2,0.04652760604218372,,,,,,NORMAL,True,True,True,True,False,False,False,True,False,1,0,1,
cd456948e0ae593aa3287b7b,Module_12_CrossDomain,sklearn.datasets.load_breast_cancer,71aa3180a9c8c9abf1e45ef91d8c1dac2592948b3fa58a7da1cc3e16bef8c2df,bc_classifier_v1,breast_cancer_wisconsin,classification_breast_cancer,42,unit_12,9,1,2026-09-02T20:45:00Z,1.0.0,8e7fd68470057c99,0.14797137431816307,0.2,0.1,0.2,0.2,0.04083602799858916,,,,,,NORMAL,True,True,True,True,False,False,False,True,False,1,0,0,
fa332eeaeafc3d510ac1be02,Module_12_CrossDomain,sklearn.datasets.load_breast_cancer,71aa3180a9c8c9abf1e45ef91d8c1dac2592948b3fa58a7da1cc3e16bef8c2df,bc_classifier_v1,breast_cancer_wisconsin,classification_breast_cancer,42,unit_12,9,2,2026-09-02T20:45:00Z,1.0.0,8e7fd68470057c99,0.14797137431816307,0.2,0.1,0.2,0.2,0.04083602799858916,,,,,,NORMAL,True,True,True,True,False,False,False,True,False,1,0,1,
125137b7c613d9a22f2d1d0e,Module_12_CrossDomain,sklearn.datasets.load_breast_cancer,71aa3180a9c8c9abf1e45ef91d8c1dac2592948b3fa58a7da1cc3e16bef8c2df,bc_classifier_v1,breast_cancer_wisconsin,classification_breast_cancer,42,unit_12,9,3,2026-09-02T20:45:00Z,1.0.0,8e7fd68470057c99,0.14797137431816307,0.2,0.1,0.2,0.2,0.04083602799858916,,,,,,NORMAL,True,True,True,True,False,False,False,True,False,1,0,1,
b7a718142c8671ddbe7857da,Module_12_CrossDomain,sklearn.datasets.load_breast_cancer,71aa3180a9c8c9abf1e45ef91d8c1dac2592948b3fa58a7da1cc3e16bef8c2df,bc_classifier_v1,breast_cancer_wisconsin,classification_breast_cancer,42,unit_12,9,5,2026-09-02T20:45:00Z,1.0.0,8e7fd68470057c99,0.14797137431816307,0.2,0.1,0.2,0.2,0.04083602799858916,,,,,,NORMAL,True,True,True,True,False,False,False,True,False,1,0,1,
8c2f701c06f75b7820750b59,Module_12_CrossDomain,sklearn.datasets.load_breast_cancer,71aa3180a9c8c9abf1e45ef91d8c1dac2592948b3fa58a7da1cc3e16bef8c2df,bc_classifier_v1,breast_cancer_wisconsin,classification_breast_cancer,42,unit_12,10,1,2026-09-02T20:45:00Z,1.0.0,8e7fd68470057c99,0.3866409687307471,0.2,0.1,0.2,0.2,0.11878921395277006,,,,,,NORMAL,True,True,True,True,False,False,False,True,False,1,0,1,
3f2089a0bb3f680c6abfedd5,Module_12_CrossDomain,sklearn.datasets.load_breast_cancer,71aa3180a9c8c9abf1e45ef91d8c1dac2592948b3fa58a7da1cc3e16bef8c2df,bc_classifier_v1,breast_cancer_wisconsin,classification_breast_cancer,42,unit_12,10,2,2026-09-02T20:45:00Z,1.0.0,8e7fd68470057c99,0.3866409687307471,0.2,0.1,0.2,0.2,0.11878921395277006,,,,,,NORMAL,True,True,True,True,False,False,False,True,False,1,0,1,
d40ef4e4324755c10fc2c154,Module_12_CrossDomain,sklearn.datasets.load_breast_cancer,71aa3180a9c8c9abf1e45ef91d8c1dac2592948b3fa58a7da1cc3e16bef8c2df,bc_classifier_v1,breast_cancer_wisconsin,classification_breast_cancer,42,unit_12,10,3,2026-09-02T20:45:00Z,1.0.0,8e7fd68470057c99,0.3866409687307471,0.2,0.1,0.2,0.2,0.11878921395277006,,,,,,NORMAL,True,True,True,True,False,False,False,True,False,1,0,1,
fb5ad43a5d35aec1c4231c11,Module_12_CrossDomain,sklearn.datasets.load_breast_cancer,71aa3180a9c8c9abf1e45ef91d8c1dac2592948b3fa58a7da1cc3e16bef8c2df,bc_classifier_v1,breast_cancer_wisconsin,classification_breast_cancer,42,unit_12,10,5,2026-09-02T20:45:00Z,1.0.0,8e7fd68470057c99,0.3866409687307471,0.2,0.1,0.2,0.2,0.11878921395277006,,,,,,NORMAL,True,True,True,True,False,False,False,True,False,1,0,1,
4c0528acb9954b53a1f5a5d2,Module_12_CrossDomain,sklearn.datasets.load_breast_cancer,71aa3180a9c8c9abf1e45ef91d8c1dac2592948b3fa58a7da1cc3e16bef8c2df,bc_classifier_v1,breast_cancer_wisconsin,classification_breast_cancer,42,unit_12,11,1,2026-09-02T20:45:00Z,1.0.0,8e7fd68470057c99,0.14910643237134547,0.2,0.1,0.2,0.2,0.0408270021298731,,,,,,NORMAL,True,True,True,True,False,False,False,True,False,1,0,0,
369fc18abcd1832777a000b5,Module_12_CrossDomain,sklearn.datasets.load_breast_cancer,71aa3180a9c8c9abf1e45ef91d8c1dac2592948b3fa58a7da1cc3e16bef8c2df,bc_classifier_v1,breast_cancer_wisconsin,classification_breast_cancer,42,unit_12,11,2,2026-09-02T20:45:00Z,1.0.0,8e7fd68470057c99,0.14910643237134547,0.2,0.1,0.2,0.2,0.0408270021298731,,,,,,NORMAL,True,True,True,True,False,False,False,True,False,1,0,0,
cfc595e2311de5233dff7329,Module_12_CrossDomain,sklearn.datasets.load_breast_cancer,71aa3180a9c8c9abf1e45ef91d8c1dac2592948b3fa58a7da1cc3e16bef8c2df,bc_classifier_v1,breast_cancer_wisconsin,classification_breast_cancer,42,unit_12,11,3,2026-09-02T20:45:00Z,1.0.0,8e7fd68470057c99,0.14910643237134547,0.2,0.1,0.2,0.2,0.0408270021298731,,,,,,NORMAL,True,True,True,True,False,False,False,True,False,1,0,0,
a9738b6cba2902f9f1cb5be2,Module_12_CrossDomain,sklearn.datasets.load_breast_cancer,71aa3180a9c8c9abf1e45ef91d8c1dac2592948b3fa58a7da1cc3e16bef8c2df,bc_classifier_v1,breast_cancer_wisconsin,classification_breast_cancer,42,unit_12,11,5,2026-09-02T20:45:00Z,1.0.0,8e7fd68470057c99,0.14910643237134547,0.2,0.1,0.2,0.2,0.0408270021298731,,,,,,NORMAL,True,True,True,True,False,False,False,True,False,1,0,0,
2cca45f9e218ca24b2560d0a,Module_12_CrossDomain,sklearn.datasets.load_breast_cancer,71aa3180a9c8c9abf1e45ef91d8c1dac2592948b3fa58a7da1cc3e16bef8c2df,bc_classifier_v1,breast_cancer_wisconsin,classification_breast_cancer,42,unit_12,12,1,2026-09-02T20:45:00Z,1.0.0,8e7fd68470057c99,0.31796995651321186,0.2,0.1,0.2,0.2,0.08908660741230073,,,,,,NORMAL,True,True,True,True,False,False,False,True,False,1,0,0,
20e82955f5e401e3974a21da,Module_12_CrossDomain,sklearn.datasets.load_breast_cancer,71aa3180a9c8c9abf1e45ef91d8c1dac2592948b3fa58a7da1cc3e16bef8c2df,bc_classifier_v1,breast_cancer_wisconsin,classification_breast_cancer,42,unit_12,12,2,2026-09-02T20:45:00Z,1.0.0,8e7fd68470057c99,0.31796995651321186,0.2,0.1,0.2,0.2,0.08908660741230073,,,,,,NORMAL,True,True,True,True,False,False,False,True,False,1,0,0,
e25ccda6bbb71694c2c9e69b,Module_12_CrossDomain,sklearn.datasets.load_breast_cancer,71aa3180a9c8c9abf1e45ef91d8c1dac2592948b3fa58a7da1cc3e16bef8c2df,bc_classifier_v1,breast_cancer_wisconsin,classification_breast_cancer,42,unit_12,12,3,2026-09-02T20:45:00Z,1.0.0,8e7fd68470057c99,0.31796995651321186,0.2,0.1,0.2,0.2,0.08908660741230073,,,,,,NORMAL,True,True,True,True,False,False,False,True,False,1,0,0,
b3ef5515c15b9aef6e7b6004,Module_12_CrossDomain,sklearn.datasets.load_breast_cancer,71aa3180a9c8c9abf1e45ef91d8c1dac2592948b3fa58a7da1cc3e16bef8c2df,bc_classifier_v1,breast_cancer_wisconsin,classification_breast_cancer,42,unit_12,12,5,2026-09-02T20:45:00Z,1.0.0,8e7fd68470057c99,0.31796995651321186,0.2,0.1,0.2,0.2,0.08908660741230073,,,,,,NORMAL,True,True,True,True,False,False,False,True,False,1,0,0,
37912a2d9a04d115c0f22a39,Module_12_CrossDomain,sklearn.datasets.load_breast_cancer,71aa3180a9c8c9abf1e45ef91d8c1dac2592948b3fa58a7da1cc3e16bef8c2df,bc_classifier_v1,breast_cancer_wisconsin,classification_breast_cancer,42,unit_12,13,1,2026-09-02T20:45:00Z,1.0.0,8e7fd68470057c99,0.18006040305155038,0.2,0.1,0.2,0.2,0.04321426675846161,,,,,,NORMAL,True,True,True,True,False,False,False,True,False,1,0,0,
5a8bc12b10dd3db18863fa0a,Module_12_CrossDomain,sklearn.datasets.load_breast_cancer,71aa3180a9c8c9abf1e45ef91d8c1dac2592948b3fa58a7da1cc3e16bef8c2df,bc_classifier_v1,breast_cancer_wisconsin,classification_breast_cancer,42,unit_12,13,2,2026-09-02T20:45:00Z,1.0.0,8e7fd68470057c99,0.18006040305155038,0.2,0.1,0.2,0.2,0.04321426675846161,,,,,,NORMAL,True,True,True,True,False,False,False,True,False,1,0,0,
203b89dc55c4a3b94a4c9363,Module_12_CrossDomain,sklearn.datasets.load_breast_cancer,71aa3180a9c8c9abf1e45ef91d8c1dac2592948b3fa58a7da1cc3e16bef8c2df,bc_classifier_v1,breast_cancer_wisconsin,classification_breast_cancer,42,unit_12,13,3,2026-09-02T20:45:00Z,1.0.0,8e7fd68470057c99,0.18006040305155038,0.2,0.1,0.2,0.2,0.04321426675846161,,,,,,NORMAL,True,True,True,True,False,False,False,True,False,1,0,0,
a72b70a788fc1914e293ee5a,Module_12_CrossDomain,sklearn.datasets.load_breast_cancer,71aa3180a9c8c9abf1e45ef91d8c1dac2592948b3fa58a7da1cc3e16bef8c2df,bc_classifier_v1,breast_cancer_wisconsin,classification_breast_cancer,42,unit_12,13,5,2026-09-02T20:45:00Z,1.0.0,8e7fd68470057c99,0.18006040305155038,0.2,0.1,0.2,0.2,0.04321426675846161,,,,,,NORMAL,True,True,True,True,False,False,False,True,False,1,0,0,
763ea4473589c35e775e45a7,Module_12_CrossDomain,sklearn.datasets.load_breast_cancer,71aa3180a9c8c9abf1e45ef91d8c1dac2592948b3fa58a7da1cc3e16bef8c2df,bc_classifier_v1,breast_cancer_wisconsin,classification_breast_cancer,42,unit_12,14,1,2026-09-02T20:45:00Z,1.0.0,8e7fd68470057c99,0.3020791437686582,0.2,0.1,0.2,0.2,0.08249992049748117,,,,,,NORMAL,True,True,True,True,False,False,False,True,False,1,0,0,
f5422af6321fc60affb8c7c7,Module_12_CrossDomain,sklearn.datasets.load_breast_cancer,71aa3180a9c8c9abf1e45ef91d8c1dac2592948b3fa58a7da1cc3e16bef8c2df,bc_classifier_v1,breast_cancer_wisconsin,classification_breast_cancer,42,unit_12,14,2,2026-09-02T20:45:00Z,1.0.0,8e7fd68470057c99,0.3020791437686582,0.2,0.1,0.2,0.2,0.08249992049748117,,,,,,NORMAL,True,True,True,True,False,False,False,True,False,1,0,0,
21be070990b0e6f7455872a8,Module_12_CrossDomain,sklearn.datasets.load_breast_cancer,71aa3180a9c8c9abf1e45ef91d8c1dac2592948b3fa58a7da1cc3e16bef8c2df,bc_classifier_v1,breast_cancer_wisconsin,classification_breast_cancer,42,unit_12,14,3,2026-09-02T20:45:00Z,1.0.0,8e7fd68470057c99,0.3020791437686582,0.2,0.1,0.2,0.2,0.08249992049748117,,,,,,NORMAL,True,True,True,True,False,False,False,True,False,1,0,0,
2d68cca1342771d1e3531a63,Module_12_CrossDomain,sklearn.datasets.load_breast_cancer,71aa3180a9c8c9abf1e45ef91d8c1dac2592948b3fa58a7da1cc3e16bef8c2df,bc_classifier_v1,breast_cancer_wisconsin,classification_breast_cancer,42,unit_12,14,5,2026-09-02T20:45:00Z,1.0.0,8e7fd68470057c99,0.3020791437686582,0.2,0.1,0.2,0.2,0.08249992049748117,,,,,,NORMAL,True,True,True,True,False,False,False,True,False,1,0,0,
ec35d78a1e6e35ed04227c04,Module_12_CrossDomain,sklearn.datasets.load_breast_cancer,71aa3180a9c8c9abf1e45ef91d8c1dac2592948b3fa58a7da1cc3e16bef8c2df,bc_classifier_v1,breast_cancer_wisconsin,classification_breast_cancer,42,unit_12,15,1,2026-09-02T20:45:00Z,1.0.0,8e7fd68470057c99,0.009494291829910297,0.2,0.1,0.2,0.2,0.07780581816059547,,,,,,NORMAL,True,True,True,True,False,False,False,True,False,1,0,0,
630baec5fad5dc754f26b7cd,Module_12_CrossDomain,sklearn.datasets.load_breast_cancer,71aa3180a9c8c9abf1e45ef91d8c1dac2592948b3fa58a7da1cc3e16bef8c2df,bc_classifier_v1,breast_cancer_wisconsin,classification_breast_cancer,42,unit_12,15,2,2026-09-02T20:45:00Z,1.0.0,8e7fd68470057c99,0.009494291829910297,0.2,0.1,0.2,0.2,0.07780581816059547,,,,,,NORMAL,True,True,True,True,False,False,False,True,False,1,0,0,
32b5ab2d30ec51c41b9f2111,Module_12_CrossDomain,sklearn.datasets.load_breast_cancer,71aa3180a9c8c9abf1e45ef91d8c1dac2592948b3fa58a7da1cc3e16bef8c2df,bc_classifier_v1,breast_cancer_wisconsin,classification_breast_cancer,42,unit_12,15,3,2026-09-02T20:45:00Z,1.0.0,8e7fd68470057c99,0.009494291829910297,0.2,0.1,0.2,0.2,0.07780581816059547,,,,,,NORMAL,True,True,True,True,False,False,False,True,False,1,0,0,
20e8b802cce6fa9df24522d1,Module_12_CrossDomain,sklearn.datasets.load_breast_cancer,71aa3180a9c8c9abf1e45ef91d8c1dac2592948b3fa58a7da1cc3e16bef8c2df,bc_classifier_v1,breast_cancer_wisconsin,classification_breast_cancer,42,unit_12,15,5,2026-09-02T20:45:00Z,1.0.0,8e7fd68470057c99,0.009494291829910297,0.2,0.1,0.2,0.2,0.07780581816059547,,,,,,NORMAL,True,True,True,True,False,False,False,True,False,1,0,0,
10863bfd878b9cfb43605534,Module_12_CrossDomain,sklearn.datasets.load_breast_cancer,71aa3180a9c8c9abf1e45ef91d8c1dac2592948b3fa58a7da1cc3e16bef8c2df,bc_classifier_v1,breast_cancer_wisconsin,classification_breast_cancer,42,unit_12,16,1,2026-09-02T20:45:00Z,1.0.0,8e7fd68470057c99,0.30775443403457026,0.2,0.1,0.2,0.2,0.08483508375085756,,,,,,NORMAL,True,True,True,True,False,False,False,True,False,1,0,0,
60474d227876d9503703a9a7,Module_12_CrossDomain,sklearn.datasets.load_breast_cancer,71aa3180a9c8c9abf1e45ef91d8c1dac2592948b3fa58a7da1cc3e16bef8c2df,bc_classifier_v1,breast_cancer_wisconsin,classification_breast_cancer,42,unit_12,16,2,2026-09-02T20:45:00Z,1.0.0,8e7fd68470057c99,0.30775443403457026,0.2,0.1,0.2,0.2,0.08483508375085756,,,,,,NORMAL,True,True,True,True,False,False,False,True,False,1,0,0,
841f1c3325186669495c40d7,Module_12_CrossDomain,sklearn.datasets.load_breast_cancer,71aa3180a9c8c9abf1e45ef91d8c1dac2592948b3fa58a7da1cc3e16bef8c2df,bc_classifier_v1,breast_cancer_wisconsin,classification_breast_cancer,42,unit_12,16,3,2026-09-02T20:45:00Z,1.0.0,8e7fd68470057c99,0.30775443403457026,0.2,0.1,0.2,0.2,0.08483508375085756,,,,,,NORMAL,True,True,True,True,False,False,False,True,False,1,0,0,
ac3c9706bc497331ea9d0acb,Module_12_CrossDomain,sklearn.datasets.load_breast_cancer,71aa3180a9c8c9abf1e45ef91d8c1dac2592948b3fa58a7da1cc3e16bef8c2df,bc_classifier_v1,breast_cancer_wisconsin,classification_breast_cancer,42,unit_12,16,5,2026-09-02T20:45:00Z,1.0.0,8e7fd68470057c99,0.30775443403457026,0.2,0.1,0.2,0.2,0.08483508375085756,,,,,,NORMAL,True,True,True,True,False,False,False,True,False,1,0,0,
222cf6f1b84103e764578ce4,Module_12_CrossDomain,sklearn.datasets.load_breast_cancer,71aa3180a9c8c9abf1e45ef91d8c1dac2592948b3fa58a7da1cc3e16bef8c2df,bc_classifier_v1,breast_cancer_wisconsin,classification_breast_cancer,42,unit_12,17,1,2026-09-02T20:45:00Z,1.0.0,8e7fd68470057c99,0.06768965578649282,0.2,0.1,0.2,0.2,0.05632246988852285,,,,,,NORMAL,True,True,True,True,False,False,False,True,False,1,0,0,
9116ac028e22c60f0561e9f1,Module_12_CrossDomain,sklearn.datasets.load_breast_cancer,71aa3180a9c8c9abf1e45ef91d8c1dac2592948b3fa58a7da1cc3e16bef8c2df,bc_classifier_v1,breast_cancer_wisconsin,classification_breast_cancer,42,unit_12,17,2,2026-09-02T20:45:00Z,1.0.0,8e7fd68470057c99,0.06768965578649282,0.2,0.1,0.2,0.2,0.05632246988852285,,,,,,NORMAL,True,True,True,True,False,False,False,True,False,1,0,0,
5bdd9bd4b7f276b15341c54b,Module_12_CrossDomain,sklearn.datasets.load_breast_cancer,71aa3180a9c8c9abf1e45ef91d8c1dac2592948b3fa58a7da1cc3e16bef8c2df,bc_classifier_v1,breast_cancer_wisconsin,classification_breast_cancer,42,unit_12,17,3,2026-09-02T20:45:00Z,1.0.0,8e7fd68470057c99,0.06768965578649282,0.2,0.1,0.2,0.2,0.05632246988852285,,,,,,NORMAL,True,True,True,True,False,False,False,True,False,1,0,0,
5a6aa1c80dae197cffa1657d,Module_12_CrossDomain,sklearn.datasets.load_breast_cancer,71aa3180a9c8c9abf1e45ef91d8c1dac2592948b3fa58a7da1cc3e16bef8c2df,bc_classifier_v1,breast_cancer_wisconsin,classification_breast_cancer,42,unit_12,17,5,2026-09-02T20:45:00Z,1.0.0,8e7fd68470057c99,0.06768965578649282,0.2,0.1,0.2,0.2,0.05632246988852285,,,,,,NORMAL,True,True,True,True,False,False,False,True,False,1,0,0,
1958ab587b1bc0df697d4fbe,Module_12_CrossDomain,sklearn.datasets.load_breast_cancer,71aa3180a9c8c9abf1e45ef91d8c1dac2592948b3fa58a7da1cc3e16bef8c2df,bc_classifier_v1,breast_cancer_wisconsin,classification_breast_cancer,42,unit_12,18,1,2026-09-02T20:45:00Z,1.0.0,8e7fd68470057c99,0.0869856426905936,0.2,0.1,0.2,0.2,0.050488302775368,,,,,,NORMAL,True,True,True,True,False,False,False,True,False,1,0,0,
9dc87ccf7433e1696aa6062f,Module_12_CrossDomain,sklearn.datasets.load_breast_cancer,71aa3180a9c8c9abf1e45ef91d8c1dac2592948b3fa58a7da1cc3e16bef8c2df,bc_classifier_v1,breast_cancer_wisconsin,classification_breast_cancer,42,unit_12,18,2,2026-09-02T20:45:00Z,1.0.0,8e7fd68470057c99,0.0869856426905936,0.2,0.1,0.2,0.2,0.050488302775368,,,,,,NORMAL,True,True,True,True,False,False,False,True,False,1,0,0,
9c7a91add8ae6a2ce2a52b66,Module_12_CrossDomain,sklearn.datasets.load_breast_cancer,71aa3180a9c8c9abf1e45ef91d8c1dac2592948b3fa58a7da1cc3e16bef8c2df,bc_classifier_v1,breast_cancer_wisconsin,classification_breast_cancer,42,unit_12,18,3,2026-09-02T20:45:00Z,1.0.0,8e7fd68470057c99,0.0869856426905936,0.2,0.1,0.2,0.2,0.050488302775368,,,,,,NORMAL,True,True,True,True,False,False,False,True,False,1,0,0,
4d18907562e63802d7e650aa,Module_12_CrossDomain,sklearn.datasets.load_breast_cancer,71aa3180a9c8c9abf1e45ef91d8c1dac2592948b3fa58a7da1cc3e16bef8c2df,bc_classifier_v1,breast_cancer_wisconsin,classification_breast_cancer,42,unit_12,18,5,2026-09-02T20:45:00Z,1.0.0,8e7fd68470057c99,0.0869856426905936,0.2,0.1,0.2,0.2,0.050488302775368,,,,,,NORMAL,True,True,True,True,False,False,False,True,False,1,0,0,
c7a93e2466354a219d17f352,Module_12_CrossDomain,sklearn.datasets.load_breast_cancer,71aa3180a9c8c9abf1e45ef91d8c1dac2592948b3fa58a7da1cc3e16bef8c2df,bc_classifier_v1,breast_cancer_wisconsin,classification_breast_cancer,42,unit_12,19,1,2026-09-02T20:45:00Z,1.0.0,8e7fd68470057c99,0.07960776534490796,0.2,0.1,0.2,0.2,0.05260981467313562,,,,,,NORMAL,True,True,True,True,False,False,False,True,False,1,0,0,
e61e206904beb977ed0fac24,Module_12_CrossDomain,sklearn.datasets.load_breast_cancer,71aa3180a9c8c9abf1e45ef91d8c1dac2592948b3fa58a7da1cc3e16bef8c2df,bc_classifier_v1,breast_cancer_wisconsin,classification_breast_cancer,42,unit_12,19,2,2026-09-02T20:45:00Z,1.0.0,8e7fd68470057c99,0.07960776534490796,0.2,0.1,0.2,0.2,0.05260981467313562,,,,,,NORMAL,True,True,True,True,False,False,False,True,False,1,0,0,
88d261ba686aed4255b31dfa,Module_12_CrossDomain,sklearn.datasets.load_breast_cancer,71aa3180a9c8c9abf1e45ef91d8c1dac2592948b3fa58a7da1cc3e16bef8c2df,bc_classifier_v1,breast_cancer_wisconsin,classification_breast_cancer,42,unit_12,19,3,2026-09-02T20:45:00Z,1.0.0,8e7fd68470057c99,0.07960776534490796,0.2,0.1,0.2,0.2,0.05260981467313562,,,,,,NORMAL,True,True,True,True,False,False,False,True,False,1,0,0,
79d9f5ee1c5b177a4ec8a950,Module_12_CrossDomain,sklearn.datasets.load_breast_cancer,71aa3180a9c8c9abf1e45ef91d8c1dac2592948b3fa58a7da1cc3e16bef8c2df,bc_classifier_v1,breast_cancer_wisconsin,classification_breast_cancer,42,unit_12,19,5,2026-09-02T20:45:00Z,1.0.0,8e7fd68470057c99,0.07960776534490796,0.2,0.1,0.2,0.2,0.05260981467313562,,,,,,NORMAL,True,True,True,True,False,False,False,True,False,1,0,0,
f871c50a853b4107137bf152,Module_12_CrossDomain,sklearn.datasets.load_breast_cancer,71aa3180a9c8c9abf1e45ef91d8c1dac2592948b3fa58a7da1cc3e16bef8c2df,bc_classifier_v1,breast_cancer_wisconsin,classification_breast_cancer,42,unit_13,0,1,2026-09-02T20:45:00Z,1.0.0,8e7fd68470057c99,0.35088664005550135,0.2,0.1,0.2,0.2,0.10312391914885546,,,,,,NORMAL,True,True,True,True,False,False,False,True,False,1,6,0,6.0
029fd5c0c5895ed958718916,Module_12_CrossDomain,sklearn.datasets.load_breast_cancer,71aa3180a9c8c9abf1e45ef91d8c1dac2592948b3fa58a7da1cc3e16bef8c2df,bc_classifier_v1,breast_cancer_wisconsin,classification_breast_cancer,42,unit_13,0,2,2026-09-02T20:45:00Z,1.0.0,8e7fd68470057c99,0.35088664005550135,0.2,0.1,0.2,0.2,0.10312391914885546,,,,,,NORMAL,True,True,True,True,False,False,False,True,False,1,6,0,6.0
86bd405006f1683123da9b65,Module_12_CrossDomain,sklearn.datasets.load_breast_cancer,71aa3180a9c8c9abf1e45ef91d8c1dac2592948b3fa58a7da1cc3e16bef8c2df,bc_classifier_v1,breast_cancer_wisconsin,classification_breast_cancer,42,unit_13,0,3,2026-09-02T20:45:00Z,1.0.0,8e7fd68470057c99,0.35088664005550135,0.2,0.1,0.2,0.2,0.10312391914885546,,,,,,NORMAL,True,True,True,True,False,False,False,True,False,1,6,0,6.0
db9d8abb6652e1c463929514,Module_12_CrossDomain,sklearn.datasets.load_breast_cancer,71aa3180a9c8c9abf1e45ef91d8c1dac2592948b3fa58a7da1cc3e16bef8c2df,bc_classifier_v1,breast_cancer_wisconsin,classification_breast_cancer,42,unit_13,0,5,2026-09-02T20:45:00Z,1.0.0,8e7fd68470057c99,0.35088664005550135,0.2,0.1,0.2,0.2,0.10312391914885546,,,,,,NORMAL,True,True,True,True,False,False,False,True,False,1,6,0,6.0
4bc72c6c7914d78dbf4fc3fd,Module_12_CrossDomain,sklearn.datasets.load_breast_cancer,71aa3180a9c8c9abf1e45ef91d8c1dac2592948b3fa58a7da1cc3e16bef8c2df,bc_classifier_v1,breast_cancer_wisconsin,classification_breast_cancer,42,unit_13,1,1,2026-09-02T20:45:00Z,1.0.0,8e7fd68470057c99,0.18289804818450642,0.2,0.1,0.2,0.2,0.04367119969944623,,,,,,NORMAL,True,True,True,True,False,False,False,True,False,1,6,0,5.0
4bc198a2575357d487728835,Module_12_CrossDomain,sklearn.datasets.load_breast_cancer,71aa3180a9c8c9abf1e45ef91d8c1dac2592948b3fa58a7da1cc3e16bef8c2df,bc_classifier_v1,breast_cancer_wisconsin,classification_breast_cancer,42,unit_13,1,2,2026-09-02T20:45:00Z,1.0.0,8e7fd68470057c99,0.18289804818450642,0.2,0.1,0.2,0.2,0.04367119969944623,,,,,,NORMAL,True,True,True,True,False,False,False,True,False,1,6,0,5.0
28540dfeb92178f9d6bffd15,Module_12_CrossDomain,sklearn.datasets.load_breast_cancer,71aa3180a9c8c9abf1e45ef91d8c1dac2592948b3fa58a7da1cc3e16bef8c2df,bc_classifier_v1,breast_cancer_wisconsin,classification_breast_cancer,42,unit_13,1,3,2026-09-02T20:45:00Z,1.0.0,8e7fd68470057c99,0.18289804818450642,0.2,0.1,0.2,0.2,0.04367119969944623,,,,,,NORMAL,True,True,True,True,False,False,False,True,False,1,6,0,5.0
b4a2ef89bc463ff0e878d4cf,Module_12_CrossDomain,sklearn.datasets.load_breast_cancer,71aa3180a9c8c9abf1e45ef91d8c1dac2592948b3fa58a7da1cc3e16bef8c2df,bc_classifier_v1,breast_cancer_wisconsin,classification_breast_cancer,42,unit_13,1,5,2026-09-02T20:45:00Z,1.0.0,8e7fd68470057c99,0.18289804818450642,0.2,0.1,0.2,0.2,0.04367119969944623,,,,,,NORMAL,True,True,True,True,False,False,False,True,False,1,6,1,5.0
1d17739ebf054aa6a45f00fc,Module_12_CrossDomain,sklearn.datasets.load_breast_cancer,71aa3180a9c8c9abf1e45ef91d8c1dac2592948b3fa58a7da1cc3e16bef8c2df,bc_classifier_v1,breast_cancer_wisconsin,classification_breast_cancer,42,unit_13,2,1,2026-09-02T20:45:00Z,1.0.0,8e7fd68470057c99,0.1794928740249591,0.2,0.1,0.2,0.2,0.043127278344330486,,,,,,NORMAL,True,True,True,True,False,False,False,True,False,1,6,0,4.0
c942d2ab5e599b66c7dae1c1,Module_12_CrossDomain,sklearn.datasets.load_breast_cancer,71aa3180a9c8c9abf1e45ef91d8c1dac2592948b3fa58a7da1cc3e16bef8c2df,bc_classifier_v1,breast_cancer_wisconsin,classification_breast_cancer,42,unit_13,2,2,2026-09-02T20:45:00Z,1.0.0,8e7fd68470057c99,0.1794928740249591,0.2,0.1,0.2,0.2,0.043127278344330486,,,,,,NORMAL,True,True,True,True,False,False,False,True,False,1,6,0,4.0
f1a0c9ecdb1a6a29a829d79b,Module_12_CrossDomain,sklearn.datasets.load_breast_cancer,71aa3180a9c8c9abf1e45ef91d8c1dac2592948b3fa58a7da1cc3e16bef8c2df,bc_classifier_v1,breast_cancer_wisconsin,classification_breast_cancer,42,unit_13,2,3,2026-09-02T20:45:00Z,1.0.0,8e7fd68470057c99,0.1794928740249591,0.2,0.1,0.2,0.2,0.043127278344330486,,,,,,NORMAL,True,True,True,True,False,False,False,True,False,1,6,0,4.0
d9cea42561d70980588c398e,Module_12_CrossDomain,sklearn.datasets.load_breast_cancer,71aa3180a9c8c9abf1e45ef91d8c1dac2592948b3fa58a7da1cc3e16bef8c2df,bc_classifier_v1,breast_cancer_wisconsin,classification_breast_cancer,42,unit_13,2,5,2026-09-02T20:45:00Z,1.0.0,8e7fd68470057c99,0.1794928740249591,0.2,0.1,0.2,0.2,0.043127278344330486,,,,,,NORMAL,True,True,True,True,False,False,False,True,False,1,6,1,4.0
b3110c5810ccd079bbd75ae4,Module_12_CrossDomain,sklearn.datasets.load_breast_cancer,71aa3180a9c8c9abf1e45ef91d8c1dac2592948b3fa58a7da1cc3e16bef8c2df,bc_classifier_v1,breast_cancer_wisconsin,classification_breast_cancer,42,unit_13,3,1,2026-09-02T20:45:00Z,1.0.0,8e7fd68470057c99,0.08414799755763756,0.2,0.1,0.2,0.2,0.051286745581786225,,,,,,NORMAL,True,True,True,True,False,False,False,True,False,1,6,0,3.0
7342f68734eb33b39607c561,Module_12_CrossDomain,sklearn.datasets.load_breast_cancer,71aa3180a9c8c9abf1e45ef91d8c1dac2592948b3fa58a7da1cc3e16bef8c2df,bc_classifier_v1,breast_cancer_wisconsin,classification_breast_cancer,42,unit_13,3,2,2026-09-02T20:45:00Z,1.0.0,8e7fd68470057c99,0.08414799755763756,0.2,0.1,0.2,0.2,0.051286745581786225,,,,,,NORMAL,True,True,True,True,False,False,False,True,False,1,6,0,3.0
1312b25e27d6a0086ad89b00,Module_12_CrossDomain,sklearn.datasets.load_breast_cancer,71aa3180a9c8c9abf1e45ef91d8c1dac2592948b3fa58a7da1cc3e16bef8c2df,bc_classifier_v1,breast_cancer_wisconsin,classification_breast_cancer,42,unit_13,3,3,2026-09-02T20:45:00Z,1.0.0,8e7fd68470057c99,0.08414799755763756,0.2,0.1,0.2,0.2,0.051286745581786225,,,,,,NORMAL,True,True,True,True,False,False,False,True,False,1,6,1,3.0
b6c95b13132c9dd91bddda2f,Module_12_CrossDomain,sklearn.datasets.load_breast_cancer,71aa3180a9c8c9abf1e45ef91d8c1dac2592948b3fa58a7da1cc3e16bef8c2df,bc_classifier_v1,breast_cancer_wisconsin,classification_breast_cancer,42,unit_13,3,5,2026-09-02T20:45:00Z,1.0.0,8e7fd68470057c99,0.08414799755763756,0.2,0.1,0.2,0.2,0.051286745581786225,,,,,,NORMAL,True,True,True,True,False,False,False,True,False,1,6,1,3.0
0530109ddf0edeb176a3fb9e,Module_12_CrossDomain,sklearn.datasets.load_breast_cancer,71aa3180a9c8c9abf1e45ef91d8c1dac2592948b3fa58a7da1cc3e16bef8c2df,bc_classifier_v1,breast_cancer_wisconsin,classification_breast_cancer,42,unit_13,4,1,2026-09-02T20:45:00Z,1.0.0,8e7fd68470057c99,0.1738175837590472,0.2,0.1,0.2,0.2,0.04234062219696937,,,,,,NORMAL,True,True,True,True,False,False,False,True,False,1,6,0,2.0
600e2dbede3ea8b02b1846d2,Module_12_CrossDomain,sklearn.datasets.load_breast_cancer,71aa3180a9c8c9abf1e45ef91d8c1dac2592948b3fa58a7da1cc3e16bef8c2df,bc_classifier_v1,breast_cancer_wisconsin,classification_breast_cancer,42,unit_13,4,2,2026-09-02T20:45:00Z,1.0.0,8e7fd68470057c99,0.1738175837590472,0.2,0.1,0.2,0.2,0.04234062219696937,,,,,,NORMAL,True,True,True,True,False,False,False,True,False,1,6,1,2.0
8263d683418cef6136646832,Module_12_CrossDomain,sklearn.datasets.load_breast_cancer,71aa3180a9c8c9abf1e45ef91d8c1dac2592948b3fa58a7da1cc3e16bef8c2df,bc_classifier_v1,breast_cancer_wisconsin,classification_breast_cancer,42,unit_13,4,3,2026-09-02T20:45:00Z,1.0.0,8e7fd68470057c99,0.1738175837590472,0.2,0.1,0.2,0.2,0.04234062219696937,,,,,,NORMAL,True,True,True,True,False,False,False,True,False,1,6,1,2.0
29c9c0173e3a4d96c95e2a76,Module_12_CrossDomain,sklearn.datasets.load_breast_cancer,71aa3180a9c8c9abf1e45ef91d8c1dac2592948b3fa58a7da1cc3e16bef8c2df,bc_classifier_v1,breast_cancer_wisconsin,classification_breast_cancer,42,unit_13,4,5,2026-09-02T20:45:00Z,1.0.0,8e7fd68470057c99,0.1738175837590472,0.2,0.1,0.2,0.2,0.04234062219696937,,,,,,NORMAL,True,True,True,True,False,False,False,True,False,1,6,1,2.0
71405f86c5e4fac220cc769c,Module_12_CrossDomain,sklearn.datasets.load_breast_cancer,71aa3180a9c8c9abf1e45ef91d8c1dac2592948b3fa58a7da1cc3e16bef8c2df,bc_classifier_v1,breast_cancer_wisconsin,classification_breast_cancer,42,unit_13,5,1,2026-09-02T20:45:00Z,1.0.0,8e7fd68470057c99,0.37472285917233183,0.2,0.1,0.2,0.2,0.11352959813251606,,,,,,NORMAL,True,True,True,True,False,False,False,True,False,1,6,1,1.0
a7bbbea7ee330335e453a1d0,Module_12_CrossDomain,sklearn.datasets.load_breast_cancer,71aa3180a9c8c9abf1e45ef91d8c1dac2592948b3fa58a7da1cc3e16bef8c2df,bc_classifier_v1,breast_cancer_wisconsin,classification_breast_cancer,42,unit_13,5,2,2026-09-02T20:45:00Z,1.0.0,8e7fd68470057c99,0.37472285917233183,0.2,0.1,0.2,0.2,0.11352959813251606,,,,,,NORMAL,True,True,True,True,False,False,False,True,False,1,6,1,1.0
582ce007c9a6586460845a99,Module_12_CrossDomain,sklearn.datasets.load_breast_cancer,71aa3180a9c8c9abf1e45ef91d8c1dac2592948b3fa58a7da1cc3e16bef8c2df,bc_classifier_v1,breast_cancer_wisconsin,classification_breast_cancer,42,unit_13,5,3,2026-09-02T20:45:00Z,1.0.0,8e7fd68470057c99,0.37472285917233183,0.2,0.1,0.2,0.2,0.11352959813251606,,,,,,NORMAL,True,True,True,True,False,False,False,True,False,1,6,1,1.0
73c61443b977bf276e551832,Module_12_CrossDomain,sklearn.datasets.load_breast_cancer,71aa3180a9c8c9abf1e45ef91d8c1dac2592948b3fa58a7da1cc3e16bef8c2df,bc_classifier_v1,breast_cancer_wisconsin,classification_breast_cancer,42,unit_13,5,5,2026-09-02T20:45:00Z,1.0.0,8e7fd68470057c99,0.37472285917233183,0.2,0.1,0.2,0.2,0.11352959813251606,,,,,,NORMAL,True,True,True,True,False,False,False,True,False,1,6,1,1.0
e4cfbe4b6f142273760e9456,Module_12_CrossDomain,sklearn.datasets.load_breast_cancer,71aa3180a9c8c9abf1e45ef91d8c1dac2592948b3fa58a7da1cc3e16bef8c2df,bc_classifier_v1,breast_cancer_wisconsin,classification_breast_cancer,42,unit_13,6,1,2026-09-02T20:45:00Z,1.0.0,8e7fd68470057c99,0.20018404476455345,0.2,0.1,0.2,0.2,0.04718389166967592,,,,,,NORMAL,True,True,True,True,False,False,False,True,False,1,6,1,0.0
11659304295a537246a5bbae,Module_12_CrossDomain,sklearn.datasets.load_breast_cancer,71aa3180a9c8c9abf1e45ef91d8c1dac2592948b3fa58a7da1cc3e16bef8c2df,bc_classifier_v1,breast_cancer_wisconsin,classification_breast_cancer,42,unit_13,6,2,2026-09-02T20:45:00Z,1.0.0,8e7fd68470057c99,0.20018404476455345,0.2,0.1,0.2,0.2,0.04718389166967592,,,,,,NORMAL,True,True,True,True,False,False,False,True,False,1,6,1,0.0
38afde4596d7a6aab9d9fbc5,Module_12_CrossDomain,sklearn.datasets.load_breast_cancer,71aa3180a9c8c9abf1e45ef91d8c1dac2592948b3fa58a7da1cc3e16bef8c2df,bc_classifier_v1,breast_cancer_wisconsin,classification_breast_cancer,42,unit_13,6,3,2026-09-02T20:45:00Z,1.0.0,8e7fd68470057c99,0.20018404476455345,0.2,0.1,0.2,0.2,0.04718389166967592,,,,,,NORMAL,True,True,True,True,False,False,False,True,False,1,6,1,0.0
1f7791201a4e73839f32a5e2,Module_12_CrossDomain,sklearn.datasets.load_breast_cancer,71aa3180a9c8c9abf1e45ef91d8c1dac2592948b3fa58a7da1cc3e16bef8c2df,bc_classifier_v1,breast_cancer_wisconsin,classification_breast_cancer,42,unit_13,6,5,2026-09-02T20:45:00Z,1.0.0,8e7fd68470057c99,0.20018404476455345,0.2,0.1,0.2,0.2,0.04718389166967592,,,,,,NORMAL,True,True,True,True,False,False,False,True,False,1,6,1,0.0
e042460d5128c6396c7a1572,Module_12_CrossDomain,sklearn.datasets.load_breast_cancer,71aa3180a9c8c9abf1e45ef91d8c1dac2592948b3fa58a7da1cc3e16bef8c2df,bc_classifier_v1,breast_cancer_wisconsin,classification_breast_cancer,42,unit_13,7,1,2026-09-02T20:45:00Z,1.0.0,8e7fd68470057c99,0.030492865813784742,0.2,0.1,0.2,0.2,0.06957323099743666,,,,,,NORMAL,True,True,True,True,False,False,False,True,False,1,6,1,
86c08e300b092f3ecd64a16b,Module_12_CrossDomain,sklearn.datasets.load_breast_cancer,71aa3180a9c8c9abf1e45ef91d8c1dac2592948b3fa58a7da1cc3e16bef8c2df,bc_classifier_v1,breast_cancer_wisconsin,classification_breast_cancer,42,unit_13,7,2,2026-09-02T20:45:00Z,1.0.0,8e7fd68470057c99,0.030492865813784742,0.2,0.1,0.2,0.2,0.06957323099743666,,,,,,NORMAL,True,True,True,True,False,False,False,True,False,1,6,1,
5b0e3d0059320f27f23b78e3,Module_12_CrossDomain,sklearn.datasets.load_breast_cancer,71aa3180a9c8c9abf1e45ef91d8c1dac2592948b3fa58a7da1cc3e16bef8c2df,bc_classifier_v1,breast_cancer_wisconsin,classification_breast_cancer,42,unit_13,7,3,2026-09-02T20:45:00Z,1.0.0,8e7fd68470057c99,0.030492865813784742,0.2,0.1,0.2,0.2,0.06957323099743666,,,,,,NORMAL,True,True,True,True,False,False,False,True,False,1,6,1,
102a734285106a07e838ce5d,Module_12_CrossDomain,sklearn.datasets.load_breast_cancer,71aa3180a9c8c9abf1e45ef91d8c1dac2592948b3fa58a7da1cc3e16bef8c2df,bc_classifier_v1,breast_cancer_wisconsin,classification_breast_cancer,42,unit_13,7,5,2026-09-02T20:45:00Z,1.0.0,8e7fd68470057c99,0.030492865813784742,0.2,0.1,0.2,0.2,0.06957323099743666,,,,,,NORMAL,True,True,True,True,False,False,False,True,False,1,6,1,
4ec3a42fb80a91815009cc23,Module_12_CrossDomain,sklearn.datasets.load_breast_cancer,71aa3180a9c8c9abf1e45ef91d8c1dac2592948b3fa58a7da1cc3e16bef8c2df,bc_classifier_v1,breast_cancer_wisconsin,classification_breast_cancer,42,unit_13,8,1,2026-09-02T20:45:00Z,1.0.0,8e7fd68470057c99,0.07135495572835115,0.2,0.1,0.2,0.2,0.05514635676188231,,,,,,NORMAL,True,True,True,True,False,False,False,True,False,1,6,1,
3c7a5619db88545bfd29e7f7,Module_12_CrossDomain,sklearn.datasets.load_breast_cancer,71aa3180a9c8c9abf1e45ef91d8c1dac2592948b3fa58a7da1cc3e16bef8c2df,bc_classifier_v1,breast_cancer_wisconsin,classification_breast_cancer,42,unit_13,8,2,2026-09-02T20:45:00Z,1.0.0,8e7fd68470057c99,0.07135495572835115,0.2,0.1,0.2,0.2,0.05514635676188231,,,,,,NORMAL,True,True,True,True,False,False,False,True,False,1,6,1,
d80a75823756aa550fbd4738,Module_12_CrossDomain,sklearn.datasets.load_breast_cancer,71aa3180a9c8c9abf1e45ef91d8c1dac2592948b3fa58a7da1cc3e16bef8c2df,bc_classifier_v1,breast_cancer_wisconsin,classification_breast_cancer,42,unit_13,8,3,2026-09-02T20:45:00Z,1.0.0,8e7fd68470057c99,0.07135495572835115,0.2,0.1,0.2,0.2,0.05514635676188231,,,,,,NORMAL,True,True,True,True,False,False,False,True,False,1,6,1,
a3aed758c06a281ba8ca60d2,Module_12_CrossDomain,sklearn.datasets.load_breast_cancer,71aa3180a9c8c9abf1e45ef91d8c1dac2592948b3fa58a7da1cc3e16bef8c2df,bc_classifier_v1,breast_cancer_wisconsin,classification_breast_cancer,42,unit_13,8,5,2026-09-02T20:45:00Z,1.0.0,8e7fd68470057c99,0.07135495572835115,0.2,0.1,0.2,0.2,0.05514635676188231,,,,,,NORMAL,True,True,True,True,False,False,False,True,False,1,6,1,
b718d5377afde173b327a16a,Module_12_CrossDomain,sklearn.datasets.load_breast_cancer,71aa3180a9c8c9abf1e45ef91d8c1dac2592948b3fa58a7da1cc3e16bef8c2df,bc_classifier_v1,breast_cancer_wisconsin,classification_breast_cancer,42,unit_13,9,1,2026-09-02T20:45:00Z,1.0.0,8e7fd68470057c99,0.19394122547205017,0.2,0.1,0.2,0.2,0.045779256088285106,,,,,,NORMAL,True,True,True,True,False,False,False,True,False,1,6,1,
a7a0722d1762e6e297885fb6,Module_12_CrossDomain,sklearn.datasets.load_breast_cancer,71aa3180a9c8c9abf1e45ef91d8c1dac2592948b3fa58a7da1cc3e16bef8c2df,bc_classifier_v1,breast_cancer_wisconsin,classification_breast_cancer,42,unit_13,9,2,2026-09-02T20:45:00Z,1.0.0,8e7fd68470057c99,0.19394122547205017,0.2,0.1,0.2,0.2,0.045779256088285106,,,,,,NORMAL,True,True,True,True,False,False,False,True,False,1,6,1,
a9e35e938ef9d0b1dcef67e9,Module_12_CrossDomain,sklearn.datasets.load_breast_cancer,71aa3180a9c8c9abf1e45ef91d8c1dac2592948b3fa58a7da1cc3e16bef8c2df,bc_classifier_v1,breast_cancer_wisconsin,classification_breast_cancer,42,unit_13,9,3,2026-09-02T20:45:00Z,1.0.0,8e7fd68470057c99,0.19394122547205017,0.2,0.1,0.2,0.2,0.045779256088285106,,,,,,NORMAL,True,True,True,True,False,False,False,True,False,1,6,1,
d844641f9d040fb22d8927ce,Module_12_CrossDomain,sklearn.datasets.load_breast_cancer,71aa3180a9c8c9abf1e45ef91d8c1dac2592948b3fa58a7da1cc3e16bef8c2df,bc_classifier_v1,breast_cancer_wisconsin,classification_breast_cancer,42,unit_13,9,5,2026-09-02T20:45:00Z,1.0.0,8e7fd68470057c99,0.19394122547205017,0.2,0.1,0.2,0.2,0.045779256088285106,,,,,,NORMAL,True,True,True,True,False,False,False,True,False,1,6,1,
3d112a1ecb643b603975dc58,Module_12_CrossDomain,sklearn.datasets.load_breast_cancer,71aa3180a9c8c9abf1e45ef91d8c1dac2592948b3fa58a7da1cc3e16bef8c2df,bc_classifier_v1,breast_cancer_wisconsin,classification_breast_cancer,42,unit_13,10,1,2026-09-02T20:45:00Z,1.0.0,8e7fd68470057c99,0.009234166047599194,0.2,0.1,0.2,0.2,0.07791023325784743,,,,,,NORMAL,True,True,True,True,False,False,False,True,False,1,6,1,
6b85ba0e6bd98b8f72c89cbd,Module_12_CrossDomain,sklearn.datasets.load_breast_cancer,71aa3180a9c8c9abf1e45ef91d8c1dac2592948b3fa58a7da1cc3e16bef8c2df,bc_classifier_v1,breast_cancer_wisconsin,classification_breast_cancer,42,unit_13,10,2,2026-09-02T20:45:00Z,1.0.0,8e7fd68470057c99,0.009234166047599194,0.2,0.1,0.2,0.2,0.07791023325784743,,,,,,NORMAL,True,True,True,True,False,False,False,True,False,1,6,1,
a94f19170220c26fd1ae1f84,Module_12_CrossDomain,sklearn.datasets.load_breast_cancer,71aa3180a9c8c9abf1e45ef91d8c1dac2592948b3fa58a7da1cc3e16bef8c2df,bc_classifier_v1,breast_cancer_wisconsin,classification_breast_cancer,42,unit_13,10,3,2026-09-02T20:45:00Z,1.0.0,8e7fd68470057c99,0.009234166047599194,0.2,0.1,0.2,0.2,0.07791023325784743,,,,,,NORMAL,True,True,True,True,False,False,False,True,False,1,6,1,
ab594b24c902d3da5b98089f,Module_12_CrossDomain,sklearn.datasets.load_breast_cancer,71aa3180a9c8c9abf1e45ef91d8c1dac2592948b3fa58a7da1cc3e16bef8c2df,bc_classifier_v1,breast_cancer_wisconsin,classification_breast_cancer,42,unit_13,10,5,2026-09-02T20:45:00Z,1.0.0,8e7fd68470057c99,0.009234166047599194,0.2,0.1,0.2,0.2,0.07791023325784743,,,,,,NORMAL,True,True,True,True,False,False,False,True,False,1,6,1,
ed836e77b553e384e3cb6379,Module_12_CrossDomain,sklearn.datasets.load_breast_cancer,71aa3180a9c8c9abf1e45ef91d8c1dac2592948b3fa58a7da1cc3e16bef8c2df,bc_classifier_v1,breast_cancer_wisconsin,classification_breast_cancer,42,unit_13,11,1,2026-09-02T20:45:00Z,1.0.0,8e7fd68470057c99,0.1610245419297607,0.2,0.1,0.2,0.2,0.0411542910541431,,,,,,NORMAL,True,True,True,True,False,False,False,True,False,1,6,0,
423b7a6a5c8b7b6bc5e72e1d,Module_12_CrossDomain,sklearn.datasets.load_breast_cancer,71aa3180a9c8c9abf1e45ef91d8c1dac2592948b3fa58a7da1cc3e16bef8c2df,bc_classifier_v1,breast_cancer_wisconsin,classification_breast_cancer,42,unit_13,11,2,2026-09-02T20:45:00Z,1.0.0,8e7fd68470057c99,0.1610245419297607,0.2,0.1,0.2,0.2,0.0411542910541431,,,,,,NORMAL,True,True,True,True,False,False,False,True,False,1,6,1,
72939591146dd7c3f3832904,Module_12_CrossDomain,sklearn.datasets.load_breast_cancer,71aa3180a9c8c9abf1e45ef91d8c1dac2592948b3fa58a7da1cc3e16bef8c2df,bc_classifier_v1,breast_cancer_wisconsin,classification_breast_cancer,42,unit_13,11,3,2026-09-02T20:45:00Z,1.0.0,8e7fd68470057c99,0.1610245419297607,0.2,0.1,0.2,0.2,0.0411542910541431,,,,,,NORMAL,True,True,True,True,False,False,False,True,False,1,6,1,
93d07ee328dd1d0e98034adc,Module_12_CrossDomain,sklearn.datasets.load_breast_cancer,71aa3180a9c8c9abf1e45ef91d8c1dac2592948b3fa58a7da1cc3e16bef8c2df,bc_classifier_v1,breast_cancer_wisconsin,classification_breast_cancer,42,unit_13,11,5,2026-09-02T20:45:00Z,1.0.0,8e7fd68470057c99,0.1610245419297607,0.2,0.1,0.2,0.2,0.0411542910541431,,,,,,NORMAL,True,True,True,True,False,False,False,True,False,1,6,1,
78c4b3734449d6e54bca0a6d,Module_12_CrossDomain,sklearn.datasets.load_breast_cancer,71aa3180a9c8c9abf1e45ef91d8c1dac2592948b3fa58a7da1cc3e16bef8c2df,bc_classifier_v1,breast_cancer_wisconsin,classification_breast_cancer,42,unit_13,12,1,2026-09-02T20:45:00Z,1.0.0,8e7fd68470057c99,0.4326108198846342,0.2,0.1,0.2,0.2,0.13933881609297624,,,,,,NORMAL,True,True,True,True,False,False,False,True,False,1,6,1,
c8cdae88a16fe76f9999879b,Module_12_CrossDomain,sklearn.datasets.load_breast_cancer,71aa3180a9c8c9abf1e45ef91d8c1dac2592948b3fa58a7da1cc3e16bef8c2df,bc_classifier_v1,breast_cancer_wisconsin,classification_breast_cancer,42,unit_13,12,2,2026-09-02T20:45:00Z,1.0.0,8e7fd68470057c99,0.4326108198846342,0.2,0.1,0.2,0.2,0.13933881609297624,,,,,,NORMAL,True,True,True,True,False,False,False,True,False,1,6,1,
75805ab268dc62a49b64e0ff,Module_12_CrossDomain,sklearn.datasets.load_breast_cancer,71aa3180a9c8c9abf1e45ef91d8c1dac2592948b3fa58a7da1cc3e16bef8c2df,bc_classifier_v1,breast_cancer_wisconsin,classification_breast_cancer,42,unit_13,12,3,2026-09-02T20:45:00Z,1.0.0,8e7fd68470057c99,0.4326108198846342,0.2,0.1,0.2,0.2,0.13933881609297624,,,,,,NORMAL,True,True,True,True,False,False,False,True,False,1,6,1,
99f8baf0e6df90032360cd9e,Module_12_CrossDomain,sklearn.datasets.load_breast_cancer,71aa3180a9c8c9abf1e45ef91d8c1dac2592948b3fa58a7da1cc3e16bef8c2df,bc_classifier_v1,breast_cancer_wisconsin,classification_breast_cancer,42,unit_13,12,5,2026-09-02T20:45:00Z,1.0.0,8e7fd68470057c99,0.4326108198846342,0.2,0.1,0.2,0.2,0.13933881609297624,,,,,,NORMAL,True,True,True,True,False,False,False,True,False,1,6,1,
78c683a639d564f96f549180,Module_12_CrossDomain,sklearn.datasets.load_breast_cancer,71aa3180a9c8c9abf1e45ef91d8c1dac2592948b3fa58a7da1cc3e16bef8c2df,bc_classifier_v1,breast_cancer_wisconsin,classification_breast_cancer,42,unit_13,13,1,2026-09-02T20:45:00Z,1.0.0,8e7fd68470057c99,0.2488780352460783,0.2,0.1,0.2,0.2,0.06196211361097056,,,,,,NORMAL,True,True,True,True,False,False,False,True,False,1,6,0,
5e07abd6b8f44348164426db,Module_12_CrossDomain,sklearn.datasets.load_breast_cancer,71aa3180a9c8c9abf1e45ef91d8c1dac2592948b3fa58a7da1cc3e16bef8c2df,bc_classifier_v1,breast_cancer_wisconsin,classification_breast_cancer,42,unit_13,13,2,2026-09-02T20:45:00Z,1.0.0,8e7fd68470057c99,0.2488780352460783,0.2,0.1,0.2,0.2,0.06196211361097056,,,,,,NORMAL,True,True,True,True,False,False,False,True,False,1,6,1,
7b13389835c3ec13a3e9c7a7,Module_12_CrossDomain,sklearn.datasets.load_breast_cancer,71aa3180a9c8c9abf1e45ef91d8c1dac2592948b3fa58a7da1cc3e16bef8c2df,bc_classifier_v1,breast_cancer_wisconsin,classification_breast_cancer,42,unit_13,13,3,2026-09-02T20:45:00Z,1.0.0,8e7fd68470057c99,0.2488780352460783,0.2,0.1,0.2,0.2,0.06196211361097056,,,,,,NORMAL,True,True,True,True,False,False,False,True,False,1,6,1,
54ac82cb946f7c8edc71b6b5,Module_12_CrossDomain,sklearn.datasets.load_breast_cancer,71aa3180a9c8c9abf1e45ef91d8c1dac2592948b3fa58a7da1cc3e16bef8c2df,bc_classifier_v1,breast_cancer_wisconsin,classification_breast_cancer,42,unit_13,13,5,2026-09-02T20:45:00Z,1.0.0,8e7fd68470057c99,0.2488780352460783,0.2,0.1,0.2,0.2,0.06196211361097056,,,,,,NORMAL,True,True,True,True,False,False,False,True,False,1,6,1,
53c531eb0fa22bf676c4a171,Module_12_CrossDomain,sklearn.datasets.load_breast_cancer,71aa3180a9c8c9abf1e45ef91d8c1dac2592948b3fa58a7da1cc3e16bef8c2df,bc_classifier_v1,breast_cancer_wisconsin,classification_breast_cancer,42,unit_13,14,1,2026-09-02T20:45:00Z,1.0.0,8e7fd68470057c99,0.2158147317267959,0.2,0.1,0.2,0.2,0.051276112940454525,,,,,,NORMAL,True,True,True,True,False,False,False,True,False,1,6,1,
97d56999047a9e8d86713bfa,Module_12_CrossDomain,sklearn.datasets.load_breast_cancer,71aa3180a9c8c9abf1e45ef91d8c1dac2592948b3fa58a7da1cc3e16bef8c2df,bc_classifier_v1,breast_cancer_wisconsin,classification_breast_cancer,42,unit_13,14,2,2026-09-02T20:45:00Z,1.0.0,8e7fd68470057c99,0.2158147317267959,0.2,0.1,0.2,0.2,0.051276112940454525,,,,,,NORMAL,True,True,True,True,False,False,False,True,False,1,6,1,
4180fe6b437238739e6632b4,Module_12_CrossDomain,sklearn.datasets.load_breast_cancer,71aa3180a9c8c9abf1e45ef91d8c1dac2592948b3fa58a7da1cc3e16bef8c2df,bc_classifier_v1,breast_cancer_wisconsin,classification_breast_cancer,42,unit_13,14,3,2026-09-02T20:45:00Z,1.0.0,8e7fd68470057c99,0.2158147317267959,0.2,0.1,0.2,0.2,0.051276112940454525,,,,,,NORMAL,True,True,True,True,False,False,False,True,False,1,6,1,
dc1e7cb56b26fcbef7872afc,Module_12_CrossDomain,sklearn.datasets.load_breast_cancer,71aa3180a9c8c9abf1e45ef91d8c1dac2592948b3fa58a7da1cc3e16bef8c2df,bc_classifier_v1,breast_cancer_wisconsin,classification_breast_cancer,42,unit_13,14,5,2026-09-02T20:45:00Z,1.0.0,8e7fd68470057c99,0.2158147317267959,0.2,0.1,0.2,0.2,0.051276112940454525,,,,,,NORMAL,True,True,True,True,False,False,False,True,False,1,6,1,
acf351f82abd09c083f04e89,Module_12_CrossDomain,sklearn.datasets.load_breast_cancer,71aa3180a9c8c9abf1e45ef91d8c1dac2592948b3fa58a7da1cc3e16bef8c2df,bc_classifier_v1,breast_cancer_wisconsin,classification_breast_cancer,42,unit_13,15,1,2026-09-02T20:45:00Z,1.0.0,8e7fd68470057c99,0.12697280033428865,0.2,0.1,0.2,0.2,0.04224334773256426,,,,,,NORMAL,True,True,True,True,False,False,False,True,False,1,6,1,
9c867866e6dadee9287539f9,Module_12_CrossDomain,sklearn.datasets.load_breast_cancer,71aa3180a9c8c9abf1e45ef91d8c1dac2592948b3fa58a7da1cc3e16bef8c2df,bc_classifier_v1,breast_cancer_wisconsin,classification_breast_cancer,42,unit_13,15,2,2026-09-02T20:45:00Z,1.0.0,8e7fd68470057c99,0.12697280033428865,0.2,0.1,0.2,0.2,0.04224334773256426,,,,,,NORMAL,True,True,True,True,False,False,False,True,False,1,6,1,
3f847ab45e31ea867568979a,Module_12_CrossDomain,sklearn.datasets.load_breast_cancer,71aa3180a9c8c9abf1e45ef91d8c1dac2592948b3fa58a7da1cc3e16bef8c2df,bc_classifier_v1,breast_cancer_wisconsin,classification_breast_cancer,42,unit_13,15,3,2026-09-02T20:45:00Z,1.0.0,8e7fd68470057c99,0.12697280033428865,0.2,0.1,0.2,0.2,0.04224334773256426,,,,,,NORMAL,True,True,True,True,False,False,False,True,False,1,6,1,
624194985188a8592df83943,Module_12_CrossDomain,sklearn.datasets.load_breast_cancer,71aa3180a9c8c9abf1e45ef91d8c1dac2592948b3fa58a7da1cc3e16bef8c2df,bc_classifier_v1,breast_cancer_wisconsin,classification_breast_cancer,42,unit_13,15,5,2026-09-02T20:45:00Z,1.0.0,8e7fd68470057c99,0.12697280033428865,0.2,0.1,0.2,0.2,0.04224334773256426,,,,,,NORMAL,True,True,True,True,False,False,False,True,False,1,6,1,
e9b040c8812b3ad06576e755,Module_12_CrossDomain,sklearn.datasets.load_breast_cancer,71aa3180a9c8c9abf1e45ef91d8c1dac2592948b3fa58a7da1cc3e16bef8c2df,bc_classifier_v1,breast_cancer_wisconsin,classification_breast_cancer,42,unit_13,16,1,2026-09-02T20:45:00Z,1.0.0,8e7fd68470057c99,0.15875442582339586,0.2,0.1,0.2,0.2,0.041032886462493146,,,,,,NORMAL,True,True,True,True,False,False,False,True,False,1,6,0,
337538357dc5360536d2df27,Module_12_CrossDomain,sklearn.datasets.load_breast_cancer,71aa3180a9c8c9abf1e45ef91d8c1dac2592948b3fa58a7da1cc3e16bef8c2df,bc_classifier_v1,breast_cancer_wisconsin,classification_breast_cancer,42,unit_13,16,2,2026-09-02T20:45:00Z,1.0.0,8e7fd68470057c99,0.15875442582339586,0.2,0.1,0.2,0.2,0.041032886462493146,,,,,,NORMAL,True,True,True,True,False,False,False,True,False,1,6,1,
a32b82c009f94a964b32e4e6,Module_12_CrossDomain,sklearn.datasets.load_breast_cancer,71aa3180a9c8c9abf1e45ef91d8c1dac2592948b3fa58a7da1cc3e16bef8c2df,bc_classifier_v1,breast_cancer_wisconsin,classification_breast_cancer,42,unit_13,16,3,2026-09-02T20:45:00Z,1.0.0,8e7fd68470057c99,0.15875442582339586,0.2,0.1,0.2,0.2,0.041032886462493146,,,,,,NORMAL,True,True,True,True,False,False,False,True,False,1,6,1,
edd3088669319dbb969f3b6d,Module_12_CrossDomain,sklearn.datasets.load_breast_cancer,71aa3180a9c8c9abf1e45ef91d8c1dac2592948b3fa58a7da1cc3e16bef8c2df,bc_classifier_v1,breast_cancer_wisconsin,classification_breast_cancer,42,unit_13,16,5,2026-09-02T20:45:00Z,1.0.0,8e7fd68470057c99,0.15875442582339586,0.2,0.1,0.2,0.2,0.041032886462493146,,,,,,NORMAL,True,True,True,True,False,False,False,True,False,1,6,1,
10684668c3d29bee9c1b48d9,Module_12_CrossDomain,sklearn.datasets.load_breast_cancer,71aa3180a9c8c9abf1e45ef91d8c1dac2592948b3fa58a7da1cc3e16bef8c2df,bc_classifier_v1,breast_cancer_wisconsin,classification_breast_cancer,42,unit_13,17,1,2026-09-02T20:45:00Z,1.0.0,8e7fd68470057c99,0.2657572860668214,0.2,0.1,0.2,0.2,0.06814975222512376,,,,,,NORMAL,True,True,True,True,False,False,False,True,False,1,6,1,
a88d6721e391017f7f5b26c1,Module_12_CrossDomain,sklearn.datasets.load_breast_cancer,71aa3180a9c8c9abf1e45ef91d8c1dac2592948b3fa58a7da1cc3e16bef8c2df,bc_classifier_v1,breast_cancer_wisconsin,classification_breast_cancer,42,unit_13,17,2,2026-09-02T20:45:00Z,1.0.0,8e7fd68470057c99,0.2657572860668214,0.2,0.1,0.2,0.2,0.06814975222512376,,,,,,NORMAL,True,True,True,True,False,False,False,True,False,1,6,1,
db3246d408eb1af665f6bf50,Module_12_CrossDomain,sklearn.datasets.load_breast_cancer,71aa3180a9c8c9abf1e45ef91d8c1dac2592948b3fa58a7da1cc3e16bef8c2df,bc_classifier_v1,breast_cancer_wisconsin,classification_breast_cancer,42,unit_13,17,3,2026-09-02T20:45:00Z,1.0.0,8e7fd68470057c99,0.2657572860668214,0.2,0.1,0.2,0.2,0.06814975222512376,,,,,,NORMAL,True,True,True,True,False,False,False,True,False,1,6,1,
637b9a721e36b92daf17a61f,Module_12_CrossDomain,sklearn.datasets.load_breast_cancer,71aa3180a9c8c9abf1e45ef91d8c1dac2592948b3fa58a7da1cc3e16bef8c2df,bc_classifier_v1,breast_cancer_wisconsin,classification_breast_cancer,42,unit_13,17,5,2026-09-02T20:45:00Z,1.0.0,8e7fd68470057c99,0.2657572860668214,0.2,0.1,0.2,0.2,0.06814975222512376,,,,,,NORMAL,True,True,True,True,False,False,False,True,False,1,6,1,
cb2e1ae2401144b458e66718,Module_12_CrossDomain,sklearn.datasets.load_breast_cancer,71aa3180a9c8c9abf1e45ef91d8c1dac2592948b3fa58a7da1cc3e16bef8c2df,bc_classifier_v1,breast_cancer_wisconsin,classification_breast_cancer,42,unit_13,18,1,2026-09-02T20:45:00Z,1.0.0,8e7fd68470057c99,0.030492865813784742,0.2,0.1,0.2,0.2,0.06957323099743666,,,,,,NORMAL,True,True,True,True,False,False,False,True,False,1,6,1,
a245df47062def4e7c057a3e,Module_12_CrossDomain,sklearn.datasets.load_breast_cancer,71aa3180a9c8c9abf1e45ef91d8c1dac2592948b3fa58a7da1cc3e16bef8c2df,bc_classifier_v1,breast_cancer_wisconsin,classification_breast_cancer,42,unit_13,18,2,2026-09-02T20:45:00Z,1.0.0,8e7fd68470057c99,0.030492865813784742,0.2,0.1,0.2,0.2,0.06957323099743666,,,,,,NORMAL,True,True,True,True,False,False,False,True,False,1,6,1,
6c6182fdf0c31a63dd13efeb,Module_12_CrossDomain,sklearn.datasets.load_breast_cancer,71aa3180a9c8c9abf1e45ef91d8c1dac2592948b3fa58a7da1cc3e16bef8c2df,bc_classifier_v1,breast_cancer_wisconsin,classification_breast_cancer,42,unit_13,18,3,2026-09-02T20:45:00Z,1.0.0,8e7fd68470057c99,0.030492865813784742,0.2,0.1,0.2,0.2,0.06957323099743666,,,,,,NORMAL,True,True,True,True,False,False,False,True,False,1,6,1,
ceba52a5a5e6ec8170b76ca0,Module_12_CrossDomain,sklearn.datasets.load_breast_cancer,71aa3180a9c8c9abf1e45ef91d8c1dac2592948b3fa58a7da1cc3e16bef8c2df,bc_classifier_v1,breast_cancer_wisconsin,classification_breast_cancer,42,unit_13,18,5,2026-09-02T20:45:00Z,1.0.0,8e7fd68470057c99,0.030492865813784742,0.2,0.1,0.2,0.2,0.06957323099743666,,,,,,NORMAL,True,True,True,True,False,False,False,True,False,1,6,1,
e8b9e6ca4c66158ee228227e,Module_12_CrossDomain,sklearn.datasets.load_breast_cancer,71aa3180a9c8c9abf1e45ef91d8c1dac2592948b3fa58a7da1cc3e16bef8c2df,bc_classifier_v1,breast_cancer_wisconsin,classification_breast_cancer,42,unit_13,19,1,2026-09-02T20:45:00Z,1.0.0,8e7fd68470057c99,0.01573711112241356,0.2,0.1,0.2,0.2,0.07531640418889887,,,,,,NORMAL,True,True,True,True,False,False,False,True,False,1,6,0,
91f99b434dc356f8d3729e89,Module_12_CrossDomain,sklearn.datasets.load_breast_cancer,71aa3180a9c8c9abf1e45ef91d8c1dac2592948b3fa58a7da1cc3e16bef8c2df,bc_classifier_v1,breast_cancer_wisconsin,classification_breast_cancer,42,unit_13,19,2,2026-09-02T20:45:00Z,1.0.0,8e7fd68470057c99,0.01573711112241356,0.2,0.1,0.2,0.2,0.07531640418889887,,,,,,NORMAL,True,True,True,True,False,False,False,True,False,1,6,0,
363cdcea5a8e57fd24f1fa48,Module_12_CrossDomain,sklearn.datasets.load_breast_cancer,71aa3180a9c8c9abf1e45ef91d8c1dac2592948b3fa58a7da1cc3e16bef8c2df,bc_classifier_v1,breast_cancer_wisconsin,classification_breast_cancer,42,unit_13,19,3,2026-09-02T20:45:00Z,1.0.0,8e7fd68470057c99,0.01573711112241356,0.2,0.1,0.2,0.2,0.07531640418889887,,,,,,NORMAL,True,True,True,True,False,False,False,True,False,1,6,0,
323d1b78803b57166bf2ce6e,Module_12_CrossDomain,sklearn.datasets.load_breast_cancer,71aa3180a9c8c9abf1e45ef91d8c1dac2592948b3fa58a7da1cc3e16bef8c2df,bc_classifier_v1,breast_cancer_wisconsin,classification_breast_cancer,42,unit_13,19,5,2026-09-02T20:45:00Z,1.0.0,8e7fd68470057c99,0.01573711112241356,0.2,0.1,0.2,0.2,0.07531640418889887,,,,,,NORMAL,True,True,True,True,False,False,False,True,False,1,6,0,
bf93a9cec2c17651ebcb72e4,Module_12_CrossDomain,sklearn.datasets.load_breast_cancer,71aa3180a9c8c9abf1e45ef91d8c1dac2592948b3fa58a7da1cc3e16bef8c2df,bc_classifier_v1,breast_cancer_wisconsin,classification_breast_cancer,42,unit_14,0,1,2026-09-02T20:45:00Z,1.0.0,8e7fd68470057c99,0.2856208019975135,0.2,0.1,0.2,0.2,0.07585512790759437,,,,,,NORMAL,True,True,True,True,False,False,False,True,False,1,1,1,1.0
3d232ab92a27eec516273376,Module_12_CrossDomain,sklearn.datasets.load_breast_cancer,71aa3180a9c8c9abf1e45ef91d8c1dac2592948b3fa58a7da1cc3e16bef8c2df,bc_classifier_v1,breast_cancer_wisconsin,classification_breast_cancer,42,unit_14,0,2,2026-09-02T20:45:00Z,1.0.0,8e7fd68470057c99,0.2856208019975135,0.2,0.1,0.2,0.2,0.07585512790759437,,,,,,NORMAL,True,True,True,True,False,False,False,True,False,1,1,1,1.0
ce63cea97f44ff79dd7d1007,Module_12_CrossDomain,sklearn.datasets.load_breast_cancer,71aa3180a9c8c9abf1e45ef91d8c1dac2592948b3fa58a7da1cc3e16bef8c2df,bc_classifier_v1,breast_cancer_wisconsin,classification_breast_cancer,42,unit_14,0,3,2026-09-02T20:45:00Z,1.0.0,8e7fd68470057c99,0.2856208019975135,0.2,0.1,0.2,0.2,0.07585512790759437,,,,,,NORMAL,True,True,True,True,False,False,False,True,False,1,1,1,1.0
8a3eca9b72edcd210a9b69f1,Module_12_CrossDomain,sklearn.datasets.load_breast_cancer,71aa3180a9c8c9abf1e45ef91d8c1dac2592948b3fa58a7da1cc3e16bef8c2df,bc_classifier_v1,breast_cancer_wisconsin,classification_breast_cancer,42,unit_14,0,5,2026-09-02T20:45:00Z,1.0.0,8e7fd68470057c99,0.2856208019975135,0.2,0.1,0.2,0.2,0.07585512790759437,,,,,,NORMAL,True,True,True,True,False,False,False,True,False,1,1,1,1.0
96aa51b661a3a920920dd950,Module_12_CrossDomain,sklearn.datasets.load_breast_cancer,71aa3180a9c8c9abf1e45ef91d8c1dac2592948b3fa58a7da1cc3e16bef8c2df,bc_classifier_v1,breast_cancer_wisconsin,classification_breast_cancer,42,unit_14,1,1,2026-09-02T20:45:00Z,1.0.0,8e7fd68470057c99,0.13548573573315664,0.2,0.1,0.2,0.2,0.04139421287305151,,,,,,NORMAL,True,True,True,True,False,False,False,True,False,1,1,0,0.0
22a2bff4e694debed4511b5a,Module_12_CrossDomain,sklearn.datasets.load_breast_cancer,71aa3180a9c8c9abf1e45ef91d8c1dac2592948b3fa58a7da1cc3e16bef8c2df,bc_classifier_v1,breast_cancer_wisconsin,classification_breast_cancer,42,unit_14,1,2,2026-09-02T20:45:00Z,1.0.0,8e7fd68470057c99,0.13548573573315664,0.2,0.1,0.2,0.2,0.04139421287305151,,,,,,NORMAL,True,True,True,True,False,False,False,True,False,1,1,0,0.0
453a4a4bd3ac2d0499ee14d8,Module_12_CrossDomain,sklearn.datasets.load_breast_cancer,71aa3180a9c8c9abf1e45ef91d8c1dac2592948b3fa58a7da1cc3e16bef8c2df,bc_classifier_v1,breast_cancer_wisconsin,classification_breast_cancer,42,unit_14,1,3,2026-09-02T20:45:00Z,1.0.0,8e7fd68470057c99,0.13548573573315664,0.2,0.1,0.2,0.2,0.04139421287305151,,,,,,NORMAL,True,True,True,True,False,False,False,True,False,1,1,1,0.0
1cfa4e9b503308280a6877fe,Module_12_CrossDomain,sklearn.datasets.load_breast_cancer,71aa3180a9c8c9abf1e45ef91d8c1dac2592948b3fa58a7da1cc3e16bef8c2df,bc_classifier_v1,breast_cancer_wisconsin,classification_breast_cancer,42,unit_14,1,5,2026-09-02T20:45:00Z,1.0.0,8e7fd68470057c99,0.13548573573315664,0.2,0.1,0.2,0.2,0.04139421287305151,,,,,,NORMAL,True,True,True,True,False,False,False,True,False,1,1,1,0.0
2e5c0bbc5ebb3b5df379d778,Module_12_CrossDomain,sklearn.datasets.load_breast_cancer,71aa3180a9c8c9abf1e45ef91d8c1dac2592948b3fa58a7da1cc3e16bef8c2df,bc_classifier_v1,breast_cancer_wisconsin,classification_breast_cancer,42,unit_14,2,1,2026-09-02T20:45:00Z,1.0.0,8e7fd68470057c99,0.2992414986357022,0.2,0.1,0.2,0.2,0.08134019768168517,,,,,,NORMAL,True,True,True,True,False,False,False,True,False,1,1,0,
761b3fb152c0c15a6d88aaff,Module_12_CrossDomain,sklearn.datasets.load_breast_cancer,71aa3180a9c8c9abf1e45ef91d8c1dac2592948b3fa58a7da1cc3e16bef8c2df,bc_classifier_v1,breast_cancer_wisconsin,classification_breast_cancer,42,unit_14,2,2,2026-09-02T20:45:00Z,1.0.0,8e7fd68470057c99,0.2992414986357022,0.2,0.1,0.2,0.2,0.08134019768168517,,,,,,NORMAL,True,True,True,True,False,False,False,True,False,1,1,1,
3d1591dcf3276293b94f7284,Module_12_CrossDomain,sklearn.datasets.load_breast_cancer,71aa3180a9c8c9abf1e45ef91d8c1dac2592948b3fa58a7da1cc3e16bef8c2df,bc_classifier_v1,breast_cancer_wisconsin,classification_breast_cancer,42,unit_14,2,3,2026-09-02T20:45:00Z,1.0.0,8e7fd68470057c99,0.2992414986357022,0.2,0.1,0.2,0.2,0.08134019768168517,,,,,,NORMAL,True,True,True,True,False,False,False,True,False,1,1,1,
deba5073e904fc6f200379dc,Module_12_CrossDomain,sklearn.datasets.load_breast_cancer,71aa3180a9c8c9abf1e45ef91d8c1dac2592948b3fa58a7da1cc3e16bef8c2df,bc_classifier_v1,breast_cancer_wisconsin,classification_breast_cancer,42,unit_14,2,5,2026-09-02T20:45:00Z,1.0.0,8e7fd68470057c99,0.2992414986357022,0.2,0.1,0.2,0.2,0.08134019768168517,,,,,,NORMAL,True,True,True,True,False,False,False,True,False,1,1,1,
962e98740816a3523529d6e3,Module_12_CrossDomain,sklearn.datasets.load_breast_cancer,71aa3180a9c8c9abf1e45ef91d8c1dac2592948b3fa58a7da1cc3e16bef8c2df,bc_classifier_v1,breast_cancer_wisconsin,classification_breast_cancer,42,unit_14,3,1,2026-09-02T20:45:00Z,1.0.0,8e7fd68470057c99,0.11990232623288308,0.2,0.1,0.2,0.2,0.04322003127715408,,,,,,NORMAL,True,True,True,True,False,False,False,True,False,1,1,1,
6f70d5fff3ae02c82854af7f,Module_12_CrossDomain,sklearn.datasets.load_breast_cancer,71aa3180a9c8c9abf1e45ef91d8c1dac2592948b3fa58a7da1cc3e16bef8c2df,bc_classifier_v1,breast_cancer_wisconsin,classification_breast_cancer,42,unit_14,3,2,2026-09-02T20:45:00Z,1.0.0,8e7fd68470057c99,0.11990232623288308,0.2,0.1,0.2,0.2,0.04322003127715408,,,,,,NORMAL,True,True,True,True,False,False,False,True,False,1,1,1,
3ff6f1b9340025a6e6761427,Module_12_CrossDomain,sklearn.datasets.load_breast_cancer,71aa3180a9c8c9abf1e45ef91d8c1dac2592948b3fa58a7da1cc3e16bef8c2df,bc_classifier_v1,breast_cancer_wisconsin,classification_breast_cancer,42,unit_14,3,3,2026-09-02T20:45:00Z,1.0.0,8e7fd68470057c99,0.11990232623288308,0.2,0.1,0.2,0.2,0.04322003127715408,,,,,,NORMAL,True,True,True,True,False,False,False,True,False,1,1,1,
c28ec43f3eaf0255a737e137,Module_12_CrossDomain,sklearn.datasets.load_breast_cancer,71aa3180a9c8c9abf1e45ef91d8c1dac2592948b3fa58a7da1cc3e16bef8c2df,bc_classifier_v1,breast_cancer_wisconsin,classification_breast_cancer,42,unit_14,3,5,2026-09-02T20:45:00Z,1.0.0,8e7fd68470057c99,0.11990232623288308,0.2,0.1,0.2,0.2,0.04322003127715408,,,,,,NORMAL,True,True,True,True,False,False,False,True,False,1,1,1,
0a42c622dbcfc78e7084f51b,Module_12_CrossDomain,sklearn.datasets.load_breast_cancer,71aa3180a9c8c9abf1e45ef91d8c1dac2592948b3fa58a7da1cc3e16bef8c2df,bc_classifier_v1,breast_cancer_wisconsin,classification_breast_cancer,42,unit_14,4,1,2026-09-02T20:45:00Z,1.0.0,8e7fd68470057c99,0.07021989767516867,0.2,0.1,0.2,0.2,0.055507486435936546,,,,,,NORMAL,True,True,True,True,False,False,False,True,False,1,1,1,
f055e7c726c777ed483cfda2,Module_12_CrossDomain,sklearn.datasets.load_breast_cancer,71aa3180a9c8c9abf1e45ef91d8c1dac2592948b3fa58a7da1cc3e16bef8c2df,bc_classifier_v1,breast_cancer_wisconsin,classification_breast_cancer,42,unit_14,4,2,2026-09-02T20:45:00Z,1.0.0,8e7fd68470057c99,0.07021989767516867,0.2,0.1,0.2,0.2,0.055507486435936546,,,,,,NORMAL,True,True,True,True,False,False,False,True,False,1,1,1,
4af448e1402cd0fa2d087741,Module_12_CrossDomain,sklearn.datasets.load_breast_cancer,71aa3180a9c8c9abf1e45ef91d8c1dac2592948b3fa58a7da1cc3e16bef8c2df,bc_classifier_v1,breast_cancer_wisconsin,classification_breast_cancer,42,unit_14,4,3,2026-09-02T20:45:00Z,1.0.0,8e7fd68470057c99,0.07021989767516867,0.2,0.1,0.2,0.2,0.055507486435936546,,,,,,NORMAL,True,True,True,True,False,False,False,True,False,1,1,1,
e7b2402b2d7f6b05bc04a711,Module_12_CrossDomain,sklearn.datasets.load_breast_cancer,71aa3180a9c8c9abf1e45ef91d8c1dac2592948b3fa58a7da1cc3e16bef8c2df,bc_classifier_v1,breast_cancer_wisconsin,classification_breast_cancer,42,unit_14,4,5,2026-09-02T20:45:00Z,1.0.0,8e7fd68470057c99,0.07021989767516867,0.2,0.1,0.2,0.2,0.055507486435936546,,,,,,NORMAL,True,True,True,True,False,False,False,True,False,1,1,1,
c97c85b304be0443053d9881,Module_12_CrossDomain,sklearn.datasets.load_breast_cancer,71aa3180a9c8c9abf1e45ef91d8c1dac2592948b3fa58a7da1cc3e16bef8c2df,bc_classifier_v1,breast_cancer_wisconsin,classification_breast_cancer,42,unit_14,5,1,2026-09-02T20:45:00Z,1.0.0,8e7fd68470057c99,0.08781329749949589,0.2,0.1,0.2,0.2,0.050259738620459765,,,,,,NORMAL,True,True,True,True,False,False,False,True,False,1,1,1,
e7328764be40ef95c90f8319,Module_12_CrossDomain,sklearn.datasets.load_breast_cancer,71aa3180a9c8c9abf1e45ef91d8c1dac2592948b3fa58a7da1cc3e16bef8c2df,bc_classifier_v1,breast_cancer_wisconsin,classification_breast_cancer,42,unit_14,5,2,2026-09-02T20:45:00Z,1.0.0,8e7fd68470057c99,0.08781329749949589,0.2,0.1,0.2,0.2,0.050259738620459765,,,,,,NORMAL,True,True,True,True,False,False,False,True,False,1,1,1,
8d6431af33838e7e9e1fa40c,Module_12_CrossDomain,sklearn.datasets.load_breast_cancer,71aa3180a9c8c9abf1e45ef91d8c1dac2592948b3fa58a7da1cc3e16bef8c2df,bc_classifier_v1,breast_cancer_wisconsin,classification_breast_cancer,42,unit_14,5,3,2026-09-02T20:45:00Z,1.0.0,8e7fd68470057c99,0.08781329749949589,0.2,0.1,0.2,0.2,0.050259738620459765,,,,,,NORMAL,True,True,True,True,False,False,False,True,False,1,1,1,
6d8f7583aa8f3c478cb8db2e,Module_12_CrossDomain,sklearn.datasets.load_breast_cancer,71aa3180a9c8c9abf1e45ef91d8c1dac2592948b3fa58a7da1cc3e16bef8c2df,bc_classifier_v1,breast_cancer_wisconsin,classification_breast_cancer,42,unit_14,5,5,2026-09-02T20:45:00Z,1.0.0,8e7fd68470057c99,0.08781329749949589,0.2,0.1,0.2,0.2,0.050259738620459765,,,,,,NORMAL,True,True,True,True,False,False,False,True,False,1,1,1,
9a7f092349afc1a6805fa0fc,Module_12_CrossDomain,sklearn.datasets.load_breast_cancer,71aa3180a9c8c9abf1e45ef91d8c1dac2592948b3fa58a7da1cc3e16bef8c2df,bc_classifier_v1,breast_cancer_wisconsin,classification_breast_cancer,42,unit_14,6,1,2026-09-02T20:45:00Z,1.0.0,8e7fd68470057c99,0.1241351552013327,0.2,0.1,0.2,0.2,0.04260670316709214,,,,,,NORMAL,True,True,True,True,False,False,False,True,False,1,1,1,
a185eb291ae0f453beb7a5bf,Module_12_CrossDomain,sklearn.datasets.load_breast_cancer,71aa3180a9c8c9abf1e45ef91d8c1dac2592948b3fa58a7da1cc3e16bef8c2df,bc_classifier_v1,breast_cancer_wisconsin,classification_breast_cancer,42,unit_14,6,2,2026-09-02T20:45:00Z,1.0.0,8e7fd68470057c99,0.1241351552013327,0.2,0.1,0.2,0.2,0.04260670316709214,,,,,,NORMAL,True,True,True,True,False,False,False,True,False,1,1,1,
ab4ea18eeef346bba71de80e,Module_12_CrossDomain,sklearn.datasets.load_breast_cancer,71aa3180a9c8c9abf1e45ef91d8c1dac2592948b3fa58a7da1cc3e16bef8c2df,bc_classifier_v1,breast_cancer_wisconsin,classification_breast_cancer,42,unit_14,6,3,2026-09-02T20:45:00Z,1.0.0,8e7fd68470057c99,0.1241351552013327,0.2,0.1,0.2,0.2,0.04260670316709214,,,,,,NORMAL,True,True,True,True,False,False,False,True,False,1,1,1,
a81b511cea931c647a6b4b4c,Module_12_CrossDomain,sklearn.datasets.load_breast_cancer,71aa3180a9c8c9abf1e45ef91d8c1dac2592948b3fa58a7da1cc3e16bef8c2df,bc_classifier_v1,breast_cancer_wisconsin,classification_breast_cancer,42,unit_14,6,5,2026-09-02T20:45:00Z,1.0.0,8e7fd68470057c99,0.1241351552013327,0.2,0.1,0.2,0.2,0.04260670316709214,,,,,,NORMAL,True,True,True,True,False,False,False,True,False,1,1,1,
fd76d423cf8f9dcef961988e,Module_12_CrossDomain,sklearn.datasets.load_breast_cancer,71aa3180a9c8c9abf1e45ef91d8c1dac2592948b3fa58a7da1cc3e16bef8c2df,bc_classifier_v1,breast_cancer_wisconsin,classification_breast_cancer,42,unit_14,7,1,2026-09-02T20:45:00Z,1.0.0,8e7fd68470057c99,0.07021989767516867,0.2,0.1,0.2,0.2,0.055507486435936546,,,,,,NORMAL,True,True,True,True,False,False,False,True,False,1,1,1,
e3e0396f6ad01cdbeb9dda5d,Module_12_CrossDomain,sklearn.datasets.load_breast_cancer,71aa3180a9c8c9abf1e45ef91d8c1dac2592948b3fa58a7da1cc3e16bef8c2df,bc_classifier_v1,breast_cancer_wisconsin,classification_breast_cancer,42,unit_14,7,2,2026-09-02T20:45:00Z,1.0.0,8e7fd68470057c99,0.07021989767516867,0.2,0.1,0.2,0.2,0.055507486435936546,,,,,,NORMAL,True,True,True,True,False,False,False,True,False,1,1,1,
7c8c71002ea5261881d64699,Module_12_CrossDomain,sklearn.datasets.load_breast_cancer,71aa3180a9c8c9abf1e45ef91d8c1dac2592948b3fa58a7da1cc3e16bef8c2df,bc_classifier_v1,breast_cancer_wisconsin,classification_breast_cancer,42,unit_14,7,3,2026-09-02T20:45:00Z,1.0.0,8e7fd68470057c99,0.07021989767516867,0.2,0.1,0.2,0.2,0.055507486435936546,,,,,,NORMAL,True,True,True,True,False,False,False,True,False,1,1,1,
fd361c87d7c9132bd72eec7b,Module_12_CrossDomain,sklearn.datasets.load_breast_cancer,71aa3180a9c8c9abf1e45ef91d8c1dac2592948b3fa58a7da1cc3e16bef8c2df,bc_classifier_v1,breast_cancer_wisconsin,classification_breast_cancer,42,unit_14,7,5,2026-09-02T20:45:00Z,1.0.0,8e7fd68470057c99,0.07021989767516867,0.2,0.1,0.2,0.2,0.055507486435936546,,,,,,NORMAL,True,True,True,True,False,False,False,True,False,1,1,1,
3fdbb13a83ff91aa2239e3d1,Module_12_CrossDomain,sklearn.datasets.load_breast_cancer,71aa3180a9c8c9abf1e45ef91d8c1dac2592948b3fa58a7da1cc3e16bef8c2df,bc_classifier_v1,breast_cancer_wisconsin,classification_breast_cancer,42,unit_14,8,1,2026-09-02T20:45:00Z,1.0.0,8e7fd68470057c99,0.16272712900953426,0.2,0.1,0.2,0.2,0.04126332730922036,,,,,,NORMAL,True,True,True,True,False,False,False,True,False,1,1,1,
7400e74d3deedd3222426445,Module_12_CrossDomain,sklearn.datasets.load_breast_cancer,71aa3180a9c8c9abf1e45ef91d8c1dac2592948b3fa58a7da1cc3e16bef8c2df,bc_classifier_v1,breast_cancer_wisconsin,classification_breast_cancer,42,unit_14,8,2,2026-09-02T20:45:00Z,1.0.0,8e7fd68470057c99,0.16272712900953426,0.2,0.1,0.2,0.2,0.04126332730922036,,,,,,NORMAL,True,True,True,True,False,False,False,True,False,1,1,1,
c42f3b6c4c24eafaab6d80cc,Module_12_CrossDomain,sklearn.datasets.load_breast_cancer,71aa3180a9c8c9abf1e45ef91d8c1dac2592948b3fa58a7da1cc3e16bef8c2df,bc_classifier_v1,breast_cancer_wisconsin,classification_breast_cancer,42,unit_14,8,3,2026-09-02T20:45:00Z,1.0.0,8e7fd68470057c99,0.16272712900953426,0.2,0.1,0.2,0.2,0.04126332730922036,,,,,,NORMAL,True,True,True,True,False,False,False,True,False,1,1,1,
f22d96b915edecacbadf07b1,Module_12_CrossDomain,sklearn.datasets.load_breast_cancer,71aa3180a9c8c9abf1e45ef91d8c1dac2592948b3fa58a7da1cc3e16bef8c2df,bc_classifier_v1,breast_cancer_wisconsin,classification_breast_cancer,42,unit_14,8,5,2026-09-02T20:45:00Z,1.0.0,8e7fd68470057c99,0.16272712900953426,0.2,0.1,0.2,0.2,0.04126332730922036,,,,,,NORMAL,True,True,True,True,False,False,False,True,False,1,1,1,
317c363e53231df18fa016aa,Module_12_CrossDomain,sklearn.datasets.load_breast_cancer,71aa3180a9c8c9abf1e45ef91d8c1dac2592948b3fa58a7da1cc3e16bef8c2df,bc_classifier_v1,breast_cancer_wisconsin,classification_breast_cancer,42,unit_14,9,1,2026-09-02T20:45:00Z,1.0.0,8e7fd68470057c99,0.1564843097170311,0.2,0.1,0.2,0.2,0.04093910456738394,,,,,,NORMAL,True,True,True,True,False,False,False,True,False,1,1,1,
76c805330f30b2b4fc082093,Module_12_CrossDomain,sklearn.datasets.load_breast_cancer,71aa3180a9c8c9abf1e45ef91d8c1dac2592948b3fa58a7da1cc3e16bef8c2df,bc_classifier_v1,breast_cancer_wisconsin,classification_breast_cancer,42,unit_14,9,2,2026-09-02T20:45:00Z,1.0.0,8e7fd68470057c99,0.1564843097170311,0.2,0.1,0.2,0.2,0.04093910456738394,,,,,,NORMAL,True,True,True,True,False,False,False,True,False,1,1,1,
dbefd622b9d16b4988be830a,Module_12_CrossDomain,sklearn.datasets.load_breast_cancer,71aa3180a9c8c9abf1e45ef91d8c1dac2592948b3fa58a7da1cc3e16bef8c2df,bc_classifier_v1,breast_cancer_wisconsin,classification_breast_cancer,42,unit_14,9,3,2026-09-02T20:45:00Z,1.0.0,8e7fd68470057c99,0.1564843097170311,0.2,0.1,0.2,0.2,0.04093910456738394,,,,,,NORMAL,True,True,True,True,False,False,False,True,False,1,1,1,
ea048147149d691066caa77d,Module_12_CrossDomain,sklearn.datasets.load_breast_cancer,71aa3180a9c8c9abf1e45ef91d8c1dac2592948b3fa58a7da1cc3e16bef8c2df,bc_classifier_v1,breast_cancer_wisconsin,classification_breast_cancer,42,unit_14,9,5,2026-09-02T20:45:00Z,1.0.0,8e7fd68470057c99,0.1564843097170311,0.2,0.1,0.2,0.2,0.04093910456738394,,,,,,NORMAL,True,True,True,True,False,False,False,True,False,1,1,1,
676bd3fb1444d09a7b99bd8d,Module_12_CrossDomain,sklearn.datasets.load_breast_cancer,71aa3180a9c8c9abf1e45ef91d8c1dac2592948b3fa58a7da1cc3e16bef8c2df,bc_classifier_v1,breast_cancer_wisconsin,classification_breast_cancer,42,unit_14,10,1,2026-09-02T20:45:00Z,1.0.0,8e7fd68470057c99,0.016044514366693647,0.2,0.1,0.2,0.2,0.07519466903571015,,,,,,NORMAL,True,True,True,True,False,False,False,True,False,1,1,1,
06c15281fb8cbfc473d360a7,Module_12_CrossDomain,sklearn.datasets.load_breast_cancer,71aa3180a9c8c9abf1e45ef91d8c1dac2592948b3fa58a7da1cc3e16bef8c2df,bc_classifier_v1,breast_cancer_wisconsin,classification_breast_cancer,42,unit_14,10,2,2026-09-02T20:45:00Z,1.0.0,8e7fd68470057c99,0.016044514366693647,0.2,0.1,0.2,0.2,0.07519466903571015,,,,,,NORMAL,True,True,True,True,False,False,False,True,False,1,1,1,
2b8debfb409b290c049fefa9,Module_12_CrossDomain,sklearn.datasets.load_breast_cancer,71aa3180a9c8c9abf1e45ef91d8c1dac2592948b3fa58a7da1cc3e16bef8c2df,bc_classifier_v1,breast_cancer_wisconsin,classification_breast_cancer,42,unit_14,10,3,2026-09-02T20:45:00Z,1.0.0,8e7fd68470057c99,0.016044514366693647,0.2,0.1,0.2,0.2,0.07519466903571015,,,,,,NORMAL,True,True,True,True,False,False,False,True,False,1,1,1,
4aae6dcdaedf4a3826a39efc,Module_12_CrossDomain,sklearn.datasets.load_breast_cancer,71aa3180a9c8c9abf1e45ef91d8c1dac2592948b3fa58a7da1cc3e16bef8c2df,bc_classifier_v1,breast_cancer_wisconsin,classification_breast_cancer,42,unit_14,10,5,2026-09-02T20:45:00Z,1.0.0,8e7fd68470057c99,0.016044514366693647,0.2,0.1,0.2,0.2,0.07519466903571015,,,,,,NORMAL,True,True,True,True,False,False,False,True,False,1,1,1,
13ba7066cd51a11df8702ee3,Module_12_CrossDomain,sklearn.datasets.load_breast_cancer,71aa3180a9c8c9abf1e45ef91d8c1dac2592948b3fa58a7da1cc3e16bef8c2df,bc_classifier_v1,breast_cancer_wisconsin,classification_breast_cancer,42,unit_14,11,1,2026-09-02T20:45:00Z,1.0.0,8e7fd68470057c99,0.047258610829209666,0.2,0.1,0.2,0.2,0.063343495761415,,,,,,NORMAL,True,True,True,True,False,False,False,True,False,1,1,1,
4313699acb792e046d938658,Module_12_CrossDomain,sklearn.datasets.load_breast_cancer,71aa3180a9c8c9abf1e45ef91d8c1dac2592948b3fa58a7da1cc3e16bef8c2df,bc_classifier_v1,breast_cancer_wisconsin,classification_breast_cancer,42,unit_14,11,2,2026-09-02T20:45:00Z,1.0.0,8e7fd68470057c99,0.047258610829209666,0.2,0.1,0.2,0.2,0.063343495761415,,,,,,NORMAL,True,True,True,True,False,False,False,True,False,1,1,1,
9d780605f07bb8fcfaf1dd39,Module_12_CrossDomain,sklearn.datasets.load_breast_cancer,71aa3180a9c8c9abf1e45ef91d8c1dac2592948b3fa58a7da1cc3e16bef8c2df,bc_classifier_v1,breast_cancer_wisconsin,classification_breast_cancer,42,unit_14,11,3,2026-09-02T20:45:00Z,1.0.0,8e7fd68470057c99,0.047258610829209666,0.2,0.1,0.2,0.2,0.063343495761415,,,,,,NORMAL,True,True,True,True,False,False,False,True,False,1,1,1,
3a350e9f1d23189545033bfd,Module_12_CrossDomain,sklearn.datasets.load_breast_cancer,71aa3180a9c8c9abf1e45ef91d8c1dac2592948b3fa58a7da1cc3e16bef8c2df,bc_classifier_v1,breast_cancer_wisconsin,classification_breast_cancer,42,unit_14,11,5,2026-09-02T20:45:00Z,1.0.0,8e7fd68470057c99,0.047258610829209666,0.2,0.1,0.2,0.2,0.063343495761415,,,,,,NORMAL,True,True,True,True,False,False,False,True,False,1,1,1,
aca4a2eb2ed87f413e139376,Module_12_CrossDomain,sklearn.datasets.load_breast_cancer,71aa3180a9c8c9abf1e45ef91d8c1dac2592948b3fa58a7da1cc3e16bef8c2df,bc_classifier_v1,breast_cancer_wisconsin,classification_breast_cancer,42,unit_14,12,1,2026-09-02T20:45:00Z,1.0.0,8e7fd68470057c99,0.06681472351562154,0.2,0.1,0.2,0.2,0.056607400819214615,,,,,,NORMAL,True,True,True,True,False,False,False,True,False,1,1,1,
2dee29d779389120baa52a7c,Module_12_CrossDomain,sklearn.datasets.load_breast_cancer,71aa3180a9c8c9abf1e45ef91d8c1dac2592948b3fa58a7da1cc3e16bef8c2df,bc_classifier_v1,breast_cancer_wisconsin,classification_breast_cancer,42,unit_14,12,2,2026-09-02T20:45:00Z,1.0.0,8e7fd68470057c99,0.06681472351562154,0.2,0.1,0.2,0.2,0.056607400819214615,,,,,,NORMAL,True,True,True,True,False,False,False,True,False,1,1,1,
ad3f7708a85cb62695c842ef,Module_12_CrossDomain,sklearn.datasets.load_breast_cancer,71aa3180a9c8c9abf1e45ef91d8c1dac2592948b3fa58a7da1cc3e16bef8c2df,bc_classifier_v1,breast_cancer_wisconsin,classification_breast_cancer,42,unit_14,12,3,2026-09-02T20:45:00Z,1.0.0,8e7fd68470057c99,0.06681472351562154,0.2,0.1,0.2,0.2,0.056607400819214615,,,,,,NORMAL,True,True,True,True,False,False,False,True,False,1,1,1,
49ffcb849b4375084f6cd424,Module_12_CrossDomain,sklearn.datasets.load_breast_cancer,71aa3180a9c8c9abf1e45ef91d8c1dac2592948b3fa58a7da1cc3e16bef8c2df,bc_classifier_v1,breast_cancer_wisconsin,classification_breast_cancer,42,unit_14,12,5,2026-09-02T20:45:00Z,1.0.0,8e7fd68470057c99,0.06681472351562154,0.2,0.1,0.2,0.2,0.056607400819214615,,,,,,NORMAL,True,True,True,True,False,False,False,True,False,1,1,1,
290d6e8bc477881d4e95806e,Module_12_CrossDomain,sklearn.datasets.load_breast_cancer,71aa3180a9c8c9abf1e45ef91d8c1dac2592948b3fa58a7da1cc3e16bef8c2df,bc_classifier_v1,breast_cancer_wisconsin,classification_breast_cancer,42,unit_14,13,1,2026-09-02T20:45:00Z,1.0.0,8e7fd68470057c99,0.1292429164406535,0.2,0.1,0.2,0.2,0.04198109764561955,,,,,,NORMAL,True,True,True,True,False,False,False,True,False,1,1,1,
0b776b08b70b329a143a86a5,Module_12_CrossDomain,sklearn.datasets.load_breast_cancer,71aa3180a9c8c9abf1e45ef91d8c1dac2592948b3fa58a7da1cc3e16bef8c2df,bc_classifier_v1,breast_cancer_wisconsin,classification_breast_cancer,42,unit_14,13,2,2026-09-02T20:45:00Z,1.0.0,8e7fd68470057c99,0.1292429164406535,0.2,0.1,0.2,0.2,0.04198109764561955,,,,,,NORMAL,True,True,True,True,False,False,False,True,False,1,1,1,
1f399f5491cb8ee452b4792c,Module_12_CrossDomain,sklearn.datasets.load_breast_cancer,71aa3180a9c8c9abf1e45ef91d8c1dac2592948b3fa58a7da1cc3e16bef8c2df,bc_classifier_v1,breast_cancer_wisconsin,classification_breast_cancer,42,unit_14,13,3,2026-09-02T20:45:00Z,1.0.0,8e7fd68470057c99,0.1292429164406535,0.2,0.1,0.2,0.2,0.04198109764561955,,,,,,NORMAL,True,True,True,True,False,False,False,True,False,1,1,1,
8b39b082008bcd8db8c5c486,Module_12_CrossDomain,sklearn.datasets.load_breast_cancer,71aa3180a9c8c9abf1e45ef91d8c1dac2592948b3fa58a7da1cc3e16bef8c2df,bc_classifier_v1,breast_cancer_wisconsin,classification_breast_cancer,42,unit_14,13,5,2026-09-02T20:45:00Z,1.0.0,8e7fd68470057c99,0.1292429164406535,0.2,0.1,0.2,0.2,0.04198109764561955,,,,,,NORMAL,True,True,True,True,False,False,False,True,False,1,1,1,
bea7508033f02a7bd9a0a915,Module_12_CrossDomain,sklearn.datasets.load_breast_cancer,71aa3180a9c8c9abf1e45ef91d8c1dac2592948b3fa58a7da1cc3e16bef8c2df,bc_classifier_v1,breast_cancer_wisconsin,classification_breast_cancer,42,unit_14,14,1,2026-09-02T20:45:00Z,1.0.0,8e7fd68470057c99,0.07986789112721907,0.2,0.1,0.2,0.2,0.05253255645564229,,,,,,NORMAL,True,True,True,True,False,False,False,True,False,1,1,1,
3f19c47c561f814515998f3f,Module_12_CrossDomain,sklearn.datasets.load_breast_cancer,71aa3180a9c8c9abf1e45ef91d8c1dac2592948b3fa58a7da1cc3e16bef8c2df,bc_classifier_v1,breast_cancer_wisconsin,classification_breast_cancer,42,unit_14,14,2,2026-09-02T20:45:00Z,1.0.0,8e7fd68470057c99,0.07986789112721907,0.2,0.1,0.2,0.2,0.05253255645564229,,,,,,NORMAL,True,True,True,True,False,False,False,True,False,1,1,1,
7d83cf12df8ba7d418994a19,Module_12_CrossDomain,sklearn.datasets.load_breast_cancer,71aa3180a9c8c9abf1e45ef91d8c1dac2592948b3fa58a7da1cc3e16bef8c2df,bc_classifier_v1,breast_cancer_wisconsin,classification_breast_cancer,42,unit_14,14,3,2026-09-02T20:45:00Z,1.0.0,8e7fd68470057c99,0.07986789112721907,0.2,0.1,0.2,0.2,0.05253255645564229,,,,,,NORMAL,True,True,True,True,False,False,False,True,False,1,1,1,
f88408bae60fcfc01174d3c1,Module_12_CrossDomain,sklearn.datasets.load_breast_cancer,71aa3180a9c8c9abf1e45ef91d8c1dac2592948b3fa58a7da1cc3e16bef8c2df,bc_classifier_v1,breast_cancer_wisconsin,classification_breast_cancer,42,unit_14,14,5,2026-09-02T20:45:00Z,1.0.0,8e7fd68470057c99,0.07986789112721907,0.2,0.1,0.2,0.2,0.05253255645564229,,,,,,NORMAL,True,True,True,True,False,False,False,True,False,1,1,1,
f719d0e0fc6e3f2a93cfb10c,Module_12_CrossDomain,sklearn.datasets.load_breast_cancer,71aa3180a9c8c9abf1e45ef91d8c1dac2592948b3fa58a7da1cc3e16bef8c2df,bc_classifier_v1,breast_cancer_wisconsin,classification_breast_cancer,42,unit_14,15,1,2026-09-02T20:45:00Z,1.0.0,8e7fd68470057c99,0.02027734333514316,0.2,0.1,0.2,0.2,0.07352696807171931,,,,,,NORMAL,True,True,True,True,False,False,False,True,False,1,1,1,
8ef7299c2e7fdd928e8b27ec,Module_12_CrossDomain,sklearn.datasets.load_breast_cancer,71aa3180a9c8c9abf1e45ef91d8c1dac2592948b3fa58a7da1cc3e16bef8c2df,bc_classifier_v1,breast_cancer_wisconsin,classification_breast_cancer,42,unit_14,15,2,2026-09-02T20:45:00Z,1.0.0,8e7fd68470057c99,0.02027734333514316,0.2,0.1,0.2,0.2,0.07352696807171931,,,,,,NORMAL,True,True,True,True,False,False,False,True,False,1,1,1,
daba5d5f2955ca8f44846101,Module_12_CrossDomain,sklearn.datasets.load_breast_cancer,71aa3180a9c8c9abf1e45ef91d8c1dac2592948b3fa58a7da1cc3e16bef8c2df,bc_classifier_v1,breast_cancer_wisconsin,classification_breast_cancer,42,unit_14,15,3,2026-09-02T20:45:00Z,1.0.0,8e7fd68470057c99,0.02027734333514316,0.2,0.1,0.2,0.2,0.07352696807171931,,,,,,NORMAL,True,True,True,True,False,False,False,True,False,1,1,1,
958e6b5faec337b8facd765a,Module_12_CrossDomain,sklearn.datasets.load_breast_cancer,71aa3180a9c8c9abf1e45ef91d8c1dac2592948b3fa58a7da1cc3e16bef8c2df,bc_classifier_v1,breast_cancer_wisconsin,classification_breast_cancer,42,unit_14,15,5,2026-09-02T20:45:00Z,1.0.0,8e7fd68470057c99,0.02027734333514316,0.2,0.1,0.2,0.2,0.07352696807171931,,,,,,NORMAL,True,True,True,True,False,False,False,True,False,1,1,1,
e27f924130cfc1f29cfa1001,Module_12_CrossDomain,sklearn.datasets.load_breast_cancer,71aa3180a9c8c9abf1e45ef91d8c1dac2592948b3fa58a7da1cc3e16bef8c2df,bc_classifier_v1,breast_cancer_wisconsin,classification_breast_cancer,42,unit_14,16,1,2026-09-02T20:45:00Z,1.0.0,8e7fd68470057c99,0.18259064494022623,0.2,0.1,0.2,0.2,0.043619949914943716,,,,,,NORMAL,True,True,True,True,False,False,False,True,False,1,1,0,
167b5decbbd18289d4b5b1d1,Module_12_CrossDomain,sklearn.datasets.load_breast_cancer,71aa3180a9c8c9abf1e45ef91d8c1dac2592948b3fa58a7da1cc3e16bef8c2df,bc_classifier_v1,breast_cancer_wisconsin,classification_breast_cancer,42,unit_14,16,2,2026-09-02T20:45:00Z,1.0.0,8e7fd68470057c99,0.18259064494022623,0.2,0.1,0.2,0.2,0.043619949914943716,,,,,,NORMAL,True,True,True,True,False,False,False,True,False,1,1,1,
12df8148324fba2d91172a79,Module_12_CrossDomain,sklearn.datasets.load_breast_cancer,71aa3180a9c8c9abf1e45ef91d8c1dac2592948b3fa58a7da1cc3e16bef8c2df,bc_classifier_v1,breast_cancer_wisconsin,classification_breast_cancer,42,unit_14,16,3,2026-09-02T20:45:00Z,1.0.0,8e7fd68470057c99,0.18259064494022623,0.2,0.1,0.2,0.2,0.043619949914943716,,,,,,NORMAL,True,True,True,True,False,False,False,True,False,1,1,1,
0298c8daf6da8121555b50d9,Module_12_CrossDomain,sklearn.datasets.load_breast_cancer,71aa3180a9c8c9abf1e45ef91d8c1dac2592948b3fa58a7da1cc3e16bef8c2df,bc_classifier_v1,breast_cancer_wisconsin,classification_breast_cancer,42,unit_14,16,5,2026-09-02T20:45:00Z,1.0.0,8e7fd68470057c99,0.18259064494022623,0.2,0.1,0.2,0.2,0.043619949914943716,,,,,,NORMAL,True,True,True,True,False,False,False,True,False,1,1,1,
844454017c9b8d2ec5e5b89a,Module_12_CrossDomain,sklearn.datasets.load_breast_cancer,71aa3180a9c8c9abf1e45ef91d8c1dac2592948b3fa58a7da1cc3e16bef8c2df,bc_classifier_v1,breast_cancer_wisconsin,classification_breast_cancer,42,unit_14,17,1,2026-09-02T20:45:00Z,1.0.0,8e7fd68470057c99,0.13435067767997427,0.2,0.1,0.2,0.2,0.0414860118033806,,,,,,NORMAL,True,True,True,True,False,False,False,True,False,1,1,1,
9c68ee576b8a276abe9836de,Module_12_CrossDomain,sklearn.datasets.load_breast_cancer,71aa3180a9c8c9abf1e45ef91d8c1dac2592948b3fa58a7da1cc3e16bef8c2df,bc_classifier_v1,breast_cancer_wisconsin,classification_breast_cancer,42,unit_14,17,2,2026-09-02T20:45:00Z,1.0.0,8e7fd68470057c99,0.13435067767997427,0.2,0.1,0.2,0.2,0.0414860118033806,,,,,,NORMAL,True,True,True,True,False,False,False,True,False,1,1,1,
839cb92cdbe0c974a1b1d851,Module_12_CrossDomain,sklearn.datasets.load_breast_cancer,71aa3180a9c8c9abf1e45ef91d8c1dac2592948b3fa58a7da1cc3e16bef8c2df,bc_classifier_v1,breast_cancer_wisconsin,classification_breast_cancer,42,unit_14,17,3,2026-09-02T20:45:00Z,1.0.0,8e7fd68470057c99,0.13435067767997427,0.2,0.1,0.2,0.2,0.0414860118033806,,,,,,NORMAL,True,True,True,True,False,False,False,True,False,1,1,1,
8c7c8e9ab8bc3dc8f9aa1369,Module_12_CrossDomain,sklearn.datasets.load_breast_cancer,71aa3180a9c8c9abf1e45ef91d8c1dac2592948b3fa58a7da1cc3e16bef8c2df,bc_classifier_v1,breast_cancer_wisconsin,classification_breast_cancer,42,unit_14,17,5,2026-09-02T20:45:00Z,1.0.0,8e7fd68470057c99,0.13435067767997427,0.2,0.1,0.2,0.2,0.0414860118033806,,,,,,NORMAL,True,True,True,True,False,False,False,True,False,1,1,1,
fd97b12cbac7b4f51eefb77e,Module_12_CrossDomain,sklearn.datasets.load_breast_cancer,71aa3180a9c8c9abf1e45ef91d8c1dac2592948b3fa58a7da1cc3e16bef8c2df,bc_classifier_v1,breast_cancer_wisconsin,classification_breast_cancer,42,unit_14,18,1,2026-09-02T20:45:00Z,1.0.0,8e7fd68470057c99,0.007531578967825632,0.2,0.1,0.2,0.2,0.07859495458983343,,,,,,NORMAL,True,True,True,True,False,False,False,True,False,1,1,1,
09d01b31c884d5fd8e6e5a79,Module_12_CrossDomain,sklearn.datasets.load_breast_cancer,71aa3180a9c8c9abf1e45ef91d8c1dac2592948b3fa58a7da1cc3e16bef8c2df,bc_classifier_v1,breast_cancer_wisconsin,classification_breast_cancer,42,unit_14,18,2,2026-09-02T20:45:00Z,1.0.0,8e7fd68470057c99,0.007531578967825632,0.2,0.1,0.2,0.2,0.07859495458983343,,,,,,NORMAL,True,True,True,True,False,False,False,True,False,1,1,1,
1e1b1d25508867d2e6d6e46b,Module_12_CrossDomain,sklearn.datasets.load_breast_cancer,71aa3180a9c8c9abf1e45ef91d8c1dac2592948b3fa58a7da1cc3e16bef8c2df,bc_classifier_v1,breast_cancer_wisconsin,classification_breast_cancer,42,unit_14,18,3,2026-09-02T20:45:00Z,1.0.0,8e7fd68470057c99,0.007531578967825632,0.2,0.1,0.2,0.2,0.07859495458983343,,,,,,NORMAL,True,True,True,True,False,False,False,True,False,1,1,1,
b19f83f556f40bb6e432f363,Module_12_CrossDomain,sklearn.datasets.load_breast_cancer,71aa3180a9c8c9abf1e45ef91d8c1dac2592948b3fa58a7da1cc3e16bef8c2df,bc_classifier_v1,breast_cancer_wisconsin,classification_breast_cancer,42,unit_14,18,5,2026-09-02T20:45:00Z,1.0.0,8e7fd68470057c99,0.007531578967825632,0.2,0.1,0.2,0.2,0.07859495458983343,,,,,,NORMAL,True,True,True,True,False,False,False,True,False,1,1,1,
eced75708a8f1555a990128e,Module_12_CrossDomain,sklearn.datasets.load_breast_cancer,71aa3180a9c8c9abf1e45ef91d8c1dac2592948b3fa58a7da1cc3e16bef8c2df,bc_classifier_v1,breast_cancer_wisconsin,classification_breast_cancer,42,unit_14,19,1,2026-09-02T20:45:00Z,1.0.0,8e7fd68470057c99,0.20529180600387426,0.2,0.1,0.2,0.2,0.04843594581430904,,,,,,NORMAL,True,True,True,True,False,False,False,True,False,1,1,0,
4cc46b364bf401871bcd91bc,Module_12_CrossDomain,sklearn.datasets.load_breast_cancer,71aa3180a9c8c9abf1e45ef91d8c1dac2592948b3fa58a7da1cc3e16bef8c2df,bc_classifier_v1,breast_cancer_wisconsin,classification_breast_cancer,42,unit_14,19,2,2026-09-02T20:45:00Z,1.0.0,8e7fd68470057c99,0.20529180600387426,0.2,0.1,0.2,0.2,0.04843594581430904,,,,,,NORMAL,True,True,True,True,False,False,False,True,False,1,1,0,
162e7e67c304545282462d84,Module_12_CrossDomain,sklearn.datasets.load_breast_cancer,71aa3180a9c8c9abf1e45ef91d8c1dac2592948b3fa58a7da1cc3e16bef8c2df,bc_classifier_v1,breast_cancer_wisconsin,classification_breast_cancer,42,unit_14,19,3,2026-09-02T20:45:00Z,1.0.0,8e7fd68470057c99,0.20529180600387426,0.2,0.1,0.2,0.2,0.04843594581430904,,,,,,NORMAL,True,True,True,True,False,False,False,True,False,1,1,0,
2f559cc916d060e6cc47ac67,Module_12_CrossDomain,sklearn.datasets.load_breast_cancer,71aa3180a9c8c9abf1e45ef91d8c1dac2592948b3fa58a7da1cc3e16bef8c2df,bc_classifier_v1,breast_cancer_wisconsin,classification_breast_cancer,42,unit_14,19,5,2026-09-02T20:45:00Z,1.0.0,8e7fd68470057c99,0.20529180600387426,0.2,0.1,0.2,0.2,0.04843594581430904,,,,,,NORMAL,True,True,True,True,False,False,False,True,False,1,1,0,
54d9b41f3d80bbc44f113630,Module_12_CrossDomain,sklearn.datasets.load_breast_cancer,71aa3180a9c8c9abf1e45ef91d8c1dac2592948b3fa58a7da1cc3e16bef8c2df,bc_classifier_v1,breast_cancer_wisconsin,classification_breast_cancer,42,unit_15,0,1,2026-09-02T20:45:00Z,1.0.0,8e7fd68470057c99,0.3066193759813879,0.2,0.1,0.2,0.2,0.08436643478540416,,,,,,NORMAL,True,True,True,True,False,False,False,True,False,1,1,1,1.0
8625406376f030514fe12d9b,Module_12_CrossDomain,sklearn.datasets.load_breast_cancer,71aa3180a9c8c9abf1e45ef91d8c1dac2592948b3fa58a7da1cc3e16bef8c2df,bc_classifier_v1,breast_cancer_wisconsin,classification_breast_cancer,42,unit_15,0,2,2026-09-02T20:45:00Z,1.0.0,8e7fd68470057c99,0.3066193759813879,0.2,0.1,0.2,0.2,0.08436643478540416,,,,,,NORMAL,True,True,True,True,False,False,False,True,False,1,1,1,1.0
e40ee3a13212d54e37f4c8dc,Module_12_CrossDomain,sklearn.datasets.load_breast_cancer,71aa3180a9c8c9abf1e45ef91d8c1dac2592948b3fa58a7da1cc3e16bef8c2df,bc_classifier_v1,breast_cancer_wisconsin,classification_breast_cancer,42,unit_15,0,3,2026-09-02T20:45:00Z,1.0.0,8e7fd68470057c99,0.3066193759813879,0.2,0.1,0.2,0.2,0.08436643478540416,,,,,,NORMAL,True,True,True,True,False,False,False,True,False,1,1,1,1.0
47923d65c6e62ed8ab920ab5,Module_12_CrossDomain,sklearn.datasets.load_breast_cancer,71aa3180a9c8c9abf1e45ef91d8c1dac2592948b3fa58a7da1cc3e16bef8c2df,bc_classifier_v1,breast_cancer_wisconsin,classification_breast_cancer,42,unit_15,0,5,2026-09-02T20:45:00Z,1.0.0,8e7fd68470057c99,0.3066193759813879,0.2,0.1,0.2,0.2,0.08436643478540416,,,,,,NORMAL,True,True,True,True,False,False,False,True,False,1,1,1,1.0
4eaae0406c9736daeded3e7e,Module_12_CrossDomain,sklearn.datasets.load_breast_cancer,71aa3180a9c8c9abf1e45ef91d8c1dac2592948b3fa58a7da1cc3e16bef8c2df,bc_classifier_v1,breast_cancer_wisconsin,classification_breast_cancer,42,unit_15,1,1,2026-09-02T20:45:00Z,1.0.0,8e7fd68470057c99,0.09462364581859024,0.2,0.1,0.2,0.2,0.048457405356376736,,,,,,NORMAL,True,True,True,True,False,False,False,True,False,1,1,0,0.0
1f4bcb45ec1da8c9cf67861a,Module_12_CrossDomain,sklearn.datasets.load_breast_cancer,71aa3180a9c8c9abf1e45ef91d8c1dac2592948b3fa58a7da1cc3e16bef8c2df,bc_classifier_v1,breast_cancer_wisconsin,classification_breast_cancer,42,unit_15,1,2,2026-09-02T20:45:00Z,1.0.0,8e7fd68470057c99,0.09462364581859024,0.2,0.1,0.2,0.2,0.048457405356376736,,,,,,NORMAL,True,True,True,True,False,False,False,True,False,1,1,1,0.0
afe55c32e44818a7df80b851,Module_12_CrossDomain,sklearn.datasets.load_breast_cancer,71aa3180a9c8c9abf1e45ef91d8c1dac2592948b3fa58a7da1cc3e16bef8c2df,bc_classifier_v1,breast_cancer_wisconsin,classification_breast_cancer,42,unit_15,1,3,2026-09-02T20:45:00Z,1.0.0,8e7fd68470057c99,0.09462364581859024,0.2,0.1,0.2,0.2,0.048457405356376736,,,,,,NORMAL,True,True,True,True,False,False,False,True,False,1,1,1,0.0
e0e74a7d9ce58606fd9abf6f,Module_12_CrossDomain,sklearn.datasets.load_breast_cancer,71aa3180a9c8c9abf1e45ef91d8c1dac2592948b3fa58a7da1cc3e16bef8c2df,bc_classifier_v1,breast_cancer_wisconsin,classification_breast_cancer,42,unit_15,1,5,2026-09-02T20:45:00Z,1.0.0,8e7fd68470057c99,0.09462364581859024,0.2,0.1,0.2,0.2,0.048457405356376736,,,,,,NORMAL,True,True,True,True,False,False,False,True,False,1,1,1,0.0
c48f5d10fb4f70c6ce19c2b2,Module_12_CrossDomain,sklearn.datasets.load_breast_cancer,71aa3180a9c8c9abf1e45ef91d8c1dac2592948b3fa58a7da1cc3e16bef8c2df,bc_classifier_v1,breast_cancer_wisconsin,classification_breast_cancer,42,unit_15,2,1,2026-09-02T20:45:00Z,1.0.0,8e7fd68470057c99,0.338401001470495,0.2,0.1,0.2,0.2,0.09774676732942283,,,,,,NORMAL,True,True,True,True,False,False,False,True,False,1,1,1,
5705fe14dc28f050490cd16c,Module_12_CrossDomain,sklearn.datasets.load_breast_cancer,71aa3180a9c8c9abf1e45ef91d8c1dac2592948b3fa58a7da1cc3e16bef8c2df,bc_classifier_v1,breast_cancer_wisconsin,classification_breast_cancer,42,unit_15,2,2,2026-09-02T20:45:00Z,1.0.0,8e7fd68470057c99,0.338401001470495,0.2,0.1,0.2,0.2,0.09774676732942283,,,,,,NORMAL,True,True,True,True,False,False,False,True,False,1,1,1,
6e723a89aaefabfdab39e99f,Module_12_CrossDomain,sklearn.datasets.load_breast_cancer,71aa3180a9c8c9abf1e45ef91d8c1dac2592948b3fa58a7da1cc3e16bef8c2df,bc_classifier_v1,breast_cancer_wisconsin,classification_breast_cancer,42,unit_15,2,3,2026-09-02T20:45:00Z,1.0.0,8e7fd68470057c99,0.338401001470495,0.2,0.1,0.2,0.2,0.09774676732942283,,,,,,NORMAL,True,True,True,True,False,False,False,True,False,1,1,1,
6ad378bad760299455b69cd8,Module_12_CrossDomain,sklearn.datasets.load_breast_cancer,71aa3180a9c8c9abf1e45ef91d8c1dac2592948b3fa58a7da1cc3e16bef8c2df,bc_classifier_v1,breast_cancer_wisconsin,classification_breast_cancer,42,unit_15,2,5,2026-09-02T20:45:00Z,1.0.0,8e7fd68470057c99,0.338401001470495,0.2,0.1,0.2,0.2,0.09774676732942283,,,,,,NORMAL,True,True,True,True,False,False,False,True,False,1,1,1,
eb6a9e1d6bd930fc77dcb39e,Module_12_CrossDomain,sklearn.datasets.load_breast_cancer,71aa3180a9c8c9abf1e45ef91d8c1dac2592948b3fa58a7da1cc3e16bef8c2df,bc_classifier_v1,breast_cancer_wisconsin,classification_breast_cancer,42,unit_15,3,1,2026-09-02T20:45:00Z,1.0.0,8e7fd68470057c99,0.20642686405705662,0.2,0.1,0.2,0.2,0.048725970687129576,,,,,,NORMAL,True,True,True,True,False,False,False,True,False,1,1,1,
9c1f8e7ed4329b19c6024056,Module_12_CrossDomain,sklearn.datasets.load_breast_cancer,71aa3180a9c8c9abf1e45ef91d8c1dac2592948b3fa58a7da1cc3e16bef8c2df,bc_classifier_v1,breast_cancer_wisconsin,classification_breast_cancer,42,unit_15,3,2,2026-09-02T20:45:00Z,1.0.0,8e7fd68470057c99,0.20642686405705662,0.2,0.1,0.2,0.2,0.048725970687129576,,,,,,NORMAL,True,True,True,True,False,False,False,True,False,1,1,1,
ceebbacdadcd268da2822e15,Module_12_CrossDomain,sklearn.datasets.load_breast_cancer,71aa3180a9c8c9abf1e45ef91d8c1dac2592948b3fa58a7da1cc3e16bef8c2df,bc_classifier_v1,breast_cancer_wisconsin,classification_breast_cancer,42,unit_15,3,3,2026-09-02T20:45:00Z,1.0.0,8e7fd68470057c99,0.20642686405705662,0.2,0.1,0.2,0.2,0.048725970687129576,,,,,,NORMAL,True,True,True,True,False,False,False,True,False,1,1,1,
4c90f0651f36e63efbdd43e5,Module_12_CrossDomain,sklearn.datasets.load_breast_cancer,71aa3180a9c8c9abf1e45ef91d8c1dac2592948b3fa58a7da1cc3e16bef8c2df,bc_classifier_v1,breast_cancer_wisconsin,classification_breast_cancer,42,unit_15,3,5,2026-09-02T20:45:00Z,1.0.0,8e7fd68470057c99,0.20642686405705662,0.2,0.1,0.2,0.2,0.048725970687129576,,,,,,NORMAL,True,True,True,True,False,False,False,True,False,1,1,1,
7360682b985b59c06764b511,Module_12_CrossDomain,sklearn.datasets.load_breast_cancer,71aa3180a9c8c9abf1e45ef91d8c1dac2592948b3fa58a7da1cc3e16bef8c2df,bc_classifier_v1,breast_cancer_wisconsin,classification_breast_cancer,42,unit_15,4,1,2026-09-02T20:45:00Z,1.0.0,8e7fd68470057c99,0.1513765484777102,0.2,0.1,0.2,0.2,0.0408299859463646,,,,,,NORMAL,True,True,True,True,False,False,False,True,False,1,1,1,
d5408888b89de27a8a06fd44,Module_12_CrossDomain,sklearn.datasets.load_breast_cancer,71aa3180a9c8c9abf1e45ef91d8c1dac2592948b3fa58a7da1cc3e16bef8c2df,bc_classifier_v1,breast_cancer_wisconsin,classification_breast_cancer,42,unit_15,4,2,2026-09-02T20:45:00Z,1.0.0,8e7fd68470057c99,0.1513765484777102,0.2,0.1,0.2,0.2,0.0408299859463646,,,,,,NORMAL,True,True,True,True,False,False,False,True,False,1,1,1,
090dbde69e5c9c6f46460e9c,Module_12_CrossDomain,sklearn.datasets.load_breast_cancer,71aa3180a9c8c9abf1e45ef91d8c1dac2592948b3fa58a7da1cc3e16bef8c2df,bc_classifier_v1,breast_cancer_wisconsin,classification_breast_cancer,42,unit_15,4,3,2026-09-02T20:45:00Z,1.0.0,8e7fd68470057c99,0.1513765484777102,0.2,0.1,0.2,0.2,0.0408299859463646,,,,,,NORMAL,True,True,True,True,False,False,False,True,False,1,1,1,
ad9327569b36c1e1beef67ff,Module_12_CrossDomain,sklearn.datasets.load_breast_cancer,71aa3180a9c8c9abf1e45ef91d8c1dac2592948b3fa58a7da1cc3e16bef8c2df,bc_classifier_v1,breast_cancer_wisconsin,classification_breast_cancer,42,unit_15,4,5,2026-09-02T20:45:00Z,1.0.0,8e7fd68470057c99,0.1513765484777102,0.2,0.1,0.2,0.2,0.0408299859463646,,,,,,NORMAL,True,True,True,True,False,False,False,True,False,1,1,1,
59e83df86b6f9f29dfb8685b,Module_12_CrossDomain,sklearn.datasets.load_breast_cancer,71aa3180a9c8c9abf1e45ef91d8c1dac2592948b3fa58a7da1cc3e16bef8c2df,bc_classifier_v1,breast_cancer_wisconsin,classification_breast_cancer,42,unit_15,5,1,2026-09-02T20:45:00Z,1.0.0,8e7fd68470057c99,0.14343114210543348,0.2,0.1,0.2,0.2,0.04094209975085143,,,,,,NORMAL,True,True,True,True,False,False,False,True,False,1,1,1,
56308fd78e390a09525362d4,Module_12_CrossDomain,sklearn.datasets.load_breast_cancer,71aa3180a9c8c9abf1e45ef91d8c1dac2592948b3fa58a7da1cc3e16bef8c2df,bc_classifier_v1,breast_cancer_wisconsin,classification_breast_cancer,42,unit_15,5,2,2026-09-02T20:45:00Z,1.0.0,8e7fd68470057c99,0.14343114210543348,0.2,0.1,0.2,0.2,0.04094209975085143,,,,,,NORMAL,True,True,True,True,False,False,False,True,False,1,1,1,
fbfb8f633f87de091ab43cc3,Module_12_CrossDomain,sklearn.datasets.load_breast_cancer,71aa3180a9c8c9abf1e45ef91d8c1dac2592948b3fa58a7da1cc3e16bef8c2df,bc_classifier_v1,breast_cancer_wisconsin,classification_breast_cancer,42,unit_15,5,3,2026-09-02T20:45:00Z,1.0.0,8e7fd68470057c99,0.14343114210543348,0.2,0.1,0.2,0.2,0.04094209975085143,,,,,,NORMAL,True,True,True,True,False,False,False,True,False,1,1,1,
6f401b71fd019e84f072cae0,Module_12_CrossDomain,sklearn.datasets.load_breast_cancer,71aa3180a9c8c9abf1e45ef91d8c1dac2592948b3fa58a7da1cc3e16bef8c2df,bc_classifier_v1,breast_cancer_wisconsin,classification_breast_cancer,42,unit_15,5,5,2026-09-02T20:45:00Z,1.0.0,8e7fd68470057c99,0.14343114210543348,0.2,0.1,0.2,0.2,0.04094209975085143,,,,,,NORMAL,True,True,True,True,False,False,False,True,False,1,1,1,
c0b0376c184061b021ea871d,Module_12_CrossDomain,sklearn.datasets.load_breast_cancer,71aa3180a9c8c9abf1e45ef91d8c1dac2592948b3fa58a7da1cc3e16bef8c2df,bc_classifier_v1,breast_cancer_wisconsin,classification_breast_cancer,42,unit_15,6,1,2026-09-02T20:45:00Z,1.0.0,8e7fd68470057c99,0.05262649785084156,0.2,0.1,0.2,0.2,0.0614303560877269,,,,,,NORMAL,True,True,True,True,False,False,False,True,False,1,1,1,
08842f391a6d18f3ae313399,Module_12_CrossDomain,sklearn.datasets.load_breast_cancer,71aa3180a9c8c9abf1e45ef91d8c1dac2592948b3fa58a7da1cc3e16bef8c2df,bc_classifier_v1,breast_cancer_wisconsin,classification_breast_cancer,42,unit_15,6,2,2026-09-02T20:45:00Z,1.0.0,8e7fd68470057c99,0.05262649785084156,0.2,0.1,0.2,0.2,0.0614303560877269,,,,,,NORMAL,True,True,True,True,False,False,False,True,False,1,1,1,
929d7ce90a0e51bb28fbc327,Module_12_CrossDomain,sklearn.datasets.load_breast_cancer,71aa3180a9c8c9abf1e45ef91d8c1dac2592948b3fa58a7da1cc3e16bef8c2df,bc_classifier_v1,breast_cancer_wisconsin,classification_breast_cancer,42,unit_15,6,3,2026-09-02T20:45:00Z,1.0.0,8e7fd68470057c99,0.05262649785084156,0.2,0.1,0.2,0.2,0.0614303560877269,,,,,,NORMAL,True,True,True,True,False,False,False,True,False,1,1,1,
51b8e2900316182d38956709,Module_12_CrossDomain,sklearn.datasets.load_breast_cancer,71aa3180a9c8c9abf1e45ef91d8c1dac2592948b3fa58a7da1cc3e16bef8c2df,bc_classifier_v1,breast_cancer_wisconsin,classification_breast_cancer,42,unit_15,6,5,2026-09-02T20:45:00Z,1.0.0,8e7fd68470057c99,0.05262649785084156,0.2,0.1,0.2,0.2,0.0614303560877269,,,,,,NORMAL,True,True,True,True,False,False,False,True,False,1,1,1,
75d0b6b48f80424c963df034,Module_12_CrossDomain,sklearn.datasets.load_breast_cancer,71aa3180a9c8c9abf1e45ef91d8c1dac2592948b3fa58a7da1cc3e16bef8c2df,bc_classifier_v1,breast_cancer_wisconsin,classification_breast_cancer,42,unit_15,7,1,2026-09-02T20:45:00Z,1.0.0,8e7fd68470057c99,0.2909886890191454,0.2,0.1,0.2,0.2,0.07799972995870247,,,,,,NORMAL,True,True,True,True,False,False,False,True,False,1,1,1,
b1309a0770dadb8009d70f2e,Module_12_CrossDomain,sklearn.datasets.load_breast_cancer,71aa3180a9c8c9abf1e45ef91d8c1dac2592948b3fa58a7da1cc3e16bef8c2df,bc_classifier_v1,breast_cancer_wisconsin,classification_breast_cancer,42,unit_15,7,2,2026-09-02T20:45:00Z,1.0.0,8e7fd68470057c99,0.2909886890191454,0.2,0.1,0.2,0.2,0.07799972995870247,,,,,,NORMAL,True,True,True,True,False,False,False,True,False,1,1,1,
9a7392f12b0230bc43df847c,Module_12_CrossDomain,sklearn.datasets.load_breast_cancer,71aa3180a9c8c9abf1e45ef91d8c1dac2592948b3fa58a7da1cc3e16bef8c2df,bc_classifier_v1,breast_cancer_wisconsin,classification_breast_cancer,42,unit_15,7,3,2026-09-02T20:45:00Z,1.0.0,8e7fd68470057c99,0.2909886890191454,0.2,0.1,0.2,0.2,0.07799972995870247,,,,,,NORMAL,True,True,True,True,False,False,False,True,False,1,1,1,
f93510d5a218117b9493ddea,Module_12_CrossDomain,sklearn.datasets.load_breast_cancer,71aa3180a9c8c9abf1e45ef91d8c1dac2592948b3fa58a7da1cc3e16bef8c2df,bc_classifier_v1,breast_cancer_wisconsin,classification_breast_cancer,42,unit_15,7,5,2026-09-02T20:45:00Z,1.0.0,8e7fd68470057c99,0.2909886890191454,0.2,0.1,0.2,0.2,0.07799972995870247,,,,,,NORMAL,True,True,True,True,False,False,False,True,False,1,1,1,
461099b929c0fd0322659268,Module_12_CrossDomain,sklearn.datasets.load_breast_cancer,71aa3180a9c8c9abf1e45ef91d8c1dac2592948b3fa58a7da1cc3e16bef8c2df,bc_classifier_v1,breast_cancer_wisconsin,classification_breast_cancer,42,unit_15,8,1,2026-09-02T20:45:00Z,1.0.0,8e7fd68470057c99,0.03560062705310553,0.2,0.1,0.2,0.2,0.0676382806316769,,,,,,NORMAL,True,True,True,True,False,False,False,True,False,1,1,1,
8b65ae23ea47fce41d69c451,Module_12_CrossDomain,sklearn.datasets.load_breast_cancer,71aa3180a9c8c9abf1e45ef91d8c1dac2592948b3fa58a7da1cc3e16bef8c2df,bc_classifier_v1,breast_cancer_wisconsin,classification_breast_cancer,42,unit_15,8,2,2026-09-02T20:45:00Z,1.0.0,8e7fd68470057c99,0.03560062705310553,0.2,0.1,0.2,0.2,0.0676382806316769,,,,,,NORMAL,True,True,True,True,False,False,False,True,False,1,1,1,
f387ffdceff5725eb4fe7dd7,Module_12_CrossDomain,sklearn.datasets.load_breast_cancer,71aa3180a9c8c9abf1e45ef91d8c1dac2592948b3fa58a7da1cc3e16bef8c2df,bc_classifier_v1,breast_cancer_wisconsin,classification_breast_cancer,42,unit_15,8,3,2026-09-02T20:45:00Z,1.0.0,8e7fd68470057c99,0.03560062705310553,0.2,0.1,0.2,0.2,0.0676382806316769,,,,,,NORMAL,True,True,True,True,False,False,False,True,False,1,1,1,
69185b1e6d0a852fefb26fca,Module_12_CrossDomain,sklearn.datasets.load_breast_cancer,71aa3180a9c8c9abf1e45ef91d8c1dac2592948b3fa58a7da1cc3e16bef8c2df,bc_classifier_v1,breast_cancer_wisconsin,classification_breast_cancer,42,unit_15,8,5,2026-09-02T20:45:00Z,1.0.0,8e7fd68470057c99,0.03560062705310553,0.2,0.1,0.2,0.2,0.0676382806316769,,,,,,NORMAL,True,True,True,True,False,False,False,True,False,1,1,1,
db8c56cc9583a099541e6372,Module_12_CrossDomain,sklearn.datasets.load_breast_cancer,71aa3180a9c8c9abf1e45ef91d8c1dac2592948b3fa58a7da1cc3e16bef8c2df,bc_classifier_v1,breast_cancer_wisconsin,classification_breast_cancer,42,unit_15,9,1,2026-09-02T20:45:00Z,1.0.0,8e7fd68470057c99,0.061139433249709475,0.2,0.1,0.2,0.2,0.058492545248058636,,,,,,NORMAL,True,True,True,True,False,False,False,True,False,1,1,1,
7a6952c24813b3b1fc70475e,Module_12_CrossDomain,sklearn.datasets.load_breast_cancer,71aa3180a9c8c9abf1e45ef91d8c1dac2592948b3fa58a7da1cc3e16bef8c2df,bc_classifier_v1,breast_cancer_wisconsin,classification_breast_cancer,42,unit_15,9,2,2026-09-02T20:45:00Z,1.0.0,8e7fd68470057c99,0.061139433249709475,0.2,0.1,0.2,0.2,0.058492545248058636,,,,,,NORMAL,True,True,True,True,False,False,False,True,False,1,1,1,
50e09fb50a77daa8789e7d9e,Module_12_CrossDomain,sklearn.datasets.load_breast_cancer,71aa3180a9c8c9abf1e45ef91d8c1dac2592948b3fa58a7da1cc3e16bef8c2df,bc_classifier_v1,breast_cancer_wisconsin,classification_breast_cancer,42,unit_15,9,3,2026-09-02T20:45:00Z,1.0.0,8e7fd68470057c99,0.061139433249709475,0.2,0.1,0.2,0.2,0.058492545248058636,,,,,,NORMAL,True,True,True,True,False,False,False,True,False,1,1,1,
aab75baaa2e029b32a86818f,Module_12_CrossDomain,sklearn.datasets.load_breast_cancer,71aa3180a9c8c9abf1e45ef91d8c1dac2592948b3fa58a7da1cc3e16bef8c2df,bc_classifier_v1,breast_cancer_wisconsin,classification_breast_cancer,42,unit_15,9,5,2026-09-02T20:45:00Z,1.0.0,8e7fd68470057c99,0.061139433249709475,0.2,0.1,0.2,0.2,0.058492545248058636,,,,,,NORMAL,True,True,True,True,False,False,False,True,False,1,1,1,
93ed3610d31661bdbf6f5168,Module_12_CrossDomain,sklearn.datasets.load_breast_cancer,71aa3180a9c8c9abf1e45ef91d8c1dac2592948b3fa58a7da1cc3e16bef8c2df,bc_classifier_v1,breast_cancer_wisconsin,classification_breast_cancer,42,unit_15,10,1,2026-09-02T20:45:00Z,1.0.0,8e7fd68470057c99,0.1377558518395215,0.2,0.1,0.2,0.2,0.04123083841596603,,,,,,NORMAL,True,True,True,True,False,False,False,True,False,1,1,1,
a83fa2f1421a75b354fd0bfa,Module_12_CrossDomain,sklearn.datasets.load_breast_cancer,71aa3180a9c8c9abf1e45ef91d8c1dac2592948b3fa58a7da1cc3e16bef8c2df,bc_classifier_v1,breast_cancer_wisconsin,classification_breast_cancer,42,unit_15,10,2,2026-09-02T20:45:00Z,1.0.0,8e7fd68470057c99,0.1377558518395215,0.2,0.1,0.2,0.2,0.04123083841596603,,,,,,NORMAL,True,True,True,True,False,False,False,True,False,1,1,1,
d745e3aa0beef984d190ddd8,Module_12_CrossDomain,sklearn.datasets.load_breast_cancer,71aa3180a9c8c9abf1e45ef91d8c1dac2592948b3fa58a7da1cc3e16bef8c2df,bc_classifier_v1,breast_cancer_wisconsin,classification_breast_cancer,42,unit_15,10,3,2026-09-02T20:45:00Z,1.0.0,8e7fd68470057c99,0.1377558518395215,0.2,0.1,0.2,0.2,0.04123083841596603,,,,,,NORMAL,True,True,True,True,False,False,False,True,False,1,1,1,
c15981a49d7cfe98f230e689,Module_12_CrossDomain,sklearn.datasets.load_breast_cancer,71aa3180a9c8c9abf1e45ef91d8c1dac2592948b3fa58a7da1cc3e16bef8c2df,bc_classifier_v1,breast_cancer_wisconsin,classification_breast_cancer,42,unit_15,10,5,2026-09-02T20:45:00Z,1.0.0,8e7fd68470057c99,0.1377558518395215,0.2,0.1,0.2,0.2,0.04123083841596603,,,,,,NORMAL,True,True,True,True,False,False,False,True,False,1,1,1,
1daadc6a29c830cd7046a994,Module_12_CrossDomain,sklearn.datasets.load_breast_cancer,71aa3180a9c8c9abf1e45ef91d8c1dac2592948b3fa58a7da1cc3e16bef8c2df,bc_classifier_v1,breast_cancer_wisconsin,classification_breast_cancer,42,unit_15,11,1,2026-09-02T20:45:00Z,1.0.0,8e7fd68470057c99,0.027395094898517602,0.2,0.1,0.2,0.2,0.07076088491837768,,,,,,NORMAL,True,True,True,True,False,False,False,True,False,1,1,1,
d20fc4daf671d95082c02cc0,Module_12_CrossDomain,sklearn.datasets.load_breast_cancer,71aa3180a9c8c9abf1e45ef91d8c1dac2592948b3fa58a7da1cc3e16bef8c2df,bc_classifier_v1,breast_cancer_wisconsin,classification_breast_cancer,42,unit_15,11,2,2026-09-02T20:45:00Z,1.0.0,8e7fd68470057c99,0.027395094898517602,0.2,0.1,0.2,0.2,0.07076088491837768,,,,,,NORMAL,True,True,True,True,False,False,False,True,False,1,1,1,
7696065095098834e9eaa8f3,Module_12_CrossDomain,sklearn.datasets.load_breast_cancer,71aa3180a9c8c9abf1e45ef91d8c1dac2592948b3fa58a7da1cc3e16bef8c2df,bc_classifier_v1,breast_cancer_wisconsin,classification_breast_cancer,42,unit_15,11,3,2026-09-02T20:45:00Z,1.0.0,8e7fd68470057c99,0.027395094898517602,0.2,0.1,0.2,0.2,0.07076088491837768,,,,,,NORMAL,True,True,True,True,False,False,False,True,False,1,1,1,
3d079ec02d17552273556e71,Module_12_CrossDomain,sklearn.datasets.load_breast_cancer,71aa3180a9c8c9abf1e45ef91d8c1dac2592948b3fa58a7da1cc3e16bef8c2df,bc_classifier_v1,breast_cancer_wisconsin,classification_breast_cancer,42,unit_15,11,5,2026-09-02T20:45:00Z,1.0.0,8e7fd68470057c99,0.027395094898517602,0.2,0.1,0.2,0.2,0.07076088491837768,,,,,,NORMAL,True,True,True,True,False,False,False,True,False,1,1,1,
315a9e69c1161ab62572be05,Module_12_CrossDomain,sklearn.datasets.load_breast_cancer,71aa3180a9c8c9abf1e45ef91d8c1dac2592948b3fa58a7da1cc3e16bef8c2df,bc_classifier_v1,breast_cancer_wisconsin,classification_breast_cancer,42,unit_15,12,1,2026-09-02T20:45:00Z,1.0.0,8e7fd68470057c99,0.07759777502085431,0.2,0.1,0.2,0.2,0.0532125344087918,,,,,,NORMAL,True,True,True,True,False,False,False,True,False,1,1,1,
95dd8433f1eff1d8b52a4dce,Module_12_CrossDomain,sklearn.datasets.load_breast_cancer,71aa3180a9c8c9abf1e45ef91d8c1dac2592948b3fa58a7da1cc3e16bef8c2df,bc_classifier_v1,breast_cancer_wisconsin,classification_breast_cancer,42,unit_15,12,2,2026-09-02T20:45:00Z,1.0.0,8e7fd68470057c99,0.07759777502085431,0.2,0.1,0.2,0.2,0.0532125344087918,,,,,,NORMAL,True,True,True,True,False,False,False,True,False,1,1,1,
e79d7562804a592facbfeeca,Module_12_CrossDomain,sklearn.datasets.load_breast_cancer,71aa3180a9c8c9abf1e45ef91d8c1dac2592948b3fa58a7da1cc3e16bef8c2df,bc_classifier_v1,breast_cancer_wisconsin,classification_breast_cancer,42,unit_15,12,3,2026-09-02T20:45:00Z,1.0.0,8e7fd68470057c99,0.07759777502085431,0.2,0.1,0.2,0.2,0.0532125344087918,,,,,,NORMAL,True,True,True,True,False,False,False,True,False,1,1,1,
3af174fecaa80cc9909f0125,Module_12_CrossDomain,sklearn.datasets.load_breast_cancer,71aa3180a9c8c9abf1e45ef91d8c1dac2592948b3fa58a7da1cc3e16bef8c2df,bc_classifier_v1,breast_cancer_wisconsin,classification_breast_cancer,42,unit_15,12,5,2026-09-02T20:45:00Z,1.0.0,8e7fd68470057c99,0.07759777502085431,0.2,0.1,0.2,0.2,0.0532125344087918,,,,,,NORMAL,True,True,True,True,False,False,False,True,False,1,1,1,
7b2ddc8062ce0af913c2f270,Module_12_CrossDomain,sklearn.datasets.load_breast_cancer,71aa3180a9c8c9abf1e45ef91d8c1dac2592948b3fa58a7da1cc3e16bef8c2df,bc_classifier_v1,breast_cancer_wisconsin,classification_breast_cancer,42,unit_15,13,1,2026-09-02T20:45:00Z,1.0.0,8e7fd68470057c99,0.1468363162649807,0.2,0.1,0.2,0.2,0.04085206072532456,,,,,,NORMAL,True,True,True,True,False,False,False,True,False,1,1,1,
fce207de72196b368ba4afdc,Module_12_CrossDomain,sklearn.datasets.load_breast_cancer,71aa3180a9c8c9abf1e45ef91d8c1dac2592948b3fa58a7da1cc3e16bef8c2df,bc_classifier_v1,breast_cancer_wisconsin,classification_breast_cancer,42,unit_15,13,2,2026-09-02T20:45:00Z,1.0.0,8e7fd68470057c99,0.1468363162649807,0.2,0.1,0.2,0.2,0.04085206072532456,,,,,,NORMAL,True,True,True,True,False,False,False,True,False,1,1,1,
825a50c6d2460a15843e4dde,Module_12_CrossDomain,sklearn.datasets.load_breast_cancer,71aa3180a9c8c9abf1e45ef91d8c1dac2592948b3fa58a7da1cc3e16bef8c2df,bc_classifier_v1,breast_cancer_wisconsin,classification_breast_cancer,42,unit_15,13,3,2026-09-02T20:45:00Z,1.0.0,8e7fd68470057c99,0.1468363162649807,0.2,0.1,0.2,0.2,0.04085206072532456,,,,,,NORMAL,True,True,True,True,False,False,False,True,False,1,1,1,
38320d310a2494af125bc61f,Module_12_CrossDomain,sklearn.datasets.load_breast_cancer,71aa3180a9c8c9abf1e45ef91d8c1dac2592948b3fa58a7da1cc3e16bef8c2df,bc_classifier_v1,breast_cancer_wisconsin,classification_breast_cancer,42,unit_15,13,5,2026-09-02T20:45:00Z,1.0.0,8e7fd68470057c99,0.1468363162649807,0.2,0.1,0.2,0.2,0.04085206072532456,,,,,,NORMAL,True,True,True,True,False,False,False,True,False,1,1,1,
76dd8a0f11bdd8bae981fcc2,Module_12_CrossDomain,sklearn.datasets.load_breast_cancer,71aa3180a9c8c9abf1e45ef91d8c1dac2592948b3fa58a7da1cc3e16bef8c2df,bc_classifier_v1,breast_cancer_wisconsin,classification_breast_cancer,42,unit_15,14,1,2026-09-02T20:45:00Z,1.0.0,8e7fd68470057c99,0.31386010879077075,0.2,0.1,0.2,0.2,0.0873691214877344,,,,,,NORMAL,True,True,True,True,False,False,False,True,False,1,1,1,
d7d075041dcd57462afd9b90,Module_12_CrossDomain,sklearn.datasets.load_breast_cancer,71aa3180a9c8c9abf1e45ef91d8c1dac2592948b3fa58a7da1cc3e16bef8c2df,bc_classifier_v1,breast_cancer_wisconsin,classification_breast_cancer,42,unit_15,14,2,2026-09-02T20:45:00Z,1.0.0,8e7fd68470057c99,0.31386010879077075,0.2,0.1,0.2,0.2,0.0873691214877344,,,,,,NORMAL,True,True,True,True,False,False,False,True,False,1,1,1,
ee5665e0fcabab3f668071dd,Module_12_CrossDomain,sklearn.datasets.load_breast_cancer,71aa3180a9c8c9abf1e45ef91d8c1dac2592948b3fa58a7da1cc3e16bef8c2df,bc_classifier_v1,breast_cancer_wisconsin,classification_breast_cancer,42,unit_15,14,3,2026-09-02T20:45:00Z,1.0.0,8e7fd68470057c99,0.31386010879077075,0.2,0.1,0.2,0.2,0.0873691214877344,,,,,,NORMAL,True,True,True,True,False,False,False,True,False,1,1,1,
b8c8105d8d63b1da69edc534,Module_12_CrossDomain,sklearn.datasets.load_breast_cancer,71aa3180a9c8c9abf1e45ef91d8c1dac2592948b3fa58a7da1cc3e16bef8c2df,bc_classifier_v1,breast_cancer_wisconsin,classification_breast_cancer,42,unit_15,14,5,2026-09-02T20:45:00Z,1.0.0,8e7fd68470057c99,0.31386010879077075,0.2,0.1,0.2,0.2,0.0873691214877344,,,,,,NORMAL,True,True,True,True,False,False,False,True,False,1,1,1,
82a2405db230e8fae79d76f5,Module_12_CrossDomain,sklearn.datasets.load_breast_cancer,71aa3180a9c8c9abf1e45ef91d8c1dac2592948b3fa58a7da1cc3e16bef8c2df,bc_classifier_v1,breast_cancer_wisconsin,classification_breast_cancer,42,unit_15,15,1,2026-09-02T20:45:00Z,1.0.0,8e7fd68470057c99,0.09292105873881668,0.2,0.1,0.2,0.2,0.04889445670806915,,,,,,NORMAL,True,True,True,True,False,False,False,True,False,1,1,1,
b9bc2e5477d9f6c44ffe249d,Module_12_CrossDomain,sklearn.datasets.load_breast_cancer,71aa3180a9c8c9abf1e45ef91d8c1dac2592948b3fa58a7da1cc3e16bef8c2df,bc_classifier_v1,breast_cancer_wisconsin,classification_breast_cancer,42,unit_15,15,2,2026-09-02T20:45:00Z,1.0.0,8e7fd68470057c99,0.09292105873881668,0.2,0.1,0.2,0.2,0.04889445670806915,,,,,,NORMAL,True,True,True,True,False,False,False,True,False,1,1,1,
6226258d1c877565152ab96e,Module_12_CrossDomain,sklearn.datasets.load_breast_cancer,71aa3180a9c8c9abf1e45ef91d8c1dac2592948b3fa58a7da1cc3e16bef8c2df,bc_classifier_v1,breast_cancer_wisconsin,classification_breast_cancer,42,unit_15,15,3,2026-09-02T20:45:00Z,1.0.0,8e7fd68470057c99,0.09292105873881668,0.2,0.1,0.2,0.2,0.04889445670806915,,,,,,NORMAL,True,True,True,True,False,False,False,True,False,1,1,1,
9e95c598240f4e79fa0ccc93,Module_12_CrossDomain,sklearn.datasets.load_breast_cancer,71aa3180a9c8c9abf1e45ef91d8c1dac2592948b3fa58a7da1cc3e16bef8c2df,bc_classifier_v1,breast_cancer_wisconsin,classification_breast_cancer,42,unit_15,15,5,2026-09-02T20:45:00Z,1.0.0,8e7fd68470057c99,0.09292105873881668,0.2,0.1,0.2,0.2,0.04889445670806915,,,,,,NORMAL,True,True,True,True,False,False,False,True,False,1,1,1,
23b38c70e0799166ce23d2a9,Module_12_CrossDomain,sklearn.datasets.load_breast_cancer,71aa3180a9c8c9abf1e45ef91d8c1dac2592948b3fa58a7da1cc3e16bef8c2df,bc_classifier_v1,breast_cancer_wisconsin,classification_breast_cancer,42,unit_15,16,1,2026-09-02T20:45:00Z,1.0.0,8e7fd68470057c99,0.1105144585631439,0.2,0.1,0.2,0.2,0.04486797418243807,,,,,,NORMAL,True,True,True,True,False,False,False,True,False,1,1,0,
a1753b8dcf8330fbcf44cd15,Module_12_CrossDomain,sklearn.datasets.load_breast_cancer,71aa3180a9c8c9abf1e45ef91d8c1dac2592948b3fa58a7da1cc3e16bef8c2df,bc_classifier_v1,breast_cancer_wisconsin,classification_breast_cancer,42,unit_15,16,2,2026-09-02T20:45:00Z,1.0.0,8e7fd68470057c99,0.1105144585631439,0.2,0.1,0.2,0.2,0.04486797418243807,,,,,,NORMAL,True,True,True,True,False,False,False,True,False,1,1,1,
4b2b597f453febc58ece7260,Module_12_CrossDomain,sklearn.datasets.load_breast_cancer,71aa3180a9c8c9abf1e45ef91d8c1dac2592948b3fa58a7da1cc3e16bef8c2df,bc_classifier_v1,breast_cancer_wisconsin,classification_breast_cancer,42,unit_15,16,3,2026-09-02T20:45:00Z,1.0.0,8e7fd68470057c99,0.1105144585631439,0.2,0.1,0.2,0.2,0.04486797418243807,,,,,,NORMAL,True,True,True,True,False,False,False,True,False,1,1,1,
20dd155460e77048e3c0e11b,Module_12_CrossDomain,sklearn.datasets.load_breast_cancer,71aa3180a9c8c9abf1e45ef91d8c1dac2592948b3fa58a7da1cc3e16bef8c2df,bc_classifier_v1,breast_cancer_wisconsin,classification_breast_cancer,42,unit_15,16,5,2026-09-02T20:45:00Z,1.0.0,8e7fd68470057c99,0.1105144585631439,0.2,0.1,0.2,0.2,0.04486797418243807,,,,,,NORMAL,True,True,True,True,False,False,False,True,False,1,1,1,
60fc8f4a3af6dbe44a269b31,Module_12_CrossDomain,sklearn.datasets.load_breast_cancer,71aa3180a9c8c9abf1e45ef91d8c1dac2592948b3fa58a7da1cc3e16bef8c2df,bc_classifier_v1,breast_cancer_wisconsin,classification_breast_cancer,42,unit_15,17,1,2026-09-02T20:45:00Z,1.0.0,8e7fd68470057c99,0.23227307349794063,0.2,0.1,0.2,0.2,0.056310367355690255,,,,,,NORMAL,True,True,True,True,False,False,False,True,False,1,1,1,
ac7e954b9de86ced1b0e9682,Module_12_CrossDomain,sklearn.datasets.load_breast_cancer,71aa3180a9c8c9abf1e45ef91d8c1dac2592948b3fa58a7da1cc3e16bef8c2df,bc_classifier_v1,breast_cancer_wisconsin,classification_breast_cancer,42,unit_15,17,2,2026-09-02T20:45:00Z,1.0.0,8e7fd68470057c99,0.23227307349794063,0.2,0.1,0.2,0.2,0.056310367355690255,,,,,,NORMAL,True,True,True,True,False,False,False,True,False,1,1,1,
90d81d41ac17286c87d29ccf,Module_12_CrossDomain,sklearn.datasets.load_breast_cancer,71aa3180a9c8c9abf1e45ef91d8c1dac2592948b3fa58a7da1cc3e16bef8c2df,bc_classifier_v1,breast_cancer_wisconsin,classification_breast_cancer,42,unit_15,17,3,2026-09-02T20:45:00Z,1.0.0,8e7fd68470057c99,0.23227307349794063,0.2,0.1,0.2,0.2,0.056310367355690255,,,,,,NORMAL,True,True,True,True,False,False,False,True,False,1,1,1,
d2427cbd61d92abbe0fc542b,Module_12_CrossDomain,sklearn.datasets.load_breast_cancer,71aa3180a9c8c9abf1e45ef91d8c1dac2592948b3fa58a7da1cc3e16bef8c2df,bc_classifier_v1,breast_cancer_wisconsin,classification_breast_cancer,42,unit_15,17,5,2026-09-02T20:45:00Z,1.0.0,8e7fd68470057c99,0.23227307349794063,0.2,0.1,0.2,0.2,0.056310367355690255,,,,,,NORMAL,True,True,True,True,False,False,False,True,False,1,1,1,
ced6edda43369524224236e6,Module_12_CrossDomain,sklearn.datasets.load_breast_cancer,71aa3180a9c8c9abf1e45ef91d8c1dac2592948b3fa58a7da1cc3e16bef8c2df,bc_classifier_v1,breast_cancer_wisconsin,classification_breast_cancer,42,unit_15,18,1,2026-09-02T20:45:00Z,1.0.0,8e7fd68470057c99,0.28860506710746237,0.2,0.1,0.2,0.2,0.07704452482942595,,,,,,NORMAL,True,True,True,True,False,False,False,True,False,1,1,1,
1039ac9127a37723a73425c1,Module_12_CrossDomain,sklearn.datasets.load_breast_cancer,71aa3180a9c8c9abf1e45ef91d8c1dac2592948b3fa58a7da1cc3e16bef8c2df,bc_classifier_v1,breast_cancer_wisconsin,classification_breast_cancer,42,unit_15,18,2,2026-09-02T20:45:00Z,1.0.0,8e7fd68470057c99,0.28860506710746237,0.2,0.1,0.2,0.2,0.07704452482942595,,,,,,NORMAL,True,True,True,True,False,False,False,True,False,1,1,1,
2510364c0200a48f83f2a4d6,Module_12_CrossDomain,sklearn.datasets.load_breast_cancer,71aa3180a9c8c9abf1e45ef91d8c1dac2592948b3fa58a7da1cc3e16bef8c2df,bc_classifier_v1,breast_cancer_wisconsin,classification_breast_cancer,42,unit_15,18,3,2026-09-02T20:45:00Z,1.0.0,8e7fd68470057c99,0.28860506710746237,0.2,0.1,0.2,0.2,0.07704452482942595,,,,,,NORMAL,True,True,True,True,False,False,False,True,False,1,1,1,
552e9674f4378ce1f0a6b008,Module_12_CrossDomain,sklearn.datasets.load_breast_cancer,71aa3180a9c8c9abf1e45ef91d8c1dac2592948b3fa58a7da1cc3e16bef8c2df,bc_classifier_v1,breast_cancer_wisconsin,classification_breast_cancer,42,unit_15,18,5,2026-09-02T20:45:00Z,1.0.0,8e7fd68470057c99,0.28860506710746237,0.2,0.1,0.2,0.2,0.07704452482942595,,,,,,NORMAL,True,True,True,True,False,False,False,True,False,1,1,1,
ce246e39a7494dada8ae0cd8,Module_12_CrossDomain,sklearn.datasets.load_breast_cancer,71aa3180a9c8c9abf1e45ef91d8c1dac2592948b3fa58a7da1cc3e16bef8c2df,bc_classifier_v1,breast_cancer_wisconsin,classification_breast_cancer,42,unit_15,19,1,2026-09-02T20:45:00Z,1.0.0,8e7fd68470057c99,0.09632623289836391,0.2,0.1,0.2,0.2,0.04802979000319761,,,,,,NORMAL,True,True,True,True,False,False,False,True,False,1,1,0,
b65b9e8f03029b5b0b5e6d02,Module_12_CrossDomain,sklearn.datasets.load_breast_cancer,71aa3180a9c8c9abf1e45ef91d8c1dac2592948b3fa58a7da1cc3e16bef8c2df,bc_classifier_v1,breast_cancer_wisconsin,classification_breast_cancer,42,unit_15,19,2,2026-09-02T20:45:00Z,1.0.0,8e7fd68470057c99,0.09632623289836391,0.2,0.1,0.2,0.2,0.04802979000319761,,,,,,NORMAL,True,True,True,True,False,False,False,True,False,1,1,0,
efeaac5a1f747f8cda9a216c,Module_12_CrossDomain,sklearn.datasets.load_breast_cancer,71aa3180a9c8c9abf1e45ef91d8c1dac2592948b3fa58a7da1cc3e16bef8c2df,bc_classifier_v1,breast_cancer_wisconsin,classification_breast_cancer,42,unit_15,19,3,2026-09-02T20:45:00Z,1.0.0,8e7fd68470057c99,0.09632623289836391,0.2,0.1,0.2,0.2,0.04802979000319761,,,,,,NORMAL,True,True,True,True,False,False,False,True,False,1,1,0,
ef192689a3c7b13b798562e7,Module_12_CrossDomain,sklearn.datasets.load_breast_cancer,71aa3180a9c8c9abf1e45ef91d8c1dac2592948b3fa58a7da1cc3e16bef8c2df,bc_classifier_v1,breast_cancer_wisconsin,classification_breast_cancer,42,unit_15,19,5,2026-09-02T20:45:00Z,1.0.0,8e7fd68470057c99,0.09632623289836391,0.2,0.1,0.2,0.2,0.04802979000319761,,,,,,NORMAL,True,True,True,True,False,False,False,True,False,1,1,0,
16cb16393c04d827e9152166,Module_12_CrossDomain,sklearn.datasets.load_breast_cancer,71aa3180a9c8c9abf1e45ef91d8c1dac2592948b3fa58a7da1cc3e16bef8c2df,bc_classifier_v1,breast_cancer_wisconsin,classification_breast_cancer,42,unit_16,0,1,2026-09-02T20:45:00Z,1.0.0,8e7fd68470057c99,0.2200475606952454,0.2,0.1,0.2,0.2,0.05250748255535498,,,,,,NORMAL,True,True,True,True,False,False,False,True,False,1,0,0,0.0
3258814e3a307e89f5b1648a,Module_12_CrossDomain,sklearn.datasets.load_breast_cancer,71aa3180a9c8c9abf1e45ef91d8c1dac2592948b3fa58a7da1cc3e16bef8c2df,bc_classifier_v1,breast_cancer_wisconsin,classification_breast_cancer,42,unit_16,0,2,2026-09-02T20:45:00Z,1.0.0,8e7fd68470057c99,0.2200475606952454,0.2,0.1,0.2,0.2,0.05250748255535498,,,,,,NORMAL,True,True,True,True,False,False,False,True,False,1,0,1,0.0
13f0b98ff09ca98a503ecd52,Module_12_CrossDomain,sklearn.datasets.load_breast_cancer,71aa3180a9c8c9abf1e45ef91d8c1dac2592948b3fa58a7da1cc3e16bef8c2df,bc_classifier_v1,breast_cancer_wisconsin,classification_breast_cancer,42,unit_16,0,3,2026-09-02T20:45:00Z,1.0.0,8e7fd68470057c99,0.2200475606952454,0.2,0.1,0.2,0.2,0.05250748255535498,,,,,,NORMAL,True,True,True,True,False,False,False,True,False,1,0,1,0.0
6f04c5d86428f188b1d6a371,Module_12_CrossDomain,sklearn.datasets.load_breast_cancer,71aa3180a9c8c9abf1e45ef91d8c1dac2592948b3fa58a7da1cc3e16bef8c2df,bc_classifier_v1,breast_cancer_wisconsin,classification_breast_cancer,42,unit_16,0,5,2026-09-02T20:45:00Z,1.0.0,8e7fd68470057c99,0.2200475606952454,0.2,0.1,0.2,0.2,0.05250748255535498,,,,,,NORMAL,True,True,True,True,False,False,False,True,False,1,0,1,0.0
7fe21a04be42d88be2b0f141,Module_12_CrossDomain,sklearn.datasets.load_breast_cancer,71aa3180a9c8c9abf1e45ef91d8c1dac2592948b3fa58a7da1cc3e16bef8c2df,bc_classifier_v1,breast_cancer_wisconsin,classification_breast_cancer,42,unit_16,1,1,2026-09-02T20:45:00Z,1.0.0,8e7fd68470057c99,0.3423737046566334,0.2,0.1,0.2,0.2,0.09945143118719657,,,,,,NORMAL,True,True,True,True,False,False,False,True,False,1,0,1,
fcf7beb2fe92b5b22ff34480,Module_12_CrossDomain,sklearn.datasets.load_breast_cancer,71aa3180a9c8c9abf1e45ef91d8c1dac2592948b3fa58a7da1cc3e16bef8c2df,bc_classifier_v1,breast_cancer_wisconsin,classification_breast_cancer,42,unit_16,1,2,2026-09-02T20:45:00Z,1.0.0,8e7fd68470057c99,0.3423737046566334,0.2,0.1,0.2,0.2,0.09945143118719657,,,,,,NORMAL,True,True,True,True,False,False,False,True,False,1,0,1,
11105b06934efbd089e8d706,Module_12_CrossDomain,sklearn.datasets.load_breast_cancer,71aa3180a9c8c9abf1e45ef91d8c1dac2592948b3fa58a7da1cc3e16bef8c2df,bc_classifier_v1,breast_cancer_wisconsin,classification_breast_cancer,42,unit_16,1,3,2026-09-02T20:45:00Z,1.0.0,8e7fd68470057c99,0.3423737046566334,0.2,0.1,0.2,0.2,0.09945143118719657,,,,,,NORMAL,True,True,True,True,False,False,False,True,False,1,0,1,
afd7d529a97753ea08f565b1,Module_12_CrossDomain,sklearn.datasets.load_breast_cancer,71aa3180a9c8c9abf1e45ef91d8c1dac2592948b3fa58a7da1cc3e16bef8c2df,bc_classifier_v1,breast_cancer_wisconsin,classification_breast_cancer,42,unit_16,1,5,2026-09-02T20:45:00Z,1.0.0,8e7fd68470057c99,0.3423737046566334,0.2,0.1,0.2,0.2,0.09945143118719657,,,,,,NORMAL,True,True,True,True,False,False,False,True,False,1,0,1,
4391bb81675025705da455d8,Module_12_CrossDomain,sklearn.datasets.load_breast_cancer,71aa3180a9c8c9abf1e45ef91d8c1dac2592948b3fa58a7da1cc3e16bef8c2df,bc_classifier_v1,breast_cancer_wisconsin,classification_breast_cancer,42,unit_16,2,1,2026-09-02T20:45:00Z,1.0.0,8e7fd68470057c99,0.07192248475494234,0.2,0.1,0.2,0.2,0.054966855441038714,,,,,,NORMAL,True,True,True,True,False,False,False,True,False,1,0,0,
0638e78aec6519de0f8d3ce3,Module_12_CrossDomain,sklearn.datasets.load_breast_cancer,71aa3180a9c8c9abf1e45ef91d8c1dac2592948b3fa58a7da1cc3e16bef8c2df,bc_classifier_v1,breast_cancer_wisconsin,classification_breast_cancer,42,unit_16,2,2,2026-09-02T20:45:00Z,1.0.0,8e7fd68470057c99,0.07192248475494234,0.2,0.1,0.2,0.2,0.054966855441038714,,,,,,NORMAL,True,True,True,True,False,False,False,True,False,1,0,1,
f272e92f3027d6208accb049,Module_12_CrossDomain,sklearn.datasets.load_breast_cancer,71aa3180a9c8c9abf1e45ef91d8c1dac2592948b3fa58a7da1cc3e16bef8c2df,bc_classifier_v1,breast_cancer_wisconsin,classification_breast_cancer,42,unit_16,2,3,2026-09-02T20:45:00Z,1.0.0,8e7fd68470057c99,0.07192248475494234,0.2,0.1,0.2,0.2,0.054966855441038714,,,,,,NORMAL,True,True,True,True,False,False,False,True,False,1,0,1,
ee3ad41801e5576b2c58df4f,Module_12_CrossDomain,sklearn.datasets.load_breast_cancer,71aa3180a9c8c9abf1e45ef91d8c1dac2592948b3fa58a7da1cc3e16bef8c2df,bc_classifier_v1,breast_cancer_wisconsin,classification_breast_cancer,42,unit_16,2,5,2026-09-02T20:45:00Z,1.0.0,8e7fd68470057c99,0.07192248475494234,0.2,0.1,0.2,0.2,0.054966855441038714,,,,,,NORMAL,True,True,True,True,False,False,False,True,False,1,0,1,
d0c8817ee9c3cf13bf8f9712,Module_12_CrossDomain,sklearn.datasets.load_breast_cancer,71aa3180a9c8c9abf1e45ef91d8c1dac2592948b3fa58a7da1cc3e16bef8c2df,bc_classifier_v1,breast_cancer_wisconsin,classification_breast_cancer,42,unit_16,3,1,2026-09-02T20:45:00Z,1.0.0,8e7fd68470057c99,0.352589227135275,0.2,0.1,0.2,0.2,0.10386144076633815,,,,,,NORMAL,True,True,True,True,False,False,False,True,False,1,0,1,
54be920fd7b2ecf24bfdb6d7,Module_12_CrossDomain,sklearn.datasets.load_breast_cancer,71aa3180a9c8c9abf1e45ef91d8c1dac2592948b3fa58a7da1cc3e16bef8c2df,bc_classifier_v1,breast_cancer_wisconsin,classification_breast_cancer,42,unit_16,3,2,2026-09-02T20:45:00Z,1.0.0,8e7fd68470057c99,0.352589227135275,0.2,0.1,0.2,0.2,0.10386144076633815,,,,,,NORMAL,True,True,True,True,False,False,False,True,False,1,0,1,
36dea0c36d964a0d7b3e8237,Module_12_CrossDomain,sklearn.datasets.load_breast_cancer,71aa3180a9c8c9abf1e45ef91d8c1dac2592948b3fa58a7da1cc3e16bef8c2df,bc_classifier_v1,breast_cancer_wisconsin,classification_breast_cancer,42,unit_16,3,3,2026-09-02T20:45:00Z,1.0.0,8e7fd68470057c99,0.352589227135275,0.2,0.1,0.2,0.2,0.10386144076633815,,,,,,NORMAL,True,True,True,True,False,False,False,True,False,1,0,1,
549afbe800efd84f62b2e275,Module_12_CrossDomain,sklearn.datasets.load_breast_cancer,71aa3180a9c8c9abf1e45ef91d8c1dac2592948b3fa58a7da1cc3e16bef8c2df,bc_classifier_v1,breast_cancer_wisconsin,classification_breast_cancer,42,unit_16,3,5,2026-09-02T20:45:00Z,1.0.0,8e7fd68470057c99,0.352589227135275,0.2,0.1,0.2,0.2,0.10386144076633815,,,,,,NORMAL,True,True,True,True,False,False,False,True,False,1,0,1,
00987d3a60147a1b332f0562,Module_12_CrossDomain,sklearn.datasets.load_breast_cancer,71aa3180a9c8c9abf1e45ef91d8c1dac2592948b3fa58a7da1cc3e16bef8c2df,bc_classifier_v1,breast_cancer_wisconsin,classification_breast_cancer,42,unit_16,4,1,2026-09-02T20:45:00Z,1.0.0,8e7fd68470057c99,0.1093794005099615,0.2,0.1,0.2,0.2,0.04509257909612208,,,,,,NORMAL,True,True,True,True,False,False,False,True,False,1,0,1,
97791f26803f32b66c94ee61,Module_12_CrossDomain,sklearn.datasets.load_breast_cancer,71aa3180a9c8c9abf1e45ef91d8c1dac2592948b3fa58a7da1cc3e16bef8c2df,bc_classifier_v1,breast_cancer_wisconsin,classification_breast_cancer,42,unit_16,4,2,2026-09-02T20:45:00Z,1.0.0,8e7fd68470057c99,0.1093794005099615,0.2,0.1,0.2,0.2,0.04509257909612208,,,,,,NORMAL,True,True,True,True,False,False,False,True,False,1,0,1,
8763761fe98a3780e4b0391f,Module_12_CrossDomain,sklearn.datasets.load_breast_cancer,71aa3180a9c8c9abf1e45ef91d8c1dac2592948b3fa58a7da1cc3e16bef8c2df,bc_classifier_v1,breast_cancer_wisconsin,classification_breast_cancer,42,unit_16,4,3,2026-09-02T20:45:00Z,1.0.0,8e7fd68470057c99,0.1093794005099615,0.2,0.1,0.2,0.2,0.04509257909612208,,,,,,NORMAL,True,True,True,True,False,False,False,True,False,1,0,1,
1ea0ef4c889be23039fcb9f8,Module_12_CrossDomain,sklearn.datasets.load_breast_cancer,71aa3180a9c8c9abf1e45ef91d8c1dac2592948b3fa58a7da1cc3e16bef8c2df,bc_classifier_v1,breast_cancer_wisconsin,classification_breast_cancer,42,unit_16,4,5,2026-09-02T20:45:00Z,1.0.0,8e7fd68470057c99,0.1093794005099615,0.2,0.1,0.2,0.2,0.04509257909612208,,,,,,NORMAL,True,True,True,True,False,False,False,True,False,1,0,1,
0c0879fc17a89e15ec72a7b0,Module_12_CrossDomain,sklearn.datasets.load_breast_cancer,71aa3180a9c8c9abf1e45ef91d8c1dac2592948b3fa58a7da1cc3e16bef8c2df,bc_classifier_v1,breast_cancer_wisconsin,classification_breast_cancer,42,unit_16,5,1,2026-09-02T20:45:00Z,1.0.0,8e7fd68470057c99,0.0827055362601751,0.2,0.1,0.2,0.2,0.051701160206261025,,,,,,NORMAL,True,True,True,True,False,False,False,True,False,1,0,1,
1f947bb5a6824f30d55a9775,Module_12_CrossDomain,sklearn.datasets.load_breast_cancer,71aa3180a9c8c9abf1e45ef91d8c1dac2592948b3fa58a7da1cc3e16bef8c2df,bc_classifier_v1,breast_cancer_wisconsin,classification_breast_cancer,42,unit_16,5,2,2026-09-02T20:45:00Z,1.0.0,8e7fd68470057c99,0.0827055362601751,0.2,0.1,0.2,0.2,0.051701160206261025,,,,,,NORMAL,True,True,True,True,False,False,False,True,False,1,0,1,
8fcd2cd1fac0b405019fd21c,Module_12_CrossDomain,sklearn.datasets.load_breast_cancer,71aa3180a9c8c9abf1e45ef91d8c1dac2592948b3fa58a7da1cc3e16bef8c2df,bc_classifier_v1,breast_cancer_wisconsin,classification_breast_cancer,42,unit_16,5,3,2026-09-02T20:45:00Z,1.0.0,8e7fd68470057c99,0.0827055362601751,0.2,0.1,0.2,0.2,0.051701160206261025,,,,,,NORMAL,True,True,True,True,False,False,False,True,False,1,0,1,
f15c3bb875e8904d7ae10852,Module_12_CrossDomain,sklearn.datasets.load_breast_cancer,71aa3180a9c8c9abf1e45ef91d8c1dac2592948b3fa58a7da1cc3e16bef8c2df,bc_classifier_v1,breast_cancer_wisconsin,classification_breast_cancer,42,unit_16,5,5,2026-09-02T20:45:00Z,1.0.0,8e7fd68470057c99,0.0827055362601751,0.2,0.1,0.2,0.2,0.051701160206261025,,,,,,NORMAL,True,True,True,True,False,False,False,True,False,1,0,1,
83a029259cf7222852571051,Module_12_CrossDomain,sklearn.datasets.load_breast_cancer,71aa3180a9c8c9abf1e45ef91d8c1dac2592948b3fa58a7da1cc3e16bef8c2df,bc_classifier_v1,breast_cancer_wisconsin,classification_breast_cancer,42,unit_16,6,1,2026-09-02T20:45:00Z,1.0.0,8e7fd68470057c99,0.0009813564310423822,0.2,0.1,0.2,0.2,0.08124935026219804,,,,,,NORMAL,True,True,True,True,False,False,False,True,False,1,0,1,
63f45d167bef0ba61ab0f075,Module_12_CrossDomain,sklearn.datasets.load_breast_cancer,71aa3180a9c8c9abf1e45ef91d8c1dac2592948b3fa58a7da1cc3e16bef8c2df,bc_classifier_v1,breast_cancer_wisconsin,classification_breast_cancer,42,unit_16,6,2,2026-09-02T20:45:00Z,1.0.0,8e7fd68470057c99,0.0009813564310423822,0.2,0.1,0.2,0.2,0.08124935026219804,,,,,,NORMAL,True,True,True,True,False,False,False,True,False,1,0,1,
24ddcdb6512066d871a250ab,Module_12_CrossDomain,sklearn.datasets.load_breast_cancer,71aa3180a9c8c9abf1e45ef91d8c1dac2592948b3fa58a7da1cc3e16bef8c2df,bc_classifier_v1,breast_cancer_wisconsin,classification_breast_cancer,42,unit_16,6,3,2026-09-02T20:45:00Z,1.0.0,8e7fd68470057c99,0.0009813564310423822,0.2,0.1,0.2,0.2,0.08124935026219804,,,,,,NORMAL,True,True,True,True,False,False,False,True,False,1,0,1,
a1c49c5c4afac41920450225,Module_12_CrossDomain,sklearn.datasets.load_breast_cancer,71aa3180a9c8c9abf1e45ef91d8c1dac2592948b3fa58a7da1cc3e16bef8c2df,bc_classifier_v1,breast_cancer_wisconsin,classification_breast_cancer,42,unit_16,6,5,2026-09-02T20:45:00Z,1.0.0,8e7fd68470057c99,0.0009813564310423822,0.2,0.1,0.2,0.2,0.08124935026219804,,,,,,NORMAL,True,True,True,True,False,False,False,True,False,1,0,1,
5665a3c7b466cf0544dbbd01,Module_12_CrossDomain,sklearn.datasets.load_breast_cancer,71aa3180a9c8c9abf1e45ef91d8c1dac2592948b3fa58a7da1cc3e16bef8c2df,bc_classifier_v1,breast_cancer_wisconsin,classification_breast_cancer,42,unit_16,7,1,2026-09-02T20:45:00Z,1.0.0,8e7fd68470057c99,0.11902739396201192,0.2,0.1,0.2,0.2,0.04335717888727545,,,,,,NORMAL,True,True,True,True,False,False,False,True,False,1,0,0,
6d6515813f628478b24e9eeb,Module_12_CrossDomain,sklearn.datasets.load_breast_cancer,71aa3180a9c8c9abf1e45ef91d8c1dac2592948b3fa58a7da1cc3e16bef8c2df,bc_classifier_v1,breast_cancer_wisconsin,classification_breast_cancer,42,unit_16,7,2,2026-09-02T20:45:00Z,1.0.0,8e7fd68470057c99,0.11902739396201192,0.2,0.1,0.2,0.2,0.04335717888727545,,,,,,NORMAL,True,True,True,True,False,False,False,True,False,1,0,0,
649325b045cda2e6866006e4,Module_12_CrossDomain,sklearn.datasets.load_breast_cancer,71aa3180a9c8c9abf1e45ef91d8c1dac2592948b3fa58a7da1cc3e16bef8c2df,bc_classifier_v1,breast_cancer_wisconsin,classification_breast_cancer,42,unit_16,7,3,2026-09-02T20:45:00Z,1.0.0,8e7fd68470057c99,0.11902739396201192,0.2,0.1,0.2,0.2,0.04335717888727545,,,,,,NORMAL,True,True,True,True,False,False,False,True,False,1,0,0,
73395962865227102e26964a,Module_12_CrossDomain,sklearn.datasets.load_breast_cancer,71aa3180a9c8c9abf1e45ef91d8c1dac2592948b3fa58a7da1cc3e16bef8c2df,bc_classifier_v1,breast_cancer_wisconsin,classification_breast_cancer,42,unit_16,7,5,2026-09-02T20:45:00Z,1.0.0,8e7fd68470057c99,0.11902739396201192,0.2,0.1,0.2,0.2,0.04335717888727545,,,,,,NORMAL,True,True,True,True,False,False,False,True,False,1,0,1,
153772c7dd04f233ea262f60,Module_12_CrossDomain,sklearn.datasets.load_breast_cancer,71aa3180a9c8c9abf1e45ef91d8c1dac2592948b3fa58a7da1cc3e16bef8c2df,bc_classifier_v1,breast_cancer_wisconsin,classification_breast_cancer,42,unit_16,8,1,2026-09-02T20:45:00Z,1.0.0,8e7fd68470057c99,0.12160491331265674,0.2,0.1,0.2,0.2,0.042963242552938305,,,,,,NORMAL,True,True,True,True,False,False,False,True,False,1,0,0,
ea504194c517f124c2b3085c,Module_12_CrossDomain,sklearn.datasets.load_breast_cancer,71aa3180a9c8c9abf1e45ef91d8c1dac2592948b3fa58a7da1cc3e16bef8c2df,bc_classifier_v1,breast_cancer_wisconsin,classification_breast_cancer,42,unit_16,8,2,2026-09-02T20:45:00Z,1.0.0,8e7fd68470057c99,0.12160491331265674,0.2,0.1,0.2,0.2,0.042963242552938305,,,,,,NORMAL,True,True,True,True,False,False,False,True,False,1,0,0,
ee1e00dac8d068c4028f5bd5,Module_12_CrossDomain,sklearn.datasets.load_breast_cancer,71aa3180a9c8c9abf1e45ef91d8c1dac2592948b3fa58a7da1cc3e16bef8c2df,bc_classifier_v1,breast_cancer_wisconsin,classification_breast_cancer,42,unit_16,8,3,2026-09-02T20:45:00Z,1.0.0,8e7fd68470057c99,0.12160491331265674,0.2,0.1,0.2,0.2,0.042963242552938305,,,,,,NORMAL,True,True,True,True,False,False,False,True,False,1,0,1,
979bfff6cebcb7a99d58163c,Module_12_CrossDomain,sklearn.datasets.load_breast_cancer,71aa3180a9c8c9abf1e45ef91d8c1dac2592948b3fa58a7da1cc3e16bef8c2df,bc_classifier_v1,breast_cancer_wisconsin,classification_breast_cancer,42,unit_16,8,5,2026-09-02T20:45:00Z,1.0.0,8e7fd68470057c99,0.12160491331265674,0.2,0.1,0.2,0.2,0.042963242552938305,,,,,,NORMAL,True,True,True,True,False,False,False,True,False,1,0,1,
9efb29540a31fc8bc6ddd3a7,Module_12_CrossDomain,sklearn.datasets.load_breast_cancer,71aa3180a9c8c9abf1e45ef91d8c1dac2592948b3fa58a7da1cc3e16bef8c2df,bc_classifier_v1,breast_cancer_wisconsin,classification_breast_cancer,42,unit_16,9,1,2026-09-02T20:45:00Z,1.0.0,8e7fd68470057c99,0.12103738428606566,0.2,0.1,0.2,0.2,0.043047346308694515,,,,,,NORMAL,True,True,True,True,False,False,False,True,False,1,0,0,
216575e55d3116951a90f5e1,Module_12_CrossDomain,sklearn.datasets.load_breast_cancer,71aa3180a9c8c9abf1e45ef91d8c1dac2592948b3fa58a7da1cc3e16bef8c2df,bc_classifier_v1,breast_cancer_wisconsin,classification_breast_cancer,42,unit_16,9,2,2026-09-02T20:45:00Z,1.0.0,8e7fd68470057c99,0.12103738428606566,0.2,0.1,0.2,0.2,0.043047346308694515,,,,,,NORMAL,True,True,True,True,False,False,False,True,False,1,0,1,
f209351e8a2f359821735362,Module_12_CrossDomain,sklearn.datasets.load_breast_cancer,71aa3180a9c8c9abf1e45ef91d8c1dac2592948b3fa58a7da1cc3e16bef8c2df,bc_classifier_v1,breast_cancer_wisconsin,classification_breast_cancer,42,unit_16,9,3,2026-09-02T20:45:00Z,1.0.0,8e7fd68470057c99,0.12103738428606566,0.2,0.1,0.2,0.2,0.043047346308694515,,,,,,NORMAL,True,True,True,True,False,False,False,True,False,1,0,1,
e873b411b737197aded81bb0,Module_12_CrossDomain,sklearn.datasets.load_breast_cancer,71aa3180a9c8c9abf1e45ef91d8c1dac2592948b3fa58a7da1cc3e16bef8c2df,bc_classifier_v1,breast_cancer_wisconsin,classification_breast_cancer,42,unit_16,9,5,2026-09-02T20:45:00Z,1.0.0,8e7fd68470057c99,0.12103738428606566,0.2,0.1,0.2,0.2,0.043047346308694515,,,,,,NORMAL,True,True,True,True,False,False,False,True,False,1,0,1,
6cd2fa4aae16b049e89fdcc8,Module_12_CrossDomain,sklearn.datasets.load_breast_cancer,71aa3180a9c8c9abf1e45ef91d8c1dac2592948b3fa58a7da1cc3e16bef8c2df,bc_classifier_v1,breast_cancer_wisconsin,classification_breast_cancer,42,unit_16,10,1,2026-09-02T20:45:00Z,1.0.0,8e7fd68470057c99,0.10798421667446804,0.2,0.1,0.2,0.2,0.04537577926715737,,,,,,NORMAL,True,True,True,True,False,False,False,True,False,1,0,1,
b625b944a159a813905b122e,Module_12_CrossDomain,sklearn.datasets.load_breast_cancer,71aa3180a9c8c9abf1e45ef91d8c1dac2592948b3fa58a7da1cc3e16bef8c2df,bc_classifier_v1,breast_cancer_wisconsin,classification_breast_cancer,42,unit_16,10,2,2026-09-02T20:45:00Z,1.0.0,8e7fd68470057c99,0.10798421667446804,0.2,0.1,0.2,0.2,0.04537577926715737,,,,,,NORMAL,True,True,True,True,False,False,False,True,False,1,0,1,
309e6d50108715adf9bb6fbd,Module_12_CrossDomain,sklearn.datasets.load_breast_cancer,71aa3180a9c8c9abf1e45ef91d8c1dac2592948b3fa58a7da1cc3e16bef8c2df,bc_classifier_v1,breast_cancer_wisconsin,classification_breast_cancer,42,unit_16,10,3,2026-09-02T20:45:00Z,1.0.0,8e7fd68470057c99,0.10798421667446804,0.2,0.1,0.2,0.2,0.04537577926715737,,,,,,NORMAL,True,True,True,True,False,False,False,True,False,1,0,1,
c31f8bf58b6bb9a20cf77059,Module_12_CrossDomain,sklearn.datasets.load_breast_cancer,71aa3180a9c8c9abf1e45ef91d8c1dac2592948b3fa58a7da1cc3e16bef8c2df,bc_classifier_v1,breast_cancer_wisconsin,classification_breast_cancer,42,unit_16,10,5,2026-09-02T20:45:00Z,1.0.0,8e7fd68470057c99,0.10798421667446804,0.2,0.1,0.2,0.2,0.04537577926715737,,,,,,NORMAL,True,True,True,True,False,False,False,True,False,1,0,1,
b1d91e384df3c357877d68de,Module_12_CrossDomain,sklearn.datasets.load_breast_cancer,71aa3180a9c8c9abf1e45ef91d8c1dac2592948b3fa58a7da1cc3e16bef8c2df,bc_classifier_v1,breast_cancer_wisconsin,classification_breast_cancer,42,unit_16,11,1,2026-09-02T20:45:00Z,1.0.0,8e7fd68470057c99,0.06511213643584789,0.2,0.1,0.2,0.2,0.05716632532548454,,,,,,NORMAL,True,True,True,True,False,False,False,True,False,1,0,1,
6c1fb7aa059752ee3ff7f972,Module_12_CrossDomain,sklearn.datasets.load_breast_cancer,71aa3180a9c8c9abf1e45ef91d8c1dac2592948b3fa58a7da1cc3e16bef8c2df,bc_classifier_v1,breast_cancer_wisconsin,classification_breast_cancer,42,unit_16,11,2,2026-09-02T20:45:00Z,1.0.0,8e7fd68470057c99,0.06511213643584789,0.2,0.1,0.2,0.2,0.05716632532548454,,,,,,NORMAL,True,True,True,True,False,False,False,True,False,1,0,1,
86387fb4f26dc4703c94728c,Module_12_CrossDomain,sklearn.datasets.load_breast_cancer,71aa3180a9c8c9abf1e45ef91d8c1dac2592948b3fa58a7da1cc3e16bef8c2df,bc_classifier_v1,breast_cancer_wisconsin,classification_breast_cancer,42,unit_16,11,3,2026-09-02T20:45:00Z,1.0.0,8e7fd68470057c99,0.06511213643584789,0.2,0.1,0.2,0.2,0.05716632532548454,,,,,,NORMAL,True,True,True,True,False,False,False,True,False,1,0,1,
8f969d6eb53d62bed6a7265c,Module_12_CrossDomain,sklearn.datasets.load_breast_cancer,71aa3180a9c8c9abf1e45ef91d8c1dac2592948b3fa58a7da1cc3e16bef8c2df,bc_classifier_v1,breast_cancer_wisconsin,classification_breast_cancer,42,unit_16,11,5,2026-09-02T20:45:00Z,1.0.0,8e7fd68470057c99,0.06511213643584789,0.2,0.1,0.2,0.2,0.05716632532548454,,,,,,NORMAL,True,True,True,True,False,False,False,True,False,1,0,1,
1cf08050e49e5b980f54a9cb,Module_12_CrossDomain,sklearn.datasets.load_breast_cancer,71aa3180a9c8c9abf1e45ef91d8c1dac2592948b3fa58a7da1cc3e16bef8c2df,bc_classifier_v1,breast_cancer_wisconsin,classification_breast_cancer,42,unit_16,12,1,2026-09-02T20:45:00Z,1.0.0,8e7fd68470057c99,0.16499724511589903,0.2,0.1,0.2,0.2,0.0414324546998991,,,,,,NORMAL,True,True,True,True,False,False,False,True,False,1,0,1,
fe56a27ac1a0265aa207bd12,Module_12_CrossDomain,sklearn.datasets.load_breast_cancer,71aa3180a9c8c9abf1e45ef91d8c1dac2592948b3fa58a7da1cc3e16bef8c2df,bc_classifier_v1,breast_cancer_wisconsin,classification_breast_cancer,42,unit_16,12,2,2026-09-02T20:45:00Z,1.0.0,8e7fd68470057c99,0.16499724511589903,0.2,0.1,0.2,0.2,0.0414324546998991,,,,,,NORMAL,True,True,True,True,False,False,False,True,False,1,0,1,
80bc1f89144e14b417926d35,Module_12_CrossDomain,sklearn.datasets.load_breast_cancer,71aa3180a9c8c9abf1e45ef91d8c1dac2592948b3fa58a7da1cc3e16bef8c2df,bc_classifier_v1,breast_cancer_wisconsin,classification_breast_cancer,42,unit_16,12,3,2026-09-02T20:45:00Z,1.0.0,8e7fd68470057c99,0.16499724511589903,0.2,0.1,0.2,0.2,0.0414324546998991,,,,,,NORMAL,True,True,True,True,False,False,False,True,False,1,0,1,
9b32c4621acb4ef6ade5d34b,Module_12_CrossDomain,sklearn.datasets.load_breast_cancer,71aa3180a9c8c9abf1e45ef91d8c1dac2592948b3fa58a7da1cc3e16bef8c2df,bc_classifier_v1,breast_cancer_wisconsin,classification_breast_cancer,42,unit_16,12,5,2026-09-02T20:45:00Z,1.0.0,8e7fd68470057c99,0.16499724511589903,0.2,0.1,0.2,0.2,0.0414324546998991,,,,,,NORMAL,True,True,True,True,False,False,False,True,False,1,0,1,
e2fb08254fb093967cef7f08,Module_12_CrossDomain,sklearn.datasets.load_breast_cancer,71aa3180a9c8c9abf1e45ef91d8c1dac2592948b3fa58a7da1cc3e16bef8c2df,bc_classifier_v1,breast_cancer_wisconsin,classification_breast_cancer,42,unit_16,13,1,2026-09-02T20:45:00Z,1.0.0,8e7fd68470057c99,0.16329465803612545,0.2,0.1,0.2,0.2,0.04130307476393257,,,,,,NORMAL,True,True,True,True,False,False,False,True,False,1,0,1,
b1b7137f902bca0112806080,Module_12_CrossDomain,sklearn.datasets.load_breast_cancer,71aa3180a9c8c9abf1e45ef91d8c1dac2592948b3fa58a7da1cc3e16bef8c2df,bc_classifier_v1,breast_cancer_wisconsin,classification_breast_cancer,42,unit_16,13,2,2026-09-02T20:45:00Z,1.0.0,8e7fd68470057c99,0.16329465803612545,0.2,0.1,0.2,0.2,0.04130307476393257,,,,,,NORMAL,True,True,True,True,False,False,False,True,False,1,0,1,
daa27ff9e4632bc2787f79d7,Module_12_CrossDomain,sklearn.datasets.load_breast_cancer,71aa3180a9c8c9abf1e45ef91d8c1dac2592948b3fa58a7da1cc3e16bef8c2df,bc_classifier_v1,breast_cancer_wisconsin,classification_breast_cancer,42,unit_16,13,3,2026-09-02T20:45:00Z,1.0.0,8e7fd68470057c99,0.16329465803612545,0.2,0.1,0.2,0.2,0.04130307476393257,,,,,,NORMAL,True,True,True,True,False,False,False,True,False,1,0,1,
716b1a3e231975ccdea3d0fc,Module_12_CrossDomain,sklearn.datasets.load_breast_cancer,71aa3180a9c8c9abf1e45ef91d8c1dac2592948b3fa58a7da1cc3e16bef8c2df,bc_classifier_v1,breast_cancer_wisconsin,classification_breast_cancer,42,unit_16,13,5,2026-09-02T20:45:00Z,1.0.0,8e7fd68470057c99,0.16329465803612545,0.2,0.1,0.2,0.2,0.04130307476393257,,,,,,NORMAL,True,True,True,True,False,False,False,True,False,1,0,1,
fd0a669735a8efc98c716fd5,Module_12_CrossDomain,sklearn.datasets.load_breast_cancer,71aa3180a9c8c9abf1e45ef91d8c1dac2592948b3fa58a7da1cc3e16bef8c2df,bc_classifier_v1,breast_cancer_wisconsin,classification_breast_cancer,42,unit_16,14,1,2026-09-02T20:45:00Z,1.0.0,8e7fd68470057c99,0.10370411024404944,0.2,0.1,0.2,0.2,0.04629209053702162,,,,,,NORMAL,True,True,True,True,False,False,False,True,False,1,0,0,
41840be78cc7ac646e6e47a8,Module_12_CrossDomain,sklearn.datasets.load_breast_cancer,71aa3180a9c8c9abf1e45ef91d8c1dac2592948b3fa58a7da1cc3e16bef8c2df,bc_classifier_v1,breast_cancer_wisconsin,classification_breast_cancer,42,unit_16,14,2,2026-09-02T20:45:00Z,1.0.0,8e7fd68470057c99,0.10370411024404944,0.2,0.1,0.2,0.2,0.04629209053702162,,,,,,NORMAL,True,True,True,True,False,False,False,True,False,1,0,1,
484a99402262256b4af9d8b4,Module_12_CrossDomain,sklearn.datasets.load_breast_cancer,71aa3180a9c8c9abf1e45ef91d8c1dac2592948b3fa58a7da1cc3e16bef8c2df,bc_classifier_v1,breast_cancer_wisconsin,classification_breast_cancer,42,unit_16,14,3,2026-09-02T20:45:00Z,1.0.0,8e7fd68470057c99,0.10370411024404944,0.2,0.1,0.2,0.2,0.04629209053702162,,,,,,NORMAL,True,True,True,True,False,False,False,True,False,1,0,1,
a9a0d4e64d46609e4e0561c7,Module_12_CrossDomain,sklearn.datasets.load_breast_cancer,71aa3180a9c8c9abf1e45ef91d8c1dac2592948b3fa58a7da1cc3e16bef8c2df,bc_classifier_v1,breast_cancer_wisconsin,classification_breast_cancer,42,unit_16,14,5,2026-09-02T20:45:00Z,1.0.0,8e7fd68470057c99,0.10370411024404944,0.2,0.1,0.2,0.2,0.04629209053702162,,,,,,NORMAL,True,True,True,True,False,False,False,True,False,1,0,1,
fb050bba82a729be6a7c9a4a,Module_12_CrossDomain,sklearn.datasets.load_breast_cancer,71aa3180a9c8c9abf1e45ef91d8c1dac2592948b3fa58a7da1cc3e16bef8c2df,bc_classifier_v1,breast_cancer_wisconsin,classification_breast_cancer,42,unit_16,15,1,2026-09-02T20:45:00Z,1.0.0,8e7fd68470057c99,0.16643970641336148,0.2,0.1,0.2,0.2,0.041553884554228086,,,,,,NORMAL,True,True,True,True,False,False,False,True,False,1,0,1,
9c45e3db31f7e1127a0b963f,Module_12_CrossDomain,sklearn.datasets.load_breast_cancer,71aa3180a9c8c9abf1e45ef91d8c1dac2592948b3fa58a7da1cc3e16bef8c2df,bc_classifier_v1,breast_cancer_wisconsin,classification_breast_cancer,42,unit_16,15,2,2026-09-02T20:45:00Z,1.0.0,8e7fd68470057c99,0.16643970641336148,0.2,0.1,0.2,0.2,0.041553884554228086,,,,,,NORMAL,True,True,True,True,False,False,False,True,False,1,0,1,
1f9adb00310eb600df7baff5,Module_12_CrossDomain,sklearn.datasets.load_breast_cancer,71aa3180a9c8c9abf1e45ef91d8c1dac2592948b3fa58a7da1cc3e16bef8c2df,bc_classifier_v1,breast_cancer_wisconsin,classification_breast_cancer,42,unit_16,15,3,2026-09-02T20:45:00Z,1.0.0,8e7fd68470057c99,0.16643970641336148,0.2,0.1,0.2,0.2,0.041553884554228086,,,,,,NORMAL,True,True,True,True,False,False,False,True,False,1,0,1,
ea22a7c4f0d8e9931076dd58,Module_12_CrossDomain,sklearn.datasets.load_breast_cancer,71aa3180a9c8c9abf1e45ef91d8c1dac2592948b3fa58a7da1cc3e16bef8c2df,bc_classifier_v1,breast_cancer_wisconsin,classification_breast_cancer,42,unit_16,15,5,2026-09-02T20:45:00Z,1.0.0,8e7fd68470057c99,0.16643970641336148,0.2,0.1,0.2,0.2,0.041553884554228086,,,,,,NORMAL,True,True,True,True,False,False,False,True,False,1,0,1,
e222dc690eebe3f3e68c6a41,Module_12_CrossDomain,sklearn.datasets.load_breast_cancer,71aa3180a9c8c9abf1e45ef91d8c1dac2592948b3fa58a7da1cc3e16bef8c2df,bc_classifier_v1,breast_cancer_wisconsin,classification_breast_cancer,42,unit_16,16,1,2026-09-02T20:45:00Z,1.0.0,8e7fd68470057c99,0.06454460740925669,0.2,0.1,0.2,0.2,0.05735391902300442,,,,,,NORMAL,True,True,True,True,False,False,False,True,False,1,0,0,
0e01c6391fa6cb6895846876,Module_12_CrossDomain,sklearn.datasets.load_breast_cancer,71aa3180a9c8c9abf1e45ef91d8c1dac2592948b3fa58a7da1cc3e16bef8c2df,bc_classifier_v1,breast_cancer_wisconsin,classification_breast_cancer,42,unit_16,16,2,2026-09-02T20:45:00Z,1.0.0,8e7fd68470057c99,0.06454460740925669,0.2,0.1,0.2,0.2,0.05735391902300442,,,,,,NORMAL,True,True,True,True,False,False,False,True,False,1,0,1,
393d0ccf3eb52f51f84f6525,Module_12_CrossDomain,sklearn.datasets.load_breast_cancer,71aa3180a9c8c9abf1e45ef91d8c1dac2592948b3fa58a7da1cc3e16bef8c2df,bc_classifier_v1,breast_cancer_wisconsin,classification_breast_cancer,42,unit_16,16,3,2026-09-02T20:45:00Z,1.0.0,8e7fd68470057c99,0.06454460740925669,0.2,0.1,0.2,0.2,0.05735391902300442,,,,,,NORMAL,True,True,True,True,False,False,False,True,False,1,0,1,
f4002da5b90415bb8190dd48,Module_12_CrossDomain,sklearn.datasets.load_breast_cancer,71aa3180a9c8c9abf1e45ef91d8c1dac2592948b3fa58a7da1cc3e16bef8c2df,bc_classifier_v1,breast_cancer_wisconsin,classification_breast_cancer,42,unit_16,16,5,2026-09-02T20:45:00Z,1.0.0,8e7fd68470057c99,0.06454460740925669,0.2,0.1,0.2,0.2,0.05735391902300442,,,,,,NORMAL,True,True,True,True,False,False,False,True,False,1,0,1,
1398a8213c124d6c7167fef4,Module_12_CrossDomain,sklearn.datasets.load_breast_cancer,71aa3180a9c8c9abf1e45ef91d8c1dac2592948b3fa58a7da1cc3e16bef8c2df,bc_classifier_v1,breast_cancer_wisconsin,classification_breast_cancer,42,unit_16,17,1,2026-09-02T20:45:00Z,1.0.0,8e7fd68470057c99,0.2634871699604567,0.2,0.1,0.2,0.2,0.06729592648334598,,,,,,NORMAL,True,True,True,True,False,False,False,True,False,1,0,1,
47639dca84708b41064864c7,Module_12_CrossDomain,sklearn.datasets.load_breast_cancer,71aa3180a9c8c9abf1e45ef91d8c1dac2592948b3fa58a7da1cc3e16bef8c2df,bc_classifier_v1,breast_cancer_wisconsin,classification_breast_cancer,42,unit_16,17,2,2026-09-02T20:45:00Z,1.0.0,8e7fd68470057c99,0.2634871699604567,0.2,0.1,0.2,0.2,0.06729592648334598,,,,,,NORMAL,True,True,True,True,False,False,False,True,False,1,0,1,
0e0bb93a714bcdc6464eef51,Module_12_CrossDomain,sklearn.datasets.load_breast_cancer,71aa3180a9c8c9abf1e45ef91d8c1dac2592948b3fa58a7da1cc3e16bef8c2df,bc_classifier_v1,breast_cancer_wisconsin,classification_breast_cancer,42,unit_16,17,3,2026-09-02T20:45:00Z,1.0.0,8e7fd68470057c99,0.2634871699604567,0.2,0.1,0.2,0.2,0.06729592648334598,,,,,,NORMAL,True,True,True,True,False,False,False,True,False,1,0,1,
dba80862790ceb50e0594f83,Module_12_CrossDomain,sklearn.datasets.load_breast_cancer,71aa3180a9c8c9abf1e45ef91d8c1dac2592948b3fa58a7da1cc3e16bef8c2df,bc_classifier_v1,breast_cancer_wisconsin,classification_breast_cancer,42,unit_16,17,5,2026-09-02T20:45:00Z,1.0.0,8e7fd68470057c99,0.2634871699604567,0.2,0.1,0.2,0.2,0.06729592648334598,,,,,,NORMAL,True,True,True,True,False,False,False,True,False,1,0,1,
d094255a67f41e78a5eb8610,Module_12_CrossDomain,sklearn.datasets.load_breast_cancer,71aa3180a9c8c9abf1e45ef91d8c1dac2592948b3fa58a7da1cc3e16bef8c2df,bc_classifier_v1,breast_cancer_wisconsin,classification_breast_cancer,42,unit_16,18,1,2026-09-02T20:45:00Z,1.0.0,8e7fd68470057c99,0.23139814122706936,0.2,0.1,0.2,0.2,0.056027091453295916,,,,,,NORMAL,True,True,True,True,False,False,False,True,False,1,0,0,
bffecd86a70c62f18887901c,Module_12_CrossDomain,sklearn.datasets.load_breast_cancer,71aa3180a9c8c9abf1e45ef91d8c1dac2592948b3fa58a7da1cc3e16bef8c2df,bc_classifier_v1,breast_cancer_wisconsin,classification_breast_cancer,42,unit_16,18,2,2026-09-02T20:45:00Z,1.0.0,8e7fd68470057c99,0.23139814122706936,0.2,0.1,0.2,0.2,0.056027091453295916,,,,,,NORMAL,True,True,True,True,False,False,False,True,False,1,0,0,
1c5d01555f7d5eadc210d336,Module_12_CrossDomain,sklearn.datasets.load_breast_cancer,71aa3180a9c8c9abf1e45ef91d8c1dac2592948b3fa58a7da1cc3e16bef8c2df,bc_classifier_v1,breast_cancer_wisconsin,classification_breast_cancer,42,unit_16,18,3,2026-09-02T20:45:00Z,1.0.0,8e7fd68470057c99,0.23139814122706936,0.2,0.1,0.2,0.2,0.056027091453295916,,,,,,NORMAL,True,True,True,True,False,False,False,True,False,1,0,0,
014ff5daf70a0904921924a5,Module_12_CrossDomain,sklearn.datasets.load_breast_cancer,71aa3180a9c8c9abf1e45ef91d8c1dac2592948b3fa58a7da1cc3e16bef8c2df,bc_classifier_v1,breast_cancer_wisconsin,classification_breast_cancer,42,unit_16,18,5,2026-09-02T20:45:00Z,1.0.0,8e7fd68470057c99,0.23139814122706936,0.2,0.1,0.2,0.2,0.056027091453295916,,,,,,NORMAL,True,True,True,True,False,False,False,True,False,1,0,0,
608b19f4bf086655978def1c,Module_12_CrossDomain,sklearn.datasets.load_breast_cancer,71aa3180a9c8c9abf1e45ef91d8c1dac2592948b3fa58a7da1cc3e16bef8c2df,bc_classifier_v1,breast_cancer_wisconsin,classification_breast_cancer,42,unit_16,19,1,2026-09-02T20:45:00Z,1.0.0,8e7fd68470057c99,0.5324959285646854,0.2,0.1,0.2,0.2,0.18487421271325774,,,,,,NORMAL,True,True,True,True,False,False,False,True,False,1,0,0,
b181991a34bb07ec8214b3e3,Module_12_CrossDomain,sklearn.datasets.load_breast_cancer,71aa3180a9c8c9abf1e45ef91d8c1dac2592948b3fa58a7da1cc3e16bef8c2df,bc_classifier_v1,breast_cancer_wisconsin,classification_breast_cancer,42,unit_16,19,2,2026-09-02T20:45:00Z,1.0.0,8e7fd68470057c99,0.5324959285646854,0.2,0.1,0.2,0.2,0.18487421271325774,,,,,,NORMAL,True,True,True,True,False,False,False,True,False,1,0,0,
39c44151b1c7bae0f55ca14f,Module_12_CrossDomain,sklearn.datasets.load_breast_cancer,71aa3180a9c8c9abf1e45ef91d8c1dac2592948b3fa58a7da1cc3e16bef8c2df,bc_classifier_v1,breast_cancer_wisconsin,classification_breast_cancer,42,unit_16,19,3,2026-09-02T20:45:00Z,1.0.0,8e7fd68470057c99,0.5324959285646854,0.2,0.1,0.2,0.2,0.18487421271325774,,,,,,NORMAL,True,True,True,True,False,False,False,True,False,1,0,0,
1f4f1e337598ef15d15dcd58,Module_12_CrossDomain,sklearn.datasets.load_breast_cancer,71aa3180a9c8c9abf1e45ef91d8c1dac2592948b3fa58a7da1cc3e16bef8c2df,bc_classifier_v1,breast_cancer_wisconsin,classification_breast_cancer,42,unit_16,19,5,2026-09-02T20:45:00Z,1.0.0,8e7fd68470057c99,0.5324959285646854,0.2,0.1,0.2,0.2,0.18487421271325774,,,,,,NORMAL,True,True,True,True,False,False,False,True,False,1,0,0,
75cb728af62f8fc748f3a88f,Module_12_CrossDomain,sklearn.datasets.load_breast_cancer,71aa3180a9c8c9abf1e45ef91d8c1dac2592948b3fa58a7da1cc3e16bef8c2df,bc_classifier_v1,breast_cancer_wisconsin,classification_breast_cancer,42,unit_17,0,1,2026-09-02T20:45:00Z,1.0.0,8e7fd68470057c99,0.016612043393284835,0.2,0.1,0.2,0.2,0.07497013771083189,,,,,,NORMAL,True,True,True,True,False,False,False,True,False,1,0,1,0.0
71f27640b05a3591c54831d2,Module_12_CrossDomain,sklearn.datasets.load_breast_cancer,71aa3180a9c8c9abf1e45ef91d8c1dac2592948b3fa58a7da1cc3e16bef8c2df,bc_classifier_v1,breast_cancer_wisconsin,classification_breast_cancer,42,unit_17,0,2,2026-09-02T20:45:00Z,1.0.0,8e7fd68470057c99,0.016612043393284835,0.2,0.1,0.2,0.2,0.07497013771083189,,,,,,NORMAL,True,True,True,True,False,False,False,True,False,1,0,1,0.0
1fab75089e9bb00696bbe1a6,Module_12_CrossDomain,sklearn.datasets.load_breast_cancer,71aa3180a9c8c9abf1e45ef91d8c1dac2592948b3fa58a7da1cc3e16bef8c2df,bc_classifier_v1,breast_cancer_wisconsin,classification_breast_cancer,42,unit_17,0,3,2026-09-02T20:45:00Z,1.0.0,8e7fd68470057c99,0.016612043393284835,0.2,0.1,0.2,0.2,0.07497013771083189,,,,,,NORMAL,True,True,True,True,False,False,False,True,False,1,0,1,0.0
ee075816b78cc973ad57a801,Module_12_CrossDomain,sklearn.datasets.load_breast_cancer,71aa3180a9c8c9abf1e45ef91d8c1dac2592948b3fa58a7da1cc3e16bef8c2df,bc_classifier_v1,breast_cancer_wisconsin,classification_breast_cancer,42,unit_17,0,5,2026-09-02T20:45:00Z,1.0.0,8e7fd68470057c99,0.016612043393284835,0.2,0.1,0.2,0.2,0.07497013771083189,,,,,,NORMAL,True,True,True,True,False,False,False,True,False,1,0,1,0.0
99d96e592766247fe4bcb963,Module_12_CrossDomain,sklearn.datasets.load_breast_cancer,71aa3180a9c8c9abf1e45ef91d8c1dac2592948b3fa58a7da1cc3e16bef8c2df,bc_classifier_v1,breast_cancer_wisconsin,classification_breast_cancer,42,unit_17,1,1,2026-09-02T20:45:00Z,1.0.0,8e7fd68470057c99,0.2565964300077187,0.2,0.1,0.2,0.2,0.0647435949477123,,,,,,NORMAL,True,True,True,True,False,False,False,True,False,1,0,1,
bca74d145735093552754757,Module_12_CrossDomain,sklearn.datasets.load_breast_cancer,71aa3180a9c8c9abf1e45ef91d8c1dac2592948b3fa58a7da1cc3e16bef8c2df,bc_classifier_v1,breast_cancer_wisconsin,classification_breast_cancer,42,unit_17,1,2,2026-09-02T20:45:00Z,1.0.0,8e7fd68470057c99,0.2565964300077187,0.2,0.1,0.2,0.2,0.0647435949477123,,,,,,NORMAL,True,True,True,True,False,False,False,True,False,1,0,1,
7564e34b5887ac3334fee848,Module_12_CrossDomain,sklearn.datasets.load_breast_cancer,71aa3180a9c8c9abf1e45ef91d8c1dac2592948b3fa58a7da1cc3e16bef8c2df,bc_classifier_v1,breast_cancer_wisconsin,classification_breast_cancer,42,unit_17,1,3,2026-09-02T20:45:00Z,1.0.0,8e7fd68470057c99,0.2565964300077187,0.2,0.1,0.2,0.2,0.0647435949477123,,,,,,NORMAL,True,True,True,True,False,False,False,True,False,1,0,1,
42cccbb60a79fc200b80a826,Module_12_CrossDomain,sklearn.datasets.load_breast_cancer,71aa3180a9c8c9abf1e45ef91d8c1dac2592948b3fa58a7da1cc3e16bef8c2df,bc_classifier_v1,breast_cancer_wisconsin,classification_breast_cancer,42,unit_17,1,5,2026-09-02T20:45:00Z,1.0.0,8e7fd68470057c99,0.2565964300077187,0.2,0.1,0.2,0.2,0.0647435949477123,,,,,,NORMAL,True,True,True,True,False,False,False,True,False,1,0,1,
bd21c74c2977448c89af2f89,Module_12_CrossDomain,sklearn.datasets.load_breast_cancer,71aa3180a9c8c9abf1e45ef91d8c1dac2592948b3fa58a7da1cc3e16bef8c2df,bc_classifier_v1,breast_cancer_wisconsin,classification_breast_cancer,42,unit_17,2,1,2026-09-02T20:45:00Z,1.0.0,8e7fd68470057c99,0.1740777095413582,0.2,0.1,0.2,0.2,0.04237330421846602,,,,,,NORMAL,True,True,True,True,False,False,False,True,False,1,0,0,
5f2d47d50c250640529e857f,Module_12_CrossDomain,sklearn.datasets.load_breast_cancer,71aa3180a9c8c9abf1e45ef91d8c1dac2592948b3fa58a7da1cc3e16bef8c2df,bc_classifier_v1,breast_cancer_wisconsin,classification_breast_cancer,42,unit_17,2,2,2026-09-02T20:45:00Z,1.0.0,8e7fd68470057c99,0.1740777095413582,0.2,0.1,0.2,0.2,0.04237330421846602,,,,,,NORMAL,True,True,True,True,False,False,False,True,False,1,0,1,
45e27dc5a2c148daaa728bbe,Module_12_CrossDomain,sklearn.datasets.load_breast_cancer,71aa3180a9c8c9abf1e45ef91d8c1dac2592948b3fa58a7da1cc3e16bef8c2df,bc_classifier_v1,breast_cancer_wisconsin,classification_breast_cancer,42,unit_17,2,3,2026-09-02T20:45:00Z,1.0.0,8e7fd68470057c99,0.1740777095413582,0.2,0.1,0.2,0.2,0.04237330421846602,,,,,,NORMAL,True,True,True,True,False,False,False,True,False,1,0,1,
dcef55c1fda5810491df4f47,Module_12_CrossDomain,sklearn.datasets.load_breast_cancer,71aa3180a9c8c9abf1e45ef91d8c1dac2592948b3fa58a7da1cc3e16bef8c2df,bc_classifier_v1,breast_cancer_wisconsin,classification_breast_cancer,42,unit_17,2,5,2026-09-02T20:45:00Z,1.0.0,8e7fd68470057c99,0.1740777095413582,0.2,0.1,0.2,0.2,0.04237330421846602,,,,,,NORMAL,True,True,True,True,False,False,False,True,False,1,0,1,
14be549d343f8d103c0731eb,Module_12_CrossDomain,sklearn.datasets.load_breast_cancer,71aa3180a9c8c9abf1e45ef91d8c1dac2592948b3fa58a7da1cc3e16bef8c2df,bc_classifier_v1,breast_cancer_wisconsin,classification_breast_cancer,42,unit_17,3,1,2026-09-02T20:45:00Z,1.0.0,8e7fd68470057c99,0.3151323113802558,0.2,0.1,0.2,0.2,0.08789979176032187,,,,,,NORMAL,True,True,True,True,False,False,False,True,False,1,0,1,
749bf534cfc0cf868b9b6d28,Module_12_CrossDomain,sklearn.datasets.load_breast_cancer,71aa3180a9c8c9abf1e45ef91d8c1dac2592948b3fa58a7da1cc3e16bef8c2df,bc_classifier_v1,breast_cancer_wisconsin,classification_breast_cancer,42,unit_17,3,2,2026-09-02T20:45:00Z,1.0.0,8e7fd68470057c99,0.3151323113802558,0.2,0.1,0.2,0.2,0.08789979176032187,,,,,,NORMAL,True,True,True,True,False,False,False,True,False,1,0,1,
94745a8a5fd57a732fc51a61,Module_12_CrossDomain,sklearn.datasets.load_breast_cancer,71aa3180a9c8c9abf1e45ef91d8c1dac2592948b3fa58a7da1cc3e16bef8c2df,bc_classifier_v1,breast_cancer_wisconsin,classification_breast_cancer,42,unit_17,3,3,2026-09-02T20:45:00Z,1.0.0,8e7fd68470057c99,0.3151323113802558,0.2,0.1,0.2,0.2,0.08789979176032187,,,,,,NORMAL,True,True,True,True,False,False,False,True,False,1,0,1,
3ccb724aeccdfc88013292f1,Module_12_CrossDomain,sklearn.datasets.load_breast_cancer,71aa3180a9c8c9abf1e45ef91d8c1dac2592948b3fa58a7da1cc3e16bef8c2df,bc_classifier_v1,breast_cancer_wisconsin,classification_breast_cancer,42,unit_17,3,5,2026-09-02T20:45:00Z,1.0.0,8e7fd68470057c99,0.3151323113802558,0.2,0.1,0.2,0.2,0.08789979176032187,,,,,,NORMAL,True,True,True,True,False,False,False,True,False,1,0,1,
ecf547e2d5daf3bfa2883ffe,Module_12_CrossDomain,sklearn.datasets.load_breast_cancer,71aa3180a9c8c9abf1e45ef91d8c1dac2592948b3fa58a7da1cc3e16bef8c2df,bc_classifier_v1,breast_cancer_wisconsin,classification_breast_cancer,42,unit_17,4,1,2026-09-02T20:45:00Z,1.0.0,8e7fd68470057c99,0.1371883228129302,0.2,0.1,0.2,0.2,0.041269141208375285,,,,,,NORMAL,True,True,True,True,False,False,False,True,False,1,0,1,
1a02a617f0f6dfccf2fafc37,Module_12_CrossDomain,sklearn.datasets.load_breast_cancer,71aa3180a9c8c9abf1e45ef91d8c1dac2592948b3fa58a7da1cc3e16bef8c2df,bc_classifier_v1,breast_cancer_wisconsin,classification_breast_cancer,42,unit_17,4,2,2026-09-02T20:45:00Z,1.0.0,8e7fd68470057c99,0.1371883228129302,0.2,0.1,0.2,0.2,0.041269141208375285,,,,,,NORMAL,True,True,True,True,False,False,False,True,False,1,0,1,
4b6069c98ba13284d90b4d24,Module_12_CrossDomain,sklearn.datasets.load_breast_cancer,71aa3180a9c8c9abf1e45ef91d8c1dac2592948b3fa58a7da1cc3e16bef8c2df,bc_classifier_v1,breast_cancer_wisconsin,classification_breast_cancer,42,unit_17,4,3,2026-09-02T20:45:00Z,1.0.0,8e7fd68470057c99,0.1371883228129302,0.2,0.1,0.2,0.2,0.041269141208375285,,,,,,NORMAL,True,True,True,True,False,False,False,True,False,1,0,1,
ade4905a7ede156019dcc53a,Module_12_CrossDomain,sklearn.datasets.load_breast_cancer,71aa3180a9c8c9abf1e45ef91d8c1dac2592948b3fa58a7da1cc3e16bef8c2df,bc_classifier_v1,breast_cancer_wisconsin,classification_breast_cancer,42,unit_17,4,5,2026-09-02T20:45:00Z,1.0.0,8e7fd68470057c99,0.1371883228129302,0.2,0.1,0.2,0.2,0.041269141208375285,,,,,,NORMAL,True,True,True,True,False,False,False,True,False,1,0,1,
a78ce087c452ded86c1aef8c,Module_12_CrossDomain,sklearn.datasets.load_breast_cancer,71aa3180a9c8c9abf1e45ef91d8c1dac2592948b3fa58a7da1cc3e16bef8c2df,bc_classifier_v1,breast_cancer_wisconsin,classification_breast_cancer,42,unit_17,5,1,2026-09-02T20:45:00Z,1.0.0,8e7fd68470057c99,0.2194800316686542,0.2,0.1,0.2,0.2,0.05233964887726064,,,,,,NORMAL,True,True,True,True,False,False,False,True,False,1,0,1,
1eeaec8f7ce121c264b629f4,Module_12_CrossDomain,sklearn.datasets.load_breast_cancer,71aa3180a9c8c9abf1e45ef91d8c1dac2592948b3fa58a7da1cc3e16bef8c2df,bc_classifier_v1,breast_cancer_wisconsin,classification_breast_cancer,42,unit_17,5,2,2026-09-02T20:45:00Z,1.0.0,8e7fd68470057c99,0.2194800316686542,0.2,0.1,0.2,0.2,0.05233964887726064,,,,,,NORMAL,True,True,True,True,False,False,False,True,False,1,0,1,
593e1acb54885742da8c1bab,Module_12_CrossDomain,sklearn.datasets.load_breast_cancer,71aa3180a9c8c9abf1e45ef91d8c1dac2592948b3fa58a7da1cc3e16bef8c2df,bc_classifier_v1,breast_cancer_wisconsin,classification_breast_cancer,42,unit_17,5,3,2026-09-02T20:45:00Z,1.0.0,8e7fd68470057c99,0.2194800316686542,0.2,0.1,0.2,0.2,0.05233964887726064,,,,,,NORMAL,True,True,True,True,False,False,False,True,False,1,0,1,
20396ea62064796abb11f067,Module_12_CrossDomain,sklearn.datasets.load_breast_cancer,71aa3180a9c8c9abf1e45ef91d8c1dac2592948b3fa58a7da1cc3e16bef8c2df,bc_classifier_v1,breast_cancer_wisconsin,classification_breast_cancer,42,unit_17,5,5,2026-09-02T20:45:00Z,1.0.0,8e7fd68470057c99,0.2194800316686542,0.2,0.1,0.2,0.2,0.05233964887726064,,,,,,NORMAL,True,True,True,True,False,False,False,True,False,1,0,1,
181e9852a4bc008abb166bfa,Module_12_CrossDomain,sklearn.datasets.load_breast_cancer,71aa3180a9c8c9abf1e45ef91d8c1dac2592948b3fa58a7da1cc3e16bef8c2df,bc_classifier_v1,breast_cancer_wisconsin,classification_breast_cancer,42,unit_17,6,1,2026-09-02T20:45:00Z,1.0.0,8e7fd68470057c99,0.11732480688223826,0.2,0.1,0.2,0.2,0.043634003675225144,,,,,,NORMAL,True,True,True,True,False,False,False,True,False,1,0,1,
376a1c53e286879c00d6dd66,Module_12_CrossDomain,sklearn.datasets.load_breast_cancer,71aa3180a9c8c9abf1e45ef91d8c1dac2592948b3fa58a7da1cc3e16bef8c2df,bc_classifier_v1,breast_cancer_wisconsin,classification_breast_cancer,42,unit_17,6,2,2026-09-02T20:45:00Z,1.0.0,8e7fd68470057c99,0.11732480688223826,0.2,0.1,0.2,0.2,0.043634003675225144,,,,,,NORMAL,True,True,True,True,False,False,False,True,False,1,0,1,
2c7398bd4c93dc77f0aacc13,Module_12_CrossDomain,sklearn.datasets.load_breast_cancer,71aa3180a9c8c9abf1e45ef91d8c1dac2592948b3fa58a7da1cc3e16bef8c2df,bc_classifier_v1,breast_cancer_wisconsin,classification_breast_cancer,42,unit_17,6,3,2026-09-02T20:45:00Z,1.0.0,8e7fd68470057c99,0.11732480688223826,0.2,0.1,0.2,0.2,0.043634003675225144,,,,,,NORMAL,True,True,True,True,False,False,False,True,False,1,0,1,
ea2f5e66beafcc18b4334d67,Module_12_CrossDomain,sklearn.datasets.load_breast_cancer,71aa3180a9c8c9abf1e45ef91d8c1dac2592948b3fa58a7da1cc3e16bef8c2df,bc_classifier_v1,breast_cancer_wisconsin,classification_breast_cancer,42,unit_17,6,5,2026-09-02T20:45:00Z,1.0.0,8e7fd68470057c99,0.11732480688223826,0.2,0.1,0.2,0.2,0.043634003675225144,,,,,,NORMAL,True,True,True,True,False,False,False,True,False,1,0,1,
e7f03e19e08bf5ce8576d798,Module_12_CrossDomain,sklearn.datasets.load_breast_cancer,71aa3180a9c8c9abf1e45ef91d8c1dac2592948b3fa58a7da1cc3e16bef8c2df,bc_classifier_v1,breast_cancer_wisconsin,classification_breast_cancer,42,unit_17,7,1,2026-09-02T20:45:00Z,1.0.0,8e7fd68470057c99,0.03590803029738561,0.2,0.1,0.2,0.2,0.06752279870223633,,,,,,NORMAL,True,True,True,True,False,False,False,True,False,1,0,1,
d47de5ad4a532828cf03deba,Module_12_CrossDomain,sklearn.datasets.load_breast_cancer,71aa3180a9c8c9abf1e45ef91d8c1dac2592948b3fa58a7da1cc3e16bef8c2df,bc_classifier_v1,breast_cancer_wisconsin,classification_breast_cancer,42,unit_17,7,2,2026-09-02T20:45:00Z,1.0.0,8e7fd68470057c99,0.03590803029738561,0.2,0.1,0.2,0.2,0.06752279870223633,,,,,,NORMAL,True,True,True,True,False,False,False,True,False,1,0,1,
d9fef402f43531c6db351b55,Module_12_CrossDomain,sklearn.datasets.load_breast_cancer,71aa3180a9c8c9abf1e45ef91d8c1dac2592948b3fa58a7da1cc3e16bef8c2df,bc_classifier_v1,breast_cancer_wisconsin,classification_breast_cancer,42,unit_17,7,3,2026-09-02T20:45:00Z,1.0.0,8e7fd68470057c99,0.03590803029738561,0.2,0.1,0.2,0.2,0.06752279870223633,,,,,,NORMAL,True,True,True,True,False,False,False,True,False,1,0,1,
300ba3e84615c325b1d0c0d3,Module_12_CrossDomain,sklearn.datasets.load_breast_cancer,71aa3180a9c8c9abf1e45ef91d8c1dac2592948b3fa58a7da1cc3e16bef8c2df,bc_classifier_v1,breast_cancer_wisconsin,classification_breast_cancer,42,unit_17,7,5,2026-09-02T20:45:00Z,1.0.0,8e7fd68470057c99,0.03590803029738561,0.2,0.1,0.2,0.2,0.06752279870223633,,,,,,NORMAL,True,True,True,True,False,False,False,True,False,1,0,1,
60e213f07903dd6f3cdec172,Module_12_CrossDomain,sklearn.datasets.load_breast_cancer,71aa3180a9c8c9abf1e45ef91d8c1dac2592948b3fa58a7da1cc3e16bef8c2df,bc_classifier_v1,breast_cancer_wisconsin,classification_breast_cancer,42,unit_17,8,1,2026-09-02T20:45:00Z,1.0.0,8e7fd68470057c99,0.15080901945111902,0.2,0.1,0.2,0.2,0.04082661036484331,,,,,,NORMAL,True,True,True,True,False,False,False,True,False,1,0,1,
5eee31e00bcb75005f28d9d0,Module_12_CrossDomain,sklearn.datasets.load_breast_cancer,71aa3180a9c8c9abf1e45ef91d8c1dac2592948b3fa58a7da1cc3e16bef8c2df,bc_classifier_v1,breast_cancer_wisconsin,classification_breast_cancer,42,unit_17,8,2,2026-09-02T20:45:00Z,1.0.0,8e7fd68470057c99,0.15080901945111902,0.2,0.1,0.2,0.2,0.04082661036484331,,,,,,NORMAL,True,True,True,True,False,False,False,True,False,1,0,1,
d99ae6fda892e3f648af2740,Module_12_CrossDomain,sklearn.datasets.load_breast_cancer,71aa3180a9c8c9abf1e45ef91d8c1dac2592948b3fa58a7da1cc3e16bef8c2df,bc_classifier_v1,breast_cancer_wisconsin,classification_breast_cancer,42,unit_17,8,3,2026-09-02T20:45:00Z,1.0.0,8e7fd68470057c99,0.15080901945111902,0.2,0.1,0.2,0.2,0.04082661036484331,,,,,,NORMAL,True,True,True,True,False,False,False,True,False,1,0,1,
6082a966a411cdb7e6d13591,Module_12_CrossDomain,sklearn.datasets.load_breast_cancer,71aa3180a9c8c9abf1e45ef91d8c1dac2592948b3fa58a7da1cc3e16bef8c2df,bc_classifier_v1,breast_cancer_wisconsin,classification_breast_cancer,42,unit_17,8,5,2026-09-02T20:45:00Z,1.0.0,8e7fd68470057c99,0.15080901945111902,0.2,0.1,0.2,0.2,0.04082661036484331,,,,,,NORMAL,True,True,True,True,False,False,False,True,False,1,0,1,
c9d44c5a2cddbbdd575d7a9c,Module_12_CrossDomain,sklearn.datasets.load_breast_cancer,71aa3180a9c8c9abf1e45ef91d8c1dac2592948b3fa58a7da1cc3e16bef8c2df,bc_classifier_v1,breast_cancer_wisconsin,classification_breast_cancer,42,unit_17,9,1,2026-09-02T20:45:00Z,1.0.0,8e7fd68470057c99,0.12356762617474151,0.2,0.1,0.2,0.2,0.04268403392901069,,,,,,NORMAL,True,True,True,True,False,False,False,True,False,1,0,1,
f40daebbd1ad7a5e53a8a156,Module_12_CrossDomain,sklearn.datasets.load_breast_cancer,71aa3180a9c8c9abf1e45ef91d8c1dac2592948b3fa58a7da1cc3e16bef8c2df,bc_classifier_v1,breast_cancer_wisconsin,classification_breast_cancer,42,unit_17,9,2,2026-09-02T20:45:00Z,1.0.0,8e7fd68470057c99,0.12356762617474151,0.2,0.1,0.2,0.2,0.04268403392901069,,,,,,NORMAL,True,True,True,True,False,False,False,True,False,1,0,1,
14d6da9b0098afd685044bef,Module_12_CrossDomain,sklearn.datasets.load_breast_cancer,71aa3180a9c8c9abf1e45ef91d8c1dac2592948b3fa58a7da1cc3e16bef8c2df,bc_classifier_v1,breast_cancer_wisconsin,classification_breast_cancer,42,unit_17,9,3,2026-09-02T20:45:00Z,1.0.0,8e7fd68470057c99,0.12356762617474151,0.2,0.1,0.2,0.2,0.04268403392901069,,,,,,NORMAL,True,True,True,True,False,False,False,True,False,1,0,1,
f2dfeca2eb04683d3be0d722,Module_12_CrossDomain,sklearn.datasets.load_breast_cancer,71aa3180a9c8c9abf1e45ef91d8c1dac2592948b3fa58a7da1cc3e16bef8c2df,bc_classifier_v1,breast_cancer_wisconsin,classification_breast_cancer,42,unit_17,9,5,2026-09-02T20:45:00Z,1.0.0,8e7fd68470057c99,0.12356762617474151,0.2,0.1,0.2,0.2,0.04268403392901069,,,,,,NORMAL,True,True,True,True,False,False,False,True,False,1,0,1,
d338f457bfcd369c364b82e8,Module_12_CrossDomain,sklearn.datasets.load_breast_cancer,71aa3180a9c8c9abf1e45ef91d8c1dac2592948b3fa58a7da1cc3e16bef8c2df,bc_classifier_v1,breast_cancer_wisconsin,classification_breast_cancer,42,unit_17,10,1,2026-09-02T20:45:00Z,1.0.0,8e7fd68470057c99,0.14002596794588623,0.2,0.1,0.2,0.2,0.04109469096669434,,,,,,NORMAL,True,True,True,True,False,False,False,True,False,1,0,0,
5dbe5e8cc9bb4989073f53c3,Module_12_CrossDomain,sklearn.datasets.load_breast_cancer,71aa3180a9c8c9abf1e45ef91d8c1dac2592948b3fa58a7da1cc3e16bef8c2df,bc_classifier_v1,breast_cancer_wisconsin,classification_breast_cancer,42,unit_17,10,2,2026-09-02T20:45:00Z,1.0.0,8e7fd68470057c99,0.14002596794588623,0.2,0.1,0.2,0.2,0.04109469096669434,,,,,,NORMAL,True,True,True,True,False,False,False,True,False,1,0,0,
338e7d6e6801a02520191b66,Module_12_CrossDomain,sklearn.datasets.load_breast_cancer,71aa3180a9c8c9abf1e45ef91d8c1dac2592948b3fa58a7da1cc3e16bef8c2df,bc_classifier_v1,breast_cancer_wisconsin,classification_breast_cancer,42,unit_17,10,3,2026-09-02T20:45:00Z,1.0.0,8e7fd68470057c99,0.14002596794588623,0.2,0.1,0.2,0.2,0.04109469096669434,,,,,,NORMAL,True,True,True,True,False,False,False,True,False,1,0,0,
b8c743daaf986e6ebedff51d,Module_12_CrossDomain,sklearn.datasets.load_breast_cancer,71aa3180a9c8c9abf1e45ef91d8c1dac2592948b3fa58a7da1cc3e16bef8c2df,bc_classifier_v1,breast_cancer_wisconsin,classification_breast_cancer,42,unit_17,10,5,2026-09-02T20:45:00Z,1.0.0,8e7fd68470057c99,0.14002596794588623,0.2,0.1,0.2,0.2,0.04109469096669434,,,,,,NORMAL,True,True,True,True,False,False,False,True,False,1,0,1,
a2b9d1cc2d9ab9cf5feda4fc,Module_12_CrossDomain,sklearn.datasets.load_breast_cancer,71aa3180a9c8c9abf1e45ef91d8c1dac2592948b3fa58a7da1cc3e16bef8c2df,bc_classifier_v1,breast_cancer_wisconsin,classification_breast_cancer,42,unit_17,11,1,2026-09-02T20:45:00Z,1.0.0,8e7fd68470057c99,0.09209340392991439,0.2,0.1,0.2,0.2,0.04911024755797252,,,,,,NORMAL,True,True,True,True,False,False,False,True,False,1,0,0,
2d60a84879dd1695dfcc44cf,Module_12_CrossDomain,sklearn.datasets.load_breast_cancer,71aa3180a9c8c9abf1e45ef91d8c1dac2592948b3fa58a7da1cc3e16bef8c2df,bc_classifier_v1,breast_cancer_wisconsin,classification_breast_cancer,42,unit_17,11,2,2026-09-02T20:45:00Z,1.0.0,8e7fd68470057c99,0.09209340392991439,0.2,0.1,0.2,0.2,0.04911024755797252,,,,,,NORMAL,True,True,True,True,False,False,False,True,False,1,0,0,
a8673c5b72612321c6794ec6,Module_12_CrossDomain,sklearn.datasets.load_breast_cancer,71aa3180a9c8c9abf1e45ef91d8c1dac2592948b3fa58a7da1cc3e16bef8c2df,bc_classifier_v1,breast_cancer_wisconsin,classification_breast_cancer,42,unit_17,11,3,2026-09-02T20:45:00Z,1.0.0,8e7fd68470057c99,0.09209340392991439,0.2,0.1,0.2,0.2,0.04911024755797252,,,,,,NORMAL,True,True,True,True,False,False,False,True,False,1,0,1,
e83805b87e49e69ea8761ca0,Module_12_CrossDomain,sklearn.datasets.load_breast_cancer,71aa3180a9c8c9abf1e45ef91d8c1dac2592948b3fa58a7da1cc3e16bef8c2df,bc_classifier_v1,breast_cancer_wisconsin,classification_breast_cancer,42,unit_17,11,5,2026-09-02T20:45:00Z,1.0.0,8e7fd68470057c99,0.09209340392991439,0.2,0.1,0.2,0.2,0.04911024755797252,,,,,,NORMAL,True,True,True,True,False,False,False,True,False,1,0,1,
48663c43db26615242ddb53f,Module_12_CrossDomain,sklearn.datasets.load_breast_cancer,71aa3180a9c8c9abf1e45ef91d8c1dac2592948b3fa58a7da1cc3e16bef8c2df,bc_classifier_v1,breast_cancer_wisconsin,classification_breast_cancer,42,unit_17,12,1,2026-09-02T20:45:00Z,1.0.0,8e7fd68470057c99,0.6584873724679317,0.2,0.1,0.2,0.2,0.24315491539315748,,,,,,NORMAL,True,True,True,True,False,False,False,True,False,1,0,0,
46d661ffd0a6095dbef920c5,Module_12_CrossDomain,sklearn.datasets.load_breast_cancer,71aa3180a9c8c9abf1e45ef91d8c1dac2592948b3fa58a7da1cc3e16bef8c2df,bc_classifier_v1,breast_cancer_wisconsin,classification_breast_cancer,42,unit_17,12,2,2026-09-02T20:45:00Z,1.0.0,8e7fd68470057c99,0.6584873724679317,0.2,0.1,0.2,0.2,0.24315491539315748,,,,,,NORMAL,True,True,True,True,False,False,False,True,False,1,0,1,
e9a4dd73faf52dd427b7bd88,Module_12_CrossDomain,sklearn.datasets.load_breast_cancer,71aa3180a9c8c9abf1e45ef91d8c1dac2592948b3fa58a7da1cc3e16bef8c2df,bc_classifier_v1,breast_cancer_wisconsin,classification_breast_cancer,42,unit_17,12,3,2026-09-02T20:45:00Z,1.0.0,8e7fd68470057c99,0.6584873724679317,0.2,0.1,0.2,0.2,0.24315491539315748,,,,,,NORMAL,True,True,True,True,False,False,False,True,False,1,0,1,
f3717ce87b1948e07bf6706d,Module_12_CrossDomain,sklearn.datasets.load_breast_cancer,71aa3180a9c8c9abf1e45ef91d8c1dac2592948b3fa58a7da1cc3e16bef8c2df,bc_classifier_v1,breast_cancer_wisconsin,classification_breast_cancer,42,unit_17,12,5,2026-09-02T20:45:00Z,1.0.0,8e7fd68470057c99,0.6584873724679317,0.2,0.1,0.2,0.2,0.24315491539315748,,,,,,NORMAL,True,True,True,True,False,False,False,True,False,1,0,1,
0ddae685b73f940244d9604d,Module_12_CrossDomain,sklearn.datasets.load_breast_cancer,71aa3180a9c8c9abf1e45ef91d8c1dac2592948b3fa58a7da1cc3e16bef8c2df,bc_classifier_v1,breast_cancer_wisconsin,classification_breast_cancer,42,unit_17,13,1,2026-09-02T20:45:00Z,1.0.0,8e7fd68470057c99,0.05406895914830402,0.2,0.1,0.2,0.2,0.06092393180368408,,,,,,NORMAL,True,True,True,True,False,False,False,True,False,1,0,1,
97b0d56790db70d9cfabdadd,Module_12_CrossDomain,sklearn.datasets.load_breast_cancer,71aa3180a9c8c9abf1e45ef91d8c1dac2592948b3fa58a7da1cc3e16bef8c2df,bc_classifier_v1,breast_cancer_wisconsin,classification_breast_cancer,42,unit_17,13,2,2026-09-02T20:45:00Z,1.0.0,8e7fd68470057c99,0.05406895914830402,0.2,0.1,0.2,0.2,0.06092393180368408,,,,,,NORMAL,True,True,True,True,False,False,False,True,False,1,0,1,
e0811c0fb48e4c39b35d9786,Module_12_CrossDomain,sklearn.datasets.load_breast_cancer,71aa3180a9c8c9abf1e45ef91d8c1dac2592948b3fa58a7da1cc3e16bef8c2df,bc_classifier_v1,breast_cancer_wisconsin,classification_breast_cancer,42,unit_17,13,3,2026-09-02T20:45:00Z,1.0.0,8e7fd68470057c99,0.05406895914830402,0.2,0.1,0.2,0.2,0.06092393180368408,,,,,,NORMAL,True,True,True,True,False,False,False,True,False,1,0,1,
73a3c8a9504baf3846a910c2,Module_12_CrossDomain,sklearn.datasets.load_breast_cancer,71aa3180a9c8c9abf1e45ef91d8c1dac2592948b3fa58a7da1cc3e16bef8c2df,bc_classifier_v1,breast_cancer_wisconsin,classification_breast_cancer,42,unit_17,13,5,2026-09-02T20:45:00Z,1.0.0,8e7fd68470057c99,0.05406895914830402,0.2,0.1,0.2,0.2,0.06092393180368408,,,,,,NORMAL,True,True,True,True,False,False,False,True,False,1,0,1,
cdbeaf907c6e078f5c7d4a00,Module_12_CrossDomain,sklearn.datasets.load_breast_cancer,71aa3180a9c8c9abf1e45ef91d8c1dac2592948b3fa58a7da1cc3e16bef8c2df,bc_classifier_v1,breast_cancer_wisconsin,classification_breast_cancer,42,unit_17,14,1,2026-09-02T20:45:00Z,1.0.0,8e7fd68470057c99,0.16953747732862862,0.2,0.1,0.2,0.2,0.041850827737378214,,,,,,NORMAL,True,True,True,True,False,False,False,True,False,1,0,1,
7d1b862f8dfa1749d7cb2b97,Module_12_CrossDomain,sklearn.datasets.load_breast_cancer,71aa3180a9c8c9abf1e45ef91d8c1dac2592948b3fa58a7da1cc3e16bef8c2df,bc_classifier_v1,breast_cancer_wisconsin,classification_breast_cancer,42,unit_17,14,2,2026-09-02T20:45:00Z,1.0.0,8e7fd68470057c99,0.16953747732862862,0.2,0.1,0.2,0.2,0.041850827737378214,,,,,,NORMAL,True,True,True,True,False,False,False,True,False,1,0,1,
a285ef51e3e2dcfc16e50d5a,Module_12_CrossDomain,sklearn.datasets.load_breast_cancer,71aa3180a9c8c9abf1e45ef91d8c1dac2592948b3fa58a7da1cc3e16bef8c2df,bc_classifier_v1,breast_cancer_wisconsin,classification_breast_cancer,42,unit_17,14,3,2026-09-02T20:45:00Z,1.0.0,8e7fd68470057c99,0.16953747732862862,0.2,0.1,0.2,0.2,0.041850827737378214,,,,,,NORMAL,True,True,True,True,False,False,False,True,False,1,0,1,
1aab65c133cdc828681498b9,Module_12_CrossDomain,sklearn.datasets.load_breast_cancer,71aa3180a9c8c9abf1e45ef91d8c1dac2592948b3fa58a7da1cc3e16bef8c2df,bc_classifier_v1,breast_cancer_wisconsin,classification_breast_cancer,42,unit_17,14,5,2026-09-02T20:45:00Z,1.0.0,8e7fd68470057c99,0.16953747732862862,0.2,0.1,0.2,0.2,0.041850827737378214,,,,,,NORMAL,True,True,True,True,False,False,False,True,False,1,0,1,
7ab3050bd12c607a612bf3e1,Module_12_CrossDomain,sklearn.datasets.load_breast_cancer,71aa3180a9c8c9abf1e45ef91d8c1dac2592948b3fa58a7da1cc3e16bef8c2df,bc_classifier_v1,breast_cancer_wisconsin,classification_breast_cancer,42,unit_17,15,1,2026-09-02T20:45:00Z,1.0.0,8e7fd68470057c99,0.08894835555267827,0.2,0.1,0.2,0.2,0.049949537401310654,,,,,,NORMAL,True,True,True,True,False,False,False,True,False,1,0,1,
75005b8c7e5bdb4d24b86b9a,Module_12_CrossDomain,sklearn.datasets.load_breast_cancer,71aa3180a9c8c9abf1e45ef91d8c1dac2592948b3fa58a7da1cc3e16bef8c2df,bc_classifier_v1,breast_cancer_wisconsin,classification_breast_cancer,42,unit_17,15,2,2026-09-02T20:45:00Z,1.0.0,8e7fd68470057c99,0.08894835555267827,0.2,0.1,0.2,0.2,0.049949537401310654,,,,,,NORMAL,True,True,True,True,False,False,False,True,False,1,0,1,
6673cb99920ab3b4dc2c41ab,Module_12_CrossDomain,sklearn.datasets.load_breast_cancer,71aa3180a9c8c9abf1e45ef91d8c1dac2592948b3fa58a7da1cc3e16bef8c2df,bc_classifier_v1,breast_cancer_wisconsin,classification_breast_cancer,42,unit_17,15,3,2026-09-02T20:45:00Z,1.0.0,8e7fd68470057c99,0.08894835555267827,0.2,0.1,0.2,0.2,0.049949537401310654,,,,,,NORMAL,True,True,True,True,False,False,False,True,False,1,0,1,
196149737efa9d10f5b64050,Module_12_CrossDomain,sklearn.datasets.load_breast_cancer,71aa3180a9c8c9abf1e45ef91d8c1dac2592948b3fa58a7da1cc3e16bef8c2df,bc_classifier_v1,breast_cancer_wisconsin,classification_breast_cancer,42,unit_17,15,5,2026-09-02T20:45:00Z,1.0.0,8e7fd68470057c99,0.08894835555267827,0.2,0.1,0.2,0.2,0.049949537401310654,,,,,,NORMAL,True,True,True,True,False,False,False,True,False,1,0,1,
6f115add21b94ab403aee82a,Module_12_CrossDomain,sklearn.datasets.load_breast_cancer,71aa3180a9c8c9abf1e45ef91d8c1dac2592948b3fa58a7da1cc3e16bef8c2df,bc_classifier_v1,breast_cancer_wisconsin,classification_breast_cancer,42,unit_17,16,1,2026-09-02T20:45:00Z,1.0.0,8e7fd68470057c99,0.061139433249709475,0.2,0.1,0.2,0.2,0.058492545248058636,,,,,,NORMAL,True,True,True,True,False,False,False,True,False,1,0,1,
2d38fa6ccbfb6be4acd54e85,Module_12_CrossDomain,sklearn.datasets.load_breast_cancer,71aa3180a9c8c9abf1e45ef91d8c1dac2592948b3fa58a7da1cc3e16bef8c2df,bc_classifier_v1,breast_cancer_wisconsin,classification_breast_cancer,42,unit_17,16,2,2026-09-02T20:45:00Z,1.0.0,8e7fd68470057c99,0.061139433249709475,0.2,0.1,0.2,0.2,0.058492545248058636,,,,,,NORMAL,True,True,True,True,False,False,False,True,False,1,0,1,
9208f616e88b097fb6c59875,Module_12_CrossDomain,sklearn.datasets.load_breast_cancer,71aa3180a9c8c9abf1e45ef91d8c1dac2592948b3fa58a7da1cc3e16bef8c2df,bc_classifier_v1,breast_cancer_wisconsin,classification_breast_cancer,42,unit_17,16,3,2026-09-02T20:45:00Z,1.0.0,8e7fd68470057c99,0.061139433249709475,0.2,0.1,0.2,0.2,0.058492545248058636,,,,,,NORMAL,True,True,True,True,False,False,False,True,False,1,0,1,
f2f38ac5365a3e6755febbfe,Module_12_CrossDomain,sklearn.datasets.load_breast_cancer,71aa3180a9c8c9abf1e45ef91d8c1dac2592948b3fa58a7da1cc3e16bef8c2df,bc_classifier_v1,breast_cancer_wisconsin,classification_breast_cancer,42,unit_17,16,5,2026-09-02T20:45:00Z,1.0.0,8e7fd68470057c99,0.061139433249709475,0.2,0.1,0.2,0.2,0.058492545248058636,,,,,,NORMAL,True,True,True,True,False,False,False,True,False,1,0,1,
7215b7d789898f837a4d86e9,Module_12_CrossDomain,sklearn.datasets.load_breast_cancer,71aa3180a9c8c9abf1e45ef91d8c1dac2592948b3fa58a7da1cc3e16bef8c2df,bc_classifier_v1,breast_cancer_wisconsin,classification_breast_cancer,42,unit_17,17,1,2026-09-02T20:45:00Z,1.0.0,8e7fd68470057c99,0.014602053069231185,0.2,0.1,0.2,0.2,0.07576660658901753,,,,,,NORMAL,True,True,True,True,False,False,False,True,False,1,0,1,
367a94dcfc6d2d37a50d692d,Module_12_CrossDomain,sklearn.datasets.load_breast_cancer,71aa3180a9c8c9abf1e45ef91d8c1dac2592948b3fa58a7da1cc3e16bef8c2df,bc_classifier_v1,breast_cancer_wisconsin,classification_breast_cancer,42,unit_17,17,2,2026-09-02T20:45:00Z,1.0.0,8e7fd68470057c99,0.014602053069231185,0.2,0.1,0.2,0.2,0.07576660658901753,,,,,,NORMAL,True,True,True,True,False,False,False,True,False,1,0,1,
c6322676bbb0ab90f8d8c6ad,Module_12_CrossDomain,sklearn.datasets.load_breast_cancer,71aa3180a9c8c9abf1e45ef91d8c1dac2592948b3fa58a7da1cc3e16bef8c2df,bc_classifier_v1,breast_cancer_wisconsin,classification_breast_cancer,42,unit_17,17,3,2026-09-02T20:45:00Z,1.0.0,8e7fd68470057c99,0.014602053069231185,0.2,0.1,0.2,0.2,0.07576660658901753,,,,,,NORMAL,True,True,True,True,False,False,False,True,False,1,0,1,
f814349548875987d5af861e,Module_12_CrossDomain,sklearn.datasets.load_breast_cancer,71aa3180a9c8c9abf1e45ef91d8c1dac2592948b3fa58a7da1cc3e16bef8c2df,bc_classifier_v1,breast_cancer_wisconsin,classification_breast_cancer,42,unit_17,17,5,2026-09-02T20:45:00Z,1.0.0,8e7fd68470057c99,0.014602053069231185,0.2,0.1,0.2,0.2,0.07576660658901753,,,,,,NORMAL,True,True,True,True,False,False,False,True,False,1,0,1,
94715f5cf7c823b85558331a,Module_12_CrossDomain,sklearn.datasets.load_breast_cancer,71aa3180a9c8c9abf1e45ef91d8c1dac2592948b3fa58a7da1cc3e16bef8c2df,bc_classifier_v1,breast_cancer_wisconsin,classification_breast_cancer,42,unit_17,18,1,2026-09-02T20:45:00Z,1.0.0,8e7fd68470057c99,0.297912543143558,0.2,0.1,0.2,0.2,0.08079895546518862,,,,,,NORMAL,True,True,True,True,False,False,False,True,False,1,0,1,
999e8805c27cc234edb312ac,Module_12_CrossDomain,sklearn.datasets.load_breast_cancer,71aa3180a9c8c9abf1e45ef91d8c1dac2592948b3fa58a7da1cc3e16bef8c2df,bc_classifier_v1,breast_cancer_wisconsin,classification_breast_cancer,42,unit_17,18,2,2026-09-02T20:45:00Z,1.0.0,8e7fd68470057c99,0.297912543143558,0.2,0.1,0.2,0.2,0.08079895546518862,,,,,,NORMAL,True,True,True,True,False,False,False,True,False,1,0,1,
6d15ebf4dd6293bd719005aa,Module_12_CrossDomain,sklearn.datasets.load_breast_cancer,71aa3180a9c8c9abf1e45ef91d8c1dac2592948b3fa58a7da1cc3e16bef8c2df,bc_classifier_v1,breast_cancer_wisconsin,classification_breast_cancer,42,unit_17,18,3,2026-09-02T20:45:00Z,1.0.0,8e7fd68470057c99,0.297912543143558,0.2,0.1,0.2,0.2,0.08079895546518862,,,,,,NORMAL,True,True,True,True,False,False,False,True,False,1,0,1,
511c129d7f988920efe0592b,Module_12_CrossDomain,sklearn.datasets.load_breast_cancer,71aa3180a9c8c9abf1e45ef91d8c1dac2592948b3fa58a7da1cc3e16bef8c2df,bc_classifier_v1,breast_cancer_wisconsin,classification_breast_cancer,42,unit_17,18,5,2026-09-02T20:45:00Z,1.0.0,8e7fd68470057c99,0.297912543143558,0.2,0.1,0.2,0.2,0.08079895546518862,,,,,,NORMAL,True,True,True,True,False,False,False,True,False,1,0,1,
be6b0356b13218a445ed0f4e,Module_12_CrossDomain,sklearn.datasets.load_breast_cancer,71aa3180a9c8c9abf1e45ef91d8c1dac2592948b3fa58a7da1cc3e16bef8c2df,bc_classifier_v1,breast_cancer_wisconsin,classification_breast_cancer,42,unit_17,19,1,2026-09-02T20:45:00Z,1.0.0,8e7fd68470057c99,0.26624442345976906,0.2,0.1,0.2,0.2,0.06833376582870304,,,,,,NORMAL,True,True,True,True,False,False,False,True,False,1,0,0,
a574b76a6b796fc7d30c4a6e,Module_12_CrossDomain,sklearn.datasets.load_breast_cancer,71aa3180a9c8c9abf1e45ef91d8c1dac2592948b3fa58a7da1cc3e16bef8c2df,bc_classifier_v1,breast_cancer_wisconsin,classification_breast_cancer,42,unit_17,19,2,2026-09-02T20:45:00Z,1.0.0,8e7fd68470057c99,0.26624442345976906,0.2,0.1,0.2,0.2,0.06833376582870304,,,,,,NORMAL,True,True,True,True,False,False,False,True,False,1,0,0,
5a2f81c665475e60eea444aa,Module_12_CrossDomain,sklearn.datasets.load_breast_cancer,71aa3180a9c8c9abf1e45ef91d8c1dac2592948b3fa58a7da1cc3e16bef8c2df,bc_classifier_v1,breast_cancer_wisconsin,classification_breast_cancer,42,unit_17,19,3,2026-09-02T20:45:00Z,1.0.0,8e7fd68470057c99,0.26624442345976906,0.2,0.1,0.2,0.2,0.06833376582870304,,,,,,NORMAL,True,True,True,True,False,False,False,True,False,1,0,0,
c9b567a5457d6f098e4a1f4e,Module_12_CrossDomain,sklearn.datasets.load_breast_cancer,71aa3180a9c8c9abf1e45ef91d8c1dac2592948b3fa58a7da1cc3e16bef8c2df,bc_classifier_v1,breast_cancer_wisconsin,classification_breast_cancer,42,unit_17,19,5,2026-09-02T20:45:00Z,1.0.0,8e7fd68470057c99,0.26624442345976906,0.2,0.1,0.2,0.2,0.06833376582870304,,,,,,NORMAL,True,True,True,True,False,False,False,True,False,1,0,0,
fef4e6d294d5242d3d16767d,Module_12_CrossDomain,sklearn.datasets.load_breast_cancer,71aa3180a9c8c9abf1e45ef91d8c1dac2592948b3fa58a7da1cc3e16bef8c2df,bc_classifier_v1,breast_cancer_wisconsin,classification_breast_cancer,42,unit_18,0,1,2026-09-02T20:45:00Z,1.0.0,8e7fd68470057c99,0.09008341360586074,0.2,0.1,0.2,0.2,0.049643165189460665,,,,,,NORMAL,True,True,True,True,False,False,False,True,False,1,0,1,0.0
38e7adadc2916fc38995d0dc,Module_12_CrossDomain,sklearn.datasets.load_breast_cancer,71aa3180a9c8c9abf1e45ef91d8c1dac2592948b3fa58a7da1cc3e16bef8c2df,bc_classifier_v1,breast_cancer_wisconsin,classification_breast_cancer,42,unit_18,0,2,2026-09-02T20:45:00Z,1.0.0,8e7fd68470057c99,0.09008341360586074,0.2,0.1,0.2,0.2,0.049643165189460665,,,,,,NORMAL,True,True,True,True,False,False,False,True,False,1,0,1,0.0
04df5570275a33b04e476d7b,Module_12_CrossDomain,sklearn.datasets.load_breast_cancer,71aa3180a9c8c9abf1e45ef91d8c1dac2592948b3fa58a7da1cc3e16bef8c2df,bc_classifier_v1,breast_cancer_wisconsin,classification_breast_cancer,42,unit_18,0,3,2026-09-02T20:45:00Z,1.0.0,8e7fd68470057c99,0.09008341360586074,0.2,0.1,0.2,0.2,0.049643165189460665,,,,,,NORMAL,True,True,True,True,False,False,False,True,False,1,0,1,0.0
ccdd3d9aa1bf930a8da4841f,Module_12_CrossDomain,sklearn.datasets.load_breast_cancer,71aa3180a9c8c9abf1e45ef91d8c1dac2592948b3fa58a7da1cc3e16bef8c2df,bc_classifier_v1,breast_cancer_wisconsin,classification_breast_cancer,42,unit_18,0,5,2026-09-02T20:45:00Z,1.0.0,8e7fd68470057c99,0.09008341360586074,0.2,0.1,0.2,0.2,0.049643165189460665,,,,,,NORMAL,True,True,True,True,False,False,False,True,False,1,0,1,0.0
6c2e45f80e7ca3d759be7fd9,Module_12_CrossDomain,sklearn.datasets.load_breast_cancer,71aa3180a9c8c9abf1e45ef91d8c1dac2592948b3fa58a7da1cc3e16bef8c2df,bc_classifier_v1,breast_cancer_wisconsin,classification_breast_cancer,42,unit_18,1,1,2026-09-02T20:45:00Z,1.0.0,8e7fd68470057c99,0.04695120758492948,0.2,0.1,0.2,0.2,0.06345436438576117,,,,,,NORMAL,True,True,True,True,False,False,False,True,False,1,0,1,
0f4666a0a7dd073c9dace26f,Module_12_CrossDomain,sklearn.datasets.load_breast_cancer,71aa3180a9c8c9abf1e45ef91d8c1dac2592948b3fa58a7da1cc3e16bef8c2df,bc_classifier_v1,breast_cancer_wisconsin,classification_breast_cancer,42,unit_18,1,2,2026-09-02T20:45:00Z,1.0.0,8e7fd68470057c99,0.04695120758492948,0.2,0.1,0.2,0.2,0.06345436438576117,,,,,,NORMAL,True,True,True,True,False,False,False,True,False,1,0,1,
2389ff122b2651f4a1928671,Module_12_CrossDomain,sklearn.datasets.load_breast_cancer,71aa3180a9c8c9abf1e45ef91d8c1dac2592948b3fa58a7da1cc3e16bef8c2df,bc_classifier_v1,breast_cancer_wisconsin,classification_breast_cancer,42,unit_18,1,3,2026-09-02T20:45:00Z,1.0.0,8e7fd68470057c99,0.04695120758492948,0.2,0.1,0.2,0.2,0.06345436438576117,,,,,,NORMAL,True,True,True,True,False,False,False,True,False,1,0,1,
80a2e45664c928236df46aff,Module_12_CrossDomain,sklearn.datasets.load_breast_cancer,71aa3180a9c8c9abf1e45ef91d8c1dac2592948b3fa58a7da1cc3e16bef8c2df,bc_classifier_v1,breast_cancer_wisconsin,classification_breast_cancer,42,unit_18,1,5,2026-09-02T20:45:00Z,1.0.0,8e7fd68470057c99,0.04695120758492948,0.2,0.1,0.2,0.2,0.06345436438576117,,,,,,NORMAL,True,True,True,True,False,False,False,True,False,1,0,1,
e6d98ad2b9e55284e783e579,Module_12_CrossDomain,sklearn.datasets.load_breast_cancer,71aa3180a9c8c9abf1e45ef91d8c1dac2592948b3fa58a7da1cc3e16bef8c2df,bc_classifier_v1,breast_cancer_wisconsin,classification_breast_cancer,42,unit_18,2,1,2026-09-02T20:45:00Z,1.0.0,8e7fd68470057c99,0.07759777502085431,0.2,0.1,0.2,0.2,0.0532125344087918,,,,,,NORMAL,True,True,True,True,False,False,False,True,False,1,0,1,
437ca738a178145e8c2a05d4,Module_12_CrossDomain,sklearn.datasets.load_breast_cancer,71aa3180a9c8c9abf1e45ef91d8c1dac2592948b3fa58a7da1cc3e16bef8c2df,bc_classifier_v1,breast_cancer_wisconsin,classification_breast_cancer,42,unit_18,2,2,2026-09-02T20:45:00Z,1.0.0,8e7fd68470057c99,0.07759777502085431,0.2,0.1,0.2,0.2,0.0532125344087918,,,,,,NORMAL,True,True,True,True,False,False,False,True,False,1,0,1,
db532b39dd0e269b4d5fca03,Module_12_CrossDomain,sklearn.datasets.load_breast_cancer,71aa3180a9c8c9abf1e45ef91d8c1dac2592948b3fa58a7da1cc3e16bef8c2df,bc_classifier_v1,breast_cancer_wisconsin,classification_breast_cancer,42,unit_18,2,3,2026-09-02T20:45:00Z,1.0.0,8e7fd68470057c99,0.07759777502085431,0.2,0.1,0.2,0.2,0.0532125344087918,,,,,,NORMAL,True,True,True,True,False,False,False,True,False,1,0,1,
be4366978b165e5d9bafb346,Module_12_CrossDomain,sklearn.datasets.load_breast_cancer,71aa3180a9c8c9abf1e45ef91d8c1dac2592948b3fa58a7da1cc3e16bef8c2df,bc_classifier_v1,breast_cancer_wisconsin,classification_breast_cancer,42,unit_18,2,5,2026-09-02T20:45:00Z,1.0.0,8e7fd68470057c99,0.07759777502085431,0.2,0.1,0.2,0.2,0.0532125344087918,,,,,,NORMAL,True,True,True,True,False,False,False,True,False,1,0,1,
ea3e15993738300fead1de5e,Module_12_CrossDomain,sklearn.datasets.load_breast_cancer,71aa3180a9c8c9abf1e45ef91d8c1dac2592948b3fa58a7da1cc3e16bef8c2df,bc_classifier_v1,breast_cancer_wisconsin,classification_breast_cancer,42,unit_18,3,1,2026-09-02T20:45:00Z,1.0.0,8e7fd68470057c99,0.13465808092425435,0.2,0.1,0.2,0.2,0.04146048850258046,,,,,,NORMAL,True,True,True,True,False,False,False,True,False,1,0,1,
65075abe3c1713fa98a1935c,Module_12_CrossDomain,sklearn.datasets.load_breast_cancer,71aa3180a9c8c9abf1e45ef91d8c1dac2592948b3fa58a7da1cc3e16bef8c2df,bc_classifier_v1,breast_cancer_wisconsin,classification_breast_cancer,42,unit_18,3,2,2026-09-02T20:45:00Z,1.0.0,8e7fd68470057c99,0.13465808092425435,0.2,0.1,0.2,0.2,0.04146048850258046,,,,,,NORMAL,True,True,True,True,False,False,False,True,False,1,0,1,
2ecb1a71e05e1fe83bbe8e03,Module_12_CrossDomain,sklearn.datasets.load_breast_cancer,71aa3180a9c8c9abf1e45ef91d8c1dac2592948b3fa58a7da1cc3e16bef8c2df,bc_classifier_v1,breast_cancer_wisconsin,classification_breast_cancer,42,unit_18,3,3,2026-09-02T20:45:00Z,1.0.0,8e7fd68470057c99,0.13465808092425435,0.2,0.1,0.2,0.2,0.04146048850258046,,,,,,NORMAL,True,True,True,True,False,False,False,True,False,1,0,1,
c530c8ae98e09802c94cb57f,Module_12_CrossDomain,sklearn.datasets.load_breast_cancer,71aa3180a9c8c9abf1e45ef91d8c1dac2592948b3fa58a7da1cc3e16bef8c2df,bc_classifier_v1,breast_cancer_wisconsin,classification_breast_cancer,42,unit_18,3,5,2026-09-02T20:45:00Z,1.0.0,8e7fd68470057c99,0.13465808092425435,0.2,0.1,0.2,0.2,0.04146048850258046,,,,,,NORMAL,True,True,True,True,False,False,False,True,False,1,0,1,
d4d6fcbef0a7d273daad7c85,Module_12_CrossDomain,sklearn.datasets.load_breast_cancer,71aa3180a9c8c9abf1e45ef91d8c1dac2592948b3fa58a7da1cc3e16bef8c2df,bc_classifier_v1,breast_cancer_wisconsin,classification_breast_cancer,42,unit_18,4,1,2026-09-02T20:45:00Z,1.0.0,8e7fd68470057c99,0.0412759173190175,0.2,0.1,0.2,0.2,0.06552510317058496,,,,,,NORMAL,True,True,True,True,False,False,False,True,False,1,0,0,
08f9bec7bee6a38bfe7c4e50,Module_12_CrossDomain,sklearn.datasets.load_breast_cancer,71aa3180a9c8c9abf1e45ef91d8c1dac2592948b3fa58a7da1cc3e16bef8c2df,bc_classifier_v1,breast_cancer_wisconsin,classification_breast_cancer,42,unit_18,4,2,2026-09-02T20:45:00Z,1.0.0,8e7fd68470057c99,0.0412759173190175,0.2,0.1,0.2,0.2,0.06552510317058496,,,,,,NORMAL,True,True,True,True,False,False,False,True,False,1,0,0,
b5c2b0a612f19873e08348de,Module_12_CrossDomain,sklearn.datasets.load_breast_cancer,71aa3180a9c8c9abf1e45ef91d8c1dac2592948b3fa58a7da1cc3e16bef8c2df,bc_classifier_v1,breast_cancer_wisconsin,classification_breast_cancer,42,unit_18,4,3,2026-09-02T20:45:00Z,1.0.0,8e7fd68470057c99,0.0412759173190175,0.2,0.1,0.2,0.2,0.06552510317058496,,,,,,NORMAL,True,True,True,True,False,False,False,True,False,1,0,1,
3fd7897d470dd578ce04a389,Module_12_CrossDomain,sklearn.datasets.load_breast_cancer,71aa3180a9c8c9abf1e45ef91d8c1dac2592948b3fa58a7da1cc3e16bef8c2df,bc_classifier_v1,breast_cancer_wisconsin,classification_breast_cancer,42,unit_18,4,5,2026-09-02T20:45:00Z,1.0.0,8e7fd68470057c99,0.0412759173190175,0.2,0.1,0.2,0.2,0.06552510317058496,,,,,,NORMAL,True,True,True,True,False,False,False,True,False,1,0,1,
a7d4b99e40a0026de0c60c5b,Module_12_CrossDomain,sklearn.datasets.load_breast_cancer,71aa3180a9c8c9abf1e45ef91d8c1dac2592948b3fa58a7da1cc3e16bef8c2df,bc_classifier_v1,breast_cancer_wisconsin,classification_breast_cancer,42,unit_18,5,1,2026-09-02T20:45:00Z,1.0.0,8e7fd68470057c99,0.3582645174011871,0.2,0.1,0.2,0.2,0.10632665518041755,,,,,,NORMAL,True,True,True,True,False,False,False,True,False,1,0,0,
cb03fa0d981f733149be9bb4,Module_12_CrossDomain,sklearn.datasets.load_breast_cancer,71aa3180a9c8c9abf1e45ef91d8c1dac2592948b3fa58a7da1cc3e16bef8c2df,bc_classifier_v1,breast_cancer_wisconsin,classification_breast_cancer,42,unit_18,5,2,2026-09-02T20:45:00Z,1.0.0,8e7fd68470057c99,0.3582645174011871,0.2,0.1,0.2,0.2,0.10632665518041755,,,,,,NORMAL,True,True,True,True,False,False,False,True,False,1,0,1,
4ccf2b4963fb24426a3fb4a6,Module_12_CrossDomain,sklearn.datasets.load_breast_cancer,71aa3180a9c8c9abf1e45ef91d8c1dac2592948b3fa58a7da1cc3e16bef8c2df,bc_classifier_v1,breast_cancer_wisconsin,classification_breast_cancer,42,unit_18,5,3,2026-09-02T20:45:00Z,1.0.0,8e7fd68470057c99,0.3582645174011871,0.2,0.1,0.2,0.2,0.10632665518041755,,,,,,NORMAL,True,True,True,True,False,False,False,True,False,1,0,1,
674b6fdff4dd0725e52b1507,Module_12_CrossDomain,sklearn.datasets.load_breast_cancer,71aa3180a9c8c9abf1e45ef91d8c1dac2592948b3fa58a7da1cc3e16bef8c2df,bc_classifier_v1,breast_cancer_wisconsin,classification_breast_cancer,42,unit_18,5,5,2026-09-02T20:45:00Z,1.0.0,8e7fd68470057c99,0.3582645174011871,0.2,0.1,0.2,0.2,0.10632665518041755,,,,,,NORMAL,True,True,True,True,False,False,False,True,False,1,0,1,
7fd4deb4341e8162a7f6e83c,Module_12_CrossDomain,sklearn.datasets.load_breast_cancer,71aa3180a9c8c9abf1e45ef91d8c1dac2592948b3fa58a7da1cc3e16bef8c2df,bc_classifier_v1,breast_cancer_wisconsin,classification_breast_cancer,42,unit_18,6,1,2026-09-02T20:45:00Z,1.0.0,8e7fd68470057c99,0.34464382076299815,0.2,0.1,0.2,0.2,0.10042821312450904,,,,,,NORMAL,True,True,True,True,False,False,False,True,False,1,0,1,
a6686e6e3567593dea5a3afd,Module_12_CrossDomain,sklearn.datasets.load_breast_cancer,71aa3180a9c8c9abf1e45ef91d8c1dac2592948b3fa58a7da1cc3e16bef8c2df,bc_classifier_v1,breast_cancer_wisconsin,classification_breast_cancer,42,unit_18,6,2,2026-09-02T20:45:00Z,1.0.0,8e7fd68470057c99,0.34464382076299815,0.2,0.1,0.2,0.2,0.10042821312450904,,,,,,NORMAL,True,True,True,True,False,False,False,True,False,1,0,1,
3fdc8fd5ededc8c0b047f7d8,Module_12_CrossDomain,sklearn.datasets.load_breast_cancer,71aa3180a9c8c9abf1e45ef91d8c1dac2592948b3fa58a7da1cc3e16bef8c2df,bc_classifier_v1,breast_cancer_wisconsin,classification_breast_cancer,42,unit_18,6,3,2026-09-02T20:45:00Z,1.0.0,8e7fd68470057c99,0.34464382076299815,0.2,0.1,0.2,0.2,0.10042821312450904,,,,,,NORMAL,True,True,True,True,False,False,False,True,False,1,0,1,
5139029119d291f50d144836,Module_12_CrossDomain,sklearn.datasets.load_breast_cancer,71aa3180a9c8c9abf1e45ef91d8c1dac2592948b3fa58a7da1cc3e16bef8c2df,bc_classifier_v1,breast_cancer_wisconsin,classification_breast_cancer,42,unit_18,6,5,2026-09-02T20:45:00Z,1.0.0,8e7fd68470057c99,0.34464382076299815,0.2,0.1,0.2,0.2,0.10042821312450904,,,,,,NORMAL,True,True,True,True,False,False,False,True,False,1,0,1,
08c5a258fccb94cc48ae39a8,Module_12_CrossDomain,sklearn.datasets.load_breast_cancer,71aa3180a9c8c9abf1e45ef91d8c1dac2592948b3fa58a7da1cc3e16bef8c2df,bc_classifier_v1,breast_cancer_wisconsin,classification_breast_cancer,42,unit_18,7,1,2026-09-02T20:45:00Z,1.0.0,8e7fd68470057c99,0.10881187148337024,0.2,0.1,0.2,0.2,0.04520683805380286,,,,,,NORMAL,True,True,True,True,False,False,False,True,False,1,0,0,
58ba0d65c7c3061be3bc815f,Module_12_CrossDomain,sklearn.datasets.load_breast_cancer,71aa3180a9c8c9abf1e45ef91d8c1dac2592948b3fa58a7da1cc3e16bef8c2df,bc_classifier_v1,breast_cancer_wisconsin,classification_breast_cancer,42,unit_18,7,2,2026-09-02T20:45:00Z,1.0.0,8e7fd68470057c99,0.10881187148337024,0.2,0.1,0.2,0.2,0.04520683805380286,,,,,,NORMAL,True,True,True,True,False,False,False,True,False,1,0,0,
ae0e63d53d9cc22e392cedfc,Module_12_CrossDomain,sklearn.datasets.load_breast_cancer,71aa3180a9c8c9abf1e45ef91d8c1dac2592948b3fa58a7da1cc3e16bef8c2df,bc_classifier_v1,breast_cancer_wisconsin,classification_breast_cancer,42,unit_18,7,3,2026-09-02T20:45:00Z,1.0.0,8e7fd68470057c99,0.10881187148337024,0.2,0.1,0.2,0.2,0.04520683805380286,,,,,,NORMAL,True,True,True,True,False,False,False,True,False,1,0,0,
dea144a524345bdbcd621d46,Module_12_CrossDomain,sklearn.datasets.load_breast_cancer,71aa3180a9c8c9abf1e45ef91d8c1dac2592948b3fa58a7da1cc3e16bef8c2df,bc_classifier_v1,breast_cancer_wisconsin,classification_breast_cancer,42,unit_18,7,5,2026-09-02T20:45:00Z,1.0.0,8e7fd68470057c99,0.10881187148337024,0.2,0.1,0.2,0.2,0.04520683805380286,,,,,,NORMAL,True,True,True,True,False,False,False,True,False,1,0,1,
5c9d480cc3e9436ecaef51a4,Module_12_CrossDomain,sklearn.datasets.load_breast_cancer,71aa3180a9c8c9abf1e45ef91d8c1dac2592948b3fa58a7da1cc3e16bef8c2df,bc_classifier_v1,breast_cancer_wisconsin,classification_breast_cancer,42,unit_18,8,1,2026-09-02T20:45:00Z,1.0.0,8e7fd68470057c99,0.43034070377826944,0.2,0.1,0.2,0.2,0.1383159910373469,,,,,,NORMAL,True,True,True,True,False,False,False,True,False,1,0,0,
aa281b6847902e4eb495c5c6,Module_12_CrossDomain,sklearn.datasets.load_breast_cancer,71aa3180a9c8c9abf1e45ef91d8c1dac2592948b3fa58a7da1cc3e16bef8c2df,bc_classifier_v1,breast_cancer_wisconsin,classification_breast_cancer,42,unit_18,8,2,2026-09-02T20:45:00Z,1.0.0,8e7fd68470057c99,0.43034070377826944,0.2,0.1,0.2,0.2,0.1383159910373469,,,,,,NORMAL,True,True,True,True,False,False,False,True,False,1,0,0,
9fb08584acd6d54804f2cea9,Module_12_CrossDomain,sklearn.datasets.load_breast_cancer,71aa3180a9c8c9abf1e45ef91d8c1dac2592948b3fa58a7da1cc3e16bef8c2df,bc_classifier_v1,breast_cancer_wisconsin,classification_breast_cancer,42,unit_18,8,3,2026-09-02T20:45:00Z,1.0.0,8e7fd68470057c99,0.43034070377826944,0.2,0.1,0.2,0.2,0.1383159910373469,,,,,,NORMAL,True,True,True,True,False,False,False,True,False,1,0,1,
f77bbda1bf1a8799180e5fb5,Module_12_CrossDomain,sklearn.datasets.load_breast_cancer,71aa3180a9c8c9abf1e45ef91d8c1dac2592948b3fa58a7da1cc3e16bef8c2df,bc_classifier_v1,breast_cancer_wisconsin,classification_breast_cancer,42,unit_18,8,5,2026-09-02T20:45:00Z,1.0.0,8e7fd68470057c99,0.43034070377826944,0.2,0.1,0.2,0.2,0.1383159910373469,,,,,,NORMAL,True,True,True,True,False,False,False,True,False,1,0,1,
41f4ac6d8c6c9819b020a547,Module_12_CrossDomain,sklearn.datasets.load_breast_cancer,71aa3180a9c8c9abf1e45ef91d8c1dac2592948b3fa58a7da1cc3e16bef8c2df,bc_classifier_v1,breast_cancer_wisconsin,classification_breast_cancer,42,unit_18,9,1,2026-09-02T20:45:00Z,1.0.0,8e7fd68470057c99,0.4473665745760054,0.2,0.1,0.2,0.2,0.14600371355632402,,,,,,NORMAL,True,True,True,True,False,False,False,True,False,1,0,0,
1dbaf38f1198921fffa9b190,Module_12_CrossDomain,sklearn.datasets.load_breast_cancer,71aa3180a9c8c9abf1e45ef91d8c1dac2592948b3fa58a7da1cc3e16bef8c2df,bc_classifier_v1,breast_cancer_wisconsin,classification_breast_cancer,42,unit_18,9,2,2026-09-02T20:45:00Z,1.0.0,8e7fd68470057c99,0.4473665745760054,0.2,0.1,0.2,0.2,0.14600371355632402,,,,,,NORMAL,True,True,True,True,False,False,False,True,False,1,0,1,
baa77b1628e4e67b49fbb9fb,Module_12_CrossDomain,sklearn.datasets.load_breast_cancer,71aa3180a9c8c9abf1e45ef91d8c1dac2592948b3fa58a7da1cc3e16bef8c2df,bc_classifier_v1,breast_cancer_wisconsin,classification_breast_cancer,42,unit_18,9,3,2026-09-02T20:45:00Z,1.0.0,8e7fd68470057c99,0.4473665745760054,0.2,0.1,0.2,0.2,0.14600371355632402,,,,,,NORMAL,True,True,True,True,False,False,False,True,False,1,0,1,
91284b8ca4ee212e0d66016d,Module_12_CrossDomain,sklearn.datasets.load_breast_cancer,71aa3180a9c8c9abf1e45ef91d8c1dac2592948b3fa58a7da1cc3e16bef8c2df,bc_classifier_v1,breast_cancer_wisconsin,classification_breast_cancer,42,unit_18,9,5,2026-09-02T20:45:00Z,1.0.0,8e7fd68470057c99,0.4473665745760054,0.2,0.1,0.2,0.2,0.14600371355632402,,,,,,NORMAL,True,True,True,True,False,False,False,True,False,1,0,1,
e9fa64f5df51a68325b349d1,Module_12_CrossDomain,sklearn.datasets.load_breast_cancer,71aa3180a9c8c9abf1e45ef91d8c1dac2592948b3fa58a7da1cc3e16bef8c2df,bc_classifier_v1,breast_cancer_wisconsin,classification_breast_cancer,42,unit_18,10,1,2026-09-02T20:45:00Z,1.0.0,8e7fd68470057c99,0.12614514552538644,0.2,0.1,0.2,0.2,0.04234528461746883,,,,,,NORMAL,True,True,True,True,False,False,False,True,False,1,0,1,
3a05b47213d1e618a79c7914,Module_12_CrossDomain,sklearn.datasets.load_breast_cancer,71aa3180a9c8c9abf1e45ef91d8c1dac2592948b3fa58a7da1cc3e16bef8c2df,bc_classifier_v1,breast_cancer_wisconsin,classification_breast_cancer,42,unit_18,10,2,2026-09-02T20:45:00Z,1.0.0,8e7fd68470057c99,0.12614514552538644,0.2,0.1,0.2,0.2,0.04234528461746883,,,,,,NORMAL,True,True,True,True,False,False,False,True,False,1,0,1,
1571de55fc76b47e800d92c1,Module_12_CrossDomain,sklearn.datasets.load_breast_cancer,71aa3180a9c8c9abf1e45ef91d8c1dac2592948b3fa58a7da1cc3e16bef8c2df,bc_classifier_v1,breast_cancer_wisconsin,classification_breast_cancer,42,unit_18,10,3,2026-09-02T20:45:00Z,1.0.0,8e7fd68470057c99,0.12614514552538644,0.2,0.1,0.2,0.2,0.04234528461746883,,,,,,NORMAL,True,True,True,True,False,False,False,True,False,1,0,1,
6bfff1c2f82dd68b4c99e497,Module_12_CrossDomain,sklearn.datasets.load_breast_cancer,71aa3180a9c8c9abf1e45ef91d8c1dac2592948b3fa58a7da1cc3e16bef8c2df,bc_classifier_v1,breast_cancer_wisconsin,classification_breast_cancer,42,unit_18,10,5,2026-09-02T20:45:00Z,1.0.0,8e7fd68470057c99,0.12614514552538644,0.2,0.1,0.2,0.2,0.04234528461746883,,,,,,NORMAL,True,True,True,True,False,False,False,True,False,1,0,1,
0e776a65ad54b16c7cc6491e,Module_12_CrossDomain,sklearn.datasets.load_breast_cancer,71aa3180a9c8c9abf1e45ef91d8c1dac2592948b3fa58a7da1cc3e16bef8c2df,bc_classifier_v1,breast_cancer_wisconsin,classification_breast_cancer,42,unit_18,11,1,2026-09-02T20:45:00Z,1.0.0,8e7fd68470057c99,0.060311778440807186,0.2,0.1,0.2,0.2,0.05877258825611148,,,,,,NORMAL,True,True,True,True,False,False,False,True,False,1,0,0,
8625d8a9a1a0471dca907dc4,Module_12_CrossDomain,sklearn.datasets.load_breast_cancer,71aa3180a9c8c9abf1e45ef91d8c1dac2592948b3fa58a7da1cc3e16bef8c2df,bc_classifier_v1,breast_cancer_wisconsin,classification_breast_cancer,42,unit_18,11,2,2026-09-02T20:45:00Z,1.0.0,8e7fd68470057c99,0.060311778440807186,0.2,0.1,0.2,0.2,0.05877258825611148,,,,,,NORMAL,True,True,True,True,False,False,False,True,False,1,0,0,
fdc1936b312ff99abf19b38c,Module_12_CrossDomain,sklearn.datasets.load_breast_cancer,71aa3180a9c8c9abf1e45ef91d8c1dac2592948b3fa58a7da1cc3e16bef8c2df,bc_classifier_v1,breast_cancer_wisconsin,classification_breast_cancer,42,unit_18,11,3,2026-09-02T20:45:00Z,1.0.0,8e7fd68470057c99,0.060311778440807186,0.2,0.1,0.2,0.2,0.05877258825611148,,,,,,NORMAL,True,True,True,True,False,False,False,True,False,1,0,1,
14f051a9328a65c99eb6e618,Module_12_CrossDomain,sklearn.datasets.load_breast_cancer,71aa3180a9c8c9abf1e45ef91d8c1dac2592948b3fa58a7da1cc3e16bef8c2df,bc_classifier_v1,breast_cancer_wisconsin,classification_breast_cancer,42,unit_18,11,5,2026-09-02T20:45:00Z,1.0.0,8e7fd68470057c99,0.060311778440807186,0.2,0.1,0.2,0.2,0.05877258825611148,,,,,,NORMAL,True,True,True,True,False,False,False,True,False,1,0,1,
43788b9fc65efb31b49bbb74,Module_12_CrossDomain,sklearn.datasets.load_breast_cancer,71aa3180a9c8c9abf1e45ef91d8c1dac2592948b3fa58a7da1cc3e16bef8c2df,bc_classifier_v1,breast_cancer_wisconsin,classification_breast_cancer,42,unit_18,12,1,2026-09-02T20:45:00Z,1.0.0,8e7fd68470057c99,0.4110447168741686,0.2,0.1,0.2,0.2,0.12965282206117043,,,,,,NORMAL,True,True,True,True,False,False,False,True,False,1,0,0,
16568e67b76f45bf45a8ae17,Module_12_CrossDomain,sklearn.datasets.load_breast_cancer,71aa3180a9c8c9abf1e45ef91d8c1dac2592948b3fa58a7da1cc3e16bef8c2df,bc_classifier_v1,breast_cancer_wisconsin,classification_breast_cancer,42,unit_18,12,2,2026-09-02T20:45:00Z,1.0.0,8e7fd68470057c99,0.4110447168741686,0.2,0.1,0.2,0.2,0.12965282206117043,,,,,,NORMAL,True,True,True,True,False,False,False,True,False,1,0,1,
67f939e43ee99c014d394053,Module_12_CrossDomain,sklearn.datasets.load_breast_cancer,71aa3180a9c8c9abf1e45ef91d8c1dac2592948b3fa58a7da1cc3e16bef8c2df,bc_classifier_v1,breast_cancer_wisconsin,classification_breast_cancer,42,unit_18,12,3,2026-09-02T20:45:00Z,1.0.0,8e7fd68470057c99,0.4110447168741686,0.2,0.1,0.2,0.2,0.12965282206117043,,,,,,NORMAL,True,True,True,True,False,False,False,True,False,1,0,1,
89922226e4208ff5aa835d70,Module_12_CrossDomain,sklearn.datasets.load_breast_cancer,71aa3180a9c8c9abf1e45ef91d8c1dac2592948b3fa58a7da1cc3e16bef8c2df,bc_classifier_v1,breast_cancer_wisconsin,classification_breast_cancer,42,unit_18,12,5,2026-09-02T20:45:00Z,1.0.0,8e7fd68470057c99,0.4110447168741686,0.2,0.1,0.2,0.2,0.12965282206117043,,,,,,NORMAL,True,True,True,True,False,False,False,True,False,1,0,1,
6d1f34b145f98ea992982520,Module_12_CrossDomain,sklearn.datasets.load_breast_cancer,71aa3180a9c8c9abf1e45ef91d8c1dac2592948b3fa58a7da1cc3e16bef8c2df,bc_classifier_v1,breast_cancer_wisconsin,classification_breast_cancer,42,unit_18,13,1,2026-09-02T20:45:00Z,1.0.0,8e7fd68470057c99,0.36961509793301106,0.2,0.1,0.2,0.2,0.11128620882923258,,,,,,NORMAL,True,True,True,True,False,False,False,True,False,1,0,1,
55c9ba78efbe175ca286f699,Module_12_CrossDomain,sklearn.datasets.load_breast_cancer,71aa3180a9c8c9abf1e45ef91d8c1dac2592948b3fa58a7da1cc3e16bef8c2df,bc_classifier_v1,breast_cancer_wisconsin,classification_breast_cancer,42,unit_18,13,2,2026-09-02T20:45:00Z,1.0.0,8e7fd68470057c99,0.36961509793301106,0.2,0.1,0.2,0.2,0.11128620882923258,,,,,,NORMAL,True,True,True,True,False,False,False,True,False,1,0,1,
9f9c042d94c95c66b222386f,Module_12_CrossDomain,sklearn.datasets.load_breast_cancer,71aa3180a9c8c9abf1e45ef91d8c1dac2592948b3fa58a7da1cc3e16bef8c2df,bc_classifier_v1,breast_cancer_wisconsin,classification_breast_cancer,42,unit_18,13,3,2026-09-02T20:45:00Z,1.0.0,8e7fd68470057c99,0.36961509793301106,0.2,0.1,0.2,0.2,0.11128620882923258,,,,,,NORMAL,True,True,True,True,False,False,False,True,False,1,0,1,
ddc9e4306ae4b4e0125f8550,Module_12_CrossDomain,sklearn.datasets.load_breast_cancer,71aa3180a9c8c9abf1e45ef91d8c1dac2592948b3fa58a7da1cc3e16bef8c2df,bc_classifier_v1,breast_cancer_wisconsin,classification_breast_cancer,42,unit_18,13,5,2026-09-02T20:45:00Z,1.0.0,8e7fd68470057c99,0.36961509793301106,0.2,0.1,0.2,0.2,0.11128620882923258,,,,,,NORMAL,True,True,True,True,False,False,False,True,False,1,0,1,
a6d44e55031d3cd9a144d26e,Module_12_CrossDomain,sklearn.datasets.load_breast_cancer,71aa3180a9c8c9abf1e45ef91d8c1dac2592948b3fa58a7da1cc3e16bef8c2df,bc_classifier_v1,breast_cancer_wisconsin,classification_breast_cancer,42,unit_18,14,1,2026-09-02T20:45:00Z,1.0.0,8e7fd68470057c99,0.024817575547872762,0.2,0.1,0.2,0.2,0.0717567486438462,,,,,,NORMAL,True,True,True,True,False,False,False,True,False,1,0,1,
98ac607d49c5e4886dd472ee,Module_12_CrossDomain,sklearn.datasets.load_breast_cancer,71aa3180a9c8c9abf1e45ef91d8c1dac2592948b3fa58a7da1cc3e16bef8c2df,bc_classifier_v1,breast_cancer_wisconsin,classification_breast_cancer,42,unit_18,14,2,2026-09-02T20:45:00Z,1.0.0,8e7fd68470057c99,0.024817575547872762,0.2,0.1,0.2,0.2,0.0717567486438462,,,,,,NORMAL,True,True,True,True,False,False,False,True,False,1,0,1,
d0ee7644dfb981deaaf534d0,Module_12_CrossDomain,sklearn.datasets.load_breast_cancer,71aa3180a9c8c9abf1e45ef91d8c1dac2592948b3fa58a7da1cc3e16bef8c2df,bc_classifier_v1,breast_cancer_wisconsin,classification_breast_cancer,42,unit_18,14,3,2026-09-02T20:45:00Z,1.0.0,8e7fd68470057c99,0.024817575547872762,0.2,0.1,0.2,0.2,0.0717567486438462,,,,,,NORMAL,True,True,True,True,False,False,False,True,False,1,0,1,
cf0f8b803659b5c5621958bd,Module_12_CrossDomain,sklearn.datasets.load_breast_cancer,71aa3180a9c8c9abf1e45ef91d8c1dac2592948b3fa58a7da1cc3e16bef8c2df,bc_classifier_v1,breast_cancer_wisconsin,classification_breast_cancer,42,unit_18,14,5,2026-09-02T20:45:00Z,1.0.0,8e7fd68470057c99,0.024817575547872762,0.2,0.1,0.2,0.2,0.0717567486438462,,,,,,NORMAL,True,True,True,True,False,False,False,True,False,1,0,1,
64496f2cb39462345b69e5ae,Module_12_CrossDomain,sklearn.datasets.load_breast_cancer,71aa3180a9c8c9abf1e45ef91d8c1dac2592948b3fa58a7da1cc3e16bef8c2df,bc_classifier_v1,breast_cancer_wisconsin,classification_breast_cancer,42,unit_18,15,1,2026-09-02T20:45:00Z,1.0.0,8e7fd68470057c99,0.11592962304674488,0.2,0.1,0.2,0.2,0.04387049270482103,,,,,,NORMAL,True,True,True,True,False,False,False,True,False,1,0,1,
2e22f8c29fed3e15981844ea,Module_12_CrossDomain,sklearn.datasets.load_breast_cancer,71aa3180a9c8c9abf1e45ef91d8c1dac2592948b3fa58a7da1cc3e16bef8c2df,bc_classifier_v1,breast_cancer_wisconsin,classification_breast_cancer,42,unit_18,15,2,2026-09-02T20:45:00Z,1.0.0,8e7fd68470057c99,0.11592962304674488,0.2,0.1,0.2,0.2,0.04387049270482103,,,,,,NORMAL,True,True,True,True,False,False,False,True,False,1,0,1,
f1a1b2221c29840a5b1c1869,Module_12_CrossDomain,sklearn.datasets.load_breast_cancer,71aa3180a9c8c9abf1e45ef91d8c1dac2592948b3fa58a7da1cc3e16bef8c2df,bc_classifier_v1,breast_cancer_wisconsin,classification_breast_cancer,42,unit_18,15,3,2026-09-02T20:45:00Z,1.0.0,8e7fd68470057c99,0.11592962304674488,0.2,0.1,0.2,0.2,0.04387049270482103,,,,,,NORMAL,True,True,True,True,False,False,False,True,False,1,0,1,
54b47f82ef7fbacc1fe283dc,Module_12_CrossDomain,sklearn.datasets.load_breast_cancer,71aa3180a9c8c9abf1e45ef91d8c1dac2592948b3fa58a7da1cc3e16bef8c2df,bc_classifier_v1,breast_cancer_wisconsin,classification_breast_cancer,42,unit_18,15,5,2026-09-02T20:45:00Z,1.0.0,8e7fd68470057c99,0.11592962304674488,0.2,0.1,0.2,0.2,0.04387049270482103,,,,,,NORMAL,True,True,True,True,False,False,False,True,False,1,0,1,
a261d12befd96c335af1bb23,Module_12_CrossDomain,sklearn.datasets.load_breast_cancer,71aa3180a9c8c9abf1e45ef91d8c1dac2592948b3fa58a7da1cc3e16bef8c2df,bc_classifier_v1,breast_cancer_wisconsin,classification_breast_cancer,42,unit_18,16,1,2026-09-02T20:45:00Z,1.0.0,8e7fd68470057c99,0.201886631844327,0.2,0.1,0.2,0.2,0.0475913684147515,,,,,,NORMAL,True,True,True,True,False,False,False,True,False,1,0,1,
8c8b5b1d500094f91197be54,Module_12_CrossDomain,sklearn.datasets.load_breast_cancer,71aa3180a9c8c9abf1e45ef91d8c1dac2592948b3fa58a7da1cc3e16bef8c2df,bc_classifier_v1,breast_cancer_wisconsin,classification_breast_cancer,42,unit_18,16,2,2026-09-02T20:45:00Z,1.0.0,8e7fd68470057c99,0.201886631844327,0.2,0.1,0.2,0.2,0.0475913684147515,,,,,,NORMAL,True,True,True,True,False,False,False,True,False,1,0,1,
17fd050f9301c725923c2ac9,Module_12_CrossDomain,sklearn.datasets.load_breast_cancer,71aa3180a9c8c9abf1e45ef91d8c1dac2592948b3fa58a7da1cc3e16bef8c2df,bc_classifier_v1,breast_cancer_wisconsin,classification_breast_cancer,42,unit_18,16,3,2026-09-02T20:45:00Z,1.0.0,8e7fd68470057c99,0.201886631844327,0.2,0.1,0.2,0.2,0.0475913684147515,,,,,,NORMAL,True,True,True,True,False,False,False,True,False,1,0,1,
2b02be13adde02c30c461368,Module_12_CrossDomain,sklearn.datasets.load_breast_cancer,71aa3180a9c8c9abf1e45ef91d8c1dac2592948b3fa58a7da1cc3e16bef8c2df,bc_classifier_v1,breast_cancer_wisconsin,classification_breast_cancer,42,unit_18,16,5,2026-09-02T20:45:00Z,1.0.0,8e7fd68470057c99,0.201886631844327,0.2,0.1,0.2,0.2,0.0475913684147515,,,,,,NORMAL,True,True,True,True,False,False,False,True,False,1,0,1,
e86945a10f98d2327ecc586a,Module_12_CrossDomain,sklearn.datasets.load_breast_cancer,71aa3180a9c8c9abf1e45ef91d8c1dac2592948b3fa58a7da1cc3e16bef8c2df,bc_classifier_v1,breast_cancer_wisconsin,classification_breast_cancer,42,unit_18,17,1,2026-09-02T20:45:00Z,1.0.0,8e7fd68470057c99,0.037870743159470276,0.2,0.1,0.2,0.2,0.06678817300425692,,,,,,NORMAL,True,True,True,True,False,False,False,True,False,1,0,1,
5dbf6fe7ab62c270325007b2,Module_12_CrossDomain,sklearn.datasets.load_breast_cancer,71aa3180a9c8c9abf1e45ef91d8c1dac2592948b3fa58a7da1cc3e16bef8c2df,bc_classifier_v1,breast_cancer_wisconsin,classification_breast_cancer,42,unit_18,17,2,2026-09-02T20:45:00Z,1.0.0,8e7fd68470057c99,0.037870743159470276,0.2,0.1,0.2,0.2,0.06678817300425692,,,,,,NORMAL,True,True,True,True,False,False,False,True,False,1,0,1,
27e9468a745185b417def242,Module_12_CrossDomain,sklearn.datasets.load_breast_cancer,71aa3180a9c8c9abf1e45ef91d8c1dac2592948b3fa58a7da1cc3e16bef8c2df,bc_classifier_v1,breast_cancer_wisconsin,classification_breast_cancer,42,unit_18,17,3,2026-09-02T20:45:00Z,1.0.0,8e7fd68470057c99,0.037870743159470276,0.2,0.1,0.2,0.2,0.06678817300425692,,,,,,NORMAL,True,True,True,True,False,False,False,True,False,1,0,1,
1fa7e633828aca13f5c5e7c6,Module_12_CrossDomain,sklearn.datasets.load_breast_cancer,71aa3180a9c8c9abf1e45ef91d8c1dac2592948b3fa58a7da1cc3e16bef8c2df,bc_classifier_v1,breast_cancer_wisconsin,classification_breast_cancer,42,unit_18,17,5,2026-09-02T20:45:00Z,1.0.0,8e7fd68470057c99,0.037870743159470276,0.2,0.1,0.2,0.2,0.06678817300425692,,,,,,NORMAL,True,True,True,True,False,False,False,True,False,1,0,1,
cee7993dc83f21ec59eee77a,Module_12_CrossDomain,sklearn.datasets.load_breast_cancer,71aa3180a9c8c9abf1e45ef91d8c1dac2592948b3fa58a7da1cc3e16bef8c2df,bc_classifier_v1,breast_cancer_wisconsin,classification_breast_cancer,42,unit_18,18,1,2026-09-02T20:45:00Z,1.0.0,8e7fd68470057c99,0.026520162627646327,0.2,0.1,0.2,0.2,0.0710981641230441,,,,,,NORMAL,True,True,True,True,False,False,False,True,False,1,0,0,
9715fc096970350b4faee870,Module_12_CrossDomain,sklearn.datasets.load_breast_cancer,71aa3180a9c8c9abf1e45ef91d8c1dac2592948b3fa58a7da1cc3e16bef8c2df,bc_classifier_v1,breast_cancer_wisconsin,classification_breast_cancer,42,unit_18,18,2,2026-09-02T20:45:00Z,1.0.0,8e7fd68470057c99,0.026520162627646327,0.2,0.1,0.2,0.2,0.0710981641230441,,,,,,NORMAL,True,True,True,True,False,False,False,True,False,1,0,0,
9231c0602597dbaa8b2be2da,Module_12_CrossDomain,sklearn.datasets.load_breast_cancer,71aa3180a9c8c9abf1e45ef91d8c1dac2592948b3fa58a7da1cc3e16bef8c2df,bc_classifier_v1,breast_cancer_wisconsin,classification_breast_cancer,42,unit_18,18,3,2026-09-02T20:45:00Z,1.0.0,8e7fd68470057c99,0.026520162627646327,0.2,0.1,0.2,0.2,0.0710981641230441,,,,,,NORMAL,True,True,True,True,False,False,False,True,False,1,0,0,
883ed6bd63d6f436bd30a960,Module_12_CrossDomain,sklearn.datasets.load_breast_cancer,71aa3180a9c8c9abf1e45ef91d8c1dac2592948b3fa58a7da1cc3e16bef8c2df,bc_classifier_v1,breast_cancer_wisconsin,classification_breast_cancer,42,unit_18,18,5,2026-09-02T20:45:00Z,1.0.0,8e7fd68470057c99,0.026520162627646327,0.2,0.1,0.2,0.2,0.0710981641230441,,,,,,NORMAL,True,True,True,True,False,False,False,True,False,1,0,0,
1bbd3f15076d493ed1c2abb2,Module_12_CrossDomain,sklearn.datasets.load_breast_cancer,71aa3180a9c8c9abf1e45ef91d8c1dac2592948b3fa58a7da1cc3e16bef8c2df,bc_classifier_v1,breast_cancer_wisconsin,classification_breast_cancer,42,unit_18,19,1,2026-09-02T20:45:00Z,1.0.0,8e7fd68470057c99,0.17294265148817584,0.2,0.1,0.2,0.2,0.04223312353883145,,,,,,NORMAL,True,True,True,True,False,False,False,True,False,1,0,0,
3550fbe03b68601927168fb9,Module_12_CrossDomain,sklearn.datasets.load_breast_cancer,71aa3180a9c8c9abf1e45ef91d8c1dac2592948b3fa58a7da1cc3e16bef8c2df,bc_classifier_v1,breast_cancer_wisconsin,classification_breast_cancer,42,unit_18,19,2,2026-09-02T20:45:00Z,1.0.0,8e7fd68470057c99,0.17294265148817584,0.2,0.1,0.2,0.2,0.04223312353883145,,,,,,NORMAL,True,True,True,True,False,False,False,True,False,1,0,0,
e5c8e4af2ff2d31f0bbdd47c,Module_12_CrossDomain,sklearn.datasets.load_breast_cancer,71aa3180a9c8c9abf1e45ef91d8c1dac2592948b3fa58a7da1cc3e16bef8c2df,bc_classifier_v1,breast_cancer_wisconsin,classification_breast_cancer,42,unit_18,19,3,2026-09-02T20:45:00Z,1.0.0,8e7fd68470057c99,0.17294265148817584,0.2,0.1,0.2,0.2,0.04223312353883145,,,,,,NORMAL,True,True,True,True,False,False,False,True,False,1,0,0,
92b4373bb925f90f4a9c8a00,Module_12_CrossDomain,sklearn.datasets.load_breast_cancer,71aa3180a9c8c9abf1e45ef91d8c1dac2592948b3fa58a7da1cc3e16bef8c2df,bc_classifier_v1,breast_cancer_wisconsin,classification_breast_cancer,42,unit_18,19,5,2026-09-02T20:45:00Z,1.0.0,8e7fd68470057c99,0.17294265148817584,0.2,0.1,0.2,0.2,0.04223312353883145,,,,,,NORMAL,True,True,True,True,False,False,False,True,False,1,0,0,
6d4627fd7b90b9d44d62661e,Module_12_CrossDomain,sklearn.datasets.load_breast_cancer,71aa3180a9c8c9abf1e45ef91d8c1dac2592948b3fa58a7da1cc3e16bef8c2df,bc_classifier_v1,breast_cancer_wisconsin,classification_breast_cancer,42,unit_19,0,1,2026-09-02T20:45:00Z,1.0.0,8e7fd68470057c99,0.16215959998294308,0.2,0.1,0.2,0.2,0.041225277768069515,,,,,,NORMAL,True,True,True,True,False,False,False,True,False,1,0,1,0.0
596ab8158c1e0f61117a91e2,Module_12_CrossDomain,sklearn.datasets.load_breast_cancer,71aa3180a9c8c9abf1e45ef91d8c1dac2592948b3fa58a7da1cc3e16bef8c2df,bc_classifier_v1,breast_cancer_wisconsin,classification_breast_cancer,42,unit_19,0,2,2026-09-02T20:45:00Z,1.0.0,8e7fd68470057c99,0.16215959998294308,0.2,0.1,0.2,0.2,0.041225277768069515,,,,,,NORMAL,True,True,True,True,False,False,False,True,False,1,0,1,0.0
10963075ea686987054e517e,Module_12_CrossDomain,sklearn.datasets.load_breast_cancer,71aa3180a9c8c9abf1e45ef91d8c1dac2592948b3fa58a7da1cc3e16bef8c2df,bc_classifier_v1,breast_cancer_wisconsin,classification_breast_cancer,42,unit_19,0,3,2026-09-02T20:45:00Z,1.0.0,8e7fd68470057c99,0.16215959998294308,0.2,0.1,0.2,0.2,0.041225277768069515,,,,,,NORMAL,True,True,True,True,False,False,False,True,False,1,0,1,0.0
1edbe0e7b2fe0c2f0db5d9d5,Module_12_CrossDomain,sklearn.datasets.load_breast_cancer,71aa3180a9c8c9abf1e45ef91d8c1dac2592948b3fa58a7da1cc3e16bef8c2df,bc_classifier_v1,breast_cancer_wisconsin,classification_breast_cancer,42,unit_19,0,5,2026-09-02T20:45:00Z,1.0.0,8e7fd68470057c99,0.16215959998294308,0.2,0.1,0.2,0.2,0.041225277768069515,,,,,,NORMAL,True,True,True,True,False,False,False,True,False,1,0,1,0.0
7934d37e28eec0d6e42a2b00,Module_12_CrossDomain,sklearn.datasets.load_breast_cancer,71aa3180a9c8c9abf1e45ef91d8c1dac2592948b3fa58a7da1cc3e16bef8c2df,bc_classifier_v1,breast_cancer_wisconsin,classification_breast_cancer,42,unit_19,1,1,2026-09-02T20:45:00Z,1.0.0,8e7fd68470057c99,0.17521276759454069,0.2,0.1,0.2,0.2,0.04251975658385515,,,,,,NORMAL,True,True,True,True,False,False,False,True,False,1,0,1,
e3561faf9b01a063c443d37b,Module_12_CrossDomain,sklearn.datasets.load_breast_cancer,71aa3180a9c8c9abf1e45ef91d8c1dac2592948b3fa58a7da1cc3e16bef8c2df,bc_classifier_v1,breast_cancer_wisconsin,classification_breast_cancer,42,unit_19,1,2,2026-09-02T20:45:00Z,1.0.0,8e7fd68470057c99,0.17521276759454069,0.2,0.1,0.2,0.2,0.04251975658385515,,,,,,NORMAL,True,True,True,True,False,False,False,True,False,1,0,1,
5cfe55d3251a69b4a8a03d47,Module_12_CrossDomain,sklearn.datasets.load_breast_cancer,71aa3180a9c8c9abf1e45ef91d8c1dac2592948b3fa58a7da1cc3e16bef8c2df,bc_classifier_v1,breast_cancer_wisconsin,classification_breast_cancer,42,unit_19,1,3,2026-09-02T20:45:00Z,1.0.0,8e7fd68470057c99,0.17521276759454069,0.2,0.1,0.2,0.2,0.04251975658385515,,,,,,NORMAL,True,True,True,True,False,False,False,True,False,1,0,1,
a6345dde8ea11a27f2e58b2a,Module_12_CrossDomain,sklearn.datasets.load_breast_cancer,71aa3180a9c8c9abf1e45ef91d8c1dac2592948b3fa58a7da1cc3e16bef8c2df,bc_classifier_v1,breast_cancer_wisconsin,classification_breast_cancer,42,unit_19,1,5,2026-09-02T20:45:00Z,1.0.0,8e7fd68470057c99,0.17521276759454069,0.2,0.1,0.2,0.2,0.04251975658385515,,,,,,NORMAL,True,True,True,True,False,False,False,True,False,1,0,1,
759db223f0bc02eec28ebcdd,Module_12_CrossDomain,sklearn.datasets.load_breast_cancer,71aa3180a9c8c9abf1e45ef91d8c1dac2592948b3fa58a7da1cc3e16bef8c2df,bc_classifier_v1,breast_cancer_wisconsin,classification_breast_cancer,42,unit_19,2,1,2026-09-02T20:45:00Z,1.0.0,8e7fd68470057c99,0.11789233590882944,0.2,0.1,0.2,0.2,0.04354028043953845,,,,,,NORMAL,True,True,True,True,False,False,False,True,False,1,0,1,
848c285eaa13cc373e84bef5,Module_12_CrossDomain,sklearn.datasets.load_breast_cancer,71aa3180a9c8c9abf1e45ef91d8c1dac2592948b3fa58a7da1cc3e16bef8c2df,bc_classifier_v1,breast_cancer_wisconsin,classification_breast_cancer,42,unit_19,2,2,2026-09-02T20:45:00Z,1.0.0,8e7fd68470057c99,0.11789233590882944,0.2,0.1,0.2,0.2,0.04354028043953845,,,,,,NORMAL,True,True,True,True,False,False,False,True,False,1,0,1,
da86472c0ace120a62d99040,Module_12_CrossDomain,sklearn.datasets.load_breast_cancer,71aa3180a9c8c9abf1e45ef91d8c1dac2592948b3fa58a7da1cc3e16bef8c2df,bc_classifier_v1,breast_cancer_wisconsin,classification_breast_cancer,42,unit_19,2,3,2026-09-02T20:45:00Z,1.0.0,8e7fd68470057c99,0.11789233590882944,0.2,0.1,0.2,0.2,0.04354028043953845,,,,,,NORMAL,True,True,True,True,False,False,False,True,False,1,0,1,
5c5002860b3d731773280f80,Module_12_CrossDomain,sklearn.datasets.load_breast_cancer,71aa3180a9c8c9abf1e45ef91d8c1dac2592948b3fa58a7da1cc3e16bef8c2df,bc_classifier_v1,breast_cancer_wisconsin,classification_breast_cancer,42,unit_19,2,5,2026-09-02T20:45:00Z,1.0.0,8e7fd68470057c99,0.11789233590882944,0.2,0.1,0.2,0.2,0.04354028043953845,,,,,,NORMAL,True,True,True,True,False,False,False,True,False,1,0,1,
6529ca03e6a3205a2d56131e,Module_12_CrossDomain,sklearn.datasets.load_breast_cancer,71aa3180a9c8c9abf1e45ef91d8c1dac2592948b3fa58a7da1cc3e16bef8c2df,bc_classifier_v1,breast_cancer_wisconsin,classification_breast_cancer,42,unit_19,3,1,2026-09-02T20:45:00Z,1.0.0,8e7fd68470057c99,0.09859634900472866,0.2,0.1,0.2,0.2,0.047474754310156284,,,,,,NORMAL,True,True,True,True,False,False,False,True,False,1,0,1,
d6a45d22f6158f4d16ec450f,Module_12_CrossDomain,sklearn.datasets.load_breast_cancer,71aa3180a9c8c9abf1e45ef91d8c1dac2592948b3fa58a7da1cc3e16bef8c2df,bc_classifier_v1,breast_cancer_wisconsin,classification_breast_cancer,42,unit_19,3,2,2026-09-02T20:45:00Z,1.0.0,8e7fd68470057c99,0.09859634900472866,0.2,0.1,0.2,0.2,0.047474754310156284,,,,,,NORMAL,True,True,True,True,False,False,False,True,False,1,0,1,
232ce8da1b9a52223d9c51dd,Module_12_CrossDomain,sklearn.datasets.load_breast_cancer,71aa3180a9c8c9abf1e45ef91d8c1dac2592948b3fa58a7da1cc3e16bef8c2df,bc_classifier_v1,breast_cancer_wisconsin,classification_breast_cancer,42,unit_19,3,3,2026-09-02T20:45:00Z,1.0.0,8e7fd68470057c99,0.09859634900472866,0.2,0.1,0.2,0.2,0.047474754310156284,,,,,,NORMAL,True,True,True,True,False,False,False,True,False,1,0,1,
170fa2ed57cce5ddf2b09b10,Module_12_CrossDomain,sklearn.datasets.load_breast_cancer,71aa3180a9c8c9abf1e45ef91d8c1dac2592948b3fa58a7da1cc3e16bef8c2df,bc_classifier_v1,breast_cancer_wisconsin,classification_breast_cancer,42,unit_19,3,5,2026-09-02T20:45:00Z,1.0.0,8e7fd68470057c99,0.09859634900472866,0.2,0.1,0.2,0.2,0.047474754310156284,,,,,,NORMAL,True,True,True,True,False,False,False,True,False,1,0,1,
6f00d96f476b8422bdc07cae,Module_12_CrossDomain,sklearn.datasets.load_breast_cancer,71aa3180a9c8c9abf1e45ef91d8c1dac2592948b3fa58a7da1cc3e16bef8c2df,bc_classifier_v1,breast_cancer_wisconsin,classification_breast_cancer,42,unit_19,4,1,2026-09-02T20:45:00Z,1.0.0,8e7fd68470057c99,0.048086265638111955,0.2,0.1,0.2,0.2,0.06304567876915468,,,,,,NORMAL,True,True,True,True,False,False,False,True,False,1,0,0,
933051a5d0506d2a30d33fb8,Module_12_CrossDomain,sklearn.datasets.load_breast_cancer,71aa3180a9c8c9abf1e45ef91d8c1dac2592948b3fa58a7da1cc3e16bef8c2df,bc_classifier_v1,breast_cancer_wisconsin,classification_breast_cancer,42,unit_19,4,2,2026-09-02T20:45:00Z,1.0.0,8e7fd68470057c99,0.048086265638111955,0.2,0.1,0.2,0.2,0.06304567876915468,,,,,,NORMAL,True,True,True,True,False,False,False,True,False,1,0,1,
1d5803896a38c716e81bccaf,Module_12_CrossDomain,sklearn.datasets.load_breast_cancer,71aa3180a9c8c9abf1e45ef91d8c1dac2592948b3fa58a7da1cc3e16bef8c2df,bc_classifier_v1,breast_cancer_wisconsin,classification_breast_cancer,42,unit_19,4,3,2026-09-02T20:45:00Z,1.0.0,8e7fd68470057c99,0.048086265638111955,0.2,0.1,0.2,0.2,0.06304567876915468,,,,,,NORMAL,True,True,True,True,False,False,False,True,False,1,0,1,
98a2c5bb356b2f5a0601dd77,Module_12_CrossDomain,sklearn.datasets.load_breast_cancer,71aa3180a9c8c9abf1e45ef91d8c1dac2592948b3fa58a7da1cc3e16bef8c2df,bc_classifier_v1,breast_cancer_wisconsin,classification_breast_cancer,42,unit_19,4,5,2026-09-02T20:45:00Z,1.0.0,8e7fd68470057c99,0.048086265638111955,0.2,0.1,0.2,0.2,0.06304567876915468,,,,,,NORMAL,True,True,True,True,False,False,False,True,False,1,0,1,
87dab136c5a22462fb6c8e01,Module_12_CrossDomain,sklearn.datasets.load_breast_cancer,71aa3180a9c8c9abf1e45ef91d8c1dac2592948b3fa58a7da1cc3e16bef8c2df,bc_classifier_v1,breast_cancer_wisconsin,classification_breast_cancer,42,unit_19,5,1,2026-09-02T20:45:00Z,1.0.0,8e7fd68470057c99,0.02682756587192641,0.2,0.1,0.2,0.2,0.07097957222411816,,,,,,NORMAL,True,True,True,True,False,False,False,True,False,1,0,1,
a58344b46782a06efa0e4b6f,Module_12_CrossDomain,sklearn.datasets.load_breast_cancer,71aa3180a9c8c9abf1e45ef91d8c1dac2592948b3fa58a7da1cc3e16bef8c2df,bc_classifier_v1,breast_cancer_wisconsin,classification_breast_cancer,42,unit_19,5,2,2026-09-02T20:45:00Z,1.0.0,8e7fd68470057c99,0.02682756587192641,0.2,0.1,0.2,0.2,0.07097957222411816,,,,,,NORMAL,True,True,True,True,False,False,False,True,False,1,0,1,
6c9f85dcd90fa9e7248d2e8b,Module_12_CrossDomain,sklearn.datasets.load_breast_cancer,71aa3180a9c8c9abf1e45ef91d8c1dac2592948b3fa58a7da1cc3e16bef8c2df,bc_classifier_v1,breast_cancer_wisconsin,classification_breast_cancer,42,unit_19,5,3,2026-09-02T20:45:00Z,1.0.0,8e7fd68470057c99,0.02682756587192641,0.2,0.1,0.2,0.2,0.07097957222411816,,,,,,NORMAL,True,True,True,True,False,False,False,True,False,1,0,1,
ab9d0f3b656f669f8f67d4f3,Module_12_CrossDomain,sklearn.datasets.load_breast_cancer,71aa3180a9c8c9abf1e45ef91d8c1dac2592948b3fa58a7da1cc3e16bef8c2df,bc_classifier_v1,breast_cancer_wisconsin,classification_breast_cancer,42,unit_19,5,5,2026-09-02T20:45:00Z,1.0.0,8e7fd68470057c99,0.02682756587192641,0.2,0.1,0.2,0.2,0.07097957222411816,,,,,,NORMAL,True,True,True,True,False,False,False,True,False,1,0,1,
2549ea0b7cbeccceab5248d1,Module_12_CrossDomain,sklearn.datasets.load_breast_cancer,71aa3180a9c8c9abf1e45ef91d8c1dac2592948b3fa58a7da1cc3e16bef8c2df,bc_classifier_v1,breast_cancer_wisconsin,classification_breast_cancer,42,unit_19,6,1,2026-09-02T20:45:00Z,1.0.0,8e7fd68470057c99,0.10881187148337024,0.2,0.1,0.2,0.2,0.04520683805380286,,,,,,NORMAL,True,True,True,True,False,False,False,True,False,1,0,1,
e044ad21363b70ab175e9781,Module_12_CrossDomain,sklearn.datasets.load_breast_cancer,71aa3180a9c8c9abf1e45ef91d8c1dac2592948b3fa58a7da1cc3e16bef8c2df,bc_classifier_v1,breast_cancer_wisconsin,classification_breast_cancer,42,unit_19,6,2,2026-09-02T20:45:00Z,1.0.0,8e7fd68470057c99,0.10881187148337024,0.2,0.1,0.2,0.2,0.04520683805380286,,,,,,NORMAL,True,True,True,True,False,False,False,True,False,1,0,1,
a78f961b1ffdb5064f3174b7,Module_12_CrossDomain,sklearn.datasets.load_breast_cancer,71aa3180a9c8c9abf1e45ef91d8c1dac2592948b3fa58a7da1cc3e16bef8c2df,bc_classifier_v1,breast_cancer_wisconsin,classification_breast_cancer,42,unit_19,6,3,2026-09-02T20:45:00Z,1.0.0,8e7fd68470057c99,0.10881187148337024,0.2,0.1,0.2,0.2,0.04520683805380286,,,,,,NORMAL,True,True,True,True,False,False,False,True,False,1,0,1,
95f5e1de55348eee0cdd001b,Module_12_CrossDomain,sklearn.datasets.load_breast_cancer,71aa3180a9c8c9abf1e45ef91d8c1dac2592948b3fa58a7da1cc3e16bef8c2df,bc_classifier_v1,breast_cancer_wisconsin,classification_breast_cancer,42,unit_19,6,5,2026-09-02T20:45:00Z,1.0.0,8e7fd68470057c99,0.10881187148337024,0.2,0.1,0.2,0.2,0.04520683805380286,,,,,,NORMAL,True,True,True,True,False,False,False,True,False,1,0,1,
350a3de4f3affd372e168888,Module_12_CrossDomain,sklearn.datasets.load_breast_cancer,71aa3180a9c8c9abf1e45ef91d8c1dac2592948b3fa58a7da1cc3e16bef8c2df,bc_classifier_v1,breast_cancer_wisconsin,classification_breast_cancer,42,unit_19,7,1,2026-09-02T20:45:00Z,1.0.0,8e7fd68470057c99,0.014034524042639898,0.2,0.1,0.2,0.2,0.07599212042824129,,,,,,NORMAL,True,True,True,True,False,False,False,True,False,1,0,1,
35e023c93995d05ab3552452,Module_12_CrossDomain,sklearn.datasets.load_breast_cancer,71aa3180a9c8c9abf1e45ef91d8c1dac2592948b3fa58a7da1cc3e16bef8c2df,bc_classifier_v1,breast_cancer_wisconsin,classification_breast_cancer,42,unit_19,7,2,2026-09-02T20:45:00Z,1.0.0,8e7fd68470057c99,0.014034524042639898,0.2,0.1,0.2,0.2,0.07599212042824129,,,,,,NORMAL,True,True,True,True,False,False,False,True,False,1,0,1,
e4618534cbcc87d97240f1fe,Module_12_CrossDomain,sklearn.datasets.load_breast_cancer,71aa3180a9c8c9abf1e45ef91d8c1dac2592948b3fa58a7da1cc3e16bef8c2df,bc_classifier_v1,breast_cancer_wisconsin,classification_breast_cancer,42,unit_19,7,3,2026-09-02T20:45:00Z,1.0.0,8e7fd68470057c99,0.014034524042639898,0.2,0.1,0.2,0.2,0.07599212042824129,,,,,,NORMAL,True,True,True,True,False,False,False,True,False,1,0,1,
8fb33a200200304e14de7b17,Module_12_CrossDomain,sklearn.datasets.load_breast_cancer,71aa3180a9c8c9abf1e45ef91d8c1dac2592948b3fa58a7da1cc3e16bef8c2df,bc_classifier_v1,breast_cancer_wisconsin,classification_breast_cancer,42,unit_19,7,5,2026-09-02T20:45:00Z,1.0.0,8e7fd68470057c99,0.014034524042639898,0.2,0.1,0.2,0.2,0.07599212042824129,,,,,,NORMAL,True,True,True,True,False,False,False,True,False,1,0,1,
54d62528368800fe0e79f648,Module_12_CrossDomain,sklearn.datasets.load_breast_cancer,71aa3180a9c8c9abf1e45ef91d8c1dac2592948b3fa58a7da1cc3e16bef8c2df,bc_classifier_v1,breast_cancer_wisconsin,classification_breast_cancer,42,unit_19,8,1,2026-09-02T20:45:00Z,1.0.0,8e7fd68470057c99,0.16215959998294308,0.2,0.1,0.2,0.2,0.041225277768069515,,,,,,NORMAL,True,True,True,True,False,False,False,True,False,1,0,0,
989e58f25558fec49a0655bf,Module_12_CrossDomain,sklearn.datasets.load_breast_cancer,71aa3180a9c8c9abf1e45ef91d8c1dac2592948b3fa58a7da1cc3e16bef8c2df,bc_classifier_v1,breast_cancer_wisconsin,classification_breast_cancer,42,unit_19,8,2,2026-09-02T20:45:00Z,1.0.0,8e7fd68470057c99,0.16215959998294308,0.2,0.1,0.2,0.2,0.041225277768069515,,,,,,NORMAL,True,True,True,True,False,False,False,True,False,1,0,1,
ff78dbe7b893366bc67572c3,Module_12_CrossDomain,sklearn.datasets.load_breast_cancer,71aa3180a9c8c9abf1e45ef91d8c1dac2592948b3fa58a7da1cc3e16bef8c2df,bc_classifier_v1,breast_cancer_wisconsin,classification_breast_cancer,42,unit_19,8,3,2026-09-02T20:45:00Z,1.0.0,8e7fd68470057c99,0.16215959998294308,0.2,0.1,0.2,0.2,0.041225277768069515,,,,,,NORMAL,True,True,True,True,False,False,False,True,False,1,0,1,
080cab59443b4344cc1dbb93,Module_12_CrossDomain,sklearn.datasets.load_breast_cancer,71aa3180a9c8c9abf1e45ef91d8c1dac2592948b3fa58a7da1cc3e16bef8c2df,bc_classifier_v1,breast_cancer_wisconsin,classification_breast_cancer,42,unit_19,8,5,2026-09-02T20:45:00Z,1.0.0,8e7fd68470057c99,0.16215959998294308,0.2,0.1,0.2,0.2,0.041225277768069515,,,,,,NORMAL,True,True,True,True,False,False,False,True,False,1,0,1,
ae9f7a718fb8cff0e9652fc0,Module_12_CrossDomain,sklearn.datasets.load_breast_cancer,71aa3180a9c8c9abf1e45ef91d8c1dac2592948b3fa58a7da1cc3e16bef8c2df,bc_classifier_v1,breast_cancer_wisconsin,classification_breast_cancer,42,unit_19,9,1,2026-09-02T20:45:00Z,1.0.0,8e7fd68470057c99,0.30775443403457026,0.2,0.1,0.2,0.2,0.08483508375085756,,,,,,NORMAL,True,True,True,True,False,False,False,True,False,1,0,1,
028db6864933206b7f88b45b,Module_12_CrossDomain,sklearn.datasets.load_breast_cancer,71aa3180a9c8c9abf1e45ef91d8c1dac2592948b3fa58a7da1cc3e16bef8c2df,bc_classifier_v1,breast_cancer_wisconsin,classification_breast_cancer,42,unit_19,9,2,2026-09-02T20:45:00Z,1.0.0,8e7fd68470057c99,0.30775443403457026,0.2,0.1,0.2,0.2,0.08483508375085756,,,,,,NORMAL,True,True,True,True,False,False,False,True,False,1,0,1,
2077dfc8ab5f3497d5ef89ff,Module_12_CrossDomain,sklearn.datasets.load_breast_cancer,71aa3180a9c8c9abf1e45ef91d8c1dac2592948b3fa58a7da1cc3e16bef8c2df,bc_classifier_v1,breast_cancer_wisconsin,classification_breast_cancer,42,unit_19,9,3,2026-09-02T20:45:00Z,1.0.0,8e7fd68470057c99,0.30775443403457026,0.2,0.1,0.2,0.2,0.08483508375085756,,,,,,NORMAL,True,True,True,True,False,False,False,True,False,1,0,1,
588e9b05710a98c6c3d2ba2d,Module_12_CrossDomain,sklearn.datasets.load_breast_cancer,71aa3180a9c8c9abf1e45ef91d8c1dac2592948b3fa58a7da1cc3e16bef8c2df,bc_classifier_v1,breast_cancer_wisconsin,classification_breast_cancer,42,unit_19,9,5,2026-09-02T20:45:00Z,1.0.0,8e7fd68470057c99,0.30775443403457026,0.2,0.1,0.2,0.2,0.08483508375085756,,,,,,NORMAL,True,True,True,True,False,False,False,True,False,1,0,1,
2561e7878ed4e22bf425a00e,Module_12_CrossDomain,sklearn.datasets.load_breast_cancer,71aa3180a9c8c9abf1e45ef91d8c1dac2592948b3fa58a7da1cc3e16bef8c2df,bc_classifier_v1,breast_cancer_wisconsin,classification_breast_cancer,42,unit_19,10,1,2026-09-02T20:45:00Z,1.0.0,8e7fd68470057c99,0.2194800316686542,0.2,0.1,0.2,0.2,0.05233964887726064,,,,,,NORMAL,True,True,True,True,False,False,False,True,False,1,0,1,
1a12049b0ada0a77ce931532,Module_12_CrossDomain,sklearn.datasets.load_breast_cancer,71aa3180a9c8c9abf1e45ef91d8c1dac2592948b3fa58a7da1cc3e16bef8c2df,bc_classifier_v1,breast_cancer_wisconsin,classification_breast_cancer,42,unit_19,10,2,2026-09-02T20:45:00Z,1.0.0,8e7fd68470057c99,0.2194800316686542,0.2,0.1,0.2,0.2,0.05233964887726064,,,,,,NORMAL,True,True,True,True,False,False,False,True,False,1,0,1,
a2dafc17d751b991a8362fce,Module_12_CrossDomain,sklearn.datasets.load_breast_cancer,71aa3180a9c8c9abf1e45ef91d8c1dac2592948b3fa58a7da1cc3e16bef8c2df,bc_classifier_v1,breast_cancer_wisconsin,classification_breast_cancer,42,unit_19,10,3,2026-09-02T20:45:00Z,1.0.0,8e7fd68470057c99,0.2194800316686542,0.2,0.1,0.2,0.2,0.05233964887726064,,,,,,NORMAL,True,True,True,True,False,False,False,True,False,1,0,1,
32bb70fc359f2588cf80091d,Module_12_CrossDomain,sklearn.datasets.load_breast_cancer,71aa3180a9c8c9abf1e45ef91d8c1dac2592948b3fa58a7da1cc3e16bef8c2df,bc_classifier_v1,breast_cancer_wisconsin,classification_breast_cancer,42,unit_19,10,5,2026-09-02T20:45:00Z,1.0.0,8e7fd68470057c99,0.2194800316686542,0.2,0.1,0.2,0.2,0.05233964887726064,,,,,,NORMAL,True,True,True,True,False,False,False,True,False,1,0,1,
8daaefa669e0fff32d76b4c3,Module_12_CrossDomain,sklearn.datasets.load_breast_cancer,71aa3180a9c8c9abf1e45ef91d8c1dac2592948b3fa58a7da1cc3e16bef8c2df,bc_classifier_v1,breast_cancer_wisconsin,classification_breast_cancer,42,unit_19,11,1,2026-09-02T20:45:00Z,1.0.0,8e7fd68470057c99,0.30608496112647127,0.2,0.1,0.2,0.2,0.08414605700124046,,,,,,NORMAL,True,True,True,True,False,False,False,True,False,1,0,0,
9ce1946a213a9957e2b3a00a,Module_12_CrossDomain,sklearn.datasets.load_breast_cancer,71aa3180a9c8c9abf1e45ef91d8c1dac2592948b3fa58a7da1cc3e16bef8c2df,bc_classifier_v1,breast_cancer_wisconsin,classification_breast_cancer,42,unit_19,11,2,2026-09-02T20:45:00Z,1.0.0,8e7fd68470057c99,0.30608496112647127,0.2,0.1,0.2,0.2,0.08414605700124046,,,,,,NORMAL,True,True,True,True,False,False,False,True,False,1,0,0,
5bdf3bf80e92d7ef8dfe5539,Module_12_CrossDomain,sklearn.datasets.load_breast_cancer,71aa3180a9c8c9abf1e45ef91d8c1dac2592948b3fa58a7da1cc3e16bef8c2df,bc_classifier_v1,breast_cancer_wisconsin,classification_breast_cancer,42,unit_19,11,3,2026-09-02T20:45:00Z,1.0.0,8e7fd68470057c99,0.30608496112647127,0.2,0.1,0.2,0.2,0.08414605700124046,,,,,,NORMAL,True,True,True,True,False,False,False,True,False,1,0,1,
1c614591d36fba58e8c5afe6,Module_12_CrossDomain,sklearn.datasets.load_breast_cancer,71aa3180a9c8c9abf1e45ef91d8c1dac2592948b3fa58a7da1cc3e16bef8c2df,bc_classifier_v1,breast_cancer_wisconsin,classification_breast_cancer,42,unit_19,11,5,2026-09-02T20:45:00Z,1.0.0,8e7fd68470057c99,0.30608496112647127,0.2,0.1,0.2,0.2,0.08414605700124046,,,,,,NORMAL,True,True,True,True,False,False,False,True,False,1,0,1,
6c8830be908b16e32f5a36b9,Module_12_CrossDomain,sklearn.datasets.load_breast_cancer,71aa3180a9c8c9abf1e45ef91d8c1dac2592948b3fa58a7da1cc3e16bef8c2df,bc_classifier_v1,breast_cancer_wisconsin,classification_breast_cancer,42,unit_19,12,1,2026-09-02T20:45:00Z,1.0.0,8e7fd68470057c99,0.07733764923854322,0.2,0.1,0.2,0.2,0.05329126928323246,,,,,,NORMAL,True,True,True,True,False,False,False,True,False,1,0,0,
b33cad7b6b5e8b96a5c1eee4,Module_12_CrossDomain,sklearn.datasets.load_breast_cancer,71aa3180a9c8c9abf1e45ef91d8c1dac2592948b3fa58a7da1cc3e16bef8c2df,bc_classifier_v1,breast_cancer_wisconsin,classification_breast_cancer,42,unit_19,12,2,2026-09-02T20:45:00Z,1.0.0,8e7fd68470057c99,0.07733764923854322,0.2,0.1,0.2,0.2,0.05329126928323246,,,,,,NORMAL,True,True,True,True,False,False,False,True,False,1,0,1,
bbe09b4f5184829a51da7a50,Module_12_CrossDomain,sklearn.datasets.load_breast_cancer,71aa3180a9c8c9abf1e45ef91d8c1dac2592948b3fa58a7da1cc3e16bef8c2df,bc_classifier_v1,breast_cancer_wisconsin,classification_breast_cancer,42,unit_19,12,3,2026-09-02T20:45:00Z,1.0.0,8e7fd68470057c99,0.07733764923854322,0.2,0.1,0.2,0.2,0.05329126928323246,,,,,,NORMAL,True,True,True,True,False,False,False,True,False,1,0,1,
b52e3d616322f388afa1fda7,Module_12_CrossDomain,sklearn.datasets.load_breast_cancer,71aa3180a9c8c9abf1e45ef91d8c1dac2592948b3fa58a7da1cc3e16bef8c2df,bc_classifier_v1,breast_cancer_wisconsin,classification_breast_cancer,42,unit_19,12,5,2026-09-02T20:45:00Z,1.0.0,8e7fd68470057c99,0.07733764923854322,0.2,0.1,0.2,0.2,0.05329126928323246,,,,,,NORMAL,True,True,True,True,False,False,False,True,False,1,0,1,
a24081e54f4f4b1c4eb78a72,Module_12_CrossDomain,sklearn.datasets.load_breast_cancer,71aa3180a9c8c9abf1e45ef91d8c1dac2592948b3fa58a7da1cc3e16bef8c2df,bc_classifier_v1,breast_cancer_wisconsin,classification_breast_cancer,42,unit_19,13,1,2026-09-02T20:45:00Z,1.0.0,8e7fd68470057c99,0.4246654135123573,0.2,0.1,0.2,0.2,0.1357621198845116,,,,,,NORMAL,True,True,True,True,False,False,False,True,False,1,0,1,
747fe1174b605e71fa7b776b,Module_12_CrossDomain,sklearn.datasets.load_breast_cancer,71aa3180a9c8c9abf1e45ef91d8c1dac2592948b3fa58a7da1cc3e16bef8c2df,bc_classifier_v1,breast_cancer_wisconsin,classification_breast_cancer,42,unit_19,13,2,2026-09-02T20:45:00Z,1.0.0,8e7fd68470057c99,0.4246654135123573,0.2,0.1,0.2,0.2,0.1357621198845116,,,,,,NORMAL,True,True,True,True,False,False,False,True,False,1,0,1,
4ad94021d141897b44768353,Module_12_CrossDomain,sklearn.datasets.load_breast_cancer,71aa3180a9c8c9abf1e45ef91d8c1dac2592948b3fa58a7da1cc3e16bef8c2df,bc_classifier_v1,breast_cancer_wisconsin,classification_breast_cancer,42,unit_19,13,3,2026-09-02T20:45:00Z,1.0.0,8e7fd68470057c99,0.4246654135123573,0.2,0.1,0.2,0.2,0.1357621198845116,,,,,,NORMAL,True,True,True,True,False,False,False,True,False,1,0,1,
65e6ac7cb3a0af9e42fa08d7,Module_12_CrossDomain,sklearn.datasets.load_breast_cancer,71aa3180a9c8c9abf1e45ef91d8c1dac2592948b3fa58a7da1cc3e16bef8c2df,bc_classifier_v1,breast_cancer_wisconsin,classification_breast_cancer,42,unit_19,13,5,2026-09-02T20:45:00Z,1.0.0,8e7fd68470057c99,0.4246654135123573,0.2,0.1,0.2,0.2,0.1357621198845116,,,,,,NORMAL,True,True,True,True,False,False,False,True,False,1,0,1,
6f92fdb59ccd4d76e67b6d09,Module_12_CrossDomain,sklearn.datasets.load_breast_cancer,71aa3180a9c8c9abf1e45ef91d8c1dac2592948b3fa58a7da1cc3e16bef8c2df,bc_classifier_v1,breast_cancer_wisconsin,classification_breast_cancer,42,unit_19,14,1,2026-09-02T20:45:00Z,1.0.0,8e7fd68470057c99,0.11505469077587349,0.2,0.1,0.2,0.2,0.04402316217823376,,,,,,NORMAL,True,True,True,True,False,False,False,True,False,1,0,1,
2ae70cb010f053b18f29dd98,Module_12_CrossDomain,sklearn.datasets.load_breast_cancer,71aa3180a9c8c9abf1e45ef91d8c1dac2592948b3fa58a7da1cc3e16bef8c2df,bc_classifier_v1,breast_cancer_wisconsin,classification_breast_cancer,42,unit_19,14,2,2026-09-02T20:45:00Z,1.0.0,8e7fd68470057c99,0.11505469077587349,0.2,0.1,0.2,0.2,0.04402316217823376,,,,,,NORMAL,True,True,True,True,False,False,False,True,False,1,0,1,
ec0329124f881a05ae9c9dfe,Module_12_CrossDomain,sklearn.datasets.load_breast_cancer,71aa3180a9c8c9abf1e45ef91d8c1dac2592948b3fa58a7da1cc3e16bef8c2df,bc_classifier_v1,breast_cancer_wisconsin,classification_breast_cancer,42,unit_19,14,3,2026-09-02T20:45:00Z,1.0.0,8e7fd68470057c99,0.11505469077587349,0.2,0.1,0.2,0.2,0.04402316217823376,,,,,,NORMAL,True,True,True,True,False,False,False,True,False,1,0,1,
271e0f7af094834e14cdb82f,Module_12_CrossDomain,sklearn.datasets.load_breast_cancer,71aa3180a9c8c9abf1e45ef91d8c1dac2592948b3fa58a7da1cc3e16bef8c2df,bc_classifier_v1,breast_cancer_wisconsin,classification_breast_cancer,42,unit_19,14,5,2026-09-02T20:45:00Z,1.0.0,8e7fd68470057c99,0.11505469077587349,0.2,0.1,0.2,0.2,0.04402316217823376,,,,,,NORMAL,True,True,True,True,False,False,False,True,False,1,0,1,
3b30a0686118cf6066885921,Module_12_CrossDomain,sklearn.datasets.load_breast_cancer,71aa3180a9c8c9abf1e45ef91d8c1dac2592948b3fa58a7da1cc3e16bef8c2df,bc_classifier_v1,breast_cancer_wisconsin,classification_breast_cancer,42,unit_19,15,1,2026-09-02T20:45:00Z,1.0.0,8e7fd68470057c99,0.00381900156399832,0.2,0.1,0.2,0.2,0.08009561550456268,,,,,,NORMAL,True,True,True,True,False,False,False,True,False,1,0,1,
5d1fed35bb1619c70d1b2ddf,Module_12_CrossDomain,sklearn.datasets.load_breast_cancer,71aa3180a9c8c9abf1e45ef91d8c1dac2592948b3fa58a7da1cc3e16bef8c2df,bc_classifier_v1,breast_cancer_wisconsin,classification_breast_cancer,42,unit_19,15,2,2026-09-02T20:45:00Z,1.0.0,8e7fd68470057c99,0.00381900156399832,0.2,0.1,0.2,0.2,0.08009561550456268,,,,,,NORMAL,True,True,True,True,False,False,False,True,False,1,0,1,
e21ed1b77d9039d4a7e7b044,Module_12_CrossDomain,sklearn.datasets.load_breast_cancer,71aa3180a9c8c9abf1e45ef91d8c1dac2592948b3fa58a7da1cc3e16bef8c2df,bc_classifier_v1,breast_cancer_wisconsin,classification_breast_cancer,42,unit_19,15,3,2026-09-02T20:45:00Z,1.0.0,8e7fd68470057c99,0.00381900156399832,0.2,0.1,0.2,0.2,0.08009561550456268,,,,,,NORMAL,True,True,True,True,False,False,False,True,False,1,0,1,
4dad88c8a1d4e8e629c5d3f3,Module_12_CrossDomain,sklearn.datasets.load_breast_cancer,71aa3180a9c8c9abf1e45ef91d8c1dac2592948b3fa58a7da1cc3e16bef8c2df,bc_classifier_v1,breast_cancer_wisconsin,classification_breast_cancer,42,unit_19,15,5,2026-09-02T20:45:00Z,1.0.0,8e7fd68470057c99,0.00381900156399832,0.2,0.1,0.2,0.2,0.08009561550456268,,,,,,NORMAL,True,True,True,True,False,False,False,True,False,1,0,1,
367d0b5d11841c41c4742877,Module_12_CrossDomain,sklearn.datasets.load_breast_cancer,71aa3180a9c8c9abf1e45ef91d8c1dac2592948b3fa58a7da1cc3e16bef8c2df,bc_classifier_v1,breast_cancer_wisconsin,classification_breast_cancer,42,unit_19,16,1,2026-09-02T20:45:00Z,1.0.0,8e7fd68470057c99,0.035033098026514345,0.2,0.1,0.2,0.2,0.06785178053732033,,,,,,NORMAL,True,True,True,True,False,False,False,True,False,1,0,1,
2e1c18043ab5d4046399e364,Module_12_CrossDomain,sklearn.datasets.load_breast_cancer,71aa3180a9c8c9abf1e45ef91d8c1dac2592948b3fa58a7da1cc3e16bef8c2df,bc_classifier_v1,breast_cancer_wisconsin,classification_breast_cancer,42,unit_19,16,2,2026-09-02T20:45:00Z,1.0.0,8e7fd68470057c99,0.035033098026514345,0.2,0.1,0.2,0.2,0.06785178053732033,,,,,,NORMAL,True,True,True,True,False,False,False,True,False,1,0,1,
1b3d7bb43edbb2732ae34fa4,Module_12_CrossDomain,sklearn.datasets.load_breast_cancer,71aa3180a9c8c9abf1e45ef91d8c1dac2592948b3fa58a7da1cc3e16bef8c2df,bc_classifier_v1,breast_cancer_wisconsin,classification_breast_cancer,42,unit_19,16,3,2026-09-02T20:45:00Z,1.0.0,8e7fd68470057c99,0.035033098026514345,0.2,0.1,0.2,0.2,0.06785178053732033,,,,,,NORMAL,True,True,True,True,False,False,False,True,False,1,0,1,
1e0cf09ef7fc5b6b5c59780a,Module_12_CrossDomain,sklearn.datasets.load_breast_cancer,71aa3180a9c8c9abf1e45ef91d8c1dac2592948b3fa58a7da1cc3e16bef8c2df,bc_classifier_v1,breast_cancer_wisconsin,classification_breast_cancer,42,unit_19,16,5,2026-09-02T20:45:00Z,1.0.0,8e7fd68470057c99,0.035033098026514345,0.2,0.1,0.2,0.2,0.06785178053732033,,,,,,NORMAL,True,True,True,True,False,False,False,True,False,1,0,1,
2321e910dd1f517931d5febb,Module_12_CrossDomain,sklearn.datasets.load_breast_cancer,71aa3180a9c8c9abf1e45ef91d8c1dac2592948b3fa58a7da1cc3e16bef8c2df,bc_classifier_v1,breast_cancer_wisconsin,classification_breast_cancer,42,unit_19,17,1,2026-09-02T20:45:00Z,1.0.0,8e7fd68470057c99,0.07532765891448946,0.2,0.1,0.2,0.2,0.0539051812046771,,,,,,NORMAL,True,True,True,True,False,False,False,True,False,1,0,1,
5cb6778cfab85e0e940f6748,Module_12_CrossDomain,sklearn.datasets.load_breast_cancer,71aa3180a9c8c9abf1e45ef91d8c1dac2592948b3fa58a7da1cc3e16bef8c2df,bc_classifier_v1,breast_cancer_wisconsin,classification_breast_cancer,42,unit_19,17,2,2026-09-02T20:45:00Z,1.0.0,8e7fd68470057c99,0.07532765891448946,0.2,0.1,0.2,0.2,0.0539051812046771,,,,,,NORMAL,True,True,True,True,False,False,False,True,False,1,0,1,
45db397510f7b7d0a1040c2e,Module_12_CrossDomain,sklearn.datasets.load_breast_cancer,71aa3180a9c8c9abf1e45ef91d8c1dac2592948b3fa58a7da1cc3e16bef8c2df,bc_classifier_v1,breast_cancer_wisconsin,classification_breast_cancer,42,unit_19,17,3,2026-09-02T20:45:00Z,1.0.0,8e7fd68470057c99,0.07532765891448946,0.2,0.1,0.2,0.2,0.0539051812046771,,,,,,NORMAL,True,True,True,True,False,False,False,True,False,1,0,1,
2265cbc72dccb7d465b03853,Module_12_CrossDomain,sklearn.datasets.load_breast_cancer,71aa3180a9c8c9abf1e45ef91d8c1dac2592948b3fa58a7da1cc3e16bef8c2df,bc_classifier_v1,breast_cancer_wisconsin,classification_breast_cancer,42,unit_19,17,5,2026-09-02T20:45:00Z,1.0.0,8e7fd68470057c99,0.07532765891448946,0.2,0.1,0.2,0.2,0.0539051812046771,,,,,,NORMAL,True,True,True,True,False,False,False,True,False,1,0,1,
fa7af66b508ac39b174273b1,Module_12_CrossDomain,sklearn.datasets.load_breast_cancer,71aa3180a9c8c9abf1e45ef91d8c1dac2592948b3fa58a7da1cc3e16bef8c2df,bc_classifier_v1,breast_cancer_wisconsin,classification_breast_cancer,42,unit_19,18,1,2026-09-02T20:45:00Z,1.0.0,8e7fd68470057c99,0.1740777095413582,0.2,0.1,0.2,0.2,0.04237330421846602,,,,,,NORMAL,True,True,True,True,False,False,False,True,False,1,0,1,
2ff611dbf863b5ae88441615,Module_12_CrossDomain,sklearn.datasets.load_breast_cancer,71aa3180a9c8c9abf1e45ef91d8c1dac2592948b3fa58a7da1cc3e16bef8c2df,bc_classifier_v1,breast_cancer_wisconsin,classification_breast_cancer,42,unit_19,18,2,2026-09-02T20:45:00Z,1.0.0,8e7fd68470057c99,0.1740777095413582,0.2,0.1,0.2,0.2,0.04237330421846602,,,,,,NORMAL,True,True,True,True,False,False,False,True,False,1,0,1,
cf83dcf915a2798132205495,Module_12_CrossDomain,sklearn.datasets.load_breast_cancer,71aa3180a9c8c9abf1e45ef91d8c1dac2592948b3fa58a7da1cc3e16bef8c2df,bc_classifier_v1,breast_cancer_wisconsin,classification_breast_cancer,42,unit_19,18,3,2026-09-02T20:45:00Z,1.0.0,8e7fd68470057c99,0.1740777095413582,0.2,0.1,0.2,0.2,0.04237330421846602,,,,,,NORMAL,True,True,True,True,False,False,False,True,False,1,0,1,
29c9b0802cc1a5a9561441aa,Module_12_CrossDomain,sklearn.datasets.load_breast_cancer,71aa3180a9c8c9abf1e45ef91d8c1dac2592948b3fa58a7da1cc3e16bef8c2df,bc_classifier_v1,breast_cancer_wisconsin,classification_breast_cancer,42,unit_19,18,5,2026-09-02T20:45:00Z,1.0.0,8e7fd68470057c99,0.1740777095413582,0.2,0.1,0.2,0.2,0.04237330421846602,,,,,,NORMAL,True,True,True,True,False,False,False,True,False,1,0,1,
9b43f3a586e4eb45fa814600,Module_12_CrossDomain,sklearn.datasets.load_breast_cancer,71aa3180a9c8c9abf1e45ef91d8c1dac2592948b3fa58a7da1cc3e16bef8c2df,bc_classifier_v1,breast_cancer_wisconsin,classification_breast_cancer,42,unit_19,19,1,2026-09-02T20:45:00Z,1.0.0,8e7fd68470057c99,0.13208056157360942,0.2,0.1,0.2,0.2,0.0416896104123936,,,,,,NORMAL,True,True,True,True,False,False,False,True,False,1,0,0,
932b8027f250ca8fa1102a9c,Module_12_CrossDomain,sklearn.datasets.load_breast_cancer,71aa3180a9c8c9abf1e45ef91d8c1dac2592948b3fa58a7da1cc3e16bef8c2df,bc_classifier_v1,breast_cancer_wisconsin,classification_breast_cancer,42,unit_19,19,2,2026-09-02T20:45:00Z,1.0.0,8e7fd68470057c99,0.13208056157360942,0.2,0.1,0.2,0.2,0.0416896104123936,,,,,,NORMAL,True,True,True,True,False,False,False,True,False,1,0,0,
e2e8fe17b9fd474151dec9b0,Module_12_CrossDomain,sklearn.datasets.load_breast_cancer,71aa3180a9c8c9abf1e45ef91d8c1dac2592948b3fa58a7da1cc3e16bef8c2df,bc_classifier_v1,breast_cancer_wisconsin,classification_breast_cancer,42,unit_19,19,3,2026-09-02T20:45:00Z,1.0.0,8e7fd68470057c99,0.13208056157360942,0.2,0.1,0.2,0.2,0.0416896104123936,,,,,,NORMAL,True,True,True,True,False,False,False,True,False,1,0,0,
df04c7c5b90bdd0f871260af,Module_12_CrossDomain,sklearn.datasets.load_breast_cancer,71aa3180a9c8c9abf1e45ef91d8c1dac2592948b3fa58a7da1cc3e16bef8c2df,bc_classifier_v1,breast_cancer_wisconsin,classification_breast_cancer,42,unit_19,19,5,2026-09-02T20:45:00Z,1.0.0,8e7fd68470057c99,0.13208056157360942,0.2,0.1,0.2,0.2,0.0416896104123936,,,,,,NORMAL,True,True,True,True,False,False,False,True,False,1,0,0,
f6371fc392dbbfbc27908e2d,Module_12_CrossDomain,sklearn.datasets.load_breast_cancer,71aa3180a9c8c9abf1e45ef91d8c1dac2592948b3fa58a7da1cc3e16bef8c2df,bc_classifier_v1,breast_cancer_wisconsin,classification_breast_cancer,42,unit_20,0,1,2026-09-02T20:45:00Z,1.0.0,8e7fd68470057c99,0.21467967367361354,0.2,0.1,0.2,0.2,0.05095414100830741,,,,,,NORMAL,True,True,True,True,False,False,False,True,False,1,1,1,1.0
98ef73b4e7eb087433bdac8e,Module_12_CrossDomain,sklearn.datasets.load_breast_cancer,71aa3180a9c8c9abf1e45ef91d8c1dac2592948b3fa58a7da1cc3e16bef8c2df,bc_classifier_v1,breast_cancer_wisconsin,classification_breast_cancer,42,unit_20,0,2,2026-09-02T20:45:00Z,1.0.0,8e7fd68470057c99,0.21467967367361354,0.2,0.1,0.2,0.2,0.05095414100830741,,,,,,NORMAL,True,True,True,True,False,False,False,True,False,1,1,1,1.0
c665967591887e7d0a87d8bb,Module_12_CrossDomain,sklearn.datasets.load_breast_cancer,71aa3180a9c8c9abf1e45ef91d8c1dac2592948b3fa58a7da1cc3e16bef8c2df,bc_classifier_v1,breast_cancer_wisconsin,classification_breast_cancer,42,unit_20,0,3,2026-09-02T20:45:00Z,1.0.0,8e7fd68470057c99,0.21467967367361354,0.2,0.1,0.2,0.2,0.05095414100830741,,,,,,NORMAL,True,True,True,True,False,False,False,True,False,1,1,1,1.0
d3b4015d9a38c17b5ee053cd,Module_12_CrossDomain,sklearn.datasets.load_breast_cancer,71aa3180a9c8c9abf1e45ef91d8c1dac2592948b3fa58a7da1cc3e16bef8c2df,bc_classifier_v1,breast_cancer_wisconsin,classification_breast_cancer,42,unit_20,0,5,2026-09-02T20:45:00Z,1.0.0,8e7fd68470057c99,0.21467967367361354,0.2,0.1,0.2,0.2,0.05095414100830741,,,,,,NORMAL,True,True,True,True,False,False,False,True,False,1,1,1,1.0
94e180b2cd6a14e102bde5c8,Module_12_CrossDomain,sklearn.datasets.load_breast_cancer,71aa3180a9c8c9abf1e45ef91d8c1dac2592948b3fa58a7da1cc3e16bef8c2df,bc_classifier_v1,breast_cancer_wisconsin,classification_breast_cancer,42,unit_20,1,1,2026-09-02T20:45:00Z,1.0.0,8e7fd68470057c99,0.12470268422792388,0.2,0.1,0.2,0.2,0.042530914730796135,,,,,,NORMAL,True,True,True,True,False,False,False,True,False,1,1,1,0.0
598d503e74d4125a8121f169,Module_12_CrossDomain,sklearn.datasets.load_breast_cancer,71aa3180a9c8c9abf1e45ef91d8c1dac2592948b3fa58a7da1cc3e16bef8c2df,bc_classifier_v1,breast_cancer_wisconsin,classification_breast_cancer,42,unit_20,1,2,2026-09-02T20:45:00Z,1.0.0,8e7fd68470057c99,0.12470268422792388,0.2,0.1,0.2,0.2,0.042530914730796135,,,,,,NORMAL,True,True,True,True,False,False,False,True,False,1,1,1,0.0
2a8b93251d31dcbeaa756316,Module_12_CrossDomain,sklearn.datasets.load_breast_cancer,71aa3180a9c8c9abf1e45ef91d8c1dac2592948b3fa58a7da1cc3e16bef8c2df,bc_classifier_v1,breast_cancer_wisconsin,classification_breast_cancer,42,unit_20,1,3,2026-09-02T20:45:00Z,1.0.0,8e7fd68470057c99,0.12470268422792388,0.2,0.1,0.2,0.2,0.042530914730796135,,,,,,NORMAL,True,True,True,True,False,False,False,True,False,1,1,1,0.0
9efe053d6cd365018030979f,Module_12_CrossDomain,sklearn.datasets.load_breast_cancer,71aa3180a9c8c9abf1e45ef91d8c1dac2592948b3fa58a7da1cc3e16bef8c2df,bc_classifier_v1,breast_cancer_wisconsin,classification_breast_cancer,42,unit_20,1,5,2026-09-02T20:45:00Z,1.0.0,8e7fd68470057c99,0.12470268422792388,0.2,0.1,0.2,0.2,0.042530914730796135,,,,,,NORMAL,True,True,True,True,False,False,False,True,False,1,1,1,0.0
d96bcec4fba5276315a90d2b,Module_12_CrossDomain,sklearn.datasets.load_breast_cancer,71aa3180a9c8c9abf1e45ef91d8c1dac2592948b3fa58a7da1cc3e16bef8c2df,bc_classifier_v1,breast_cancer_wisconsin,classification_breast_cancer,42,unit_20,2,1,2026-09-02T20:45:00Z,1.0.0,8e7fd68470057c99,0.06624719448903026,0.2,0.1,0.2,0.2,0.05679305988696218,,,,,,NORMAL,True,True,True,True,False,False,False,True,False,1,1,1,
90c4ca562d2e70d1c42edf98,Module_12_CrossDomain,sklearn.datasets.load_breast_cancer,71aa3180a9c8c9abf1e45ef91d8c1dac2592948b3fa58a7da1cc3e16bef8c2df,bc_classifier_v1,breast_cancer_wisconsin,classification_breast_cancer,42,unit_20,2,2,2026-09-02T20:45:00Z,1.0.0,8e7fd68470057c99,0.06624719448903026,0.2,0.1,0.2,0.2,0.05679305988696218,,,,,,NORMAL,True,True,True,True,False,False,False,True,False,1,1,1,
a5fbf534d52a236352a99061,Module_12_CrossDomain,sklearn.datasets.load_breast_cancer,71aa3180a9c8c9abf1e45ef91d8c1dac2592948b3fa58a7da1cc3e16bef8c2df,bc_classifier_v1,breast_cancer_wisconsin,classification_breast_cancer,42,unit_20,2,3,2026-09-02T20:45:00Z,1.0.0,8e7fd68470057c99,0.06624719448903026,0.2,0.1,0.2,0.2,0.05679305988696218,,,,,,NORMAL,True,True,True,True,False,False,False,True,False,1,1,1,
3b208728b6c3c4bb238c588a,Module_12_CrossDomain,sklearn.datasets.load_breast_cancer,71aa3180a9c8c9abf1e45ef91d8c1dac2592948b3fa58a7da1cc3e16bef8c2df,bc_classifier_v1,breast_cancer_wisconsin,classification_breast_cancer,42,unit_20,2,5,2026-09-02T20:45:00Z,1.0.0,8e7fd68470057c99,0.06624719448903026,0.2,0.1,0.2,0.2,0.05679305988696218,,,,,,NORMAL,True,True,True,True,False,False,False,True,False,1,1,1,
0d0e0c87b231663dbc8e21b8,Module_12_CrossDomain,sklearn.datasets.load_breast_cancer,71aa3180a9c8c9abf1e45ef91d8c1dac2592948b3fa58a7da1cc3e16bef8c2df,bc_classifier_v1,breast_cancer_wisconsin,classification_breast_cancer,42,unit_20,3,1,2026-09-02T20:45:00Z,1.0.0,8e7fd68470057c99,0.06738225254221274,0.2,0.1,0.2,0.2,0.05642239940346528,,,,,,NORMAL,True,True,True,True,False,False,False,True,False,1,1,1,
c5bde60f0bce57fbd056f9cf,Module_12_CrossDomain,sklearn.datasets.load_breast_cancer,71aa3180a9c8c9abf1e45ef91d8c1dac2592948b3fa58a7da1cc3e16bef8c2df,bc_classifier_v1,breast_cancer_wisconsin,classification_breast_cancer,42,unit_20,3,2,2026-09-02T20:45:00Z,1.0.0,8e7fd68470057c99,0.06738225254221274,0.2,0.1,0.2,0.2,0.05642239940346528,,,,,,NORMAL,True,True,True,True,False,False,False,True,False,1,1,1,
e36b721ce15c824eb56b00d1,Module_12_CrossDomain,sklearn.datasets.load_breast_cancer,71aa3180a9c8c9abf1e45ef91d8c1dac2592948b3fa58a7da1cc3e16bef8c2df,bc_classifier_v1,breast_cancer_wisconsin,classification_breast_cancer,42,unit_20,3,3,2026-09-02T20:45:00Z,1.0.0,8e7fd68470057c99,0.06738225254221274,0.2,0.1,0.2,0.2,0.05642239940346528,,,,,,NORMAL,True,True,True,True,False,False,False,True,False,1,1,1,
c70ad5fc021850b8636e5e23,Module_12_CrossDomain,sklearn.datasets.load_breast_cancer,71aa3180a9c8c9abf1e45ef91d8c1dac2592948b3fa58a7da1cc3e16bef8c2df,bc_classifier_v1,breast_cancer_wisconsin,classification_breast_cancer,42,unit_20,3,5,2026-09-02T20:45:00Z,1.0.0,8e7fd68470057c99,0.06738225254221274,0.2,0.1,0.2,0.2,0.05642239940346528,,,,,,NORMAL,True,True,True,True,False,False,False,True,False,1,1,1,
5fa48255a6a6546f1a48d912,Module_12_CrossDomain,sklearn.datasets.load_breast_cancer,71aa3180a9c8c9abf1e45ef91d8c1dac2592948b3fa58a7da1cc3e16bef8c2df,bc_classifier_v1,breast_cancer_wisconsin,classification_breast_cancer,42,unit_20,4,1,2026-09-02T20:45:00Z,1.0.0,8e7fd68470057c99,0.1014339941376847,0.2,0.1,0.2,0.2,0.04680611765670154,,,,,,NORMAL,True,True,True,True,False,False,False,True,False,1,1,1,
d787b92d7095544c4c0e826c,Module_12_CrossDomain,sklearn.datasets.load_breast_cancer,71aa3180a9c8c9abf1e45ef91d8c1dac2592948b3fa58a7da1cc3e16bef8c2df,bc_classifier_v1,breast_cancer_wisconsin,classification_breast_cancer,42,unit_20,4,2,2026-09-02T20:45:00Z,1.0.0,8e7fd68470057c99,0.1014339941376847,0.2,0.1,0.2,0.2,0.04680611765670154,,,,,,NORMAL,True,True,True,True,False,False,False,True,False,1,1,1,
ffbabd0dbcb9b4164c381ec8,Module_12_CrossDomain,sklearn.datasets.load_breast_cancer,71aa3180a9c8c9abf1e45ef91d8c1dac2592948b3fa58a7da1cc3e16bef8c2df,bc_classifier_v1,breast_cancer_wisconsin,classification_breast_cancer,42,unit_20,4,3,2026-09-02T20:45:00Z,1.0.0,8e7fd68470057c99,0.1014339941376847,0.2,0.1,0.2,0.2,0.04680611765670154,,,,,,NORMAL,True,True,True,True,False,False,False,True,False,1,1,1,
2297be227ac196c70909fe0a,Module_12_CrossDomain,sklearn.datasets.load_breast_cancer,71aa3180a9c8c9abf1e45ef91d8c1dac2592948b3fa58a7da1cc3e16bef8c2df,bc_classifier_v1,breast_cancer_wisconsin,classification_breast_cancer,42,unit_20,4,5,2026-09-02T20:45:00Z,1.0.0,8e7fd68470057c99,0.1014339941376847,0.2,0.1,0.2,0.2,0.04680611765670154,,,,,,NORMAL,True,True,True,True,False,False,False,True,False,1,1,1,
a4c11f1fd0443192e74bd4a4,Module_12_CrossDomain,sklearn.datasets.load_breast_cancer,71aa3180a9c8c9abf1e45ef91d8c1dac2592948b3fa58a7da1cc3e16bef8c2df,bc_classifier_v1,breast_cancer_wisconsin,classification_breast_cancer,42,unit_20,5,1,2026-09-02T20:45:00Z,1.0.0,8e7fd68470057c99,0.18088805786045264,0.2,0.1,0.2,0.2,0.04334377340490448,,,,,,NORMAL,True,True,True,True,False,False,False,True,False,1,1,1,
f6d91c0273792f4e8530c46c,Module_12_CrossDomain,sklearn.datasets.load_breast_cancer,71aa3180a9c8c9abf1e45ef91d8c1dac2592948b3fa58a7da1cc3e16bef8c2df,bc_classifier_v1,breast_cancer_wisconsin,classification_breast_cancer,42,unit_20,5,2,2026-09-02T20:45:00Z,1.0.0,8e7fd68470057c99,0.18088805786045264,0.2,0.1,0.2,0.2,0.04334377340490448,,,,,,NORMAL,True,True,True,True,False,False,False,True,False,1,1,1,
a6822440e48c493de7f0f047,Module_12_CrossDomain,sklearn.datasets.load_breast_cancer,71aa3180a9c8c9abf1e45ef91d8c1dac2592948b3fa58a7da1cc3e16bef8c2df,bc_classifier_v1,breast_cancer_wisconsin,classification_breast_cancer,42,unit_20,5,3,2026-09-02T20:45:00Z,1.0.0,8e7fd68470057c99,0.18088805786045264,0.2,0.1,0.2,0.2,0.04334377340490448,,,,,,NORMAL,True,True,True,True,False,False,False,True,False,1,1,1,
8b38fba49ff4273f596b4836,Module_12_CrossDomain,sklearn.datasets.load_breast_cancer,71aa3180a9c8c9abf1e45ef91d8c1dac2592948b3fa58a7da1cc3e16bef8c2df,bc_classifier_v1,breast_cancer_wisconsin,classification_breast_cancer,42,unit_20,5,5,2026-09-02T20:45:00Z,1.0.0,8e7fd68470057c99,0.18088805786045264,0.2,0.1,0.2,0.2,0.04334377340490448,,,,,,NORMAL,True,True,True,True,False,False,False,True,False,1,1,1,
9e6ec51ff2bba1f3f8bcfebd,Module_12_CrossDomain,sklearn.datasets.load_breast_cancer,71aa3180a9c8c9abf1e45ef91d8c1dac2592948b3fa58a7da1cc3e16bef8c2df,bc_classifier_v1,breast_cancer_wisconsin,classification_breast_cancer,42,unit_20,6,1,2026-09-02T20:45:00Z,1.0.0,8e7fd68470057c99,0.11422703596697122,0.2,0.1,0.2,0.2,0.04417064121917375,,,,,,NORMAL,True,True,True,True,False,False,False,True,False,1,1,1,
0fad14acc890361ba09084d0,Module_12_CrossDomain,sklearn.datasets.load_breast_cancer,71aa3180a9c8c9abf1e45ef91d8c1dac2592948b3fa58a7da1cc3e16bef8c2df,bc_classifier_v1,breast_cancer_wisconsin,classification_breast_cancer,42,unit_20,6,2,2026-09-02T20:45:00Z,1.0.0,8e7fd68470057c99,0.11422703596697122,0.2,0.1,0.2,0.2,0.04417064121917375,,,,,,NORMAL,True,True,True,True,False,False,False,True,False,1,1,1,
1f2a0269070088cbe66af924,Module_12_CrossDomain,sklearn.datasets.load_breast_cancer,71aa3180a9c8c9abf1e45ef91d8c1dac2592948b3fa58a7da1cc3e16bef8c2df,bc_classifier_v1,breast_cancer_wisconsin,classification_breast_cancer,42,unit_20,6,3,2026-09-02T20:45:00Z,1.0.0,8e7fd68470057c99,0.11422703596697122,0.2,0.1,0.2,0.2,0.04417064121917375,,,,,,NORMAL,True,True,True,True,False,False,False,True,False,1,1,1,
b075e90dd2c4f5ab7885d4dd,Module_12_CrossDomain,sklearn.datasets.load_breast_cancer,71aa3180a9c8c9abf1e45ef91d8c1dac2592948b3fa58a7da1cc3e16bef8c2df,bc_classifier_v1,breast_cancer_wisconsin,classification_breast_cancer,42,unit_20,6,5,2026-09-02T20:45:00Z,1.0.0,8e7fd68470057c99,0.11422703596697122,0.2,0.1,0.2,0.2,0.04417064121917375,,,,,,NORMAL,True,True,True,True,False,False,False,True,False,1,1,1,
b7d8c3215aaee75d9b98c0a8,Module_12_CrossDomain,sklearn.datasets.load_breast_cancer,71aa3180a9c8c9abf1e45ef91d8c1dac2592948b3fa58a7da1cc3e16bef8c2df,bc_classifier_v1,breast_cancer_wisconsin,classification_breast_cancer,42,unit_20,7,1,2026-09-02T20:45:00Z,1.0.0,8e7fd68470057c99,0.07249001378153352,0.2,0.1,0.2,0.2,0.05478807243184488,,,,,,NORMAL,True,True,True,True,False,False,False,True,False,1,1,0,
1c39ee21f5c29f820677ade5,Module_12_CrossDomain,sklearn.datasets.load_breast_cancer,71aa3180a9c8c9abf1e45ef91d8c1dac2592948b3fa58a7da1cc3e16bef8c2df,bc_classifier_v1,breast_cancer_wisconsin,classification_breast_cancer,42,unit_20,7,2,2026-09-02T20:45:00Z,1.0.0,8e7fd68470057c99,0.07249001378153352,0.2,0.1,0.2,0.2,0.05478807243184488,,,,,,NORMAL,True,True,True,True,False,False,False,True,False,1,1,1,
64a0f1f314c957c4659675e8,Module_12_CrossDomain,sklearn.datasets.load_breast_cancer,71aa3180a9c8c9abf1e45ef91d8c1dac2592948b3fa58a7da1cc3e16bef8c2df,bc_classifier_v1,breast_cancer_wisconsin,classification_breast_cancer,42,unit_20,7,3,2026-09-02T20:45:00Z,1.0.0,8e7fd68470057c99,0.07249001378153352,0.2,0.1,0.2,0.2,0.05478807243184488,,,,,,NORMAL,True,True,True,True,False,False,False,True,False,1,1,1,
697ccc295f38b212d71e157e,Module_12_CrossDomain,sklearn.datasets.load_breast_cancer,71aa3180a9c8c9abf1e45ef91d8c1dac2592948b3fa58a7da1cc3e16bef8c2df,bc_classifier_v1,breast_cancer_wisconsin,classification_breast_cancer,42,unit_20,7,5,2026-09-02T20:45:00Z,1.0.0,8e7fd68470057c99,0.07249001378153352,0.2,0.1,0.2,0.2,0.05478807243184488,,,,,,NORMAL,True,True,True,True,False,False,False,True,False,1,1,1,
31ac27c64a9c411d23928fc8,Module_12_CrossDomain,sklearn.datasets.load_breast_cancer,71aa3180a9c8c9abf1e45ef91d8c1dac2592948b3fa58a7da1cc3e16bef8c2df,bc_classifier_v1,breast_cancer_wisconsin,classification_breast_cancer,42,unit_20,8,1,2026-09-02T20:45:00Z,1.0.0,8e7fd68470057c99,0.21921990588634302,0.2,0.1,0.2,0.2,0.0522630002347405,,,,,,NORMAL,True,True,True,True,False,False,False,True,False,1,1,1,
2c2fef6ad07680866bea5925,Module_12_CrossDomain,sklearn.datasets.load_breast_cancer,71aa3180a9c8c9abf1e45ef91d8c1dac2592948b3fa58a7da1cc3e16bef8c2df,bc_classifier_v1,breast_cancer_wisconsin,classification_breast_cancer,42,unit_20,8,2,2026-09-02T20:45:00Z,1.0.0,8e7fd68470057c99,0.21921990588634302,0.2,0.1,0.2,0.2,0.0522630002347405,,,,,,NORMAL,True,True,True,True,False,False,False,True,False,1,1,1,
f17fb145b7beeb0aef5a981d,Module_12_CrossDomain,sklearn.datasets.load_breast_cancer,71aa3180a9c8c9abf1e45ef91d8c1dac2592948b3fa58a7da1cc3e16bef8c2df,bc_classifier_v1,breast_cancer_wisconsin,classification_breast_cancer,42,unit_20,8,3,2026-09-02T20:45:00Z,1.0.0,8e7fd68470057c99,0.21921990588634302,0.2,0.1,0.2,0.2,0.0522630002347405,,,,,,NORMAL,True,True,True,True,False,False,False,True,False,1,1,1,
f9a745ee727471d22af42cce,Module_12_CrossDomain,sklearn.datasets.load_breast_cancer,71aa3180a9c8c9abf1e45ef91d8c1dac2592948b3fa58a7da1cc3e16bef8c2df,bc_classifier_v1,breast_cancer_wisconsin,classification_breast_cancer,42,unit_20,8,5,2026-09-02T20:45:00Z,1.0.0,8e7fd68470057c99,0.21921990588634302,0.2,0.1,0.2,0.2,0.0522630002347405,,,,,,NORMAL,True,True,True,True,False,False,False,True,False,1,1,1,
a7ad95e17512a60fde743c01,Module_12_CrossDomain,sklearn.datasets.load_breast_cancer,71aa3180a9c8c9abf1e45ef91d8c1dac2592948b3fa58a7da1cc3e16bef8c2df,bc_classifier_v1,breast_cancer_wisconsin,classification_breast_cancer,42,unit_20,9,1,2026-09-02T20:45:00Z,1.0.0,8e7fd68470057c99,0.1054066973238231,0.2,0.1,0.2,0.2,0.04591916240904983,,,,,,NORMAL,True,True,True,True,False,False,False,True,False,1,1,1,
45ad3c63cdfa5f59bdc03133,Module_12_CrossDomain,sklearn.datasets.load_breast_cancer,71aa3180a9c8c9abf1e45ef91d8c1dac2592948b3fa58a7da1cc3e16bef8c2df,bc_classifier_v1,breast_cancer_wisconsin,classification_breast_cancer,42,unit_20,9,2,2026-09-02T20:45:00Z,1.0.0,8e7fd68470057c99,0.1054066973238231,0.2,0.1,0.2,0.2,0.04591916240904983,,,,,,NORMAL,True,True,True,True,False,False,False,True,False,1,1,1,
01091b2d1fc6db0a342c9acf,Module_12_CrossDomain,sklearn.datasets.load_breast_cancer,71aa3180a9c8c9abf1e45ef91d8c1dac2592948b3fa58a7da1cc3e16bef8c2df,bc_classifier_v1,breast_cancer_wisconsin,classification_breast_cancer,42,unit_20,9,3,2026-09-02T20:45:00Z,1.0.0,8e7fd68470057c99,0.1054066973238231,0.2,0.1,0.2,0.2,0.04591916240904983,,,,,,NORMAL,True,True,True,True,False,False,False,True,False,1,1,1,
e098875a99bda04724661943,Module_12_CrossDomain,sklearn.datasets.load_breast_cancer,71aa3180a9c8c9abf1e45ef91d8c1dac2592948b3fa58a7da1cc3e16bef8c2df,bc_classifier_v1,breast_cancer_wisconsin,classification_breast_cancer,42,unit_20,9,5,2026-09-02T20:45:00Z,1.0.0,8e7fd68470057c99,0.1054066973238231,0.2,0.1,0.2,0.2,0.04591916240904983,,,,,,NORMAL,True,True,True,True,False,False,False,True,False,1,1,1,
fda3fbe4209e5af31d6599d7,Module_12_CrossDomain,sklearn.datasets.load_breast_cancer,71aa3180a9c8c9abf1e45ef91d8c1dac2592948b3fa58a7da1cc3e16bef8c2df,bc_classifier_v1,breast_cancer_wisconsin,classification_breast_cancer,42,unit_20,10,1,2026-09-02T20:45:00Z,1.0.0,8e7fd68470057c99,0.15705183874362227,0.2,0.1,0.2,0.2,0.04095994908217878,,,,,,NORMAL,True,True,True,True,False,False,False,True,False,1,1,1,
933f44aa0d8233da60d1440a,Module_12_CrossDomain,sklearn.datasets.load_breast_cancer,71aa3180a9c8c9abf1e45ef91d8c1dac2592948b3fa58a7da1cc3e16bef8c2df,bc_classifier_v1,breast_cancer_wisconsin,classification_breast_cancer,42,unit_20,10,2,2026-09-02T20:45:00Z,1.0.0,8e7fd68470057c99,0.15705183874362227,0.2,0.1,0.2,0.2,0.04095994908217878,,,,,,NORMAL,True,True,True,True,False,False,False,True,False,1,1,1,
72ae359f85883c94fa8e3498,Module_12_CrossDomain,sklearn.datasets.load_breast_cancer,71aa3180a9c8c9abf1e45ef91d8c1dac2592948b3fa58a7da1cc3e16bef8c2df,bc_classifier_v1,breast_cancer_wisconsin,classification_breast_cancer,42,unit_20,10,3,2026-09-02T20:45:00Z,1.0.0,8e7fd68470057c99,0.15705183874362227,0.2,0.1,0.2,0.2,0.04095994908217878,,,,,,NORMAL,True,True,True,True,False,False,False,True,False,1,1,1,
6bfa4c1ad4f046e735638a88,Module_12_CrossDomain,sklearn.datasets.load_breast_cancer,71aa3180a9c8c9abf1e45ef91d8c1dac2592948b3fa58a7da1cc3e16bef8c2df,bc_classifier_v1,breast_cancer_wisconsin,classification_breast_cancer,42,unit_20,10,5,2026-09-02T20:45:00Z,1.0.0,8e7fd68470057c99,0.15705183874362227,0.2,0.1,0.2,0.2,0.04095994908217878,,,,,,NORMAL,True,True,True,True,False,False,False,True,False,1,1,1,
79e3bbf1366eba1dbd6d2647,Module_12_CrossDomain,sklearn.datasets.load_breast_cancer,71aa3180a9c8c9abf1e45ef91d8c1dac2592948b3fa58a7da1cc3e16bef8c2df,bc_classifier_v1,breast_cancer_wisconsin,classification_breast_cancer,42,unit_20,11,1,2026-09-02T20:45:00Z,1.0.0,8e7fd68470057c99,0.17521276759454069,0.2,0.1,0.2,0.2,0.04251975658385515,,,,,,NORMAL,True,True,True,True,False,False,False,True,False,1,1,1,
dd8273e3361bdbb6cf604960,Module_12_CrossDomain,sklearn.datasets.load_breast_cancer,71aa3180a9c8c9abf1e45ef91d8c1dac2592948b3fa58a7da1cc3e16bef8c2df,bc_classifier_v1,breast_cancer_wisconsin,classification_breast_cancer,42,unit_20,11,2,2026-09-02T20:45:00Z,1.0.0,8e7fd68470057c99,0.17521276759454069,0.2,0.1,0.2,0.2,0.04251975658385515,,,,,,NORMAL,True,True,True,True,False,False,False,True,False,1,1,1,
ca34b559e7a21e7cf5c225d1,Module_12_CrossDomain,sklearn.datasets.load_breast_cancer,71aa3180a9c8c9abf1e45ef91d8c1dac2592948b3fa58a7da1cc3e16bef8c2df,bc_classifier_v1,breast_cancer_wisconsin,classification_breast_cancer,42,unit_20,11,3,2026-09-02T20:45:00Z,1.0.0,8e7fd68470057c99,0.17521276759454069,0.2,0.1,0.2,0.2,0.04251975658385515,,,,,,NORMAL,True,True,True,True,False,False,False,True,False,1,1,1,
35887fc4ebe2b6c74a2e5f09,Module_12_CrossDomain,sklearn.datasets.load_breast_cancer,71aa3180a9c8c9abf1e45ef91d8c1dac2592948b3fa58a7da1cc3e16bef8c2df,bc_classifier_v1,breast_cancer_wisconsin,classification_breast_cancer,42,unit_20,11,5,2026-09-02T20:45:00Z,1.0.0,8e7fd68470057c99,0.17521276759454069,0.2,0.1,0.2,0.2,0.04251975658385515,,,,,,NORMAL,True,True,True,True,False,False,False,True,False,1,1,1,
d640fd6f169eff1f69589272,Module_12_CrossDomain,sklearn.datasets.load_breast_cancer,71aa3180a9c8c9abf1e45ef91d8c1dac2592948b3fa58a7da1cc3e16bef8c2df,bc_classifier_v1,breast_cancer_wisconsin,classification_breast_cancer,42,unit_20,12,1,2026-09-02T20:45:00Z,1.0.0,8e7fd68470057c99,0.2684577866634747,0.2,0.1,0.2,0.2,0.0691732883918019,,,,,,NORMAL,True,True,True,True,False,False,False,True,False,1,1,1,
1b067bb1e181492e8ff5d0c5,Module_12_CrossDomain,sklearn.datasets.load_breast_cancer,71aa3180a9c8c9abf1e45ef91d8c1dac2592948b3fa58a7da1cc3e16bef8c2df,bc_classifier_v1,breast_cancer_wisconsin,classification_breast_cancer,42,unit_20,12,2,2026-09-02T20:45:00Z,1.0.0,8e7fd68470057c99,0.2684577866634747,0.2,0.1,0.2,0.2,0.0691732883918019,,,,,,NORMAL,True,True,True,True,False,False,False,True,False,1,1,1,
37e413ae8439ec5ef167d3b2,Module_12_CrossDomain,sklearn.datasets.load_breast_cancer,71aa3180a9c8c9abf1e45ef91d8c1dac2592948b3fa58a7da1cc3e16bef8c2df,bc_classifier_v1,breast_cancer_wisconsin,classification_breast_cancer,42,unit_20,12,3,2026-09-02T20:45:00Z,1.0.0,8e7fd68470057c99,0.2684577866634747,0.2,0.1,0.2,0.2,0.0691732883918019,,,,,,NORMAL,True,True,True,True,False,False,False,True,False,1,1,1,
4c7c1678ce9f1db50c9973fa,Module_12_CrossDomain,sklearn.datasets.load_breast_cancer,71aa3180a9c8c9abf1e45ef91d8c1dac2592948b3fa58a7da1cc3e16bef8c2df,bc_classifier_v1,breast_cancer_wisconsin,classification_breast_cancer,42,unit_20,12,5,2026-09-02T20:45:00Z,1.0.0,8e7fd68470057c99,0.2684577866634747,0.2,0.1,0.2,0.2,0.0691732883918019,,,,,,NORMAL,True,True,True,True,False,False,False,True,False,1,1,1,
caa0b5262f97ec24dd1e349e,Module_12_CrossDomain,sklearn.datasets.load_breast_cancer,71aa3180a9c8c9abf1e45ef91d8c1dac2592948b3fa58a7da1cc3e16bef8c2df,bc_classifier_v1,breast_cancer_wisconsin,classification_breast_cancer,42,unit_20,13,1,2026-09-02T20:45:00Z,1.0.0,8e7fd68470057c99,0.04896119790898323,0.2,0.1,0.2,0.2,0.06273195097305795,,,,,,NORMAL,True,True,True,True,False,False,False,True,False,1,1,0,
0c93016748f31337e14433fd,Module_12_CrossDomain,sklearn.datasets.load_breast_cancer,71aa3180a9c8c9abf1e45ef91d8c1dac2592948b3fa58a7da1cc3e16bef8c2df,bc_classifier_v1,breast_cancer_wisconsin,classification_breast_cancer,42,unit_20,13,2,2026-09-02T20:45:00Z,1.0.0,8e7fd68470057c99,0.04896119790898323,0.2,0.1,0.2,0.2,0.06273195097305795,,,,,,NORMAL,True,True,True,True,False,False,False,True,False,1,1,1,
78f4452e9dbce9039668244d,Module_12_CrossDomain,sklearn.datasets.load_breast_cancer,71aa3180a9c8c9abf1e45ef91d8c1dac2592948b3fa58a7da1cc3e16bef8c2df,bc_classifier_v1,breast_cancer_wisconsin,classification_breast_cancer,42,unit_20,13,3,2026-09-02T20:45:00Z,1.0.0,8e7fd68470057c99,0.04896119790898323,0.2,0.1,0.2,0.2,0.06273195097305795,,,,,,NORMAL,True,True,True,True,False,False,False,True,False,1,1,1,
28ce89a428122d558d637182,Module_12_CrossDomain,sklearn.datasets.load_breast_cancer,71aa3180a9c8c9abf1e45ef91d8c1dac2592948b3fa58a7da1cc3e16bef8c2df,bc_classifier_v1,breast_cancer_wisconsin,classification_breast_cancer,42,unit_20,13,5,2026-09-02T20:45:00Z,1.0.0,8e7fd68470057c99,0.04896119790898323,0.2,0.1,0.2,0.2,0.06273195097305795,,,,,,NORMAL,True,True,True,True,False,False,False,True,False,1,1,1,
b381195dc72f1930b99d9358,Module_12_CrossDomain,sklearn.datasets.load_breast_cancer,71aa3180a9c8c9abf1e45ef91d8c1dac2592948b3fa58a7da1cc3e16bef8c2df,bc_classifier_v1,breast_cancer_wisconsin,classification_breast_cancer,42,unit_20,14,1,2026-09-02T20:45:00Z,1.0.0,8e7fd68470057c99,0.056906604281260056,0.2,0.1,0.2,0.2,0.05993770901054214,,,,,,NORMAL,True,True,True,True,False,False,False,True,False,1,1,1,
0c53ec65378a553398541c1a,Module_12_CrossDomain,sklearn.datasets.load_breast_cancer,71aa3180a9c8c9abf1e45ef91d8c1dac2592948b3fa58a7da1cc3e16bef8c2df,bc_classifier_v1,breast_cancer_wisconsin,classification_breast_cancer,42,unit_20,14,2,2026-09-02T20:45:00Z,1.0.0,8e7fd68470057c99,0.056906604281260056,0.2,0.1,0.2,0.2,0.05993770901054214,,,,,,NORMAL,True,True,True,True,False,False,False,True,False,1,1,1,
9a2ffc0579e61b044a9dd88a,Module_12_CrossDomain,sklearn.datasets.load_breast_cancer,71aa3180a9c8c9abf1e45ef91d8c1dac2592948b3fa58a7da1cc3e16bef8c2df,bc_classifier_v1,breast_cancer_wisconsin,classification_breast_cancer,42,unit_20,14,3,2026-09-02T20:45:00Z,1.0.0,8e7fd68470057c99,0.056906604281260056,0.2,0.1,0.2,0.2,0.05993770901054214,,,,,,NORMAL,True,True,True,True,False,False,False,True,False,1,1,1,
5ed318e6a34af6a9471413cb,Module_12_CrossDomain,sklearn.datasets.load_breast_cancer,71aa3180a9c8c9abf1e45ef91d8c1dac2592948b3fa58a7da1cc3e16bef8c2df,bc_classifier_v1,breast_cancer_wisconsin,classification_breast_cancer,42,unit_20,14,5,2026-09-02T20:45:00Z,1.0.0,8e7fd68470057c99,0.056906604281260056,0.2,0.1,0.2,0.2,0.05993770901054214,,,,,,NORMAL,True,True,True,True,False,False,False,True,False,1,1,1,
5f43d707012b1dd7ceefdca9,Module_12_CrossDomain,sklearn.datasets.load_breast_cancer,71aa3180a9c8c9abf1e45ef91d8c1dac2592948b3fa58a7da1cc3e16bef8c2df,bc_classifier_v1,breast_cancer_wisconsin,classification_breast_cancer,42,unit_20,15,1,2026-09-02T20:45:00Z,1.0.0,8e7fd68470057c99,0.12697280033428865,0.2,0.1,0.2,0.2,0.04224334773256426,,,,,,NORMAL,True,True,True,True,False,False,False,True,False,1,1,1,
90f0c619434e6bde69dd92cc,Module_12_CrossDomain,sklearn.datasets.load_breast_cancer,71aa3180a9c8c9abf1e45ef91d8c1dac2592948b3fa58a7da1cc3e16bef8c2df,bc_classifier_v1,breast_cancer_wisconsin,classification_breast_cancer,42,unit_20,15,2,2026-09-02T20:45:00Z,1.0.0,8e7fd68470057c99,0.12697280033428865,0.2,0.1,0.2,0.2,0.04224334773256426,,,,,,NORMAL,True,True,True,True,False,False,False,True,False,1,1,1,
ce5b62ac7b7418346a9d1fca,Module_12_CrossDomain,sklearn.datasets.load_breast_cancer,71aa3180a9c8c9abf1e45ef91d8c1dac2592948b3fa58a7da1cc3e16bef8c2df,bc_classifier_v1,breast_cancer_wisconsin,classification_breast_cancer,42,unit_20,15,3,2026-09-02T20:45:00Z,1.0.0,8e7fd68470057c99,0.12697280033428865,0.2,0.1,0.2,0.2,0.04224334773256426,,,,,,NORMAL,True,True,True,True,False,False,False,True,False,1,1,1,
4af14e63e70a84c45fb52208,Module_12_CrossDomain,sklearn.datasets.load_breast_cancer,71aa3180a9c8c9abf1e45ef91d8c1dac2592948b3fa58a7da1cc3e16bef8c2df,bc_classifier_v1,breast_cancer_wisconsin,classification_breast_cancer,42,unit_20,15,5,2026-09-02T20:45:00Z,1.0.0,8e7fd68470057c99,0.12697280033428865,0.2,0.1,0.2,0.2,0.04224334773256426,,,,,,NORMAL,True,True,True,True,False,False,False,True,False,1,1,1,
aa72292f6630d5a04d7dd706,Module_12_CrossDomain,sklearn.datasets.load_breast_cancer,71aa3180a9c8c9abf1e45ef91d8c1dac2592948b3fa58a7da1cc3e16bef8c2df,bc_classifier_v1,breast_cancer_wisconsin,classification_breast_cancer,42,unit_20,16,1,2026-09-02T20:45:00Z,1.0.0,8e7fd68470057c99,0.2680037634422018,0.2,0.1,0.2,0.2,0.06900062509623955,,,,,,NORMAL,True,True,True,True,False,False,False,True,False,1,1,0,
ec04d004623ecd72b912951f,Module_12_CrossDomain,sklearn.datasets.load_breast_cancer,71aa3180a9c8c9abf1e45ef91d8c1dac2592948b3fa58a7da1cc3e16bef8c2df,bc_classifier_v1,breast_cancer_wisconsin,classification_breast_cancer,42,unit_20,16,2,2026-09-02T20:45:00Z,1.0.0,8e7fd68470057c99,0.2680037634422018,0.2,0.1,0.2,0.2,0.06900062509623955,,,,,,NORMAL,True,True,True,True,False,False,False,True,False,1,1,1,
2d6e8337154277c4a4a0f9e0,Module_12_CrossDomain,sklearn.datasets.load_breast_cancer,71aa3180a9c8c9abf1e45ef91d8c1dac2592948b3fa58a7da1cc3e16bef8c2df,bc_classifier_v1,breast_cancer_wisconsin,classification_breast_cancer,42,unit_20,16,3,2026-09-02T20:45:00Z,1.0.0,8e7fd68470057c99,0.2680037634422018,0.2,0.1,0.2,0.2,0.06900062509623955,,,,,,NORMAL,True,True,True,True,False,False,False,True,False,1,1,1,
0a94f7c8566c99ec33961009,Module_12_CrossDomain,sklearn.datasets.load_breast_cancer,71aa3180a9c8c9abf1e45ef91d8c1dac2592948b3fa58a7da1cc3e16bef8c2df,bc_classifier_v1,breast_cancer_wisconsin,classification_breast_cancer,42,unit_20,16,5,2026-09-02T20:45:00Z,1.0.0,8e7fd68470057c99,0.2680037634422018,0.2,0.1,0.2,0.2,0.06900062509623955,,,,,,NORMAL,True,True,True,True,False,False,False,True,False,1,1,1,
8770231f342eb2cfe1660911,Module_12_CrossDomain,sklearn.datasets.load_breast_cancer,71aa3180a9c8c9abf1e45ef91d8c1dac2592948b3fa58a7da1cc3e16bef8c2df,bc_classifier_v1,breast_cancer_wisconsin,classification_breast_cancer,42,unit_20,17,1,2026-09-02T20:45:00Z,1.0.0,8e7fd68470057c99,0.0779051782651344,0.2,0.1,0.2,0.2,0.053119704067494895,,,,,,NORMAL,True,True,True,True,False,False,False,True,False,1,1,1,
f010e4291efb4391ba7363ea,Module_12_CrossDomain,sklearn.datasets.load_breast_cancer,71aa3180a9c8c9abf1e45ef91d8c1dac2592948b3fa58a7da1cc3e16bef8c2df,bc_classifier_v1,breast_cancer_wisconsin,classification_breast_cancer,42,unit_20,17,2,2026-09-02T20:45:00Z,1.0.0,8e7fd68470057c99,0.0779051782651344,0.2,0.1,0.2,0.2,0.053119704067494895,,,,,,NORMAL,True,True,True,True,False,False,False,True,False,1,1,1,
e4534736eb2ec14af4fc4d62,Module_12_CrossDomain,sklearn.datasets.load_breast_cancer,71aa3180a9c8c9abf1e45ef91d8c1dac2592948b3fa58a7da1cc3e16bef8c2df,bc_classifier_v1,breast_cancer_wisconsin,classification_breast_cancer,42,unit_20,17,3,2026-09-02T20:45:00Z,1.0.0,8e7fd68470057c99,0.0779051782651344,0.2,0.1,0.2,0.2,0.053119704067494895,,,,,,NORMAL,True,True,True,True,False,False,False,True,False,1,1,1,
4d0d69148cd07e09d0fdf623,Module_12_CrossDomain,sklearn.datasets.load_breast_cancer,71aa3180a9c8c9abf1e45ef91d8c1dac2592948b3fa58a7da1cc3e16bef8c2df,bc_classifier_v1,breast_cancer_wisconsin,classification_breast_cancer,42,unit_20,17,5,2026-09-02T20:45:00Z,1.0.0,8e7fd68470057c99,0.0779051782651344,0.2,0.1,0.2,0.2,0.053119704067494895,,,,,,NORMAL,True,True,True,True,False,False,False,True,False,1,1,1,
5069c33ab99abcfae1a873f1,Module_12_CrossDomain,sklearn.datasets.load_breast_cancer,71aa3180a9c8c9abf1e45ef91d8c1dac2592948b3fa58a7da1cc3e16bef8c2df,bc_classifier_v1,breast_cancer_wisconsin,classification_breast_cancer,42,unit_20,18,1,2026-09-02T20:45:00Z,1.0.0,8e7fd68470057c99,0.08100294918040155,0.2,0.1,0.2,0.2,0.052197473378193006,,,,,,NORMAL,True,True,True,True,False,False,False,True,False,1,1,1,
0f92da8253a283075977679e,Module_12_CrossDomain,sklearn.datasets.load_breast_cancer,71aa3180a9c8c9abf1e45ef91d8c1dac2592948b3fa58a7da1cc3e16bef8c2df,bc_classifier_v1,breast_cancer_wisconsin,classification_breast_cancer,42,unit_20,18,2,2026-09-02T20:45:00Z,1.0.0,8e7fd68470057c99,0.08100294918040155,0.2,0.1,0.2,0.2,0.052197473378193006,,,,,,NORMAL,True,True,True,True,False,False,False,True,False,1,1,1,
75b8acb08f1005d3ccc862e2,Module_12_CrossDomain,sklearn.datasets.load_breast_cancer,71aa3180a9c8c9abf1e45ef91d8c1dac2592948b3fa58a7da1cc3e16bef8c2df,bc_classifier_v1,breast_cancer_wisconsin,classification_breast_cancer,42,unit_20,18,3,2026-09-02T20:45:00Z,1.0.0,8e7fd68470057c99,0.08100294918040155,0.2,0.1,0.2,0.2,0.052197473378193006,,,,,,NORMAL,True,True,True,True,False,False,False,True,False,1,1,1,
b8e72086ae27dbd38e3b5366,Module_12_CrossDomain,sklearn.datasets.load_breast_cancer,71aa3180a9c8c9abf1e45ef91d8c1dac2592948b3fa58a7da1cc3e16bef8c2df,bc_classifier_v1,breast_cancer_wisconsin,classification_breast_cancer,42,unit_20,18,5,2026-09-02T20:45:00Z,1.0.0,8e7fd68470057c99,0.08100294918040155,0.2,0.1,0.2,0.2,0.052197473378193006,,,,,,NORMAL,True,True,True,True,False,False,False,True,False,1,1,1,
6cc0e3c9b8d2448e33452d56,Module_12_CrossDomain,sklearn.datasets.load_breast_cancer,71aa3180a9c8c9abf1e45ef91d8c1dac2592948b3fa58a7da1cc3e16bef8c2df,bc_classifier_v1,breast_cancer_wisconsin,classification_breast_cancer,42,unit_20,19,1,2026-09-02T20:45:00Z,1.0.0,8e7fd68470057c99,0.16840241927544625,0.2,0.1,0.2,0.2,0.04173633917606871,,,,,,NORMAL,True,True,True,True,False,False,False,True,False,1,1,0,
adb94f557b00bf0e5d9137fe,Module_12_CrossDomain,sklearn.datasets.load_breast_cancer,71aa3180a9c8c9abf1e45ef91d8c1dac2592948b3fa58a7da1cc3e16bef8c2df,bc_classifier_v1,breast_cancer_wisconsin,classification_breast_cancer,42,unit_20,19,2,2026-09-02T20:45:00Z,1.0.0,8e7fd68470057c99,0.16840241927544625,0.2,0.1,0.2,0.2,0.04173633917606871,,,,,,NORMAL,True,True,True,True,False,False,False,True,False,1,1,0,
b6a8ca369b6469ac21fe4214,Module_12_CrossDomain,sklearn.datasets.load_breast_cancer,71aa3180a9c8c9abf1e45ef91d8c1dac2592948b3fa58a7da1cc3e16bef8c2df,bc_classifier_v1,breast_cancer_wisconsin,classification_breast_cancer,42,unit_20,19,3,2026-09-02T20:45:00Z,1.0.0,8e7fd68470057c99,0.16840241927544625,0.2,0.1,0.2,0.2,0.04173633917606871,,,,,,NORMAL,True,True,True,True,False,False,False,True,False,1,1,0,
f41dd690f124df8b5b6147e0,Module_12_CrossDomain,sklearn.datasets.load_breast_cancer,71aa3180a9c8c9abf1e45ef91d8c1dac2592948b3fa58a7da1cc3e16bef8c2df,bc_classifier_v1,breast_cancer_wisconsin,classification_breast_cancer,42,unit_20,19,5,2026-09-02T20:45:00Z,1.0.0,8e7fd68470057c99,0.16840241927544625,0.2,0.1,0.2,0.2,0.04173633917606871,,,,,,NORMAL,True,True,True,True,False,False,False,True,False,1,1,0,
ad3569fb1b6d824d8346fabd,Module_12_CrossDomain,sklearn.datasets.load_breast_cancer,71aa3180a9c8c9abf1e45ef91d8c1dac2592948b3fa58a7da1cc3e16bef8c2df,bc_classifier_v1,breast_cancer_wisconsin,classification_breast_cancer,42,unit_21,0,1,2026-09-02T20:45:00Z,1.0.0,8e7fd68470057c99,0.14513372918520703,0.2,0.1,0.2,0.2,0.04088922865945371,,,,,,NORMAL,True,True,True,True,False,False,False,True,False,1,0,1,0.0
12a542b847cba10ed224074d,Module_12_CrossDomain,sklearn.datasets.load_breast_cancer,71aa3180a9c8c9abf1e45ef91d8c1dac2592948b3fa58a7da1cc3e16bef8c2df,bc_classifier_v1,breast_cancer_wisconsin,classification_breast_cancer,42,unit_21,0,2,2026-09-02T20:45:00Z,1.0.0,8e7fd68470057c99,0.14513372918520703,0.2,0.1,0.2,0.2,0.04088922865945371,,,,,,NORMAL,True,True,True,True,False,False,False,True,False,1,0,1,0.0
cb2f90d2f538dc14a4c9090a,Module_12_CrossDomain,sklearn.datasets.load_breast_cancer,71aa3180a9c8c9abf1e45ef91d8c1dac2592948b3fa58a7da1cc3e16bef8c2df,bc_classifier_v1,breast_cancer_wisconsin,classification_breast_cancer,42,unit_21,0,3,2026-09-02T20:45:00Z,1.0.0,8e7fd68470057c99,0.14513372918520703,0.2,0.1,0.2,0.2,0.04088922865945371,,,,,,NORMAL,True,True,True,True,False,False,False,True,False,1,0,1,0.0
c86f184c427f0f59fb2a142e,Module_12_CrossDomain,sklearn.datasets.load_breast_cancer,71aa3180a9c8c9abf1e45ef91d8c1dac2592948b3fa58a7da1cc3e16bef8c2df,bc_classifier_v1,breast_cancer_wisconsin,classification_breast_cancer,42,unit_21,0,5,2026-09-02T20:45:00Z,1.0.0,8e7fd68470057c99,0.14513372918520703,0.2,0.1,0.2,0.2,0.04088922865945371,,,,,,NORMAL,True,True,True,True,False,False,False,True,False,1,0,1,0.0
9112973253403d1e1a73cbff,Module_12_CrossDomain,sklearn.datasets.load_breast_cancer,71aa3180a9c8c9abf1e45ef91d8c1dac2592948b3fa58a7da1cc3e16bef8c2df,bc_classifier_v1,breast_cancer_wisconsin,classification_breast_cancer,42,unit_21,1,1,2026-09-02T20:45:00Z,1.0.0,8e7fd68470057c99,0.031935327111247205,0.2,0.1,0.2,0.2,0.06902377526673642,,,,,,NORMAL,True,True,True,True,False,False,False,True,False,1,0,1,
df7d587a6c61f0f5f714f9e8,Module_12_CrossDomain,sklearn.datasets.load_breast_cancer,71aa3180a9c8c9abf1e45ef91d8c1dac2592948b3fa58a7da1cc3e16bef8c2df,bc_classifier_v1,breast_cancer_wisconsin,classification_breast_cancer,42,unit_21,1,2,2026-09-02T20:45:00Z,1.0.0,8e7fd68470057c99,0.031935327111247205,0.2,0.1,0.2,0.2,0.06902377526673642,,,,,,NORMAL,True,True,True,True,False,False,False,True,False,1,0,1,
aaa348b751d546d3082ab072,Module_12_CrossDomain,sklearn.datasets.load_breast_cancer,71aa3180a9c8c9abf1e45ef91d8c1dac2592948b3fa58a7da1cc3e16bef8c2df,bc_classifier_v1,breast_cancer_wisconsin,classification_breast_cancer,42,unit_21,1,3,2026-09-02T20:45:00Z,1.0.0,8e7fd68470057c99,0.031935327111247205,0.2,0.1,0.2,0.2,0.06902377526673642,,,,,,NORMAL,True,True,True,True,False,False,False,True,False,1,0,1,
2d772968631f72ca5f155461,Module_12_CrossDomain,sklearn.datasets.load_breast_cancer,71aa3180a9c8c9abf1e45ef91d8c1dac2592948b3fa58a7da1cc3e16bef8c2df,bc_classifier_v1,breast_cancer_wisconsin,classification_breast_cancer,42,unit_21,1,5,2026-09-02T20:45:00Z,1.0.0,8e7fd68470057c99,0.031935327111247205,0.2,0.1,0.2,0.2,0.06902377526673642,,,,,,NORMAL,True,True,True,True,False,False,False,True,False,1,0,1,
172fd81ea4b9fe8b01e92676,Module_12_CrossDomain,sklearn.datasets.load_breast_cancer,71aa3180a9c8c9abf1e45ef91d8c1dac2592948b3fa58a7da1cc3e16bef8c2df,bc_classifier_v1,breast_cancer_wisconsin,classification_breast_cancer,42,unit_21,2,1,2026-09-02T20:45:00Z,1.0.0,8e7fd68470057c99,0.1428636130788423,0.2,0.1,0.2,0.2,0.04096320304937231,,,,,,NORMAL,True,True,True,True,False,False,False,True,False,1,0,1,
068393c2b05877842539f2cf,Module_12_CrossDomain,sklearn.datasets.load_breast_cancer,71aa3180a9c8c9abf1e45ef91d8c1dac2592948b3fa58a7da1cc3e16bef8c2df,bc_classifier_v1,breast_cancer_wisconsin,classification_breast_cancer,42,unit_21,2,2,2026-09-02T20:45:00Z,1.0.0,8e7fd68470057c99,0.1428636130788423,0.2,0.1,0.2,0.2,0.04096320304937231,,,,,,NORMAL,True,True,True,True,False,False,False,True,False,1,0,1,
1bd97e6103ba70807b408936,Module_12_CrossDomain,sklearn.datasets.load_breast_cancer,71aa3180a9c8c9abf1e45ef91d8c1dac2592948b3fa58a7da1cc3e16bef8c2df,bc_classifier_v1,breast_cancer_wisconsin,classification_breast_cancer,42,unit_21,2,3,2026-09-02T20:45:00Z,1.0.0,8e7fd68470057c99,0.1428636130788423,0.2,0.1,0.2,0.2,0.04096320304937231,,,,,,NORMAL,True,True,True,True,False,False,False,True,False,1,0,1,
70a75c21535583115bda15cd,Module_12_CrossDomain,sklearn.datasets.load_breast_cancer,71aa3180a9c8c9abf1e45ef91d8c1dac2592948b3fa58a7da1cc3e16bef8c2df,bc_classifier_v1,breast_cancer_wisconsin,classification_breast_cancer,42,unit_21,2,5,2026-09-02T20:45:00Z,1.0.0,8e7fd68470057c99,0.1428636130788423,0.2,0.1,0.2,0.2,0.04096320304937231,,,,,,NORMAL,True,True,True,True,False,False,False,True,False,1,0,1,
0ca98f53c849005b993970eb,Module_12_CrossDomain,sklearn.datasets.load_breast_cancer,71aa3180a9c8c9abf1e45ef91d8c1dac2592948b3fa58a7da1cc3e16bef8c2df,bc_classifier_v1,breast_cancer_wisconsin,classification_breast_cancer,42,unit_21,3,1,2026-09-02T20:45:00Z,1.0.0,8e7fd68470057c99,0.026520162627646327,0.2,0.1,0.2,0.2,0.0710981641230441,,,,,,NORMAL,True,True,True,True,False,False,False,True,False,1,0,1,
00d31b2555d15e17fa9289ec,Module_12_CrossDomain,sklearn.datasets.load_breast_cancer,71aa3180a9c8c9abf1e45ef91d8c1dac2592948b3fa58a7da1cc3e16bef8c2df,bc_classifier_v1,breast_cancer_wisconsin,classification_breast_cancer,42,unit_21,3,2,2026-09-02T20:45:00Z,1.0.0,8e7fd68470057c99,0.026520162627646327,0.2,0.1,0.2,0.2,0.0710981641230441,,,,,,NORMAL,True,True,True,True,False,False,False,True,False,1,0,1,
99004c26325eaa8b08f5a4be,Module_12_CrossDomain,sklearn.datasets.load_breast_cancer,71aa3180a9c8c9abf1e45ef91d8c1dac2592948b3fa58a7da1cc3e16bef8c2df,bc_classifier_v1,breast_cancer_wisconsin,classification_breast_cancer,42,unit_21,3,3,2026-09-02T20:45:00Z,1.0.0,8e7fd68470057c99,0.026520162627646327,0.2,0.1,0.2,0.2,0.0710981641230441,,,,,,NORMAL,True,True,True,True,False,False,False,True,False,1,0,1,
31b0dc4bd4cac70786287889,Module_12_CrossDomain,sklearn.datasets.load_breast_cancer,71aa3180a9c8c9abf1e45ef91d8c1dac2592948b3fa58a7da1cc3e16bef8c2df,bc_classifier_v1,breast_cancer_wisconsin,classification_breast_cancer,42,unit_21,3,5,2026-09-02T20:45:00Z,1.0.0,8e7fd68470057c99,0.026520162627646327,0.2,0.1,0.2,0.2,0.0710981641230441,,,,,,NORMAL,True,True,True,True,False,False,False,True,False,1,0,1,
0e8af18913a66b4a0dfde87d,Module_12_CrossDomain,sklearn.datasets.load_breast_cancer,71aa3180a9c8c9abf1e45ef91d8c1dac2592948b3fa58a7da1cc3e16bef8c2df,bc_classifier_v1,breast_cancer_wisconsin,classification_breast_cancer,42,unit_21,4,1,2026-09-02T20:45:00Z,1.0.0,8e7fd68470057c99,0.2488780352460783,0.2,0.1,0.2,0.2,0.06196211361097056,,,,,,NORMAL,True,True,True,True,False,False,False,True,False,1,0,1,
e37228e599f0c8e972579145,Module_12_CrossDomain,sklearn.datasets.load_breast_cancer,71aa3180a9c8c9abf1e45ef91d8c1dac2592948b3fa58a7da1cc3e16bef8c2df,bc_classifier_v1,breast_cancer_wisconsin,classification_breast_cancer,42,unit_21,4,2,2026-09-02T20:45:00Z,1.0.0,8e7fd68470057c99,0.2488780352460783,0.2,0.1,0.2,0.2,0.06196211361097056,,,,,,NORMAL,True,True,True,True,False,False,False,True,False,1,0,1,
b92d2f10b48890889d71c04c,Module_12_CrossDomain,sklearn.datasets.load_breast_cancer,71aa3180a9c8c9abf1e45ef91d8c1dac2592948b3fa58a7da1cc3e16bef8c2df,bc_classifier_v1,breast_cancer_wisconsin,classification_breast_cancer,42,unit_21,4,3,2026-09-02T20:45:00Z,1.0.0,8e7fd68470057c99,0.2488780352460783,0.2,0.1,0.2,0.2,0.06196211361097056,,,,,,NORMAL,True,True,True,True,False,False,False,True,False,1,0,1,
148a766a0c20301506c4b26c,Module_12_CrossDomain,sklearn.datasets.load_breast_cancer,71aa3180a9c8c9abf1e45ef91d8c1dac2592948b3fa58a7da1cc3e16bef8c2df,bc_classifier_v1,breast_cancer_wisconsin,classification_breast_cancer,42,unit_21,4,5,2026-09-02T20:45:00Z,1.0.0,8e7fd68470057c99,0.2488780352460783,0.2,0.1,0.2,0.2,0.06196211361097056,,,,,,NORMAL,True,True,True,True,False,False,False,True,False,1,0,1,
c5324353bf4e2daa5be319da,Module_12_CrossDomain,sklearn.datasets.load_breast_cancer,71aa3180a9c8c9abf1e45ef91d8c1dac2592948b3fa58a7da1cc3e16bef8c2df,bc_classifier_v1,breast_cancer_wisconsin,classification_breast_cancer,42,unit_21,5,1,2026-09-02T20:45:00Z,1.0.0,8e7fd68470057c99,0.23253319928025182,0.2,0.1,0.2,0.2,0.056394895323431844,,,,,,NORMAL,True,True,True,True,False,False,False,True,False,1,0,1,
73feef1d7518c5a8df07941c,Module_12_CrossDomain,sklearn.datasets.load_breast_cancer,71aa3180a9c8c9abf1e45ef91d8c1dac2592948b3fa58a7da1cc3e16bef8c2df,bc_classifier_v1,breast_cancer_wisconsin,classification_breast_cancer,42,unit_21,5,2,2026-09-02T20:45:00Z,1.0.0,8e7fd68470057c99,0.23253319928025182,0.2,0.1,0.2,0.2,0.056394895323431844,,,,,,NORMAL,True,True,True,True,False,False,False,True,False,1,0,1,
ad5b1256172dcdff5406c008,Module_12_CrossDomain,sklearn.datasets.load_breast_cancer,71aa3180a9c8c9abf1e45ef91d8c1dac2592948b3fa58a7da1cc3e16bef8c2df,bc_classifier_v1,breast_cancer_wisconsin,classification_breast_cancer,42,unit_21,5,3,2026-09-02T20:45:00Z,1.0.0,8e7fd68470057c99,0.23253319928025182,0.2,0.1,0.2,0.2,0.056394895323431844,,,,,,NORMAL,True,True,True,True,False,False,False,True,False,1,0,1,
2112934a139d00e0f8920e64,Module_12_CrossDomain,sklearn.datasets.load_breast_cancer,71aa3180a9c8c9abf1e45ef91d8c1dac2592948b3fa58a7da1cc3e16bef8c2df,bc_classifier_v1,breast_cancer_wisconsin,classification_breast_cancer,42,unit_21,5,5,2026-09-02T20:45:00Z,1.0.0,8e7fd68470057c99,0.23253319928025182,0.2,0.1,0.2,0.2,0.056394895323431844,,,,,,NORMAL,True,True,True,True,False,False,False,True,False,1,0,1,
67791e397bb38869bc261b0c,Module_12_CrossDomain,sklearn.datasets.load_breast_cancer,71aa3180a9c8c9abf1e45ef91d8c1dac2592948b3fa58a7da1cc3e16bef8c2df,bc_classifier_v1,breast_cancer_wisconsin,classification_breast_cancer,42,unit_21,6,1,2026-09-02T20:45:00Z,1.0.0,8e7fd68470057c99,0.2069943930836478,0.2,0.1,0.2,0.2,0.04887253453394716,,,,,,NORMAL,True,True,True,True,False,False,False,True,False,1,0,1,
08798a0d748c454002eb08e3,Module_12_CrossDomain,sklearn.datasets.load_breast_cancer,71aa3180a9c8c9abf1e45ef91d8c1dac2592948b3fa58a7da1cc3e16bef8c2df,bc_classifier_v1,breast_cancer_wisconsin,classification_breast_cancer,42,unit_21,6,2,2026-09-02T20:45:00Z,1.0.0,8e7fd68470057c99,0.2069943930836478,0.2,0.1,0.2,0.2,0.04887253453394716,,,,,,NORMAL,True,True,True,True,False,False,False,True,False,1,0,1,
62a08eb9fcd3887789df9076,Module_12_CrossDomain,sklearn.datasets.load_breast_cancer,71aa3180a9c8c9abf1e45ef91d8c1dac2592948b3fa58a7da1cc3e16bef8c2df,bc_classifier_v1,breast_cancer_wisconsin,classification_breast_cancer,42,unit_21,6,3,2026-09-02T20:45:00Z,1.0.0,8e7fd68470057c99,0.2069943930836478,0.2,0.1,0.2,0.2,0.04887253453394716,,,,,,NORMAL,True,True,True,True,False,False,False,True,False,1,0,1,
944ac206542f91b190bdbcfe,Module_12_CrossDomain,sklearn.datasets.load_breast_cancer,71aa3180a9c8c9abf1e45ef91d8c1dac2592948b3fa58a7da1cc3e16bef8c2df,bc_classifier_v1,breast_cancer_wisconsin,classification_breast_cancer,42,unit_21,6,5,2026-09-02T20:45:00Z,1.0.0,8e7fd68470057c99,0.2069943930836478,0.2,0.1,0.2,0.2,0.04887253453394716,,,,,,NORMAL,True,True,True,True,False,False,False,True,False,1,0,1,
e81d6c6ed64abcc87313f041,Module_12_CrossDomain,sklearn.datasets.load_breast_cancer,71aa3180a9c8c9abf1e45ef91d8c1dac2592948b3fa58a7da1cc3e16bef8c2df,bc_classifier_v1,breast_cancer_wisconsin,classification_breast_cancer,42,unit_21,7,1,2026-09-02T20:45:00Z,1.0.0,8e7fd68470057c99,0.1888334642327294,0.2,0.1,0.2,0.2,0.04474132552627051,,,,,,NORMAL,True,True,True,True,False,False,False,True,False,1,0,1,
8ebe27b8dccb73d15ab0f3ad,Module_12_CrossDomain,sklearn.datasets.load_breast_cancer,71aa3180a9c8c9abf1e45ef91d8c1dac2592948b3fa58a7da1cc3e16bef8c2df,bc_classifier_v1,breast_cancer_wisconsin,classification_breast_cancer,42,unit_21,7,2,2026-09-02T20:45:00Z,1.0.0,8e7fd68470057c99,0.1888334642327294,0.2,0.1,0.2,0.2,0.04474132552627051,,,,,,NORMAL,True,True,True,True,False,False,False,True,False,1,0,1,
c0812042cd79836fa38b6a8f,Module_12_CrossDomain,sklearn.datasets.load_breast_cancer,71aa3180a9c8c9abf1e45ef91d8c1dac2592948b3fa58a7da1cc3e16bef8c2df,bc_classifier_v1,breast_cancer_wisconsin,classification_breast_cancer,42,unit_21,7,3,2026-09-02T20:45:00Z,1.0.0,8e7fd68470057c99,0.1888334642327294,0.2,0.1,0.2,0.2,0.04474132552627051,,,,,,NORMAL,True,True,True,True,False,False,False,True,False,1,0,1,
b4f2a516cc6b241227938ead,Module_12_CrossDomain,sklearn.datasets.load_breast_cancer,71aa3180a9c8c9abf1e45ef91d8c1dac2592948b3fa58a7da1cc3e16bef8c2df,bc_classifier_v1,breast_cancer_wisconsin,classification_breast_cancer,42,unit_21,7,5,2026-09-02T20:45:00Z,1.0.0,8e7fd68470057c99,0.1888334642327294,0.2,0.1,0.2,0.2,0.04474132552627051,,,,,,NORMAL,True,True,True,True,False,False,False,True,False,1,0,1,
b0606675405bf6b08e5da46d,Module_12_CrossDomain,sklearn.datasets.load_breast_cancer,71aa3180a9c8c9abf1e45ef91d8c1dac2592948b3fa58a7da1cc3e16bef8c2df,bc_classifier_v1,breast_cancer_wisconsin,classification_breast_cancer,42,unit_21,8,1,2026-09-02T20:45:00Z,1.0.0,8e7fd68470057c99,0.1701050063552198,0.2,0.1,0.2,0.2,0.041910516528388404,,,,,,NORMAL,True,True,True,True,False,False,False,True,False,1,0,1,
23ca5f928f8f2da71d0af4ef,Module_12_CrossDomain,sklearn.datasets.load_breast_cancer,71aa3180a9c8c9abf1e45ef91d8c1dac2592948b3fa58a7da1cc3e16bef8c2df,bc_classifier_v1,breast_cancer_wisconsin,classification_breast_cancer,42,unit_21,8,2,2026-09-02T20:45:00Z,1.0.0,8e7fd68470057c99,0.1701050063552198,0.2,0.1,0.2,0.2,0.041910516528388404,,,,,,NORMAL,True,True,True,True,False,False,False,True,False,1,0,1,
8473ad074c889585244edc6f,Module_12_CrossDomain,sklearn.datasets.load_breast_cancer,71aa3180a9c8c9abf1e45ef91d8c1dac2592948b3fa58a7da1cc3e16bef8c2df,bc_classifier_v1,breast_cancer_wisconsin,classification_breast_cancer,42,unit_21,8,3,2026-09-02T20:45:00Z,1.0.0,8e7fd68470057c99,0.1701050063552198,0.2,0.1,0.2,0.2,0.041910516528388404,,,,,,NORMAL,True,True,True,True,False,False,False,True,False,1,0,1,
27a0bb0402b1c4ad9e6bf5cd,Module_12_CrossDomain,sklearn.datasets.load_breast_cancer,71aa3180a9c8c9abf1e45ef91d8c1dac2592948b3fa58a7da1cc3e16bef8c2df,bc_classifier_v1,breast_cancer_wisconsin,classification_breast_cancer,42,unit_21,8,5,2026-09-02T20:45:00Z,1.0.0,8e7fd68470057c99,0.1701050063552198,0.2,0.1,0.2,0.2,0.041910516528388404,,,,,,NORMAL,True,True,True,True,False,False,False,True,False,1,0,1,
7064873c079d8c4804352818,Module_12_CrossDomain,sklearn.datasets.load_breast_cancer,71aa3180a9c8c9abf1e45ef91d8c1dac2592948b3fa58a7da1cc3e16bef8c2df,bc_classifier_v1,breast_cancer_wisconsin,classification_breast_cancer,42,unit_21,9,1,2026-09-02T20:45:00Z,1.0.0,8e7fd68470057c99,0.07986789112721907,0.2,0.1,0.2,0.2,0.05253255645564229,,,,,,NORMAL,True,True,True,True,False,False,False,True,False,1,0,0,
77ccc1daf89fa2d5c98c6498,Module_12_CrossDomain,sklearn.datasets.load_breast_cancer,71aa3180a9c8c9abf1e45ef91d8c1dac2592948b3fa58a7da1cc3e16bef8c2df,bc_classifier_v1,breast_cancer_wisconsin,classification_breast_cancer,42,unit_21,9,2,2026-09-02T20:45:00Z,1.0.0,8e7fd68470057c99,0.07986789112721907,0.2,0.1,0.2,0.2,0.05253255645564229,,,,,,NORMAL,True,True,True,True,False,False,False,True,False,1,0,1,
c9872cbe0b23f29c6d3bc1c3,Module_12_CrossDomain,sklearn.datasets.load_breast_cancer,71aa3180a9c8c9abf1e45ef91d8c1dac2592948b3fa58a7da1cc3e16bef8c2df,bc_classifier_v1,breast_cancer_wisconsin,classification_breast_cancer,42,unit_21,9,3,2026-09-02T20:45:00Z,1.0.0,8e7fd68470057c99,0.07986789112721907,0.2,0.1,0.2,0.2,0.05253255645564229,,,,,,NORMAL,True,True,True,True,False,False,False,True,False,1,0,1,
51667de82df8e57bf0ea47ae,Module_12_CrossDomain,sklearn.datasets.load_breast_cancer,71aa3180a9c8c9abf1e45ef91d8c1dac2592948b3fa58a7da1cc3e16bef8c2df,bc_classifier_v1,breast_cancer_wisconsin,classification_breast_cancer,42,unit_21,9,5,2026-09-02T20:45:00Z,1.0.0,8e7fd68470057c99,0.07986789112721907,0.2,0.1,0.2,0.2,0.05253255645564229,,,,,,NORMAL,True,True,True,True,False,False,False,True,False,1,0,1,
ce9b34cf2e8ef08c991eb5ce,Module_12_CrossDomain,sklearn.datasets.load_breast_cancer,71aa3180a9c8c9abf1e45ef91d8c1dac2592948b3fa58a7da1cc3e16bef8c2df,bc_classifier_v1,breast_cancer_wisconsin,classification_breast_cancer,42,unit_21,10,1,2026-09-02T20:45:00Z,1.0.0,8e7fd68470057c99,0.043853436669662446,0.2,0.1,0.2,0.2,0.06457913819809917,,,,,,NORMAL,True,True,True,True,False,False,False,True,False,1,0,1,
e67d5780c195ebabe90500de,Module_12_CrossDomain,sklearn.datasets.load_breast_cancer,71aa3180a9c8c9abf1e45ef91d8c1dac2592948b3fa58a7da1cc3e16bef8c2df,bc_classifier_v1,breast_cancer_wisconsin,classification_breast_cancer,42,unit_21,10,2,2026-09-02T20:45:00Z,1.0.0,8e7fd68470057c99,0.043853436669662446,0.2,0.1,0.2,0.2,0.06457913819809917,,,,,,NORMAL,True,True,True,True,False,False,False,True,False,1,0,1,
84bda478b73adbc518b01a8a,Module_12_CrossDomain,sklearn.datasets.load_breast_cancer,71aa3180a9c8c9abf1e45ef91d8c1dac2592948b3fa58a7da1cc3e16bef8c2df,bc_classifier_v1,breast_cancer_wisconsin,classification_breast_cancer,42,unit_21,10,3,2026-09-02T20:45:00Z,1.0.0,8e7fd68470057c99,0.043853436669662446,0.2,0.1,0.2,0.2,0.06457913819809917,,,,,,NORMAL,True,True,True,True,False,False,False,True,False,1,0,1,
c20fa8878b889b02653a0116,Module_12_CrossDomain,sklearn.datasets.load_breast_cancer,71aa3180a9c8c9abf1e45ef91d8c1dac2592948b3fa58a7da1cc3e16bef8c2df,bc_classifier_v1,breast_cancer_wisconsin,classification_breast_cancer,42,unit_21,10,5,2026-09-02T20:45:00Z,1.0.0,8e7fd68470057c99,0.043853436669662446,0.2,0.1,0.2,0.2,0.06457913819809917,,,,,,NORMAL,True,True,True,True,False,False,False,True,False,1,0,1,
efe0dca1ea6e124b41e03834,Module_12_CrossDomain,sklearn.datasets.load_breast_cancer,71aa3180a9c8c9abf1e45ef91d8c1dac2592948b3fa58a7da1cc3e16bef8c2df,bc_classifier_v1,breast_cancer_wisconsin,classification_breast_cancer,42,unit_21,11,1,2026-09-02T20:45:00Z,1.0.0,8e7fd68470057c99,0.09802881997813748,0.2,0.1,0.2,0.2,0.04761186489116353,,,,,,NORMAL,True,True,True,True,False,False,False,True,False,1,0,0,
88510bf7bcf000f269a0dfd2,Module_12_CrossDomain,sklearn.datasets.load_breast_cancer,71aa3180a9c8c9abf1e45ef91d8c1dac2592948b3fa58a7da1cc3e16bef8c2df,bc_classifier_v1,breast_cancer_wisconsin,classification_breast_cancer,42,unit_21,11,2,2026-09-02T20:45:00Z,1.0.0,8e7fd68470057c99,0.09802881997813748,0.2,0.1,0.2,0.2,0.04761186489116353,,,,,,NORMAL,True,True,True,True,False,False,False,True,False,1,0,0,
a22d244aa941c176887af53e,Module_12_CrossDomain,sklearn.datasets.load_breast_cancer,71aa3180a9c8c9abf1e45ef91d8c1dac2592948b3fa58a7da1cc3e16bef8c2df,bc_classifier_v1,breast_cancer_wisconsin,classification_breast_cancer,42,unit_21,11,3,2026-09-02T20:45:00Z,1.0.0,8e7fd68470057c99,0.09802881997813748,0.2,0.1,0.2,0.2,0.04761186489116353,,,,,,NORMAL,True,True,True,True,False,False,False,True,False,1,0,1,
33c11c0ae74e25466af64b9b,Module_12_CrossDomain,sklearn.datasets.load_breast_cancer,71aa3180a9c8c9abf1e45ef91d8c1dac2592948b3fa58a7da1cc3e16bef8c2df,bc_classifier_v1,breast_cancer_wisconsin,classification_breast_cancer,42,unit_21,11,5,2026-09-02T20:45:00Z,1.0.0,8e7fd68470057c99,0.09802881997813748,0.2,0.1,0.2,0.2,0.04761186489116353,,,,,,NORMAL,True,True,True,True,False,False,False,True,False,1,0,1,
c5c83294d34013cee9aadd22,Module_12_CrossDomain,sklearn.datasets.load_breast_cancer,71aa3180a9c8c9abf1e45ef91d8c1dac2592948b3fa58a7da1cc3e16bef8c2df,bc_classifier_v1,breast_cancer_wisconsin,classification_breast_cancer,42,unit_21,12,1,2026-09-02T20:45:00Z,1.0.0,8e7fd68470057c99,0.3435087627098158,0.2,0.1,0.2,0.2,0.09993958313288172,,,,,,NORMAL,True,True,True,True,False,False,False,True,False,1,0,0,
4cd8944049b762ab91b59e2c,Module_12_CrossDomain,sklearn.datasets.load_breast_cancer,71aa3180a9c8c9abf1e45ef91d8c1dac2592948b3fa58a7da1cc3e16bef8c2df,bc_classifier_v1,breast_cancer_wisconsin,classification_breast_cancer,42,unit_21,12,2,2026-09-02T20:45:00Z,1.0.0,8e7fd68470057c99,0.3435087627098158,0.2,0.1,0.2,0.2,0.09993958313288172,,,,,,NORMAL,True,True,True,True,False,False,False,True,False,1,0,1,
00a597abbf01d0ebda4acc14,Module_12_CrossDomain,sklearn.datasets.load_breast_cancer,71aa3180a9c8c9abf1e45ef91d8c1dac2592948b3fa58a7da1cc3e16bef8c2df,bc_classifier_v1,breast_cancer_wisconsin,classification_breast_cancer,42,unit_21,12,3,2026-09-02T20:45:00Z,1.0.0,8e7fd68470057c99,0.3435087627098158,0.2,0.1,0.2,0.2,0.09993958313288172,,,,,,NORMAL,True,True,True,True,False,False,False,True,False,1,0,1,
f4de5fd2c001d47d640cdc88,Module_12_CrossDomain,sklearn.datasets.load_breast_cancer,71aa3180a9c8c9abf1e45ef91d8c1dac2592948b3fa58a7da1cc3e16bef8c2df,bc_classifier_v1,breast_cancer_wisconsin,classification_breast_cancer,42,unit_21,12,5,2026-09-02T20:45:00Z,1.0.0,8e7fd68470057c99,0.3435087627098158,0.2,0.1,0.2,0.2,0.09993958313288172,,,,,,NORMAL,True,True,True,True,False,False,False,True,False,1,0,1,
235086fbc5384f6e9dc89dd5,Module_12_CrossDomain,sklearn.datasets.load_breast_cancer,71aa3180a9c8c9abf1e45ef91d8c1dac2592948b3fa58a7da1cc3e16bef8c2df,bc_classifier_v1,breast_cancer_wisconsin,classification_breast_cancer,42,unit_21,13,1,2026-09-02T20:45:00Z,1.0.0,8e7fd68470057c99,0.26632481509341266,0.2,0.1,0.2,0.2,0.0683641598866226,,,,,,NORMAL,True,True,True,True,False,False,False,True,False,1,0,1,
5a419e0a3c87339b7fe47332,Module_12_CrossDomain,sklearn.datasets.load_breast_cancer,71aa3180a9c8c9abf1e45ef91d8c1dac2592948b3fa58a7da1cc3e16bef8c2df,bc_classifier_v1,breast_cancer_wisconsin,classification_breast_cancer,42,unit_21,13,2,2026-09-02T20:45:00Z,1.0.0,8e7fd68470057c99,0.26632481509341266,0.2,0.1,0.2,0.2,0.0683641598866226,,,,,,NORMAL,True,True,True,True,False,False,False,True,False,1,0,1,
d3a0745136cf3242ab5ded65,Module_12_CrossDomain,sklearn.datasets.load_breast_cancer,71aa3180a9c8c9abf1e45ef91d8c1dac2592948b3fa58a7da1cc3e16bef8c2df,bc_classifier_v1,breast_cancer_wisconsin,classification_breast_cancer,42,unit_21,13,3,2026-09-02T20:45:00Z,1.0.0,8e7fd68470057c99,0.26632481509341266,0.2,0.1,0.2,0.2,0.0683641598866226,,,,,,NORMAL,True,True,True,True,False,False,False,True,False,1,0,1,
35fcee9348460fcdd98d1f49,Module_12_CrossDomain,sklearn.datasets.load_breast_cancer,71aa3180a9c8c9abf1e45ef91d8c1dac2592948b3fa58a7da1cc3e16bef8c2df,bc_classifier_v1,breast_cancer_wisconsin,classification_breast_cancer,42,unit_21,13,5,2026-09-02T20:45:00Z,1.0.0,8e7fd68470057c99,0.26632481509341266,0.2,0.1,0.2,0.2,0.0683641598866226,,,,,,NORMAL,True,True,True,True,False,False,False,True,False,1,0,1,
d8e8e36dae8977e670ada380,Module_12_CrossDomain,sklearn.datasets.load_breast_cancer,71aa3180a9c8c9abf1e45ef91d8c1dac2592948b3fa58a7da1cc3e16bef8c2df,bc_classifier_v1,breast_cancer_wisconsin,classification_breast_cancer,42,unit_21,14,1,2026-09-02T20:45:00Z,1.0.0,8e7fd68470057c99,0.041583320563297596,0.2,0.1,0.2,0.2,0.06541181745097864,,,,,,NORMAL,True,True,True,True,False,False,False,True,False,1,0,0,
38e8158a43fc79d61e9da1ff,Module_12_CrossDomain,sklearn.datasets.load_breast_cancer,71aa3180a9c8c9abf1e45ef91d8c1dac2592948b3fa58a7da1cc3e16bef8c2df,bc_classifier_v1,breast_cancer_wisconsin,classification_breast_cancer,42,unit_21,14,2,2026-09-02T20:45:00Z,1.0.0,8e7fd68470057c99,0.041583320563297596,0.2,0.1,0.2,0.2,0.06541181745097864,,,,,,NORMAL,True,True,True,True,False,False,False,True,False,1,0,1,
0a38c2f53739f37768ee6434,Module_12_CrossDomain,sklearn.datasets.load_breast_cancer,71aa3180a9c8c9abf1e45ef91d8c1dac2592948b3fa58a7da1cc3e16bef8c2df,bc_classifier_v1,breast_cancer_wisconsin,classification_breast_cancer,42,unit_21,14,3,2026-09-02T20:45:00Z,1.0.0,8e7fd68470057c99,0.041583320563297596,0.2,0.1,0.2,0.2,0.06541181745097864,,,,,,NORMAL,True,True,True,True,False,False,False,True,False,1,0,1,
18d4f6ce03d099f433f78c21,Module_12_CrossDomain,sklearn.datasets.load_breast_cancer,71aa3180a9c8c9abf1e45ef91d8c1dac2592948b3fa58a7da1cc3e16bef8c2df,bc_classifier_v1,breast_cancer_wisconsin,classification_breast_cancer,42,unit_21,14,5,2026-09-02T20:45:00Z,1.0.0,8e7fd68470057c99,0.041583320563297596,0.2,0.1,0.2,0.2,0.06541181745097864,,,,,,NORMAL,True,True,True,True,False,False,False,True,False,1,0,1,
efebc800df872dfc7599ad7a,Module_12_CrossDomain,sklearn.datasets.load_breast_cancer,71aa3180a9c8c9abf1e45ef91d8c1dac2592948b3fa58a7da1cc3e16bef8c2df,bc_classifier_v1,breast_cancer_wisconsin,classification_breast_cancer,42,unit_21,15,1,2026-09-02T20:45:00Z,1.0.0,8e7fd68470057c99,0.008359233776727922,0.2,0.1,0.2,0.2,0.07826182077036259,,,,,,NORMAL,True,True,True,True,False,False,False,True,False,1,0,1,
69170eaccc27bbc339192519,Module_12_CrossDomain,sklearn.datasets.load_breast_cancer,71aa3180a9c8c9abf1e45ef91d8c1dac2592948b3fa58a7da1cc3e16bef8c2df,bc_classifier_v1,breast_cancer_wisconsin,classification_breast_cancer,42,unit_21,15,2,2026-09-02T20:45:00Z,1.0.0,8e7fd68470057c99,0.008359233776727922,0.2,0.1,0.2,0.2,0.07826182077036259,,,,,,NORMAL,True,True,True,True,False,False,False,True,False,1,0,1,
9cb72b7dd8b209b9120488d4,Module_12_CrossDomain,sklearn.datasets.load_breast_cancer,71aa3180a9c8c9abf1e45ef91d8c1dac2592948b3fa58a7da1cc3e16bef8c2df,bc_classifier_v1,breast_cancer_wisconsin,classification_breast_cancer,42,unit_21,15,3,2026-09-02T20:45:00Z,1.0.0,8e7fd68470057c99,0.008359233776727922,0.2,0.1,0.2,0.2,0.07826182077036259,,,,,,NORMAL,True,True,True,True,False,False,False,True,False,1,0,1,
2278d480e7a51cf6376863a7,Module_12_CrossDomain,sklearn.datasets.load_breast_cancer,71aa3180a9c8c9abf1e45ef91d8c1dac2592948b3fa58a7da1cc3e16bef8c2df,bc_classifier_v1,breast_cancer_wisconsin,classification_breast_cancer,42,unit_21,15,5,2026-09-02T20:45:00Z,1.0.0,8e7fd68470057c99,0.008359233776727922,0.2,0.1,0.2,0.2,0.07826182077036259,,,,,,NORMAL,True,True,True,True,False,False,False,True,False,1,0,1,
aebe999e7241bf096d383e91,Module_12_CrossDomain,sklearn.datasets.load_breast_cancer,71aa3180a9c8c9abf1e45ef91d8c1dac2592948b3fa58a7da1cc3e16bef8c2df,bc_classifier_v1,breast_cancer_wisconsin,classification_breast_cancer,42,unit_21,16,1,2026-09-02T20:45:00Z,1.0.0,8e7fd68470057c99,0.07135495572835115,0.2,0.1,0.2,0.2,0.05514635676188231,,,,,,NORMAL,True,True,True,True,False,False,False,True,False,1,0,1,
b7a9746ac648e66d97ceafbd,Module_12_CrossDomain,sklearn.datasets.load_breast_cancer,71aa3180a9c8c9abf1e45ef91d8c1dac2592948b3fa58a7da1cc3e16bef8c2df,bc_classifier_v1,breast_cancer_wisconsin,classification_breast_cancer,42,unit_21,16,2,2026-09-02T20:45:00Z,1.0.0,8e7fd68470057c99,0.07135495572835115,0.2,0.1,0.2,0.2,0.05514635676188231,,,,,,NORMAL,True,True,True,True,False,False,False,True,False,1,0,1,
161eca7710a16d505ba4e4de,Module_12_CrossDomain,sklearn.datasets.load_breast_cancer,71aa3180a9c8c9abf1e45ef91d8c1dac2592948b3fa58a7da1cc3e16bef8c2df,bc_classifier_v1,breast_cancer_wisconsin,classification_breast_cancer,42,unit_21,16,3,2026-09-02T20:45:00Z,1.0.0,8e7fd68470057c99,0.07135495572835115,0.2,0.1,0.2,0.2,0.05514635676188231,,,,,,NORMAL,True,True,True,True,False,False,False,True,False,1,0,1,
1986398a04322f779ff121a5,Module_12_CrossDomain,sklearn.datasets.load_breast_cancer,71aa3180a9c8c9abf1e45ef91d8c1dac2592948b3fa58a7da1cc3e16bef8c2df,bc_classifier_v1,breast_cancer_wisconsin,classification_breast_cancer,42,unit_21,16,5,2026-09-02T20:45:00Z,1.0.0,8e7fd68470057c99,0.07135495572835115,0.2,0.1,0.2,0.2,0.05514635676188231,,,,,,NORMAL,True,True,True,True,False,False,False,True,False,1,0,1,
bb2842b0dba011d69494c4ad,Module_12_CrossDomain,sklearn.datasets.load_breast_cancer,71aa3180a9c8c9abf1e45ef91d8c1dac2592948b3fa58a7da1cc3e16bef8c2df,bc_classifier_v1,breast_cancer_wisconsin,classification_breast_cancer,42,unit_21,17,1,2026-09-02T20:45:00Z,1.0.0,8e7fd68470057c99,0.004954059617180795,0.2,0.1,0.2,0.2,0.07963573293654934,,,,,,NORMAL,True,True,True,True,False,False,False,True,False,1,0,1,
a9e643f6e67d2da18155fbf3,Module_12_CrossDomain,sklearn.datasets.load_breast_cancer,71aa3180a9c8c9abf1e45ef91d8c1dac2592948b3fa58a7da1cc3e16bef8c2df,bc_classifier_v1,breast_cancer_wisconsin,classification_breast_cancer,42,unit_21,17,2,2026-09-02T20:45:00Z,1.0.0,8e7fd68470057c99,0.004954059617180795,0.2,0.1,0.2,0.2,0.07963573293654934,,,,,,NORMAL,True,True,True,True,False,False,False,True,False,1,0,1,
96acf4fd621c70dab45cf083,Module_12_CrossDomain,sklearn.datasets.load_breast_cancer,71aa3180a9c8c9abf1e45ef91d8c1dac2592948b3fa58a7da1cc3e16bef8c2df,bc_classifier_v1,breast_cancer_wisconsin,classification_breast_cancer,42,unit_21,17,3,2026-09-02T20:45:00Z,1.0.0,8e7fd68470057c99,0.004954059617180795,0.2,0.1,0.2,0.2,0.07963573293654934,,,,,,NORMAL,True,True,True,True,False,False,False,True,False,1,0,1,
3470e45688c7d818d95dc331,Module_12_CrossDomain,sklearn.datasets.load_breast_cancer,71aa3180a9c8c9abf1e45ef91d8c1dac2592948b3fa58a7da1cc3e16bef8c2df,bc_classifier_v1,breast_cancer_wisconsin,classification_breast_cancer,42,unit_21,17,5,2026-09-02T20:45:00Z,1.0.0,8e7fd68470057c99,0.004954059617180795,0.2,0.1,0.2,0.2,0.07963573293654934,,,,,,NORMAL,True,True,True,True,False,False,False,True,False,1,0,1,
4e693c52c52c287bdfed9ca8,Module_12_CrossDomain,sklearn.datasets.load_breast_cancer,71aa3180a9c8c9abf1e45ef91d8c1dac2592948b3fa58a7da1cc3e16bef8c2df,bc_classifier_v1,breast_cancer_wisconsin,classification_breast_cancer,42,unit_21,18,1,2026-09-02T20:45:00Z,1.0.0,8e7fd68470057c99,0.01573711112241356,0.2,0.1,0.2,0.2,0.07531640418889887,,,,,,NORMAL,True,True,True,True,False,False,False,True,False,1,0,1,
8f708b1f6b95be450a57f7cd,Module_12_CrossDomain,sklearn.datasets.load_breast_cancer,71aa3180a9c8c9abf1e45ef91d8c1dac2592948b3fa58a7da1cc3e16bef8c2df,bc_classifier_v1,breast_cancer_wisconsin,classification_breast_cancer,42,unit_21,18,2,2026-09-02T20:45:00Z,1.0.0,8e7fd68470057c99,0.01573711112241356,0.2,0.1,0.2,0.2,0.07531640418889887,,,,,,NORMAL,True,True,True,True,False,False,False,True,False,1,0,1,
a7497318b078cb22bd0cc88b,Module_12_CrossDomain,sklearn.datasets.load_breast_cancer,71aa3180a9c8c9abf1e45ef91d8c1dac2592948b3fa58a7da1cc3e16bef8c2df,bc_classifier_v1,breast_cancer_wisconsin,classification_breast_cancer,42,unit_21,18,3,2026-09-02T20:45:00Z,1.0.0,8e7fd68470057c99,0.01573711112241356,0.2,0.1,0.2,0.2,0.07531640418889887,,,,,,NORMAL,True,True,True,True,False,False,False,True,False,1,0,1,
cf2f8a25c2947933e1e6d956,Module_12_CrossDomain,sklearn.datasets.load_breast_cancer,71aa3180a9c8c9abf1e45ef91d8c1dac2592948b3fa58a7da1cc3e16bef8c2df,bc_classifier_v1,breast_cancer_wisconsin,classification_breast_cancer,42,unit_21,18,5,2026-09-02T20:45:00Z,1.0.0,8e7fd68470057c99,0.01573711112241356,0.2,0.1,0.2,0.2,0.07531640418889887,,,,,,NORMAL,True,True,True,True,False,False,False,True,False,1,0,1,
ac4e47230d0d4ef71183139f,Module_12_CrossDomain,sklearn.datasets.load_breast_cancer,71aa3180a9c8c9abf1e45ef91d8c1dac2592948b3fa58a7da1cc3e16bef8c2df,bc_classifier_v1,breast_cancer_wisconsin,classification_breast_cancer,42,unit_21,19,1,2026-09-02T20:45:00Z,1.0.0,8e7fd68470057c99,0.006089117670363171,0.2,0.1,0.2,0.2,0.07917679521579059,,,,,,NORMAL,True,True,True,True,False,False,False,True,False,1,0,0,
cad595871aa2d26cf9a4a340,Module_12_CrossDomain,sklearn.datasets.load_breast_cancer,71aa3180a9c8c9abf1e45ef91d8c1dac2592948b3fa58a7da1cc3e16bef8c2df,bc_classifier_v1,breast_cancer_wisconsin,classification_breast_cancer,42,unit_21,19,2,2026-09-02T20:45:00Z,1.0.0,8e7fd68470057c99,0.006089117670363171,0.2,0.1,0.2,0.2,0.07917679521579059,,,,,,NORMAL,True,True,True,True,False,False,False,True,False,1,0,0,
1745e48b0b96a54d104f89d6,Module_12_CrossDomain,sklearn.datasets.load_breast_cancer,71aa3180a9c8c9abf1e45ef91d8c1dac2592948b3fa58a7da1cc3e16bef8c2df,bc_classifier_v1,breast_cancer_wisconsin,classification_breast_cancer,42,unit_21,19,3,2026-09-02T20:45:00Z,1.0.0,8e7fd68470057c99,0.006089117670363171,0.2,0.1,0.2,0.2,0.07917679521579059,,,,,,NORMAL,True,True,True,True,False,False,False,True,False,1,0,0,
99c0223b23f399f3b5bd8f22,Module_12_CrossDomain,sklearn.datasets.load_breast_cancer,71aa3180a9c8c9abf1e45ef91d8c1dac2592948b3fa58a7da1cc3e16bef8c2df,bc_classifier_v1,breast_cancer_wisconsin,classification_breast_cancer,42,unit_21,19,5,2026-09-02T20:45:00Z,1.0.0,8e7fd68470057c99,0.006089117670363171,0.2,0.1,0.2,0.2,0.07917679521579059,,,,,,NORMAL,True,True,True,True,False,False,False,True,False,1,0,0,
b342b8da8f22ad35fa768a1a,Module_12_CrossDomain,sklearn.datasets.load_breast_cancer,71aa3180a9c8c9abf1e45ef91d8c1dac2592948b3fa58a7da1cc3e16bef8c2df,bc_classifier_v1,breast_cancer_wisconsin,classification_breast_cancer,42,unit_22,0,1,2026-09-02T20:45:00Z,1.0.0,8e7fd68470057c99,0.17918547078067898,0.2,0.1,0.2,0.2,0.043080781238892404,,,,,,NORMAL,True,True,True,True,False,False,False,True,False,1,0,0,0.0
605a14f50751bc2057bc2829,Module_12_CrossDomain,sklearn.datasets.load_breast_cancer,71aa3180a9c8c9abf1e45ef91d8c1dac2592948b3fa58a7da1cc3e16bef8c2df,bc_classifier_v1,breast_cancer_wisconsin,classification_breast_cancer,42,unit_22,0,2,2026-09-02T20:45:00Z,1.0.0,8e7fd68470057c99,0.17918547078067898,0.2,0.1,0.2,0.2,0.043080781238892404,,,,,,NORMAL,True,True,True,True,False,False,False,True,False,1,0,1,0.0
7c20b4867063bf32bc622d3f,Module_12_CrossDomain,sklearn.datasets.load_breast_cancer,71aa3180a9c8c9abf1e45ef91d8c1dac2592948b3fa58a7da1cc3e16bef8c2df,bc_classifier_v1,breast_cancer_wisconsin,classification_breast_cancer,42,unit_22,0,3,2026-09-02T20:45:00Z,1.0.0,8e7fd68470057c99,0.17918547078067898,0.2,0.1,0.2,0.2,0.043080781238892404,,,,,,NORMAL,True,True,True,True,False,False,False,True,False,1,0,1,0.0
0f7cc0bae1c2b0e7630b6d64,Module_12_CrossDomain,sklearn.datasets.load_breast_cancer,71aa3180a9c8c9abf1e45ef91d8c1dac2592948b3fa58a7da1cc3e16bef8c2df,bc_classifier_v1,breast_cancer_wisconsin,classification_breast_cancer,42,unit_22,0,5,2026-09-02T20:45:00Z,1.0.0,8e7fd68470057c99,0.17918547078067898,0.2,0.1,0.2,0.2,0.043080781238892404,,,,,,NORMAL,True,True,True,True,False,False,False,True,False,1,0,1,0.0
af065aa9b9b86fff629d2292,Module_12_CrossDomain,sklearn.datasets.load_breast_cancer,71aa3180a9c8c9abf1e45ef91d8c1dac2592948b3fa58a7da1cc3e16bef8c2df,bc_classifier_v1,breast_cancer_wisconsin,classification_breast_cancer,42,unit_22,1,1,2026-09-02T20:45:00Z,1.0.0,8e7fd68470057c99,0.17835781597177672,0.2,0.1,0.2,0.2,0.042957771840337326,,,,,,NORMAL,True,True,True,True,False,False,False,True,False,1,0,1,
7bae015e3f9f0a4492070a16,Module_12_CrossDomain,sklearn.datasets.load_breast_cancer,71aa3180a9c8c9abf1e45ef91d8c1dac2592948b3fa58a7da1cc3e16bef8c2df,bc_classifier_v1,breast_cancer_wisconsin,classification_breast_cancer,42,unit_22,1,2,2026-09-02T20:45:00Z,1.0.0,8e7fd68470057c99,0.17835781597177672,0.2,0.1,0.2,0.2,0.042957771840337326,,,,,,NORMAL,True,True,True,True,False,False,False,True,False,1,0,1,
0065a4a6d232b1427fbdc414,Module_12_CrossDomain,sklearn.datasets.load_breast_cancer,71aa3180a9c8c9abf1e45ef91d8c1dac2592948b3fa58a7da1cc3e16bef8c2df,bc_classifier_v1,breast_cancer_wisconsin,classification_breast_cancer,42,unit_22,1,3,2026-09-02T20:45:00Z,1.0.0,8e7fd68470057c99,0.17835781597177672,0.2,0.1,0.2,0.2,0.042957771840337326,,,,,,NORMAL,True,True,True,True,False,False,False,True,False,1,0,1,
37e6bfab0593082e6444ba2f,Module_12_CrossDomain,sklearn.datasets.load_breast_cancer,71aa3180a9c8c9abf1e45ef91d8c1dac2592948b3fa58a7da1cc3e16bef8c2df,bc_classifier_v1,breast_cancer_wisconsin,classification_breast_cancer,42,unit_22,1,5,2026-09-02T20:45:00Z,1.0.0,8e7fd68470057c99,0.17835781597177672,0.2,0.1,0.2,0.2,0.042957771840337326,,,,,,NORMAL,True,True,True,True,False,False,False,True,False,1,0,1,
e5a533a069664211d6f497fd,Module_12_CrossDomain,sklearn.datasets.load_breast_cancer,71aa3180a9c8c9abf1e45ef91d8c1dac2592948b3fa58a7da1cc3e16bef8c2df,bc_classifier_v1,breast_cancer_wisconsin,classification_breast_cancer,42,unit_22,2,1,2026-09-02T20:45:00Z,1.0.0,8e7fd68470057c99,0.019709814308551975,0.2,0.1,0.2,0.2,0.0737496252156383,,,,,,NORMAL,True,True,True,True,False,False,False,True,False,1,0,1,
b9122b7521e075f4f7053a94,Module_12_CrossDomain,sklearn.datasets.load_breast_cancer,71aa3180a9c8c9abf1e45ef91d8c1dac2592948b3fa58a7da1cc3e16bef8c2df,bc_classifier_v1,breast_cancer_wisconsin,classification_breast_cancer,42,unit_22,2,2,2026-09-02T20:45:00Z,1.0.0,8e7fd68470057c99,0.019709814308551975,0.2,0.1,0.2,0.2,0.0737496252156383,,,,,,NORMAL,True,True,True,True,False,False,False,True,False,1,0,1,
d363a0a8422fe6bfea2d22b9,Module_12_CrossDomain,sklearn.datasets.load_breast_cancer,71aa3180a9c8c9abf1e45ef91d8c1dac2592948b3fa58a7da1cc3e16bef8c2df,bc_classifier_v1,breast_cancer_wisconsin,classification_breast_cancer,42,unit_22,2,3,2026-09-02T20:45:00Z,1.0.0,8e7fd68470057c99,0.019709814308551975,0.2,0.1,0.2,0.2,0.0737496252156383,,,,,,NORMAL,True,True,True,True,False,False,False,True,False,1,0,1,
dafb274ef8eb8f3c4488e983,Module_12_CrossDomain,sklearn.datasets.load_breast_cancer,71aa3180a9c8c9abf1e45ef91d8c1dac2592948b3fa58a7da1cc3e16bef8c2df,bc_classifier_v1,breast_cancer_wisconsin,classification_breast_cancer,42,unit_22,2,5,2026-09-02T20:45:00Z,1.0.0,8e7fd68470057c99,0.019709814308551975,0.2,0.1,0.2,0.2,0.0737496252156383,,,,,,NORMAL,True,True,True,True,False,False,False,True,False,1,0,1,
742aaf073ed2842107884276,Module_12_CrossDomain,sklearn.datasets.load_breast_cancer,71aa3180a9c8c9abf1e45ef91d8c1dac2592948b3fa58a7da1cc3e16bef8c2df,bc_classifier_v1,breast_cancer_wisconsin,classification_breast_cancer,42,unit_22,3,1,2026-09-02T20:45:00Z,1.0.0,8e7fd68470057c99,0.201886631844327,0.2,0.1,0.2,0.2,0.0475913684147515,,,,,,NORMAL,True,True,True,True,False,False,False,True,False,1,0,0,
4d8969b1ceeb4d8a385782f4,Module_12_CrossDomain,sklearn.datasets.load_breast_cancer,71aa3180a9c8c9abf1e45ef91d8c1dac2592948b3fa58a7da1cc3e16bef8c2df,bc_classifier_v1,breast_cancer_wisconsin,classification_breast_cancer,42,unit_22,3,2,2026-09-02T20:45:00Z,1.0.0,8e7fd68470057c99,0.201886631844327,0.2,0.1,0.2,0.2,0.0475913684147515,,,,,,NORMAL,True,True,True,True,False,False,False,True,False,1,0,1,
25d3a151d814bc1eb8afacf2,Module_12_CrossDomain,sklearn.datasets.load_breast_cancer,71aa3180a9c8c9abf1e45ef91d8c1dac2592948b3fa58a7da1cc3e16bef8c2df,bc_classifier_v1,breast_cancer_wisconsin,classification_breast_cancer,42,unit_22,3,3,2026-09-02T20:45:00Z,1.0.0,8e7fd68470057c99,0.201886631844327,0.2,0.1,0.2,0.2,0.0475913684147515,,,,,,NORMAL,True,True,True,True,False,False,False,True,False,1,0,1,
90e2a1315619cb3f78bc8bf9,Module_12_CrossDomain,sklearn.datasets.load_breast_cancer,71aa3180a9c8c9abf1e45ef91d8c1dac2592948b3fa58a7da1cc3e16bef8c2df,bc_classifier_v1,breast_cancer_wisconsin,classification_breast_cancer,42,unit_22,3,5,2026-09-02T20:45:00Z,1.0.0,8e7fd68470057c99,0.201886631844327,0.2,0.1,0.2,0.2,0.0475913684147515,,,,,,NORMAL,True,True,True,True,False,False,False,True,False,1,0,1,
2be10b8bc33c28ef25a6e1bb,Module_12_CrossDomain,sklearn.datasets.load_breast_cancer,71aa3180a9c8c9abf1e45ef91d8c1dac2592948b3fa58a7da1cc3e16bef8c2df,bc_classifier_v1,breast_cancer_wisconsin,classification_breast_cancer,42,unit_22,4,1,2026-09-02T20:45:00Z,1.0.0,8e7fd68470057c99,0.22149002199270798,0.2,0.1,0.2,0.2,0.05293774802018325,,,,,,NORMAL,True,True,True,True,False,False,False,True,False,1,0,1,
2ac9583bec550addeb622b26,Module_12_CrossDomain,sklearn.datasets.load_breast_cancer,71aa3180a9c8c9abf1e45ef91d8c1dac2592948b3fa58a7da1cc3e16bef8c2df,bc_classifier_v1,breast_cancer_wisconsin,classification_breast_cancer,42,unit_22,4,2,2026-09-02T20:45:00Z,1.0.0,8e7fd68470057c99,0.22149002199270798,0.2,0.1,0.2,0.2,0.05293774802018325,,,,,,NORMAL,True,True,True,True,False,False,False,True,False,1,0,1,
ded9c97b8e5b60a0976ec2b0,Module_12_CrossDomain,sklearn.datasets.load_breast_cancer,71aa3180a9c8c9abf1e45ef91d8c1dac2592948b3fa58a7da1cc3e16bef8c2df,bc_classifier_v1,breast_cancer_wisconsin,classification_breast_cancer,42,unit_22,4,3,2026-09-02T20:45:00Z,1.0.0,8e7fd68470057c99,0.22149002199270798,0.2,0.1,0.2,0.2,0.05293774802018325,,,,,,NORMAL,True,True,True,True,False,False,False,True,False,1,0,1,
7dd4314cfc94ced1b3d1d43b,Module_12_CrossDomain,sklearn.datasets.load_breast_cancer,71aa3180a9c8c9abf1e45ef91d8c1dac2592948b3fa58a7da1cc3e16bef8c2df,bc_classifier_v1,breast_cancer_wisconsin,classification_breast_cancer,42,unit_22,4,5,2026-09-02T20:45:00Z,1.0.0,8e7fd68470057c99,0.22149002199270798,0.2,0.1,0.2,0.2,0.05293774802018325,,,,,,NORMAL,True,True,True,True,False,False,False,True,False,1,0,1,
11f648ece1a2b10391cd1ad5,Module_12_CrossDomain,sklearn.datasets.load_breast_cancer,71aa3180a9c8c9abf1e45ef91d8c1dac2592948b3fa58a7da1cc3e16bef8c2df,bc_classifier_v1,breast_cancer_wisconsin,classification_breast_cancer,42,unit_22,5,1,2026-09-02T20:45:00Z,1.0.0,8e7fd68470057c99,0.12129751006837666,0.2,0.1,0.2,0.2,0.0430086113554921,,,,,,NORMAL,True,True,True,True,False,False,False,True,False,1,0,0,
baec7a2dbed2581e89e547ca,Module_12_CrossDomain,sklearn.datasets.load_breast_cancer,71aa3180a9c8c9abf1e45ef91d8c1dac2592948b3fa58a7da1cc3e16bef8c2df,bc_classifier_v1,breast_cancer_wisconsin,classification_breast_cancer,42,unit_22,5,2,2026-09-02T20:45:00Z,1.0.0,8e7fd68470057c99,0.12129751006837666,0.2,0.1,0.2,0.2,0.0430086113554921,,,,,,NORMAL,True,True,True,True,False,False,False,True,False,1,0,1,
0b750481ca5e5cffe68bcd9f,Module_12_CrossDomain,sklearn.datasets.load_breast_cancer,71aa3180a9c8c9abf1e45ef91d8c1dac2592948b3fa58a7da1cc3e16bef8c2df,bc_classifier_v1,breast_cancer_wisconsin,classification_breast_cancer,42,unit_22,5,3,2026-09-02T20:45:00Z,1.0.0,8e7fd68470057c99,0.12129751006837666,0.2,0.1,0.2,0.2,0.0430086113554921,,,,,,NORMAL,True,True,True,True,False,False,False,True,False,1,0,1,
1042e4e16b491e9a37e431a6,Module_12_CrossDomain,sklearn.datasets.load_breast_cancer,71aa3180a9c8c9abf1e45ef91d8c1dac2592948b3fa58a7da1cc3e16bef8c2df,bc_classifier_v1,breast_cancer_wisconsin,classification_breast_cancer,42,unit_22,5,5,2026-09-02T20:45:00Z,1.0.0,8e7fd68470057c99,0.12129751006837666,0.2,0.1,0.2,0.2,0.0430086113554921,,,,,,NORMAL,True,True,True,True,False,False,False,True,False,1,0,1,
136c3c03737556c64dd8220f,Module_12_CrossDomain,sklearn.datasets.load_breast_cancer,71aa3180a9c8c9abf1e45ef91d8c1dac2592948b3fa58a7da1cc3e16bef8c2df,bc_classifier_v1,breast_cancer_wisconsin,classification_breast_cancer,42,unit_22,6,1,2026-09-02T20:45:00Z,1.0.0,8e7fd68470057c99,0.2055992092481543,0.2,0.1,0.2,0.2,0.04851408058840019,,,,,,NORMAL,True,True,True,True,False,False,False,True,False,1,0,1,
6f0b9a80f9f9412a26d35c3d,Module_12_CrossDomain,sklearn.datasets.load_breast_cancer,71aa3180a9c8c9abf1e45ef91d8c1dac2592948b3fa58a7da1cc3e16bef8c2df,bc_classifier_v1,breast_cancer_wisconsin,classification_breast_cancer,42,unit_22,6,2,2026-09-02T20:45:00Z,1.0.0,8e7fd68470057c99,0.2055992092481543,0.2,0.1,0.2,0.2,0.04851408058840019,,,,,,NORMAL,True,True,True,True,False,False,False,True,False,1,0,1,
e63ec55a8cb8186502e9b81e,Module_12_CrossDomain,sklearn.datasets.load_breast_cancer,71aa3180a9c8c9abf1e45ef91d8c1dac2592948b3fa58a7da1cc3e16bef8c2df,bc_classifier_v1,breast_cancer_wisconsin,classification_breast_cancer,42,unit_22,6,3,2026-09-02T20:45:00Z,1.0.0,8e7fd68470057c99,0.2055992092481543,0.2,0.1,0.2,0.2,0.04851408058840019,,,,,,NORMAL,True,True,True,True,False,False,False,True,False,1,0,1,
9201e3dd2b7680bd8db0fda2,Module_12_CrossDomain,sklearn.datasets.load_breast_cancer,71aa3180a9c8c9abf1e45ef91d8c1dac2592948b3fa58a7da1cc3e16bef8c2df,bc_classifier_v1,breast_cancer_wisconsin,classification_breast_cancer,42,unit_22,6,5,2026-09-02T20:45:00Z,1.0.0,8e7fd68470057c99,0.2055992092481543,0.2,0.1,0.2,0.2,0.04851408058840019,,,,,,NORMAL,True,True,True,True,False,False,False,True,False,1,0,1,
98bb6d893e38408ea60e5fa3,Module_12_CrossDomain,sklearn.datasets.load_breast_cancer,71aa3180a9c8c9abf1e45ef91d8c1dac2592948b3fa58a7da1cc3e16bef8c2df,bc_classifier_v1,breast_cancer_wisconsin,classification_breast_cancer,42,unit_22,7,1,2026-09-02T20:45:00Z,1.0.0,8e7fd68470057c99,0.03817814640375047,0.2,0.1,0.2,0.2,0.06667354454804574,,,,,,NORMAL,True,True,True,True,False,False,False,True,False,1,0,1,
1a9476fcbc3223320810725d,Module_12_CrossDomain,sklearn.datasets.load_breast_cancer,71aa3180a9c8c9abf1e45ef91d8c1dac2592948b3fa58a7da1cc3e16bef8c2df,bc_classifier_v1,breast_cancer_wisconsin,classification_breast_cancer,42,unit_22,7,2,2026-09-02T20:45:00Z,1.0.0,8e7fd68470057c99,0.03817814640375047,0.2,0.1,0.2,0.2,0.06667354454804574,,,,,,NORMAL,True,True,True,True,False,False,False,True,False,1,0,1,
57ee55f454d005082b1d96bf,Module_12_CrossDomain,sklearn.datasets.load_breast_cancer,71aa3180a9c8c9abf1e45ef91d8c1dac2592948b3fa58a7da1cc3e16bef8c2df,bc_classifier_v1,breast_cancer_wisconsin,classification_breast_cancer,42,unit_22,7,3,2026-09-02T20:45:00Z,1.0.0,8e7fd68470057c99,0.03817814640375047,0.2,0.1,0.2,0.2,0.06667354454804574,,,,,,NORMAL,True,True,True,True,False,False,False,True,False,1,0,1,
098f4ec5bc53aad39b388104,Module_12_CrossDomain,sklearn.datasets.load_breast_cancer,71aa3180a9c8c9abf1e45ef91d8c1dac2592948b3fa58a7da1cc3e16bef8c2df,bc_classifier_v1,breast_cancer_wisconsin,classification_breast_cancer,42,unit_22,7,5,2026-09-02T20:45:00Z,1.0.0,8e7fd68470057c99,0.03817814640375047,0.2,0.1,0.2,0.2,0.06667354454804574,,,,,,NORMAL,True,True,True,True,False,False,False,True,False,1,0,1,
17be8547c3fbb21c218b940f,Module_12_CrossDomain,sklearn.datasets.load_breast_cancer,71aa3180a9c8c9abf1e45ef91d8c1dac2592948b3fa58a7da1cc3e16bef8c2df,bc_classifier_v1,breast_cancer_wisconsin,classification_breast_cancer,42,unit_22,8,1,2026-09-02T20:45:00Z,1.0.0,8e7fd68470057c99,0.022854862685788,0.2,0.1,0.2,0.2,0.07251955436317363,,,,,,NORMAL,True,True,True,True,False,False,False,True,False,1,0,0,
ad56c0a984b38687d33798aa,Module_12_CrossDomain,sklearn.datasets.load_breast_cancer,71aa3180a9c8c9abf1e45ef91d8c1dac2592948b3fa58a7da1cc3e16bef8c2df,bc_classifier_v1,breast_cancer_wisconsin,classification_breast_cancer,42,unit_22,8,2,2026-09-02T20:45:00Z,1.0.0,8e7fd68470057c99,0.022854862685788,0.2,0.1,0.2,0.2,0.07251955436317363,,,,,,NORMAL,True,True,True,True,False,False,False,True,False,1,0,1,
10e141c305347e028cd23c1c,Module_12_CrossDomain,sklearn.datasets.load_breast_cancer,71aa3180a9c8c9abf1e45ef91d8c1dac2592948b3fa58a7da1cc3e16bef8c2df,bc_classifier_v1,breast_cancer_wisconsin,classification_breast_cancer,42,unit_22,8,3,2026-09-02T20:45:00Z,1.0.0,8e7fd68470057c99,0.022854862685788,0.2,0.1,0.2,0.2,0.07251955436317363,,,,,,NORMAL,True,True,True,True,False,False,False,True,False,1,0,1,
c94478f24ab8ac909ef36d10,Module_12_CrossDomain,sklearn.datasets.load_breast_cancer,71aa3180a9c8c9abf1e45ef91d8c1dac2592948b3fa58a7da1cc3e16bef8c2df,bc_classifier_v1,breast_cancer_wisconsin,classification_breast_cancer,42,unit_22,8,5,2026-09-02T20:45:00Z,1.0.0,8e7fd68470057c99,0.022854862685788,0.2,0.1,0.2,0.2,0.07251955436317363,,,,,,NORMAL,True,True,True,True,False,False,False,True,False,1,0,1,
6e64cf6b28dd24c33876a650,Module_12_CrossDomain,sklearn.datasets.load_breast_cancer,71aa3180a9c8c9abf1e45ef91d8c1dac2592948b3fa58a7da1cc3e16bef8c2df,bc_classifier_v1,breast_cancer_wisconsin,classification_breast_cancer,42,unit_22,9,1,2026-09-02T20:45:00Z,1.0.0,8e7fd68470057c99,0.3957214331562063,0.2,0.1,0.2,0.2,0.12281786217569853,,,,,,NORMAL,True,True,True,True,False,False,False,True,False,1,0,1,
84c211cae543a5cdc9f6cd17,Module_12_CrossDomain,sklearn.datasets.load_breast_cancer,71aa3180a9c8c9abf1e45ef91d8c1dac2592948b3fa58a7da1cc3e16bef8c2df,bc_classifier_v1,breast_cancer_wisconsin,classification_breast_cancer,42,unit_22,9,2,2026-09-02T20:45:00Z,1.0.0,8e7fd68470057c99,0.3957214331562063,0.2,0.1,0.2,0.2,0.12281786217569853,,,,,,NORMAL,True,True,True,True,False,False,False,True,False,1,0,1,
d8cab884f71a65157d17153e,Module_12_CrossDomain,sklearn.datasets.load_breast_cancer,71aa3180a9c8c9abf1e45ef91d8c1dac2592948b3fa58a7da1cc3e16bef8c2df,bc_classifier_v1,breast_cancer_wisconsin,classification_breast_cancer,42,unit_22,9,3,2026-09-02T20:45:00Z,1.0.0,8e7fd68470057c99,0.3957214331562063,0.2,0.1,0.2,0.2,0.12281786217569853,,,,,,NORMAL,True,True,True,True,False,False,False,True,False,1,0,1,
3b804feefb934ef5dc918012,Module_12_CrossDomain,sklearn.datasets.load_breast_cancer,71aa3180a9c8c9abf1e45ef91d8c1dac2592948b3fa58a7da1cc3e16bef8c2df,bc_classifier_v1,breast_cancer_wisconsin,classification_breast_cancer,42,unit_22,9,5,2026-09-02T20:45:00Z,1.0.0,8e7fd68470057c99,0.3957214331562063,0.2,0.1,0.2,0.2,0.12281786217569853,,,,,,NORMAL,True,True,True,True,False,False,False,True,False,1,0,1,
558cd87dd0a196e887924920,Module_12_CrossDomain,sklearn.datasets.load_breast_cancer,71aa3180a9c8c9abf1e45ef91d8c1dac2592948b3fa58a7da1cc3e16bef8c2df,bc_classifier_v1,breast_cancer_wisconsin,classification_breast_cancer,42,unit_22,10,1,2026-09-02T20:45:00Z,1.0.0,8e7fd68470057c99,0.12810785838747113,0.2,0.1,0.2,0.2,0.04210902744169135,,,,,,NORMAL,True,True,True,True,False,False,False,True,False,1,0,0,
34bad270305bd9a2c3d94bde,Module_12_CrossDomain,sklearn.datasets.load_breast_cancer,71aa3180a9c8c9abf1e45ef91d8c1dac2592948b3fa58a7da1cc3e16bef8c2df,bc_classifier_v1,breast_cancer_wisconsin,classification_breast_cancer,42,unit_22,10,2,2026-09-02T20:45:00Z,1.0.0,8e7fd68470057c99,0.12810785838747113,0.2,0.1,0.2,0.2,0.04210902744169135,,,,,,NORMAL,True,True,True,True,False,False,False,True,False,1,0,1,
3902185c9be55dd494ac65ff,Module_12_CrossDomain,sklearn.datasets.load_breast_cancer,71aa3180a9c8c9abf1e45ef91d8c1dac2592948b3fa58a7da1cc3e16bef8c2df,bc_classifier_v1,breast_cancer_wisconsin,classification_breast_cancer,42,unit_22,10,3,2026-09-02T20:45:00Z,1.0.0,8e7fd68470057c99,0.12810785838747113,0.2,0.1,0.2,0.2,0.04210902744169135,,,,,,NORMAL,True,True,True,True,False,False,False,True,False,1,0,1,
5a9bcc5d1e2a4d006b4e1f4c,Module_12_CrossDomain,sklearn.datasets.load_breast_cancer,71aa3180a9c8c9abf1e45ef91d8c1dac2592948b3fa58a7da1cc3e16bef8c2df,bc_classifier_v1,breast_cancer_wisconsin,classification_breast_cancer,42,unit_22,10,5,2026-09-02T20:45:00Z,1.0.0,8e7fd68470057c99,0.12810785838747113,0.2,0.1,0.2,0.2,0.04210902744169135,,,,,,NORMAL,True,True,True,True,False,False,False,True,False,1,0,1,
b75b0cf721abbf1e7e85fffb,Module_12_CrossDomain,sklearn.datasets.load_breast_cancer,71aa3180a9c8c9abf1e45ef91d8c1dac2592948b3fa58a7da1cc3e16bef8c2df,bc_classifier_v1,breast_cancer_wisconsin,classification_breast_cancer,42,unit_22,11,1,2026-09-02T20:45:00Z,1.0.0,8e7fd68470057c99,0.31002455014093505,0.2,0.1,0.2,0.2,0.08577471350748313,,,,,,NORMAL,True,True,True,True,False,False,False,True,False,1,0,1,
1c60ad3e6609df8967fc3da0,Module_12_CrossDomain,sklearn.datasets.load_breast_cancer,71aa3180a9c8c9abf1e45ef91d8c1dac2592948b3fa58a7da1cc3e16bef8c2df,bc_classifier_v1,breast_cancer_wisconsin,classification_breast_cancer,42,unit_22,11,2,2026-09-02T20:45:00Z,1.0.0,8e7fd68470057c99,0.31002455014093505,0.2,0.1,0.2,0.2,0.08577471350748313,,,,,,NORMAL,True,True,True,True,False,False,False,True,False,1,0,1,
73e9dae92a6eb9ad7496e0f1,Module_12_CrossDomain,sklearn.datasets.load_breast_cancer,71aa3180a9c8c9abf1e45ef91d8c1dac2592948b3fa58a7da1cc3e16bef8c2df,bc_classifier_v1,breast_cancer_wisconsin,classification_breast_cancer,42,unit_22,11,3,2026-09-02T20:45:00Z,1.0.0,8e7fd68470057c99,0.31002455014093505,0.2,0.1,0.2,0.2,0.08577471350748313,,,,,,NORMAL,True,True,True,True,False,False,False,True,False,1,0,1,
d253f55da947fe2ff1c94144,Module_12_CrossDomain,sklearn.datasets.load_breast_cancer,71aa3180a9c8c9abf1e45ef91d8c1dac2592948b3fa58a7da1cc3e16bef8c2df,bc_classifier_v1,breast_cancer_wisconsin,classification_breast_cancer,42,unit_22,11,5,2026-09-02T20:45:00Z,1.0.0,8e7fd68470057c99,0.31002455014093505,0.2,0.1,0.2,0.2,0.08577471350748313,,,,,,NORMAL,True,True,True,True,False,False,False,True,False,1,0,1,
b1c75f70faa7462cf9a3471d,Module_12_CrossDomain,sklearn.datasets.load_breast_cancer,71aa3180a9c8c9abf1e45ef91d8c1dac2592948b3fa58a7da1cc3e16bef8c2df,bc_classifier_v1,breast_cancer_wisconsin,classification_breast_cancer,42,unit_22,12,1,2026-09-02T20:45:00Z,1.0.0,8e7fd68470057c99,0.12072998104178548,0.2,0.1,0.2,0.2,0.043093526221242816,,,,,,NORMAL,True,True,True,True,False,False,False,True,False,1,0,1,
85049c749b30fcd445a78f18,Module_12_CrossDomain,sklearn.datasets.load_breast_cancer,71aa3180a9c8c9abf1e45ef91d8c1dac2592948b3fa58a7da1cc3e16bef8c2df,bc_classifier_v1,breast_cancer_wisconsin,classification_breast_cancer,42,unit_22,12,2,2026-09-02T20:45:00Z,1.0.0,8e7fd68470057c99,0.12072998104178548,0.2,0.1,0.2,0.2,0.043093526221242816,,,,,,NORMAL,True,True,True,True,False,False,False,True,False,1,0,1,
8c958d12807d136b0b624433,Module_12_CrossDomain,sklearn.datasets.load_breast_cancer,71aa3180a9c8c9abf1e45ef91d8c1dac2592948b3fa58a7da1cc3e16bef8c2df,bc_classifier_v1,breast_cancer_wisconsin,classification_breast_cancer,42,unit_22,12,3,2026-09-02T20:45:00Z,1.0.0,8e7fd68470057c99,0.12072998104178548,0.2,0.1,0.2,0.2,0.043093526221242816,,,,,,NORMAL,True,True,True,True,False,False,False,True,False,1,0,1,
92feb749395322bf800af273,Module_12_CrossDomain,sklearn.datasets.load_breast_cancer,71aa3180a9c8c9abf1e45ef91d8c1dac2592948b3fa58a7da1cc3e16bef8c2df,bc_classifier_v1,breast_cancer_wisconsin,classification_breast_cancer,42,unit_22,12,5,2026-09-02T20:45:00Z,1.0.0,8e7fd68470057c99,0.12072998104178548,0.2,0.1,0.2,0.2,0.043093526221242816,,,,,,NORMAL,True,True,True,True,False,False,False,True,False,1,0,1,
d86c10726b209ef3680b96fe,Module_12_CrossDomain,sklearn.datasets.load_breast_cancer,71aa3180a9c8c9abf1e45ef91d8c1dac2592948b3fa58a7da1cc3e16bef8c2df,bc_classifier_v1,breast_cancer_wisconsin,classification_breast_cancer,42,unit_22,13,1,2026-09-02T20:45:00Z,1.0.0,8e7fd68470057c99,0.022854862685788,0.2,0.1,0.2,0.2,0.07251955436317363,,,,,,NORMAL,True,True,True,True,False,False,False,True,False,1,0,1,
288acc81a8182863c5d2a3b3,Module_12_CrossDomain,sklearn.datasets.load_breast_cancer,71aa3180a9c8c9abf1e45ef91d8c1dac2592948b3fa58a7da1cc3e16bef8c2df,bc_classifier_v1,breast_cancer_wisconsin,classification_breast_cancer,42,unit_22,13,2,2026-09-02T20:45:00Z,1.0.0,8e7fd68470057c99,0.022854862685788,0.2,0.1,0.2,0.2,0.07251955436317363,,,,,,NORMAL,True,True,True,True,False,False,False,True,False,1,0,1,
8515953cd3667e534075ac95,Module_12_CrossDomain,sklearn.datasets.load_breast_cancer,71aa3180a9c8c9abf1e45ef91d8c1dac2592948b3fa58a7da1cc3e16bef8c2df,bc_classifier_v1,breast_cancer_wisconsin,classification_breast_cancer,42,unit_22,13,3,2026-09-02T20:45:00Z,1.0.0,8e7fd68470057c99,0.022854862685788,0.2,0.1,0.2,0.2,0.07251955436317363,,,,,,NORMAL,True,True,True,True,False,False,False,True,False,1,0,1,
74bc9c57cfbfb312a0e2c22b,Module_12_CrossDomain,sklearn.datasets.load_breast_cancer,71aa3180a9c8c9abf1e45ef91d8c1dac2592948b3fa58a7da1cc3e16bef8c2df,bc_classifier_v1,breast_cancer_wisconsin,classification_breast_cancer,42,unit_22,13,5,2026-09-02T20:45:00Z,1.0.0,8e7fd68470057c99,0.022854862685788,0.2,0.1,0.2,0.2,0.07251955436317363,,,,,,NORMAL,True,True,True,True,False,False,False,True,False,1,0,1,
300b93e51ce02b068da27cc0,Module_12_CrossDomain,sklearn.datasets.load_breast_cancer,71aa3180a9c8c9abf1e45ef91d8c1dac2592948b3fa58a7da1cc3e16bef8c2df,bc_classifier_v1,breast_cancer_wisconsin,classification_breast_cancer,42,unit_22,14,1,2026-09-02T20:45:00Z,1.0.0,8e7fd68470057c99,0.08554318139313113,0.2,0.1,0.2,0.2,0.050891347146901106,,,,,,NORMAL,True,True,True,True,False,False,False,True,False,1,0,1,
b72c4ac261d0bb82cb7a55dd,Module_12_CrossDomain,sklearn.datasets.load_breast_cancer,71aa3180a9c8c9abf1e45ef91d8c1dac2592948b3fa58a7da1cc3e16bef8c2df,bc_classifier_v1,breast_cancer_wisconsin,classification_breast_cancer,42,unit_22,14,2,2026-09-02T20:45:00Z,1.0.0,8e7fd68470057c99,0.08554318139313113,0.2,0.1,0.2,0.2,0.050891347146901106,,,,,,NORMAL,True,True,True,True,False,False,False,True,False,1,0,1,
b85b8b017d23992eeec331d8,Module_12_CrossDomain,sklearn.datasets.load_breast_cancer,71aa3180a9c8c9abf1e45ef91d8c1dac2592948b3fa58a7da1cc3e16bef8c2df,bc_classifier_v1,breast_cancer_wisconsin,classification_breast_cancer,42,unit_22,14,3,2026-09-02T20:45:00Z,1.0.0,8e7fd68470057c99,0.08554318139313113,0.2,0.1,0.2,0.2,0.050891347146901106,,,,,,NORMAL,True,True,True,True,False,False,False,True,False,1,0,1,
5b5804ec627a0a1d3ee63247,Module_12_CrossDomain,sklearn.datasets.load_breast_cancer,71aa3180a9c8c9abf1e45ef91d8c1dac2592948b3fa58a7da1cc3e16bef8c2df,bc_classifier_v1,breast_cancer_wisconsin,classification_breast_cancer,42,unit_22,14,5,2026-09-02T20:45:00Z,1.0.0,8e7fd68470057c99,0.08554318139313113,0.2,0.1,0.2,0.2,0.050891347146901106,,,,,,NORMAL,True,True,True,True,False,False,False,True,False,1,0,1,
4fdd5b403f2e1fbd9dd7b699,Module_12_CrossDomain,sklearn.datasets.load_breast_cancer,71aa3180a9c8c9abf1e45ef91d8c1dac2592948b3fa58a7da1cc3e16bef8c2df,bc_classifier_v1,breast_cancer_wisconsin,classification_breast_cancer,42,unit_22,15,1,2026-09-02T20:45:00Z,1.0.0,8e7fd68470057c99,0.04241097537219988,0.2,0.1,0.2,0.2,0.06510742954765246,,,,,,NORMAL,True,True,True,True,False,False,False,True,False,1,0,1,
d877cee648c14950ca40bba3,Module_12_CrossDomain,sklearn.datasets.load_breast_cancer,71aa3180a9c8c9abf1e45ef91d8c1dac2592948b3fa58a7da1cc3e16bef8c2df,bc_classifier_v1,breast_cancer_wisconsin,classification_breast_cancer,42,unit_22,15,2,2026-09-02T20:45:00Z,1.0.0,8e7fd68470057c99,0.04241097537219988,0.2,0.1,0.2,0.2,0.06510742954765246,,,,,,NORMAL,True,True,True,True,False,False,False,True,False,1,0,1,
8cf918a77e2fa0b28c85fe7d,Module_12_CrossDomain,sklearn.datasets.load_breast_cancer,71aa3180a9c8c9abf1e45ef91d8c1dac2592948b3fa58a7da1cc3e16bef8c2df,bc_classifier_v1,breast_cancer_wisconsin,classification_breast_cancer,42,unit_22,15,3,2026-09-02T20:45:00Z,1.0.0,8e7fd68470057c99,0.04241097537219988,0.2,0.1,0.2,0.2,0.06510742954765246,,,,,,NORMAL,True,True,True,True,False,False,False,True,False,1,0,1,
402eededf2aaf50965cee618,Module_12_CrossDomain,sklearn.datasets.load_breast_cancer,71aa3180a9c8c9abf1e45ef91d8c1dac2592948b3fa58a7da1cc3e16bef8c2df,bc_classifier_v1,breast_cancer_wisconsin,classification_breast_cancer,42,unit_22,15,5,2026-09-02T20:45:00Z,1.0.0,8e7fd68470057c99,0.04241097537219988,0.2,0.1,0.2,0.2,0.06510742954765246,,,,,,NORMAL,True,True,True,True,False,False,False,True,False,1,0,1,
3ed09515e96ce0dd4a18b1ef,Module_12_CrossDomain,sklearn.datasets.load_breast_cancer,71aa3180a9c8c9abf1e45ef91d8c1dac2592948b3fa58a7da1cc3e16bef8c2df,bc_classifier_v1,breast_cancer_wisconsin,classification_breast_cancer,42,unit_22,16,1,2026-09-02T20:45:00Z,1.0.0,8e7fd68470057c99,0.1417285550256598,0.2,0.1,0.2,0.2,0.04101061326579184,,,,,,NORMAL,True,True,True,True,False,False,False,True,False,1,0,1,
d4e08b6f3c12a2e178966a1e,Module_12_CrossDomain,sklearn.datasets.load_breast_cancer,71aa3180a9c8c9abf1e45ef91d8c1dac2592948b3fa58a7da1cc3e16bef8c2df,bc_classifier_v1,breast_cancer_wisconsin,classification_breast_cancer,42,unit_22,16,2,2026-09-02T20:45:00Z,1.0.0,8e7fd68470057c99,0.1417285550256598,0.2,0.1,0.2,0.2,0.04101061326579184,,,,,,NORMAL,True,True,True,True,False,False,False,True,False,1,0,1,
c667b4cafe8c16ded4ff16d0,Module_12_CrossDomain,sklearn.datasets.load_breast_cancer,71aa3180a9c8c9abf1e45ef91d8c1dac2592948b3fa58a7da1cc3e16bef8c2df,bc_classifier_v1,breast_cancer_wisconsin,classification_breast_cancer,42,unit_22,16,3,2026-09-02T20:45:00Z,1.0.0,8e7fd68470057c99,0.1417285550256598,0.2,0.1,0.2,0.2,0.04101061326579184,,,,,,NORMAL,True,True,True,True,False,False,False,True,False,1,0,1,
282f09cba5b4050c82010193,Module_12_CrossDomain,sklearn.datasets.load_breast_cancer,71aa3180a9c8c9abf1e45ef91d8c1dac2592948b3fa58a7da1cc3e16bef8c2df,bc_classifier_v1,breast_cancer_wisconsin,classification_breast_cancer,42,unit_22,16,5,2026-09-02T20:45:00Z,1.0.0,8e7fd68470057c99,0.1417285550256598,0.2,0.1,0.2,0.2,0.04101061326579184,,,,,,NORMAL,True,True,True,True,False,False,False,True,False,1,0,1,
88c9942bf934a1f9675be613,Module_12_CrossDomain,sklearn.datasets.load_breast_cancer,71aa3180a9c8c9abf1e45ef91d8c1dac2592948b3fa58a7da1cc3e16bef8c2df,bc_classifier_v1,breast_cancer_wisconsin,classification_breast_cancer,42,unit_22,17,1,2026-09-02T20:45:00Z,1.0.0,8e7fd68470057c99,0.052058968824250276,0.2,0.1,0.2,0.2,0.06163052199784199,,,,,,NORMAL,True,True,True,True,False,False,False,True,False,1,0,1,
726e39a739e29463d9fa9c4c,Module_12_CrossDomain,sklearn.datasets.load_breast_cancer,71aa3180a9c8c9abf1e45ef91d8c1dac2592948b3fa58a7da1cc3e16bef8c2df,bc_classifier_v1,breast_cancer_wisconsin,classification_breast_cancer,42,unit_22,17,2,2026-09-02T20:45:00Z,1.0.0,8e7fd68470057c99,0.052058968824250276,0.2,0.1,0.2,0.2,0.06163052199784199,,,,,,NORMAL,True,True,True,True,False,False,False,True,False,1,0,1,
f5f2b36f60a324266be25ba0,Module_12_CrossDomain,sklearn.datasets.load_breast_cancer,71aa3180a9c8c9abf1e45ef91d8c1dac2592948b3fa58a7da1cc3e16bef8c2df,bc_classifier_v1,breast_cancer_wisconsin,classification_breast_cancer,42,unit_22,17,3,2026-09-02T20:45:00Z,1.0.0,8e7fd68470057c99,0.052058968824250276,0.2,0.1,0.2,0.2,0.06163052199784199,,,,,,NORMAL,True,True,True,True,False,False,False,True,False,1,0,1,
8019d541c7d460932b0a0c58,Module_12_CrossDomain,sklearn.datasets.load_breast_cancer,71aa3180a9c8c9abf1e45ef91d8c1dac2592948b3fa58a7da1cc3e16bef8c2df,bc_classifier_v1,breast_cancer_wisconsin,classification_breast_cancer,42,unit_22,17,5,2026-09-02T20:45:00Z,1.0.0,8e7fd68470057c99,0.052058968824250276,0.2,0.1,0.2,0.2,0.06163052199784199,,,,,,NORMAL,True,True,True,True,False,False,False,True,False,1,0,1,
b552d5f040c796cd61082728,Module_12_CrossDomain,sklearn.datasets.load_breast_cancer,71aa3180a9c8c9abf1e45ef91d8c1dac2592948b3fa58a7da1cc3e16bef8c2df,bc_classifier_v1,breast_cancer_wisconsin,classification_breast_cancer,42,unit_22,18,1,2026-09-02T20:45:00Z,1.0.0,8e7fd68470057c99,0.0639770783826655,0.2,0.1,0.2,0.2,0.057542145025445045,,,,,,NORMAL,True,True,True,True,False,False,False,True,False,1,0,1,
1be4c1e5bc3a0ca21b604f8d,Module_12_CrossDomain,sklearn.datasets.load_breast_cancer,71aa3180a9c8c9abf1e45ef91d8c1dac2592948b3fa58a7da1cc3e16bef8c2df,bc_classifier_v1,breast_cancer_wisconsin,classification_breast_cancer,42,unit_22,18,2,2026-09-02T20:45:00Z,1.0.0,8e7fd68470057c99,0.0639770783826655,0.2,0.1,0.2,0.2,0.057542145025445045,,,,,,NORMAL,True,True,True,True,False,False,False,True,False,1,0,1,
07481490db9b536ec4915753,Module_12_CrossDomain,sklearn.datasets.load_breast_cancer,71aa3180a9c8c9abf1e45ef91d8c1dac2592948b3fa58a7da1cc3e16bef8c2df,bc_classifier_v1,breast_cancer_wisconsin,classification_breast_cancer,42,unit_22,18,3,2026-09-02T20:45:00Z,1.0.0,8e7fd68470057c99,0.0639770783826655,0.2,0.1,0.2,0.2,0.057542145025445045,,,,,,NORMAL,True,True,True,True,False,False,False,True,False,1,0,1,
e41d7afbdd509852e3e10403,Module_12_CrossDomain,sklearn.datasets.load_breast_cancer,71aa3180a9c8c9abf1e45ef91d8c1dac2592948b3fa58a7da1cc3e16bef8c2df,bc_classifier_v1,breast_cancer_wisconsin,classification_breast_cancer,42,unit_22,18,5,2026-09-02T20:45:00Z,1.0.0,8e7fd68470057c99,0.0639770783826655,0.2,0.1,0.2,0.2,0.057542145025445045,,,,,,NORMAL,True,True,True,True,False,False,False,True,False,1,0,1,
953d94debb51829a06ecf4d8,Module_12_CrossDomain,sklearn.datasets.load_breast_cancer,71aa3180a9c8c9abf1e45ef91d8c1dac2592948b3fa58a7da1cc3e16bef8c2df,bc_classifier_v1,breast_cancer_wisconsin,classification_breast_cancer,42,unit_22,19,1,2026-09-02T20:45:00Z,1.0.0,8e7fd68470057c99,0.24814024751150976,0.2,0.1,0.2,0.2,0.06170090613708899,,,,,,NORMAL,True,True,True,True,False,False,False,True,False,1,0,0,
e9ae3cb5b99669d3273be486,Module_12_CrossDomain,sklearn.datasets.load_breast_cancer,71aa3180a9c8c9abf1e45ef91d8c1dac2592948b3fa58a7da1cc3e16bef8c2df,bc_classifier_v1,breast_cancer_wisconsin,classification_breast_cancer,42,unit_22,19,2,2026-09-02T20:45:00Z,1.0.0,8e7fd68470057c99,0.24814024751150976,0.2,0.1,0.2,0.2,0.06170090613708899,,,,,,NORMAL,True,True,True,True,False,False,False,True,False,1,0,0,
7188111301a9574cc0b9793a,Module_12_CrossDomain,sklearn.datasets.load_breast_cancer,71aa3180a9c8c9abf1e45ef91d8c1dac2592948b3fa58a7da1cc3e16bef8c2df,bc_classifier_v1,breast_cancer_wisconsin,classification_breast_cancer,42,unit_22,19,3,2026-09-02T20:45:00Z,1.0.0,8e7fd68470057c99,0.24814024751150976,0.2,0.1,0.2,0.2,0.06170090613708899,,,,,,NORMAL,True,True,True,True,False,False,False,True,False,1,0,0,
3a5ce50fcddefaaf1e7a583a,Module_12_CrossDomain,sklearn.datasets.load_breast_cancer,71aa3180a9c8c9abf1e45ef91d8c1dac2592948b3fa58a7da1cc3e16bef8c2df,bc_classifier_v1,breast_cancer_wisconsin,classification_breast_cancer,42,unit_22,19,5,2026-09-02T20:45:00Z,1.0.0,8e7fd68470057c99,0.24814024751150976,0.2,0.1,0.2,0.2,0.06170090613708899,,,,,,NORMAL,True,True,True,True,False,False,False,True,False,1,0,0,
ada7d5790eb6f60ea9af7ce5,Module_12_CrossDomain,sklearn.datasets.load_breast_cancer,71aa3180a9c8c9abf1e45ef91d8c1dac2592948b3fa58a7da1cc3e16bef8c2df,bc_classifier_v1,breast_cancer_wisconsin,classification_breast_cancer,42,unit_23,0,1,2026-09-02T20:45:00Z,1.0.0,8e7fd68470057c99,0.16757476446654385,0.2,0.1,0.2,0.2,0.04165699179957534,,,,,,NORMAL,True,True,True,True,False,False,False,True,False,1,2,0,2.0
7bc67b3f79c3c0aa83802d05,Module_12_CrossDomain,sklearn.datasets.load_breast_cancer,71aa3180a9c8c9abf1e45ef91d8c1dac2592948b3fa58a7da1cc3e16bef8c2df,bc_classifier_v1,breast_cancer_wisconsin,classification_breast_cancer,42,unit_23,0,2,2026-09-02T20:45:00Z,1.0.0,8e7fd68470057c99,0.16757476446654385,0.2,0.1,0.2,0.2,0.04165699179957534,,,,,,NORMAL,True,True,True,True,False,False,False,True,False,1,2,1,2.0
efa0a8cf33d59311af95702e,Module_12_CrossDomain,sklearn.datasets.load_breast_cancer,71aa3180a9c8c9abf1e45ef91d8c1dac2592948b3fa58a7da1cc3e16bef8c2df,bc_classifier_v1,breast_cancer_wisconsin,classification_breast_cancer,42,unit_23,0,3,2026-09-02T20:45:00Z,1.0.0,8e7fd68470057c99,0.16757476446654385,0.2,0.1,0.2,0.2,0.04165699179957534,,,,,,NORMAL,True,True,True,True,False,False,False,True,False,1,2,1,2.0
d62e20b21fc138d01ef3eb79,Module_12_CrossDomain,sklearn.datasets.load_breast_cancer,71aa3180a9c8c9abf1e45ef91d8c1dac2592948b3fa58a7da1cc3e16bef8c2df,bc_classifier_v1,breast_cancer_wisconsin,classification_breast_cancer,42,unit_23,0,5,2026-09-02T20:45:00Z,1.0.0,8e7fd68470057c99,0.16757476446654385,0.2,0.1,0.2,0.2,0.04165699179957534,,,,,,NORMAL,True,True,True,True,False,False,False,True,False,1,2,1,2.0
ac80825758641b33d3b8bba5,Module_12_CrossDomain,sklearn.datasets.load_breast_cancer,71aa3180a9c8c9abf1e45ef91d8c1dac2592948b3fa58a7da1cc3e16bef8c2df,bc_classifier_v1,breast_cancer_wisconsin,classification_breast_cancer,42,unit_23,1,1,2026-09-02T20:45:00Z,1.0.0,8e7fd68470057c99,0.7543997779618444,0.2,0.1,0.2,0.2,0.28782675792540624,,,,,,NORMAL,True,True,True,True,False,False,False,True,False,1,2,1,1.0
b0cb85977834e2bd1670a3f4,Module_12_CrossDomain,sklearn.datasets.load_breast_cancer,71aa3180a9c8c9abf1e45ef91d8c1dac2592948b3fa58a7da1cc3e16bef8c2df,bc_classifier_v1,breast_cancer_wisconsin,classification_breast_cancer,42,unit_23,1,2,2026-09-02T20:45:00Z,1.0.0,8e7fd68470057c99,0.7543997779618444,0.2,0.1,0.2,0.2,0.28782675792540624,,,,,,NORMAL,True,True,True,True,False,False,False,True,False,1,2,1,1.0
50c841e88958419d3c7ecdd7,Module_12_CrossDomain,sklearn.datasets.load_breast_cancer,71aa3180a9c8c9abf1e45ef91d8c1dac2592948b3fa58a7da1cc3e16bef8c2df,bc_classifier_v1,breast_cancer_wisconsin,classification_breast_cancer,42,unit_23,1,3,2026-09-02T20:45:00Z,1.0.0,8e7fd68470057c99,0.7543997779618444,0.2,0.1,0.2,0.2,0.28782675792540624,,,,,,NORMAL,True,True,True,True,False,False,False,True,False,1,2,1,1.0
b960a6880481be856575e458,Module_12_CrossDomain,sklearn.datasets.load_breast_cancer,71aa3180a9c8c9abf1e45ef91d8c1dac2592948b3fa58a7da1cc3e16bef8c2df,bc_classifier_v1,breast_cancer_wisconsin,classification_breast_cancer,42,unit_23,1,5,2026-09-02T20:45:00Z,1.0.0,8e7fd68470057c99,0.7543997779618444,0.2,0.1,0.2,0.2,0.28782675792540624,,,,,,NORMAL,True,True,True,True,False,False,False,True,False,1,2,1,1.0
9e3eb201f0cb050ae17e0c57,Module_12_CrossDomain,sklearn.datasets.load_breast_cancer,71aa3180a9c8c9abf1e45ef91d8c1dac2592948b3fa58a7da1cc3e16bef8c2df,bc_classifier_v1,breast_cancer_wisconsin,classification_breast_cancer,42,unit_23,2,1,2026-09-02T20:45:00Z,1.0.0,8e7fd68470057c99,0.015476985340102459,0.2,0.1,0.2,0.2,0.07541948093929492,,,,,,NORMAL,True,True,True,True,False,False,False,True,False,1,2,1,0.0
ec10c00b9855d1856a39a5b6,Module_12_CrossDomain,sklearn.datasets.load_breast_cancer,71aa3180a9c8c9abf1e45ef91d8c1dac2592948b3fa58a7da1cc3e16bef8c2df,bc_classifier_v1,breast_cancer_wisconsin,classification_breast_cancer,42,unit_23,2,2,2026-09-02T20:45:00Z,1.0.0,8e7fd68470057c99,0.015476985340102459,0.2,0.1,0.2,0.2,0.07541948093929492,,,,,,NORMAL,True,True,True,True,False,False,False,True,False,1,2,1,0.0
b74c4a74e005f8493afdf0d2,Module_12_CrossDomain,sklearn.datasets.load_breast_cancer,71aa3180a9c8c9abf1e45ef91d8c1dac2592948b3fa58a7da1cc3e16bef8c2df,bc_classifier_v1,breast_cancer_wisconsin,classification_breast_cancer,42,unit_23,2,3,2026-09-02T20:45:00Z,1.0.0,8e7fd68470057c99,0.015476985340102459,0.2,0.1,0.2,0.2,0.07541948093929492,,,,,,NORMAL,True,True,True,True,False,False,False,True,False,1,2,1,0.0
413ff1b683af34247f8e0228,Module_12_CrossDomain,sklearn.datasets.load_breast_cancer,71aa3180a9c8c9abf1e45ef91d8c1dac2592948b3fa58a7da1cc3e16bef8c2df,bc_classifier_v1,breast_cancer_wisconsin,classification_breast_cancer,42,unit_23,2,5,2026-09-02T20:45:00Z,1.0.0,8e7fd68470057c99,0.015476985340102459,0.2,0.1,0.2,0.2,0.07541948093929492,,,,,,NORMAL,True,True,True,True,False,False,False,True,False,1,2,1,0.0
984c006d576f7f34febae9bc,Module_12_CrossDomain,sklearn.datasets.load_breast_cancer,71aa3180a9c8c9abf1e45ef91d8c1dac2592948b3fa58a7da1cc3e16bef8c2df,bc_classifier_v1,breast_cancer_wisconsin,classification_breast_cancer,42,unit_23,3,1,2026-09-02T20:45:00Z,1.0.0,8e7fd68470057c99,0.14343114210543348,0.2,0.1,0.2,0.2,0.04094209975085143,,,,,,NORMAL,True,True,True,True,False,False,False,True,False,1,2,1,
b98f6734e16b2474b282a35f,Module_12_CrossDomain,sklearn.datasets.load_breast_cancer,71aa3180a9c8c9abf1e45ef91d8c1dac2592948b3fa58a7da1cc3e16bef8c2df,bc_classifier_v1,breast_cancer_wisconsin,classification_breast_cancer,42,unit_23,3,2,2026-09-02T20:45:00Z,1.0.0,8e7fd68470057c99,0.14343114210543348,0.2,0.1,0.2,0.2,0.04094209975085143,,,,,,NORMAL,True,True,True,True,False,False,False,True,False,1,2,1,
868d2316974edf53c2e22d12,Module_12_CrossDomain,sklearn.datasets.load_breast_cancer,71aa3180a9c8c9abf1e45ef91d8c1dac2592948b3fa58a7da1cc3e16bef8c2df,bc_classifier_v1,breast_cancer_wisconsin,classification_breast_cancer,42,unit_23,3,3,2026-09-02T20:45:00Z,1.0.0,8e7fd68470057c99,0.14343114210543348,0.2,0.1,0.2,0.2,0.04094209975085143,,,,,,NORMAL,True,True,True,True,False,False,False,True,False,1,2,1,
6a808ba4422b0debc78a74d0,Module_12_CrossDomain,sklearn.datasets.load_breast_cancer,71aa3180a9c8c9abf1e45ef91d8c1dac2592948b3fa58a7da1cc3e16bef8c2df,bc_classifier_v1,breast_cancer_wisconsin,classification_breast_cancer,42,unit_23,3,5,2026-09-02T20:45:00Z,1.0.0,8e7fd68470057c99,0.14343114210543348,0.2,0.1,0.2,0.2,0.04094209975085143,,,,,,NORMAL,True,True,True,True,False,False,False,True,False,1,2,1,
1a54c9fffc5c9039e40a5bd7,Module_12_CrossDomain,sklearn.datasets.load_breast_cancer,71aa3180a9c8c9abf1e45ef91d8c1dac2592948b3fa58a7da1cc3e16bef8c2df,bc_classifier_v1,breast_cancer_wisconsin,classification_breast_cancer,42,unit_23,4,1,2026-09-02T20:45:00Z,1.0.0,8e7fd68470057c99,0.054329084930615126,0.2,0.1,0.2,0.2,0.06083296619106281,,,,,,NORMAL,True,True,True,True,False,False,False,True,False,1,2,1,
f373a4b8f0f12f2115229601,Module_12_CrossDomain,sklearn.datasets.load_breast_cancer,71aa3180a9c8c9abf1e45ef91d8c1dac2592948b3fa58a7da1cc3e16bef8c2df,bc_classifier_v1,breast_cancer_wisconsin,classification_breast_cancer,42,unit_23,4,2,2026-09-02T20:45:00Z,1.0.0,8e7fd68470057c99,0.054329084930615126,0.2,0.1,0.2,0.2,0.06083296619106281,,,,,,NORMAL,True,True,True,True,False,False,False,True,False,1,2,1,
d4f73ba27b916b281a9c6547,Module_12_CrossDomain,sklearn.datasets.load_breast_cancer,71aa3180a9c8c9abf1e45ef91d8c1dac2592948b3fa58a7da1cc3e16bef8c2df,bc_classifier_v1,breast_cancer_wisconsin,classification_breast_cancer,42,unit_23,4,3,2026-09-02T20:45:00Z,1.0.0,8e7fd68470057c99,0.054329084930615126,0.2,0.1,0.2,0.2,0.06083296619106281,,,,,,NORMAL,True,True,True,True,False,False,False,True,False,1,2,1,
e6c1206b356c5112267bf385,Module_12_CrossDomain,sklearn.datasets.load_breast_cancer,71aa3180a9c8c9abf1e45ef91d8c1dac2592948b3fa58a7da1cc3e16bef8c2df,bc_classifier_v1,breast_cancer_wisconsin,classification_breast_cancer,42,unit_23,4,5,2026-09-02T20:45:00Z,1.0.0,8e7fd68470057c99,0.054329084930615126,0.2,0.1,0.2,0.2,0.06083296619106281,,,,,,NORMAL,True,True,True,True,False,False,False,True,False,1,2,1,
292cc53da80746e9e19d3ff7,Module_12_CrossDomain,sklearn.datasets.load_breast_cancer,71aa3180a9c8c9abf1e45ef91d8c1dac2592948b3fa58a7da1cc3e16bef8c2df,bc_classifier_v1,breast_cancer_wisconsin,classification_breast_cancer,42,unit_23,5,1,2026-09-02T20:45:00Z,1.0.0,8e7fd68470057c99,0.05035638174447671,0.2,0.1,0.2,0.2,0.06223405759095159,,,,,,NORMAL,True,True,True,True,False,False,False,True,False,1,2,1,
d0c2d05d73a752606b691755,Module_12_CrossDomain,sklearn.datasets.load_breast_cancer,71aa3180a9c8c9abf1e45ef91d8c1dac2592948b3fa58a7da1cc3e16bef8c2df,bc_classifier_v1,breast_cancer_wisconsin,classification_breast_cancer,42,unit_23,5,2,2026-09-02T20:45:00Z,1.0.0,8e7fd68470057c99,0.05035638174447671,0.2,0.1,0.2,0.2,0.06223405759095159,,,,,,NORMAL,True,True,True,True,False,False,False,True,False,1,2,1,
58db29b4b2ddfaacd76ae879,Module_12_CrossDomain,sklearn.datasets.load_breast_cancer,71aa3180a9c8c9abf1e45ef91d8c1dac2592948b3fa58a7da1cc3e16bef8c2df,bc_classifier_v1,breast_cancer_wisconsin,classification_breast_cancer,42,unit_23,5,3,2026-09-02T20:45:00Z,1.0.0,8e7fd68470057c99,0.05035638174447671,0.2,0.1,0.2,0.2,0.06223405759095159,,,,,,NORMAL,True,True,True,True,False,False,False,True,False,1,2,1,
7d71bc50ac6f63b80d07bf55,Module_12_CrossDomain,sklearn.datasets.load_breast_cancer,71aa3180a9c8c9abf1e45ef91d8c1dac2592948b3fa58a7da1cc3e16bef8c2df,bc_classifier_v1,breast_cancer_wisconsin,classification_breast_cancer,42,unit_23,5,5,2026-09-02T20:45:00Z,1.0.0,8e7fd68470057c99,0.05035638174447671,0.2,0.1,0.2,0.2,0.06223405759095159,,,,,,NORMAL,True,True,True,True,False,False,False,True,False,1,2,1,
c646eb7d1663319cf8b4fa06,Module_12_CrossDomain,sklearn.datasets.load_breast_cancer,71aa3180a9c8c9abf1e45ef91d8c1dac2592948b3fa58a7da1cc3e16bef8c2df,bc_classifier_v1,breast_cancer_wisconsin,classification_breast_cancer,42,unit_23,6,1,2026-09-02T20:45:00Z,1.0.0,8e7fd68470057c99,0.05603167201038868,0.2,0.1,0.2,0.2,0.06024034577361878,,,,,,NORMAL,True,True,True,True,False,False,False,True,False,1,2,1,
2bdbf9fd092928b3f07e3ff9,Module_12_CrossDomain,sklearn.datasets.load_breast_cancer,71aa3180a9c8c9abf1e45ef91d8c1dac2592948b3fa58a7da1cc3e16bef8c2df,bc_classifier_v1,breast_cancer_wisconsin,classification_breast_cancer,42,unit_23,6,2,2026-09-02T20:45:00Z,1.0.0,8e7fd68470057c99,0.05603167201038868,0.2,0.1,0.2,0.2,0.06024034577361878,,,,,,NORMAL,True,True,True,True,False,False,False,True,False,1,2,1,
2c08198c60b7a2563477ee82,Module_12_CrossDomain,sklearn.datasets.load_breast_cancer,71aa3180a9c8c9abf1e45ef91d8c1dac2592948b3fa58a7da1cc3e16bef8c2df,bc_classifier_v1,breast_cancer_wisconsin,classification_breast_cancer,42,unit_23,6,3,2026-09-02T20:45:00Z,1.0.0,8e7fd68470057c99,0.05603167201038868,0.2,0.1,0.2,0.2,0.06024034577361878,,,,,,NORMAL,True,True,True,True,False,False,False,True,False,1,2,1,
c233a3b12f53f1dbd2490839,Module_12_CrossDomain,sklearn.datasets.load_breast_cancer,71aa3180a9c8c9abf1e45ef91d8c1dac2592948b3fa58a7da1cc3e16bef8c2df,bc_classifier_v1,breast_cancer_wisconsin,classification_breast_cancer,42,unit_23,6,5,2026-09-02T20:45:00Z,1.0.0,8e7fd68470057c99,0.05603167201038868,0.2,0.1,0.2,0.2,0.06024034577361878,,,,,,NORMAL,True,True,True,True,False,False,False,True,False,1,2,1,
1cc8d4dfdff70e581701a7f7,Module_12_CrossDomain,sklearn.datasets.load_breast_cancer,71aa3180a9c8c9abf1e45ef91d8c1dac2592948b3fa58a7da1cc3e16bef8c2df,bc_classifier_v1,breast_cancer_wisconsin,classification_breast_cancer,42,unit_23,7,1,2026-09-02T20:45:00Z,1.0.0,8e7fd68470057c99,0.25307775004285327,0.2,0.1,0.2,0.2,0.06346481536847699,,,,,,NORMAL,True,True,True,True,False,False,False,True,False,1,2,0,
7904480240b984f1cb15e20e,Module_12_CrossDomain,sklearn.datasets.load_breast_cancer,71aa3180a9c8c9abf1e45ef91d8c1dac2592948b3fa58a7da1cc3e16bef8c2df,bc_classifier_v1,breast_cancer_wisconsin,classification_breast_cancer,42,unit_23,7,2,2026-09-02T20:45:00Z,1.0.0,8e7fd68470057c99,0.25307775004285327,0.2,0.1,0.2,0.2,0.06346481536847699,,,,,,NORMAL,True,True,True,True,False,False,False,True,False,1,2,1,
11623a1d9d466b68899cf549,Module_12_CrossDomain,sklearn.datasets.load_breast_cancer,71aa3180a9c8c9abf1e45ef91d8c1dac2592948b3fa58a7da1cc3e16bef8c2df,bc_classifier_v1,breast_cancer_wisconsin,classification_breast_cancer,42,unit_23,7,3,2026-09-02T20:45:00Z,1.0.0,8e7fd68470057c99,0.25307775004285327,0.2,0.1,0.2,0.2,0.06346481536847699,,,,,,NORMAL,True,True,True,True,False,False,False,True,False,1,2,1,
d9d4c527ddbdd0133d2ada37,Module_12_CrossDomain,sklearn.datasets.load_breast_cancer,71aa3180a9c8c9abf1e45ef91d8c1dac2592948b3fa58a7da1cc3e16bef8c2df,bc_classifier_v1,breast_cancer_wisconsin,classification_breast_cancer,42,unit_23,7,5,2026-09-02T20:45:00Z,1.0.0,8e7fd68470057c99,0.25307775004285327,0.2,0.1,0.2,0.2,0.06346481536847699,,,,,,NORMAL,True,True,True,True,False,False,False,True,False,1,2,1,
d1a6d073bcf927e13a00e3d8,Module_12_CrossDomain,sklearn.datasets.load_breast_cancer,71aa3180a9c8c9abf1e45ef91d8c1dac2592948b3fa58a7da1cc3e16bef8c2df,bc_classifier_v1,breast_cancer_wisconsin,classification_breast_cancer,42,unit_23,8,1,2026-09-02T20:45:00Z,1.0.0,8e7fd68470057c99,0.1970862738492864,0.2,0.1,0.2,0.2,0.046468907609784255,,,,,,NORMAL,True,True,True,True,False,False,False,True,False,1,2,1,
e36eb13947ae3487455af289,Module_12_CrossDomain,sklearn.datasets.load_breast_cancer,71aa3180a9c8c9abf1e45ef91d8c1dac2592948b3fa58a7da1cc3e16bef8c2df,bc_classifier_v1,breast_cancer_wisconsin,classification_breast_cancer,42,unit_23,8,2,2026-09-02T20:45:00Z,1.0.0,8e7fd68470057c99,0.1970862738492864,0.2,0.1,0.2,0.2,0.046468907609784255,,,,,,NORMAL,True,True,True,True,False,False,False,True,False,1,2,1,
a5caa15007bd0657f761f3ab,Module_12_CrossDomain,sklearn.datasets.load_breast_cancer,71aa3180a9c8c9abf1e45ef91d8c1dac2592948b3fa58a7da1cc3e16bef8c2df,bc_classifier_v1,breast_cancer_wisconsin,classification_breast_cancer,42,unit_23,8,3,2026-09-02T20:45:00Z,1.0.0,8e7fd68470057c99,0.1970862738492864,0.2,0.1,0.2,0.2,0.046468907609784255,,,,,,NORMAL,True,True,True,True,False,False,False,True,False,1,2,1,
5c509f71736049741c8bce7b,Module_12_CrossDomain,sklearn.datasets.load_breast_cancer,71aa3180a9c8c9abf1e45ef91d8c1dac2592948b3fa58a7da1cc3e16bef8c2df,bc_classifier_v1,breast_cancer_wisconsin,classification_breast_cancer,42,unit_23,8,5,2026-09-02T20:45:00Z,1.0.0,8e7fd68470057c99,0.1970862738492864,0.2,0.1,0.2,0.2,0.046468907609784255,,,,,,NORMAL,True,True,True,True,False,False,False,True,False,1,2,1,
f7629b66b0c7f9312cccf4f6,Module_12_CrossDomain,sklearn.datasets.load_breast_cancer,71aa3180a9c8c9abf1e45ef91d8c1dac2592948b3fa58a7da1cc3e16bef8c2df,bc_classifier_v1,breast_cancer_wisconsin,classification_breast_cancer,42,unit_23,9,1,2026-09-02T20:45:00Z,1.0.0,8e7fd68470057c99,0.1422960840522511,0.2,0.1,0.2,0.2,0.040986041854188957,,,,,,NORMAL,True,True,True,True,False,False,False,True,False,1,2,1,
79f51eacbf0e6037c53aec31,Module_12_CrossDomain,sklearn.datasets.load_breast_cancer,71aa3180a9c8c9abf1e45ef91d8c1dac2592948b3fa58a7da1cc3e16bef8c2df,bc_classifier_v1,breast_cancer_wisconsin,classification_breast_cancer,42,unit_23,9,2,2026-09-02T20:45:00Z,1.0.0,8e7fd68470057c99,0.1422960840522511,0.2,0.1,0.2,0.2,0.040986041854188957,,,,,,NORMAL,True,True,True,True,False,False,False,True,False,1,2,1,
8cf79422b213845f4173de65,Module_12_CrossDomain,sklearn.datasets.load_breast_cancer,71aa3180a9c8c9abf1e45ef91d8c1dac2592948b3fa58a7da1cc3e16bef8c2df,bc_classifier_v1,breast_cancer_wisconsin,classification_breast_cancer,42,unit_23,9,3,2026-09-02T20:45:00Z,1.0.0,8e7fd68470057c99,0.1422960840522511,0.2,0.1,0.2,0.2,0.040986041854188957,,,,,,NORMAL,True,True,True,True,False,False,False,True,False,1,2,1,
3642d7da06b20c9dbe9f8f5b,Module_12_CrossDomain,sklearn.datasets.load_breast_cancer,71aa3180a9c8c9abf1e45ef91d8c1dac2592948b3fa58a7da1cc3e16bef8c2df,bc_classifier_v1,breast_cancer_wisconsin,classification_breast_cancer,42,unit_23,9,5,2026-09-02T20:45:00Z,1.0.0,8e7fd68470057c99,0.1422960840522511,0.2,0.1,0.2,0.2,0.040986041854188957,,,,,,NORMAL,True,True,True,True,False,False,False,True,False,1,2,1,
b7e2640e81894600b4f01ef3,Module_12_CrossDomain,sklearn.datasets.load_breast_cancer,71aa3180a9c8c9abf1e45ef91d8c1dac2592948b3fa58a7da1cc3e16bef8c2df,bc_classifier_v1,breast_cancer_wisconsin,classification_breast_cancer,42,unit_23,10,1,2026-09-02T20:45:00Z,1.0.0,8e7fd68470057c99,0.2531345029455124,0.2,0.1,0.2,0.2,0.06348530135711714,,,,,,NORMAL,True,True,True,True,False,False,False,True,False,1,2,1,
a36ec51302d68aa67484af0d,Module_12_CrossDomain,sklearn.datasets.load_breast_cancer,71aa3180a9c8c9abf1e45ef91d8c1dac2592948b3fa58a7da1cc3e16bef8c2df,bc_classifier_v1,breast_cancer_wisconsin,classification_breast_cancer,42,unit_23,10,2,2026-09-02T20:45:00Z,1.0.0,8e7fd68470057c99,0.2531345029455124,0.2,0.1,0.2,0.2,0.06348530135711714,,,,,,NORMAL,True,True,True,True,False,False,False,True,False,1,2,1,
5757c11754fffdcc85334f67,Module_12_CrossDomain,sklearn.datasets.load_breast_cancer,71aa3180a9c8c9abf1e45ef91d8c1dac2592948b3fa58a7da1cc3e16bef8c2df,bc_classifier_v1,breast_cancer_wisconsin,classification_breast_cancer,42,unit_23,10,3,2026-09-02T20:45:00Z,1.0.0,8e7fd68470057c99,0.2531345029455124,0.2,0.1,0.2,0.2,0.06348530135711714,,,,,,NORMAL,True,True,True,True,False,False,False,True,False,1,2,1,
04b180821f1c72f4ab2c8d75,Module_12_CrossDomain,sklearn.datasets.load_breast_cancer,71aa3180a9c8c9abf1e45ef91d8c1dac2592948b3fa58a7da1cc3e16bef8c2df,bc_classifier_v1,breast_cancer_wisconsin,classification_breast_cancer,42,unit_23,10,5,2026-09-02T20:45:00Z,1.0.0,8e7fd68470057c99,0.2531345029455124,0.2,0.1,0.2,0.2,0.06348530135711714,,,,,,NORMAL,True,True,True,True,False,False,False,True,False,1,2,1,
494cd165cddf2cfcae43032a,Module_12_CrossDomain,sklearn.datasets.load_breast_cancer,71aa3180a9c8c9abf1e45ef91d8c1dac2592948b3fa58a7da1cc3e16bef8c2df,bc_classifier_v1,breast_cancer_wisconsin,classification_breast_cancer,42,unit_23,11,1,2026-09-02T20:45:00Z,1.0.0,8e7fd68470057c99,0.11845986493542074,0.2,0.1,0.2,0.2,0.043448002434306854,,,,,,NORMAL,True,True,True,True,False,False,False,True,False,1,2,1,
fdbbb1b958f9516e05b98700,Module_12_CrossDomain,sklearn.datasets.load_breast_cancer,71aa3180a9c8c9abf1e45ef91d8c1dac2592948b3fa58a7da1cc3e16bef8c2df,bc_classifier_v1,breast_cancer_wisconsin,classification_breast_cancer,42,unit_23,11,2,2026-09-02T20:45:00Z,1.0.0,8e7fd68470057c99,0.11845986493542074,0.2,0.1,0.2,0.2,0.043448002434306854,,,,,,NORMAL,True,True,True,True,False,False,False,True,False,1,2,1,
8abfc3bf6d53fbedc63d669d,Module_12_CrossDomain,sklearn.datasets.load_breast_cancer,71aa3180a9c8c9abf1e45ef91d8c1dac2592948b3fa58a7da1cc3e16bef8c2df,bc_classifier_v1,breast_cancer_wisconsin,classification_breast_cancer,42,unit_23,11,3,2026-09-02T20:45:00Z,1.0.0,8e7fd68470057c99,0.11845986493542074,0.2,0.1,0.2,0.2,0.043448002434306854,,,,,,NORMAL,True,True,True,True,False,False,False,True,False,1,2,1,
662758455c60414a23c05097,Module_12_CrossDomain,sklearn.datasets.load_breast_cancer,71aa3180a9c8c9abf1e45ef91d8c1dac2592948b3fa58a7da1cc3e16bef8c2df,bc_classifier_v1,breast_cancer_wisconsin,classification_breast_cancer,42,unit_23,11,5,2026-09-02T20:45:00Z,1.0.0,8e7fd68470057c99,0.11845986493542074,0.2,0.1,0.2,0.2,0.043448002434306854,,,,,,NORMAL,True,True,True,True,False,False,False,True,False,1,2,1,
88adb4f95bed287cbc0bff20,Module_12_CrossDomain,sklearn.datasets.load_breast_cancer,71aa3180a9c8c9abf1e45ef91d8c1dac2592948b3fa58a7da1cc3e16bef8c2df,bc_classifier_v1,breast_cancer_wisconsin,classification_breast_cancer,42,unit_23,12,1,2026-09-02T20:45:00Z,1.0.0,8e7fd68470057c99,0.044988494722844816,0.2,0.1,0.2,0.2,0.06416543936588016,,,,,,NORMAL,True,True,True,True,False,False,False,True,False,1,2,1,
58810bdd1ce848681056cdcd,Module_12_CrossDomain,sklearn.datasets.load_breast_cancer,71aa3180a9c8c9abf1e45ef91d8c1dac2592948b3fa58a7da1cc3e16bef8c2df,bc_classifier_v1,breast_cancer_wisconsin,classification_breast_cancer,42,unit_23,12,2,2026-09-02T20:45:00Z,1.0.0,8e7fd68470057c99,0.044988494722844816,0.2,0.1,0.2,0.2,0.06416543936588016,,,,,,NORMAL,True,True,True,True,False,False,False,True,False,1,2,1,
db59d992c28cbaf9531ccfda,Module_12_CrossDomain,sklearn.datasets.load_breast_cancer,71aa3180a9c8c9abf1e45ef91d8c1dac2592948b3fa58a7da1cc3e16bef8c2df,bc_classifier_v1,breast_cancer_wisconsin,classification_breast_cancer,42,unit_23,12,3,2026-09-02T20:45:00Z,1.0.0,8e7fd68470057c99,0.044988494722844816,0.2,0.1,0.2,0.2,0.06416543936588016,,,,,,NORMAL,True,True,True,True,False,False,False,True,False,1,2,1,
2c2be43ffc1aa0a7d1f7b738,Module_12_CrossDomain,sklearn.datasets.load_breast_cancer,71aa3180a9c8c9abf1e45ef91d8c1dac2592948b3fa58a7da1cc3e16bef8c2df,bc_classifier_v1,breast_cancer_wisconsin,classification_breast_cancer,42,unit_23,12,5,2026-09-02T20:45:00Z,1.0.0,8e7fd68470057c99,0.044988494722844816,0.2,0.1,0.2,0.2,0.06416543936588016,,,,,,NORMAL,True,True,True,True,False,False,False,True,False,1,2,1,
89cf38e082cfe0ce8d07955f,Module_12_CrossDomain,sklearn.datasets.load_breast_cancer,71aa3180a9c8c9abf1e45ef91d8c1dac2592948b3fa58a7da1cc3e16bef8c2df,bc_classifier_v1,breast_cancer_wisconsin,classification_breast_cancer,42,unit_23,13,1,2026-09-02T20:45:00Z,1.0.0,8e7fd68470057c99,0.1054066973238231,0.2,0.1,0.2,0.2,0.04591916240904983,,,,,,NORMAL,True,True,True,True,False,False,False,True,False,1,2,1,
42ee2ce888b5892e44e34803,Module_12_CrossDomain,sklearn.datasets.load_breast_cancer,71aa3180a9c8c9abf1e45ef91d8c1dac2592948b3fa58a7da1cc3e16bef8c2df,bc_classifier_v1,breast_cancer_wisconsin,classification_breast_cancer,42,unit_23,13,2,2026-09-02T20:45:00Z,1.0.0,8e7fd68470057c99,0.1054066973238231,0.2,0.1,0.2,0.2,0.04591916240904983,,,,,,NORMAL,True,True,True,True,False,False,False,True,False,1,2,1,
c7f777f42d1145766e496c83,Module_12_CrossDomain,sklearn.datasets.load_breast_cancer,71aa3180a9c8c9abf1e45ef91d8c1dac2592948b3fa58a7da1cc3e16bef8c2df,bc_classifier_v1,breast_cancer_wisconsin,classification_breast_cancer,42,unit_23,13,3,2026-09-02T20:45:00Z,1.0.0,8e7fd68470057c99,0.1054066973238231,0.2,0.1,0.2,0.2,0.04591916240904983,,,,,,NORMAL,True,True,True,True,False,False,False,True,False,1,2,1,
41a072f969b15f450a0f7237,Module_12_CrossDomain,sklearn.datasets.load_breast_cancer,71aa3180a9c8c9abf1e45ef91d8c1dac2592948b3fa58a7da1cc3e16bef8c2df,bc_classifier_v1,breast_cancer_wisconsin,classification_breast_cancer,42,unit_23,13,5,2026-09-02T20:45:00Z,1.0.0,8e7fd68470057c99,0.1054066973238231,0.2,0.1,0.2,0.2,0.04591916240904983,,,,,,NORMAL,True,True,True,True,False,False,False,True,False,1,2,1,
17dff69249abb1adb792ed42,Module_12_CrossDomain,sklearn.datasets.load_breast_cancer,71aa3180a9c8c9abf1e45ef91d8c1dac2592948b3fa58a7da1cc3e16bef8c2df,bc_classifier_v1,breast_cancer_wisconsin,classification_breast_cancer,42,unit_23,14,1,2026-09-02T20:45:00Z,1.0.0,8e7fd68470057c99,0.18429323201999978,0.2,0.1,0.2,0.2,0.04390906199149313,,,,,,NORMAL,True,True,True,True,False,False,False,True,False,1,2,1,
14ea3631b8bf3f3725a39414,Module_12_CrossDomain,sklearn.datasets.load_breast_cancer,71aa3180a9c8c9abf1e45ef91d8c1dac2592948b3fa58a7da1cc3e16bef8c2df,bc_classifier_v1,breast_cancer_wisconsin,classification_breast_cancer,42,unit_23,14,2,2026-09-02T20:45:00Z,1.0.0,8e7fd68470057c99,0.18429323201999978,0.2,0.1,0.2,0.2,0.04390906199149313,,,,,,NORMAL,True,True,True,True,False,False,False,True,False,1,2,1,
8c6275b856d6f00a9ff8ce8c,Module_12_CrossDomain,sklearn.datasets.load_breast_cancer,71aa3180a9c8c9abf1e45ef91d8c1dac2592948b3fa58a7da1cc3e16bef8c2df,bc_classifier_v1,breast_cancer_wisconsin,classification_breast_cancer,42,unit_23,14,3,2026-09-02T20:45:00Z,1.0.0,8e7fd68470057c99,0.18429323201999978,0.2,0.1,0.2,0.2,0.04390906199149313,,,,,,NORMAL,True,True,True,True,False,False,False,True,False,1,2,1,
a9d1d3a19ec3e8845cd6ac7b,Module_12_CrossDomain,sklearn.datasets.load_breast_cancer,71aa3180a9c8c9abf1e45ef91d8c1dac2592948b3fa58a7da1cc3e16bef8c2df,bc_classifier_v1,breast_cancer_wisconsin,classification_breast_cancer,42,unit_23,14,5,2026-09-02T20:45:00Z,1.0.0,8e7fd68470057c99,0.18429323201999978,0.2,0.1,0.2,0.2,0.04390906199149313,,,,,,NORMAL,True,True,True,True,False,False,False,True,False,1,2,1,
c2d5703ff62401f28042e477,Module_12_CrossDomain,sklearn.datasets.load_breast_cancer,71aa3180a9c8c9abf1e45ef91d8c1dac2592948b3fa58a7da1cc3e16bef8c2df,bc_classifier_v1,breast_cancer_wisconsin,classification_breast_cancer,42,unit_23,15,1,2026-09-02T20:45:00Z,1.0.0,8e7fd68470057c99,0.07362507183471591,0.2,0.1,0.2,0.2,0.054432689631328274,,,,,,NORMAL,True,True,True,True,False,False,False,True,False,1,2,1,
67e930d55fc1d239fdf49cb6,Module_12_CrossDomain,sklearn.datasets.load_breast_cancer,71aa3180a9c8c9abf1e45ef91d8c1dac2592948b3fa58a7da1cc3e16bef8c2df,bc_classifier_v1,breast_cancer_wisconsin,classification_breast_cancer,42,unit_23,15,2,2026-09-02T20:45:00Z,1.0.0,8e7fd68470057c99,0.07362507183471591,0.2,0.1,0.2,0.2,0.054432689631328274,,,,,,NORMAL,True,True,True,True,False,False,False,True,False,1,2,1,
2713141b370ac21fd4b92bf0,Module_12_CrossDomain,sklearn.datasets.load_breast_cancer,71aa3180a9c8c9abf1e45ef91d8c1dac2592948b3fa58a7da1cc3e16bef8c2df,bc_classifier_v1,breast_cancer_wisconsin,classification_breast_cancer,42,unit_23,15,3,2026-09-02T20:45:00Z,1.0.0,8e7fd68470057c99,0.07362507183471591,0.2,0.1,0.2,0.2,0.054432689631328274,,,,,,NORMAL,True,True,True,True,False,False,False,True,False,1,2,1,
129f9e23d7465aee88ded10c,Module_12_CrossDomain,sklearn.datasets.load_breast_cancer,71aa3180a9c8c9abf1e45ef91d8c1dac2592948b3fa58a7da1cc3e16bef8c2df,bc_classifier_v1,breast_cancer_wisconsin,classification_breast_cancer,42,unit_23,15,5,2026-09-02T20:45:00Z,1.0.0,8e7fd68470057c99,0.07362507183471591,0.2,0.1,0.2,0.2,0.054432689631328274,,,,,,NORMAL,True,True,True,True,False,False,False,True,False,1,2,1,
ecc800bdc4061a620fa08c1f,Module_12_CrossDomain,sklearn.datasets.load_breast_cancer,71aa3180a9c8c9abf1e45ef91d8c1dac2592948b3fa58a7da1cc3e16bef8c2df,bc_classifier_v1,breast_cancer_wisconsin,classification_breast_cancer,42,unit_23,16,1,2026-09-02T20:45:00Z,1.0.0,8e7fd68470057c99,0.004126404808278406,0.2,0.1,0.2,0.2,0.07997097497656157,,,,,,NORMAL,True,True,True,True,False,False,False,True,False,1,2,1,
d7345b19ebd16b9a78b039a2,Module_12_CrossDomain,sklearn.datasets.load_breast_cancer,71aa3180a9c8c9abf1e45ef91d8c1dac2592948b3fa58a7da1cc3e16bef8c2df,bc_classifier_v1,breast_cancer_wisconsin,classification_breast_cancer,42,unit_23,16,2,2026-09-02T20:45:00Z,1.0.0,8e7fd68470057c99,0.004126404808278406,0.2,0.1,0.2,0.2,0.07997097497656157,,,,,,NORMAL,True,True,True,True,False,False,False,True,False,1,2,1,
7d334e427e2d1347ea9a9d74,Module_12_CrossDomain,sklearn.datasets.load_breast_cancer,71aa3180a9c8c9abf1e45ef91d8c1dac2592948b3fa58a7da1cc3e16bef8c2df,bc_classifier_v1,breast_cancer_wisconsin,classification_breast_cancer,42,unit_23,16,3,2026-09-02T20:45:00Z,1.0.0,8e7fd68470057c99,0.004126404808278406,0.2,0.1,0.2,0.2,0.07997097497656157,,,,,,NORMAL,True,True,True,True,False,False,False,True,False,1,2,1,
14357b2fc8d39baaad1fb327,Module_12_CrossDomain,sklearn.datasets.load_breast_cancer,71aa3180a9c8c9abf1e45ef91d8c1dac2592948b3fa58a7da1cc3e16bef8c2df,bc_classifier_v1,breast_cancer_wisconsin,classification_breast_cancer,42,unit_23,16,5,2026-09-02T20:45:00Z,1.0.0,8e7fd68470057c99,0.004126404808278406,0.2,0.1,0.2,0.2,0.07997097497656157,,,,,,NORMAL,True,True,True,True,False,False,False,True,False,1,2,1,
e536ffc713c21759c175e7e1,Module_12_CrossDomain,sklearn.datasets.load_breast_cancer,71aa3180a9c8c9abf1e45ef91d8c1dac2592948b3fa58a7da1cc3e16bef8c2df,bc_classifier_v1,breast_cancer_wisconsin,classification_breast_cancer,42,unit_23,17,1,2026-09-02T20:45:00Z,1.0.0,8e7fd68470057c99,0.012899465989457523,0.2,0.1,0.2,0.2,0.07644396121193894,,,,,,NORMAL,True,True,True,True,False,False,False,True,False,1,2,1,
a86af8b3ea03973e6546f7f2,Module_12_CrossDomain,sklearn.datasets.load_breast_cancer,71aa3180a9c8c9abf1e45ef91d8c1dac2592948b3fa58a7da1cc3e16bef8c2df,bc_classifier_v1,breast_cancer_wisconsin,classification_breast_cancer,42,unit_23,17,2,2026-09-02T20:45:00Z,1.0.0,8e7fd68470057c99,0.012899465989457523,0.2,0.1,0.2,0.2,0.07644396121193894,,,,,,NORMAL,True,True,True,True,False,False,False,True,False,1,2,1,
37608c20d8f6c85395403280,Module_12_CrossDomain,sklearn.datasets.load_breast_cancer,71aa3180a9c8c9abf1e45ef91d8c1dac2592948b3fa58a7da1cc3e16bef8c2df,bc_classifier_v1,breast_cancer_wisconsin,classification_breast_cancer,42,unit_23,17,3,2026-09-02T20:45:00Z,1.0.0,8e7fd68470057c99,0.012899465989457523,0.2,0.1,0.2,0.2,0.07644396121193894,,,,,,NORMAL,True,True,True,True,False,False,False,True,False,1,2,1,
da83531a84d30522fcda7d2b,Module_12_CrossDomain,sklearn.datasets.load_breast_cancer,71aa3180a9c8c9abf1e45ef91d8c1dac2592948b3fa58a7da1cc3e16bef8c2df,bc_classifier_v1,breast_cancer_wisconsin,classification_breast_cancer,42,unit_23,17,5,2026-09-02T20:45:00Z,1.0.0,8e7fd68470057c99,0.012899465989457523,0.2,0.1,0.2,0.2,0.07644396121193894,,,,,,NORMAL,True,True,True,True,False,False,False,True,False,1,2,1,
8ef4330d21098129c876e340,Module_12_CrossDomain,sklearn.datasets.load_breast_cancer,71aa3180a9c8c9abf1e45ef91d8c1dac2592948b3fa58a7da1cc3e16bef8c2df,bc_classifier_v1,breast_cancer_wisconsin,classification_breast_cancer,42,unit_23,18,1,2026-09-02T20:45:00Z,1.0.0,8e7fd68470057c99,0.14967396139793665,0.2,0.1,0.2,0.2,0.04082511836050077,,,,,,NORMAL,True,True,True,True,False,False,False,True,False,1,2,0,
abe5ccb739b563be7a2c04eb,Module_12_CrossDomain,sklearn.datasets.load_breast_cancer,71aa3180a9c8c9abf1e45ef91d8c1dac2592948b3fa58a7da1cc3e16bef8c2df,bc_classifier_v1,breast_cancer_wisconsin,classification_breast_cancer,42,unit_23,18,2,2026-09-02T20:45:00Z,1.0.0,8e7fd68470057c99,0.14967396139793665,0.2,0.1,0.2,0.2,0.04082511836050077,,,,,,NORMAL,True,True,True,True,False,False,False,True,False,1,2,0,
3c1dc8c5a15a9e01b8ef81c8,Module_12_CrossDomain,sklearn.datasets.load_breast_cancer,71aa3180a9c8c9abf1e45ef91d8c1dac2592948b3fa58a7da1cc3e16bef8c2df,bc_classifier_v1,breast_cancer_wisconsin,classification_breast_cancer,42,unit_23,18,3,2026-09-02T20:45:00Z,1.0.0,8e7fd68470057c99,0.14967396139793665,0.2,0.1,0.2,0.2,0.04082511836050077,,,,,,NORMAL,True,True,True,True,False,False,False,True,False,1,2,0,
6239069a27a1a8c66ac6c36c,Module_12_CrossDomain,sklearn.datasets.load_breast_cancer,71aa3180a9c8c9abf1e45ef91d8c1dac2592948b3fa58a7da1cc3e16bef8c2df,bc_classifier_v1,breast_cancer_wisconsin,classification_breast_cancer,42,unit_23,18,5,2026-09-02T20:45:00Z,1.0.0,8e7fd68470057c99,0.14967396139793665,0.2,0.1,0.2,0.2,0.04082511836050077,,,,,,NORMAL,True,True,True,True,False,False,False,True,False,1,2,0,
b00c8176af60c80879a0bba7,Module_12_CrossDomain,sklearn.datasets.load_breast_cancer,71aa3180a9c8c9abf1e45ef91d8c1dac2592948b3fa58a7da1cc3e16bef8c2df,bc_classifier_v1,breast_cancer_wisconsin,classification_breast_cancer,42,unit_23,19,1,2026-09-02T20:45:00Z,1.0.0,8e7fd68470057c99,0.12046985525947437,0.2,0.1,0.2,0.2,0.04313294551189998,,,,,,NORMAL,True,True,True,True,False,False,False,True,False,1,2,0,
98d67c281d60a447123798b9,Module_12_CrossDomain,sklearn.datasets.load_breast_cancer,71aa3180a9c8c9abf1e45ef91d8c1dac2592948b3fa58a7da1cc3e16bef8c2df,bc_classifier_v1,breast_cancer_wisconsin,classification_breast_cancer,42,unit_23,19,2,2026-09-02T20:45:00Z,1.0.0,8e7fd68470057c99,0.12046985525947437,0.2,0.1,0.2,0.2,0.04313294551189998,,,,,,NORMAL,True,True,True,True,False,False,False,True,False,1,2,0,
4d81d69597e1990c32684809,Module_12_CrossDomain,sklearn.datasets.load_breast_cancer,71aa3180a9c8c9abf1e45ef91d8c1dac2592948b3fa58a7da1cc3e16bef8c2df,bc_classifier_v1,breast_cancer_wisconsin,classification_breast_cancer,42,unit_23,19,3,2026-09-02T20:45:00Z,1.0.0,8e7fd68470057c99,0.12046985525947437,0.2,0.1,0.2,0.2,0.04313294551189998,,,,,,NORMAL,True,True,True,True,False,False,False,True,False,1,2,0,
b4b5104514cb59e995412b1d,Module_12_CrossDomain,sklearn.datasets.load_breast_cancer,71aa3180a9c8c9abf1e45ef91d8c1dac2592948b3fa58a7da1cc3e16bef8c2df,bc_classifier_v1,breast_cancer_wisconsin,classification_breast_cancer,42,unit_23,19,5,2026-09-02T20:45:00Z,1.0.0,8e7fd68470057c99,0.12046985525947437,0.2,0.1,0.2,0.2,0.04313294551189998,,,,,,NORMAL,True,True,True,True,False,False,False,True,False,1,2,0,
82b5ac4f8ec369b5aa323f85,Module_12_CrossDomain,sklearn.datasets.load_breast_cancer,71aa3180a9c8c9abf1e45ef91d8c1dac2592948b3fa58a7da1cc3e16bef8c2df,bc_classifier_v1,breast_cancer_wisconsin,classification_breast_cancer,42,unit_24,0,1,2026-09-02T20:45:00Z,1.0.0,8e7fd68470057c99,0.11164951661632627,0.2,0.1,0.2,0.2,0.044648652028331,,,,,,NORMAL,True,True,True,True,False,False,False,True,False,1,0,1,0.0
d5fc713974c5c954c68e27f4,Module_12_CrossDomain,sklearn.datasets.load_breast_cancer,71aa3180a9c8c9abf1e45ef91d8c1dac2592948b3fa58a7da1cc3e16bef8c2df,bc_classifier_v1,breast_cancer_wisconsin,classification_breast_cancer,42,unit_24,0,2,2026-09-02T20:45:00Z,1.0.0,8e7fd68470057c99,0.11164951661632627,0.2,0.1,0.2,0.2,0.044648652028331,,,,,,NORMAL,True,True,True,True,False,False,False,True,False,1,0,1,0.0
3ea8202e1d20ab79493cf75f,Module_12_CrossDomain,sklearn.datasets.load_breast_cancer,71aa3180a9c8c9abf1e45ef91d8c1dac2592948b3fa58a7da1cc3e16bef8c2df,bc_classifier_v1,breast_cancer_wisconsin,classification_breast_cancer,42,unit_24,0,3,2026-09-02T20:45:00Z,1.0.0,8e7fd68470057c99,0.11164951661632627,0.2,0.1,0.2,0.2,0.044648652028331,,,,,,NORMAL,True,True,True,True,False,False,False,True,False,1,0,1,0.0
3418f05659a6bab9245c3c75,Module_12_CrossDomain,sklearn.datasets.load_breast_cancer,71aa3180a9c8c9abf1e45ef91d8c1dac2592948b3fa58a7da1cc3e16bef8c2df,bc_classifier_v1,breast_cancer_wisconsin,classification_breast_cancer,42,unit_24,0,5,2026-09-02T20:45:00Z,1.0.0,8e7fd68470057c99,0.11164951661632627,0.2,0.1,0.2,0.2,0.044648652028331,,,,,,NORMAL,True,True,True,True,False,False,False,True,False,1,0,1,0.0
5f9968d667a2cf290eee5f65,Module_12_CrossDomain,sklearn.datasets.load_breast_cancer,71aa3180a9c8c9abf1e45ef91d8c1dac2592948b3fa58a7da1cc3e16bef8c2df,bc_classifier_v1,breast_cancer_wisconsin,classification_breast_cancer,42,unit_24,1,1,2026-09-02T20:45:00Z,1.0.0,8e7fd68470057c99,0.012899465989457523,0.2,0.1,0.2,0.2,0.07644396121193894,,,,,,NORMAL,True,True,True,True,False,False,False,True,False,1,0,1,
74cb2186692c967bade6e2ec,Module_12_CrossDomain,sklearn.datasets.load_breast_cancer,71aa3180a9c8c9abf1e45ef91d8c1dac2592948b3fa58a7da1cc3e16bef8c2df,bc_classifier_v1,breast_cancer_wisconsin,classification_breast_cancer,42,unit_24,1,2,2026-09-02T20:45:00Z,1.0.0,8e7fd68470057c99,0.012899465989457523,0.2,0.1,0.2,0.2,0.07644396121193894,,,,,,NORMAL,True,True,True,True,False,False,False,True,False,1,0,1,
dbdd7c94b98f683d5ae466cc,Module_12_CrossDomain,sklearn.datasets.load_breast_cancer,71aa3180a9c8c9abf1e45ef91d8c1dac2592948b3fa58a7da1cc3e16bef8c2df,bc_classifier_v1,breast_cancer_wisconsin,classification_breast_cancer,42,unit_24,1,3,2026-09-02T20:45:00Z,1.0.0,8e7fd68470057c99,0.012899465989457523,0.2,0.1,0.2,0.2,0.07644396121193894,,,,,,NORMAL,True,True,True,True,False,False,False,True,False,1,0,1,
a0ec925f087e7c1b1ed64b06,Module_12_CrossDomain,sklearn.datasets.load_breast_cancer,71aa3180a9c8c9abf1e45ef91d8c1dac2592948b3fa58a7da1cc3e16bef8c2df,bc_classifier_v1,breast_cancer_wisconsin,classification_breast_cancer,42,unit_24,1,5,2026-09-02T20:45:00Z,1.0.0,8e7fd68470057c99,0.012899465989457523,0.2,0.1,0.2,0.2,0.07644396121193894,,,,,,NORMAL,True,True,True,True,False,False,False,True,False,1,0,1,
b2e3da5ec99195d72835aa49,Module_12_CrossDomain,sklearn.datasets.load_breast_cancer,71aa3180a9c8c9abf1e45ef91d8c1dac2592948b3fa58a7da1cc3e16bef8c2df,bc_classifier_v1,breast_cancer_wisconsin,classification_breast_cancer,42,unit_24,2,1,2026-09-02T20:45:00Z,1.0.0,8e7fd68470057c99,0.03730321413287909,0.2,0.1,0.2,0.2,0.06700010869772229,,,,,,NORMAL,True,True,True,True,False,False,False,True,False,1,0,1,
e6b80b1f9866b06628cb53ff,Module_12_CrossDomain,sklearn.datasets.load_breast_cancer,71aa3180a9c8c9abf1e45ef91d8c1dac2592948b3fa58a7da1cc3e16bef8c2df,bc_classifier_v1,breast_cancer_wisconsin,classification_breast_cancer,42,unit_24,2,2,2026-09-02T20:45:00Z,1.0.0,8e7fd68470057c99,0.03730321413287909,0.2,0.1,0.2,0.2,0.06700010869772229,,,,,,NORMAL,True,True,True,True,False,False,False,True,False,1,0,1,
03b6d557c75a09cdd527d660,Module_12_CrossDomain,sklearn.datasets.load_breast_cancer,71aa3180a9c8c9abf1e45ef91d8c1dac2592948b3fa58a7da1cc3e16bef8c2df,bc_classifier_v1,breast_cancer_wisconsin,classification_breast_cancer,42,unit_24,2,3,2026-09-02T20:45:00Z,1.0.0,8e7fd68470057c99,0.03730321413287909,0.2,0.1,0.2,0.2,0.06700010869772229,,,,,,NORMAL,True,True,True,True,False,False,False,True,False,1,0,1,
279e5d8a6042f9504ba08aa7,Module_12_CrossDomain,sklearn.datasets.load_breast_cancer,71aa3180a9c8c9abf1e45ef91d8c1dac2592948b3fa58a7da1cc3e16bef8c2df,bc_classifier_v1,breast_cancer_wisconsin,classification_breast_cancer,42,unit_24,2,5,2026-09-02T20:45:00Z,1.0.0,8e7fd68470057c99,0.03730321413287909,0.2,0.1,0.2,0.2,0.06700010869772229,,,,,,NORMAL,True,True,True,True,False,False,False,True,False,1,0,1,
84014bb7322ef5f73b986b84,Module_12_CrossDomain,sklearn.datasets.load_breast_cancer,71aa3180a9c8c9abf1e45ef91d8c1dac2592948b3fa58a7da1cc3e16bef8c2df,bc_classifier_v1,breast_cancer_wisconsin,classification_breast_cancer,42,unit_24,3,1,2026-09-02T20:45:00Z,1.0.0,8e7fd68470057c99,0.024250046521281578,0.2,0.1,0.2,0.2,0.07197692654964714,,,,,,NORMAL,True,True,True,True,False,False,False,True,False,1,0,1,
33fcccb2f8b0191e289b9cf6,Module_12_CrossDomain,sklearn.datasets.load_breast_cancer,71aa3180a9c8c9abf1e45ef91d8c1dac2592948b3fa58a7da1cc3e16bef8c2df,bc_classifier_v1,breast_cancer_wisconsin,classification_breast_cancer,42,unit_24,3,2,2026-09-02T20:45:00Z,1.0.0,8e7fd68470057c99,0.024250046521281578,0.2,0.1,0.2,0.2,0.07197692654964714,,,,,,NORMAL,True,True,True,True,False,False,False,True,False,1,0,1,
e44a0f2f374efbd12f2ea3ea,Module_12_CrossDomain,sklearn.datasets.load_breast_cancer,71aa3180a9c8c9abf1e45ef91d8c1dac2592948b3fa58a7da1cc3e16bef8c2df,bc_classifier_v1,breast_cancer_wisconsin,classification_breast_cancer,42,unit_24,3,3,2026-09-02T20:45:00Z,1.0.0,8e7fd68470057c99,0.024250046521281578,0.2,0.1,0.2,0.2,0.07197692654964714,,,,,,NORMAL,True,True,True,True,False,False,False,True,False,1,0,1,
868d973f0a6368e23fad560b,Module_12_CrossDomain,sklearn.datasets.load_breast_cancer,71aa3180a9c8c9abf1e45ef91d8c1dac2592948b3fa58a7da1cc3e16bef8c2df,bc_classifier_v1,breast_cancer_wisconsin,classification_breast_cancer,42,unit_24,3,5,2026-09-02T20:45:00Z,1.0.0,8e7fd68470057c99,0.024250046521281578,0.2,0.1,0.2,0.2,0.07197692654964714,,,,,,NORMAL,True,True,True,True,False,False,False,True,False,1,0,1,
bacc0100b0e1848862324a09,Module_12_CrossDomain,sklearn.datasets.load_breast_cancer,71aa3180a9c8c9abf1e45ef91d8c1dac2592948b3fa58a7da1cc3e16bef8c2df,bc_classifier_v1,breast_cancer_wisconsin,classification_breast_cancer,42,unit_24,4,1,2026-09-02T20:45:00Z,1.0.0,8e7fd68470057c99,0.09095834587673202,0.2,0.1,0.2,0.2,0.04940966374576178,,,,,,NORMAL,True,True,True,True,False,False,False,True,False,1,0,1,
243ca98bbd8717db2ad7d49d,Module_12_CrossDomain,sklearn.datasets.load_breast_cancer,71aa3180a9c8c9abf1e45ef91d8c1dac2592948b3fa58a7da1cc3e16bef8c2df,bc_classifier_v1,breast_cancer_wisconsin,classification_breast_cancer,42,unit_24,4,2,2026-09-02T20:45:00Z,1.0.0,8e7fd68470057c99,0.09095834587673202,0.2,0.1,0.2,0.2,0.04940966374576178,,,,,,NORMAL,True,True,True,True,False,False,False,True,False,1,0,1,
c2cb1a6b6bbfa91e8e4763a9,Module_12_CrossDomain,sklearn.datasets.load_breast_cancer,71aa3180a9c8c9abf1e45ef91d8c1dac2592948b3fa58a7da1cc3e16bef8c2df,bc_classifier_v1,breast_cancer_wisconsin,classification_breast_cancer,42,unit_24,4,3,2026-09-02T20:45:00Z,1.0.0,8e7fd68470057c99,0.09095834587673202,0.2,0.1,0.2,0.2,0.04940966374576178,,,,,,NORMAL,True,True,True,True,False,False,False,True,False,1,0,1,
b57f447a0ba4ef4bb29ce1a6,Module_12_CrossDomain,sklearn.datasets.load_breast_cancer,71aa3180a9c8c9abf1e45ef91d8c1dac2592948b3fa58a7da1cc3e16bef8c2df,bc_classifier_v1,breast_cancer_wisconsin,classification_breast_cancer,42,unit_24,4,5,2026-09-02T20:45:00Z,1.0.0,8e7fd68470057c99,0.09095834587673202,0.2,0.1,0.2,0.2,0.04940966374576178,,,,,,NORMAL,True,True,True,True,False,False,False,True,False,1,0,1,
db26e8dd92d61cd2f8e0b41a,Module_12_CrossDomain,sklearn.datasets.load_breast_cancer,71aa3180a9c8c9abf1e45ef91d8c1dac2592948b3fa58a7da1cc3e16bef8c2df,bc_classifier_v1,breast_cancer_wisconsin,classification_breast_cancer,42,unit_24,5,1,2026-09-02T20:45:00Z,1.0.0,8e7fd68470057c99,0.09519117484518153,0.2,0.1,0.2,0.2,0.04831380597453247,,,,,,NORMAL,True,True,True,True,False,False,False,True,False,1,0,1,
de8c264e167258661905e7e5,Module_12_CrossDomain,sklearn.datasets.load_breast_cancer,71aa3180a9c8c9abf1e45ef91d8c1dac2592948b3fa58a7da1cc3e16bef8c2df,bc_classifier_v1,breast_cancer_wisconsin,classification_breast_cancer,42,unit_24,5,2,2026-09-02T20:45:00Z,1.0.0,8e7fd68470057c99,0.09519117484518153,0.2,0.1,0.2,0.2,0.04831380597453247,,,,,,NORMAL,True,True,True,True,False,False,False,True,False,1,0,1,
6b0244fcc52d7f2eb6c493f6,Module_12_CrossDomain,sklearn.datasets.load_breast_cancer,71aa3180a9c8c9abf1e45ef91d8c1dac2592948b3fa58a7da1cc3e16bef8c2df,bc_classifier_v1,breast_cancer_wisconsin,classification_breast_cancer,42,unit_24,5,3,2026-09-02T20:45:00Z,1.0.0,8e7fd68470057c99,0.09519117484518153,0.2,0.1,0.2,0.2,0.04831380597453247,,,,,,NORMAL,True,True,True,True,False,False,False,True,False,1,0,1,
1677fb2a10140ec5b36f5fbf,Module_12_CrossDomain,sklearn.datasets.load_breast_cancer,71aa3180a9c8c9abf1e45ef91d8c1dac2592948b3fa58a7da1cc3e16bef8c2df,bc_classifier_v1,breast_cancer_wisconsin,classification_breast_cancer,42,unit_24,5,5,2026-09-02T20:45:00Z,1.0.0,8e7fd68470057c99,0.09519117484518153,0.2,0.1,0.2,0.2,0.04831380597453247,,,,,,NORMAL,True,True,True,True,False,False,False,True,False,1,0,1,
329b93ff08029e8806a1dafd,Module_12_CrossDomain,sklearn.datasets.load_breast_cancer,71aa3180a9c8c9abf1e45ef91d8c1dac2592948b3fa58a7da1cc3e16bef8c2df,bc_classifier_v1,breast_cancer_wisconsin,classification_breast_cancer,42,unit_24,6,1,2026-09-02T20:45:00Z,1.0.0,8e7fd68470057c99,0.02909768197829126,0.2,0.1,0.2,0.2,0.07010685574816394,,,,,,NORMAL,True,True,True,True,False,False,False,True,False,1,0,0,
660bb8387ee4be073646209e,Module_12_CrossDomain,sklearn.datasets.load_breast_cancer,71aa3180a9c8c9abf1e45ef91d8c1dac2592948b3fa58a7da1cc3e16bef8c2df,bc_classifier_v1,breast_cancer_wisconsin,classification_breast_cancer,42,unit_24,6,2,2026-09-02T20:45:00Z,1.0.0,8e7fd68470057c99,0.02909768197829126,0.2,0.1,0.2,0.2,0.07010685574816394,,,,,,NORMAL,True,True,True,True,False,False,False,True,False,1,0,1,
d4101a4bb75b86fed1c02357,Module_12_CrossDomain,sklearn.datasets.load_breast_cancer,71aa3180a9c8c9abf1e45ef91d8c1dac2592948b3fa58a7da1cc3e16bef8c2df,bc_classifier_v1,breast_cancer_wisconsin,classification_breast_cancer,42,unit_24,6,3,2026-09-02T20:45:00Z,1.0.0,8e7fd68470057c99,0.02909768197829126,0.2,0.1,0.2,0.2,0.07010685574816394,,,,,,NORMAL,True,True,True,True,False,False,False,True,False,1,0,1,
0da7c21fb0e948d48b4074a2,Module_12_CrossDomain,sklearn.datasets.load_breast_cancer,71aa3180a9c8c9abf1e45ef91d8c1dac2592948b3fa58a7da1cc3e16bef8c2df,bc_classifier_v1,breast_cancer_wisconsin,classification_breast_cancer,42,unit_24,6,5,2026-09-02T20:45:00Z,1.0.0,8e7fd68470057c99,0.02909768197829126,0.2,0.1,0.2,0.2,0.07010685574816394,,,,,,NORMAL,True,True,True,True,False,False,False,True,False,1,0,1,
9649a5b2dc8df24a158ba476,Module_12_CrossDomain,sklearn.datasets.load_breast_cancer,71aa3180a9c8c9abf1e45ef91d8c1dac2592948b3fa58a7da1cc3e16bef8c2df,bc_classifier_v1,breast_cancer_wisconsin,classification_breast_cancer,42,unit_24,7,1,2026-09-02T20:45:00Z,1.0.0,8e7fd68470057c99,0.3015116147420671,0.2,0.1,0.2,0.2,0.08226754375781573,,,,,,NORMAL,True,True,True,True,False,False,False,True,False,1,0,1,
63cca4f0ce23800ed9fb8499,Module_12_CrossDomain,sklearn.datasets.load_breast_cancer,71aa3180a9c8c9abf1e45ef91d8c1dac2592948b3fa58a7da1cc3e16bef8c2df,bc_classifier_v1,breast_cancer_wisconsin,classification_breast_cancer,42,unit_24,7,2,2026-09-02T20:45:00Z,1.0.0,8e7fd68470057c99,0.3015116147420671,0.2,0.1,0.2,0.2,0.08226754375781573,,,,,,NORMAL,True,True,True,True,False,False,False,True,False,1,0,1,
f938b0377764db0206c3252e,Module_12_CrossDomain,sklearn.datasets.load_breast_cancer,71aa3180a9c8c9abf1e45ef91d8c1dac2592948b3fa58a7da1cc3e16bef8c2df,bc_classifier_v1,breast_cancer_wisconsin,classification_breast_cancer,42,unit_24,7,3,2026-09-02T20:45:00Z,1.0.0,8e7fd68470057c99,0.3015116147420671,0.2,0.1,0.2,0.2,0.08226754375781573,,,,,,NORMAL,True,True,True,True,False,False,False,True,False,1,0,1,
ad1d3046d54b23ffffc3e196,Module_12_CrossDomain,sklearn.datasets.load_breast_cancer,71aa3180a9c8c9abf1e45ef91d8c1dac2592948b3fa58a7da1cc3e16bef8c2df,bc_classifier_v1,breast_cancer_wisconsin,classification_breast_cancer,42,unit_24,7,5,2026-09-02T20:45:00Z,1.0.0,8e7fd68470057c99,0.3015116147420671,0.2,0.1,0.2,0.2,0.08226754375781573,,,,,,NORMAL,True,True,True,True,False,False,False,True,False,1,0,1,
6df84101e1096d2e3b52b41a,Module_12_CrossDomain,sklearn.datasets.load_breast_cancer,71aa3180a9c8c9abf1e45ef91d8c1dac2592948b3fa58a7da1cc3e16bef8c2df,bc_classifier_v1,breast_cancer_wisconsin,classification_breast_cancer,42,unit_24,8,1,2026-09-02T20:45:00Z,1.0.0,8e7fd68470057c99,0.13889090989270386,0.2,0.1,0.2,0.2,0.041159343162376,,,,,,NORMAL,True,True,True,True,False,False,False,True,False,1,0,0,
fbfb5b8cdcedb394d98602a2,Module_12_CrossDomain,sklearn.datasets.load_breast_cancer,71aa3180a9c8c9abf1e45ef91d8c1dac2592948b3fa58a7da1cc3e16bef8c2df,bc_classifier_v1,breast_cancer_wisconsin,classification_breast_cancer,42,unit_24,8,2,2026-09-02T20:45:00Z,1.0.0,8e7fd68470057c99,0.13889090989270386,0.2,0.1,0.2,0.2,0.041159343162376,,,,,,NORMAL,True,True,True,True,False,False,False,True,False,1,0,1,
2136134e24d3b5954fa526cc,Module_12_CrossDomain,sklearn.datasets.load_breast_cancer,71aa3180a9c8c9abf1e45ef91d8c1dac2592948b3fa58a7da1cc3e16bef8c2df,bc_classifier_v1,breast_cancer_wisconsin,classification_breast_cancer,42,unit_24,8,3,2026-09-02T20:45:00Z,1.0.0,8e7fd68470057c99,0.13889090989270386,0.2,0.1,0.2,0.2,0.041159343162376,,,,,,NORMAL,True,True,True,True,False,False,False,True,False,1,0,1,
bf0ea8a0616026e9ab70b767,Module_12_CrossDomain,sklearn.datasets.load_breast_cancer,71aa3180a9c8c9abf1e45ef91d8c1dac2592948b3fa58a7da1cc3e16bef8c2df,bc_classifier_v1,breast_cancer_wisconsin,classification_breast_cancer,42,unit_24,8,5,2026-09-02T20:45:00Z,1.0.0,8e7fd68470057c99,0.13889090989270386,0.2,0.1,0.2,0.2,0.041159343162376,,,,,,NORMAL,True,True,True,True,False,False,False,True,False,1,0,1,
5d2bad1a540df67097ee886e,Module_12_CrossDomain,sklearn.datasets.load_breast_cancer,71aa3180a9c8c9abf1e45ef91d8c1dac2592948b3fa58a7da1cc3e16bef8c2df,bc_classifier_v1,breast_cancer_wisconsin,classification_breast_cancer,42,unit_24,9,1,2026-09-02T20:45:00Z,1.0.0,8e7fd68470057c99,0.14544113242948722,0.2,0.1,0.2,0.2,0.040881354819704174,,,,,,NORMAL,True,True,True,True,False,False,False,True,False,1,0,1,
832e4e477231f2d1dd00434c,Module_12_CrossDomain,sklearn.datasets.load_breast_cancer,71aa3180a9c8c9abf1e45ef91d8c1dac2592948b3fa58a7da1cc3e16bef8c2df,bc_classifier_v1,breast_cancer_wisconsin,classification_breast_cancer,42,unit_24,9,2,2026-09-02T20:45:00Z,1.0.0,8e7fd68470057c99,0.14544113242948722,0.2,0.1,0.2,0.2,0.040881354819704174,,,,,,NORMAL,True,True,True,True,False,False,False,True,False,1,0,1,
0fd55992cb6c229df77e527e,Module_12_CrossDomain,sklearn.datasets.load_breast_cancer,71aa3180a9c8c9abf1e45ef91d8c1dac2592948b3fa58a7da1cc3e16bef8c2df,bc_classifier_v1,breast_cancer_wisconsin,classification_breast_cancer,42,unit_24,9,3,2026-09-02T20:45:00Z,1.0.0,8e7fd68470057c99,0.14544113242948722,0.2,0.1,0.2,0.2,0.040881354819704174,,,,,,NORMAL,True,True,True,True,False,False,False,True,False,1,0,1,
f828c40b266af769593d20ff,Module_12_CrossDomain,sklearn.datasets.load_breast_cancer,71aa3180a9c8c9abf1e45ef91d8c1dac2592948b3fa58a7da1cc3e16bef8c2df,bc_classifier_v1,breast_cancer_wisconsin,classification_breast_cancer,42,unit_24,9,5,2026-09-02T20:45:00Z,1.0.0,8e7fd68470057c99,0.14544113242948722,0.2,0.1,0.2,0.2,0.040881354819704174,,,,,,NORMAL,True,True,True,True,False,False,False,True,False,1,0,1,
a9c7cea49d764136fe151ce7,Module_12_CrossDomain,sklearn.datasets.load_breast_cancer,71aa3180a9c8c9abf1e45ef91d8c1dac2592948b3fa58a7da1cc3e16bef8c2df,bc_classifier_v1,breast_cancer_wisconsin,classification_breast_cancer,42,unit_24,10,1,2026-09-02T20:45:00Z,1.0.0,8e7fd68470057c99,0.10654175537700547,0.2,0.1,0.2,0.2,0.04567668752757322,,,,,,NORMAL,True,True,True,True,False,False,False,True,False,1,0,1,
ad3d5e4542e7b4f3c18bcf47,Module_12_CrossDomain,sklearn.datasets.load_breast_cancer,71aa3180a9c8c9abf1e45ef91d8c1dac2592948b3fa58a7da1cc3e16bef8c2df,bc_classifier_v1,breast_cancer_wisconsin,classification_breast_cancer,42,unit_24,10,2,2026-09-02T20:45:00Z,1.0.0,8e7fd68470057c99,0.10654175537700547,0.2,0.1,0.2,0.2,0.04567668752757322,,,,,,NORMAL,True,True,True,True,False,False,False,True,False,1,0,1,
2826005675a42c98f513b076,Module_12_CrossDomain,sklearn.datasets.load_breast_cancer,71aa3180a9c8c9abf1e45ef91d8c1dac2592948b3fa58a7da1cc3e16bef8c2df,bc_classifier_v1,breast_cancer_wisconsin,classification_breast_cancer,42,unit_24,10,3,2026-09-02T20:45:00Z,1.0.0,8e7fd68470057c99,0.10654175537700547,0.2,0.1,0.2,0.2,0.04567668752757322,,,,,,NORMAL,True,True,True,True,False,False,False,True,False,1,0,1,
6e3cd11cf95021cef22b0fc9,Module_12_CrossDomain,sklearn.datasets.load_breast_cancer,71aa3180a9c8c9abf1e45ef91d8c1dac2592948b3fa58a7da1cc3e16bef8c2df,bc_classifier_v1,breast_cancer_wisconsin,classification_breast_cancer,42,unit_24,10,5,2026-09-02T20:45:00Z,1.0.0,8e7fd68470057c99,0.10654175537700547,0.2,0.1,0.2,0.2,0.04567668752757322,,,,,,NORMAL,True,True,True,True,False,False,False,True,False,1,0,1,
7a6fdf4ac9e8ac5a04735d82,Module_12_CrossDomain,sklearn.datasets.load_breast_cancer,71aa3180a9c8c9abf1e45ef91d8c1dac2592948b3fa58a7da1cc3e16bef8c2df,bc_classifier_v1,breast_cancer_wisconsin,classification_breast_cancer,42,unit_24,11,1,2026-09-02T20:45:00Z,1.0.0,8e7fd68470057c99,0.21127449951406638,0.2,0.1,0.2,0.2,0.05001014183965159,,,,,,NORMAL,True,True,True,True,False,False,False,True,False,1,0,0,
337df2f2143d23163e7accf1,Module_12_CrossDomain,sklearn.datasets.load_breast_cancer,71aa3180a9c8c9abf1e45ef91d8c1dac2592948b3fa58a7da1cc3e16bef8c2df,bc_classifier_v1,breast_cancer_wisconsin,classification_breast_cancer,42,unit_24,11,2,2026-09-02T20:45:00Z,1.0.0,8e7fd68470057c99,0.21127449951406638,0.2,0.1,0.2,0.2,0.05001014183965159,,,,,,NORMAL,True,True,True,True,False,False,False,True,False,1,0,1,
7eaac28bccb6670b0eda0df0,Module_12_CrossDomain,sklearn.datasets.load_breast_cancer,71aa3180a9c8c9abf1e45ef91d8c1dac2592948b3fa58a7da1cc3e16bef8c2df,bc_classifier_v1,breast_cancer_wisconsin,classification_breast_cancer,42,unit_24,11,3,2026-09-02T20:45:00Z,1.0.0,8e7fd68470057c99,0.21127449951406638,0.2,0.1,0.2,0.2,0.05001014183965159,,,,,,NORMAL,True,True,True,True,False,False,False,True,False,1,0,1,
4becc4b14b5ce745c9f86ce0,Module_12_CrossDomain,sklearn.datasets.load_breast_cancer,71aa3180a9c8c9abf1e45ef91d8c1dac2592948b3fa58a7da1cc3e16bef8c2df,bc_classifier_v1,breast_cancer_wisconsin,classification_breast_cancer,42,unit_24,11,5,2026-09-02T20:45:00Z,1.0.0,8e7fd68470057c99,0.21127449951406638,0.2,0.1,0.2,0.2,0.05001014183965159,,,,,,NORMAL,True,True,True,True,False,False,False,True,False,1,0,1,
31e514d569cf7c29ef36acad,Module_12_CrossDomain,sklearn.datasets.load_breast_cancer,71aa3180a9c8c9abf1e45ef91d8c1dac2592948b3fa58a7da1cc3e16bef8c2df,bc_classifier_v1,breast_cancer_wisconsin,classification_breast_cancer,42,unit_24,12,1,2026-09-02T20:45:00Z,1.0.0,8e7fd68470057c99,0.2203549639395256,0.2,0.1,0.2,0.2,0.0525987345663836,,,,,,NORMAL,True,True,True,True,False,False,False,True,False,1,0,1,
31e185eb21734a43acc37a73,Module_12_CrossDomain,sklearn.datasets.load_breast_cancer,71aa3180a9c8c9abf1e45ef91d8c1dac2592948b3fa58a7da1cc3e16bef8c2df,bc_classifier_v1,breast_cancer_wisconsin,classification_breast_cancer,42,unit_24,12,2,2026-09-02T20:45:00Z,1.0.0,8e7fd68470057c99,0.2203549639395256,0.2,0.1,0.2,0.2,0.0525987345663836,,,,,,NORMAL,True,True,True,True,False,False,False,True,False,1,0,1,
fdac205510a541e123d8639a,Module_12_CrossDomain,sklearn.datasets.load_breast_cancer,71aa3180a9c8c9abf1e45ef91d8c1dac2592948b3fa58a7da1cc3e16bef8c2df,bc_classifier_v1,breast_cancer_wisconsin,classification_breast_cancer,42,unit_24,12,3,2026-09-02T20:45:00Z,1.0.0,8e7fd68470057c99,0.2203549639395256,0.2,0.1,0.2,0.2,0.0525987345663836,,,,,,NORMAL,True,True,True,True,False,False,False,True,False,1,0,1,
4492b070a71433b5e566bf44,Module_12_CrossDomain,sklearn.datasets.load_breast_cancer,71aa3180a9c8c9abf1e45ef91d8c1dac2592948b3fa58a7da1cc3e16bef8c2df,bc_classifier_v1,breast_cancer_wisconsin,classification_breast_cancer,42,unit_24,12,5,2026-09-02T20:45:00Z,1.0.0,8e7fd68470057c99,0.2203549639395256,0.2,0.1,0.2,0.2,0.0525987345663836,,,,,,NORMAL,True,True,True,True,False,False,False,True,False,1,0,1,
53407478538f45318c6e6dc5,Module_12_CrossDomain,sklearn.datasets.load_breast_cancer,71aa3180a9c8c9abf1e45ef91d8c1dac2592948b3fa58a7da1cc3e16bef8c2df,bc_classifier_v1,breast_cancer_wisconsin,classification_breast_cancer,42,unit_24,13,1,2026-09-02T20:45:00Z,1.0.0,8e7fd68470057c99,0.09462364581859024,0.2,0.1,0.2,0.2,0.048457405356376736,,,,,,NORMAL,True,True,True,True,False,False,False,True,False,1,0,1,
ad68cfbf98bbc2e22124e402,Module_12_CrossDomain,sklearn.datasets.load_breast_cancer,71aa3180a9c8c9abf1e45ef91d8c1dac2592948b3fa58a7da1cc3e16bef8c2df,bc_classifier_v1,breast_cancer_wisconsin,classification_breast_cancer,42,unit_24,13,2,2026-09-02T20:45:00Z,1.0.0,8e7fd68470057c99,0.09462364581859024,0.2,0.1,0.2,0.2,0.048457405356376736,,,,,,NORMAL,True,True,True,True,False,False,False,True,False,1,0,1,
30240d563d8d9cea10bc2f54,Module_12_CrossDomain,sklearn.datasets.load_breast_cancer,71aa3180a9c8c9abf1e45ef91d8c1dac2592948b3fa58a7da1cc3e16bef8c2df,bc_classifier_v1,breast_cancer_wisconsin,classification_breast_cancer,42,unit_24,13,3,2026-09-02T20:45:00Z,1.0.0,8e7fd68470057c99,0.09462364581859024,0.2,0.1,0.2,0.2,0.048457405356376736,,,,,,NORMAL,True,True,True,True,False,False,False,True,False,1,0,1,
8204011158b9807af7dddc48,Module_12_CrossDomain,sklearn.datasets.load_breast_cancer,71aa3180a9c8c9abf1e45ef91d8c1dac2592948b3fa58a7da1cc3e16bef8c2df,bc_classifier_v1,breast_cancer_wisconsin,classification_breast_cancer,42,unit_24,13,5,2026-09-02T20:45:00Z,1.0.0,8e7fd68470057c99,0.09462364581859024,0.2,0.1,0.2,0.2,0.048457405356376736,,,,,,NORMAL,True,True,True,True,False,False,False,True,False,1,0,1,
05a08903c7543c3011a2800b,Module_12_CrossDomain,sklearn.datasets.load_breast_cancer,71aa3180a9c8c9abf1e45ef91d8c1dac2592948b3fa58a7da1cc3e16bef8c2df,bc_classifier_v1,breast_cancer_wisconsin,classification_breast_cancer,42,unit_24,14,1,2026-09-02T20:45:00Z,1.0.0,8e7fd68470057c99,0.05489661395720631,0.2,0.1,0.2,0.2,0.06063488918070675,,,,,,NORMAL,True,True,True,True,False,False,False,True,False,1,0,1,
974b22ca5a5dc81f5b511b84,Module_12_CrossDomain,sklearn.datasets.load_breast_cancer,71aa3180a9c8c9abf1e45ef91d8c1dac2592948b3fa58a7da1cc3e16bef8c2df,bc_classifier_v1,breast_cancer_wisconsin,classification_breast_cancer,42,unit_24,14,2,2026-09-02T20:45:00Z,1.0.0,8e7fd68470057c99,0.05489661395720631,0.2,0.1,0.2,0.2,0.06063488918070675,,,,,,NORMAL,True,True,True,True,False,False,False,True,False,1,0,1,
151cb10eae244dabdd526f00,Module_12_CrossDomain,sklearn.datasets.load_breast_cancer,71aa3180a9c8c9abf1e45ef91d8c1dac2592948b3fa58a7da1cc3e16bef8c2df,bc_classifier_v1,breast_cancer_wisconsin,classification_breast_cancer,42,unit_24,14,3,2026-09-02T20:45:00Z,1.0.0,8e7fd68470057c99,0.05489661395720631,0.2,0.1,0.2,0.2,0.06063488918070675,,,,,,NORMAL,True,True,True,True,False,False,False,True,False,1,0,1,
dc554ec84dc37468cfb8153d,Module_12_CrossDomain,sklearn.datasets.load_breast_cancer,71aa3180a9c8c9abf1e45ef91d8c1dac2592948b3fa58a7da1cc3e16bef8c2df,bc_classifier_v1,breast_cancer_wisconsin,classification_breast_cancer,42,unit_24,14,5,2026-09-02T20:45:00Z,1.0.0,8e7fd68470057c99,0.05489661395720631,0.2,0.1,0.2,0.2,0.06063488918070675,,,,,,NORMAL,True,True,True,True,False,False,False,True,False,1,0,1,
a3f28d0724a9a1babb3ea22f,Module_12_CrossDomain,sklearn.datasets.load_breast_cancer,71aa3180a9c8c9abf1e45ef91d8c1dac2592948b3fa58a7da1cc3e16bef8c2df,bc_classifier_v1,breast_cancer_wisconsin,classification_breast_cancer,42,unit_24,15,1,2026-09-02T20:45:00Z,1.0.0,8e7fd68470057c99,0.04215084958988878,0.2,0.1,0.2,0.2,0.06520299796138006,,,,,,NORMAL,True,True,True,True,False,False,False,True,False,1,0,1,
0d95be234f10e7f6cf85e97b,Module_12_CrossDomain,sklearn.datasets.load_breast_cancer,71aa3180a9c8c9abf1e45ef91d8c1dac2592948b3fa58a7da1cc3e16bef8c2df,bc_classifier_v1,breast_cancer_wisconsin,classification_breast_cancer,42,unit_24,15,2,2026-09-02T20:45:00Z,1.0.0,8e7fd68470057c99,0.04215084958988878,0.2,0.1,0.2,0.2,0.06520299796138006,,,,,,NORMAL,True,True,True,True,False,False,False,True,False,1,0,1,
8907cef4a9f5ba4f74b015d4,Module_12_CrossDomain,sklearn.datasets.load_breast_cancer,71aa3180a9c8c9abf1e45ef91d8c1dac2592948b3fa58a7da1cc3e16bef8c2df,bc_classifier_v1,breast_cancer_wisconsin,classification_breast_cancer,42,unit_24,15,3,2026-09-02T20:45:00Z,1.0.0,8e7fd68470057c99,0.04215084958988878,0.2,0.1,0.2,0.2,0.06520299796138006,,,,,,NORMAL,True,True,True,True,False,False,False,True,False,1,0,1,
cdf3772888dca38fc6a61ed8,Module_12_CrossDomain,sklearn.datasets.load_breast_cancer,71aa3180a9c8c9abf1e45ef91d8c1dac2592948b3fa58a7da1cc3e16bef8c2df,bc_classifier_v1,breast_cancer_wisconsin,classification_breast_cancer,42,unit_24,15,5,2026-09-02T20:45:00Z,1.0.0,8e7fd68470057c99,0.04215084958988878,0.2,0.1,0.2,0.2,0.06520299796138006,,,,,,NORMAL,True,True,True,True,False,False,False,True,False,1,0,1,
2c242e27d2fcc9610b1fa024,Module_12_CrossDomain,sklearn.datasets.load_breast_cancer,71aa3180a9c8c9abf1e45ef91d8c1dac2592948b3fa58a7da1cc3e16bef8c2df,bc_classifier_v1,breast_cancer_wisconsin,classification_breast_cancer,42,unit_24,16,1,2026-09-02T20:45:00Z,1.0.0,8e7fd68470057c99,0.08384059431335747,0.2,0.1,0.2,0.2,0.0513745872344808,,,,,,NORMAL,True,True,True,True,False,False,False,True,False,1,0,1,
f4113052f5070bff5310ecf1,Module_12_CrossDomain,sklearn.datasets.load_breast_cancer,71aa3180a9c8c9abf1e45ef91d8c1dac2592948b3fa58a7da1cc3e16bef8c2df,bc_classifier_v1,breast_cancer_wisconsin,classification_breast_cancer,42,unit_24,16,2,2026-09-02T20:45:00Z,1.0.0,8e7fd68470057c99,0.08384059431335747,0.2,0.1,0.2,0.2,0.0513745872344808,,,,,,NORMAL,True,True,True,True,False,False,False,True,False,1,0,1,
c07b660c78a3cb7941d1c689,Module_12_CrossDomain,sklearn.datasets.load_breast_cancer,71aa3180a9c8c9abf1e45ef91d8c1dac2592948b3fa58a7da1cc3e16bef8c2df,bc_classifier_v1,breast_cancer_wisconsin,classification_breast_cancer,42,unit_24,16,3,2026-09-02T20:45:00Z,1.0.0,8e7fd68470057c99,0.08384059431335747,0.2,0.1,0.2,0.2,0.0513745872344808,,,,,,NORMAL,True,True,True,True,False,False,False,True,False,1,0,1,
49d279e74c974cf8e29d3c39,Module_12_CrossDomain,sklearn.datasets.load_breast_cancer,71aa3180a9c8c9abf1e45ef91d8c1dac2592948b3fa58a7da1cc3e16bef8c2df,bc_classifier_v1,breast_cancer_wisconsin,classification_breast_cancer,42,unit_24,16,5,2026-09-02T20:45:00Z,1.0.0,8e7fd68470057c99,0.08384059431335747,0.2,0.1,0.2,0.2,0.0513745872344808,,,,,,NORMAL,True,True,True,True,False,False,False,True,False,1,0,1,
6f9607d81da6fbd8dd08f501,Module_12_CrossDomain,sklearn.datasets.load_breast_cancer,71aa3180a9c8c9abf1e45ef91d8c1dac2592948b3fa58a7da1cc3e16bef8c2df,bc_classifier_v1,breast_cancer_wisconsin,classification_breast_cancer,42,unit_24,17,1,2026-09-02T20:45:00Z,1.0.0,8e7fd68470057c99,0.09405611679199906,0.2,0.1,0.2,0.2,0.04860205315368306,,,,,,NORMAL,True,True,True,True,False,False,False,True,False,1,0,0,
2fcc2ff2c6d23eac6faf8e67,Module_12_CrossDomain,sklearn.datasets.load_breast_cancer,71aa3180a9c8c9abf1e45ef91d8c1dac2592948b3fa58a7da1cc3e16bef8c2df,bc_classifier_v1,breast_cancer_wisconsin,classification_breast_cancer,42,unit_24,17,2,2026-09-02T20:45:00Z,1.0.0,8e7fd68470057c99,0.09405611679199906,0.2,0.1,0.2,0.2,0.04860205315368306,,,,,,NORMAL,True,True,True,True,False,False,False,True,False,1,0,0,
a30ab6ea177c7d124a9c870c,Module_12_CrossDomain,sklearn.datasets.load_breast_cancer,71aa3180a9c8c9abf1e45ef91d8c1dac2592948b3fa58a7da1cc3e16bef8c2df,bc_classifier_v1,breast_cancer_wisconsin,classification_breast_cancer,42,unit_24,17,3,2026-09-02T20:45:00Z,1.0.0,8e7fd68470057c99,0.09405611679199906,0.2,0.1,0.2,0.2,0.04860205315368306,,,,,,NORMAL,True,True,True,True,False,False,False,True,False,1,0,0,
68135b74fbb90d38abe6ac44,Module_12_CrossDomain,sklearn.datasets.load_breast_cancer,71aa3180a9c8c9abf1e45ef91d8c1dac2592948b3fa58a7da1cc3e16bef8c2df,bc_classifier_v1,breast_cancer_wisconsin,classification_breast_cancer,42,unit_24,17,5,2026-09-02T20:45:00Z,1.0.0,8e7fd68470057c99,0.09405611679199906,0.2,0.1,0.2,0.2,0.04860205315368306,,,,,,NORMAL,True,True,True,True,False,False,False,True,False,1,0,0,
ca01b2120218a3d9c917bf91,Module_12_CrossDomain,sklearn.datasets.load_breast_cancer,71aa3180a9c8c9abf1e45ef91d8c1dac2592948b3fa58a7da1cc3e16bef8c2df,bc_classifier_v1,breast_cancer_wisconsin,classification_breast_cancer,42,unit_24,18,1,2026-09-02T20:45:00Z,1.0.0,8e7fd68470057c99,0.247596357215903,0.2,0.1,0.2,0.2,0.06150889536719084,,,,,,NORMAL,True,True,True,True,False,False,False,True,False,1,0,0,
6860d2a577238559dd05d5a8,Module_12_CrossDomain,sklearn.datasets.load_breast_cancer,71aa3180a9c8c9abf1e45ef91d8c1dac2592948b3fa58a7da1cc3e16bef8c2df,bc_classifier_v1,breast_cancer_wisconsin,classification_breast_cancer,42,unit_24,18,2,2026-09-02T20:45:00Z,1.0.0,8e7fd68470057c99,0.247596357215903,0.2,0.1,0.2,0.2,0.06150889536719084,,,,,,NORMAL,True,True,True,True,False,False,False,True,False,1,0,0,
c7eeaa5c1512a4317eb0e901,Module_12_CrossDomain,sklearn.datasets.load_breast_cancer,71aa3180a9c8c9abf1e45ef91d8c1dac2592948b3fa58a7da1cc3e16bef8c2df,bc_classifier_v1,breast_cancer_wisconsin,classification_breast_cancer,42,unit_24,18,3,2026-09-02T20:45:00Z,1.0.0,8e7fd68470057c99,0.247596357215903,0.2,0.1,0.2,0.2,0.06150889536719084,,,,,,NORMAL,True,True,True,True,False,False,False,True,False,1,0,0,
65305ead45e514eed0e6b0ac,Module_12_CrossDomain,sklearn.datasets.load_breast_cancer,71aa3180a9c8c9abf1e45ef91d8c1dac2592948b3fa58a7da1cc3e16bef8c2df,bc_classifier_v1,breast_cancer_wisconsin,classification_breast_cancer,42,unit_24,18,5,2026-09-02T20:45:00Z,1.0.0,8e7fd68470057c99,0.247596357215903,0.2,0.1,0.2,0.2,0.06150889536719084,,,,,,NORMAL,True,True,True,True,False,False,False,True,False,1,0,0,
abfb42b50781fe1afd5cf703,Module_12_CrossDomain,sklearn.datasets.load_breast_cancer,71aa3180a9c8c9abf1e45ef91d8c1dac2592948b3fa58a7da1cc3e16bef8c2df,bc_classifier_v1,breast_cancer_wisconsin,classification_breast_cancer,42,unit_24,19,1,2026-09-02T20:45:00Z,1.0.0,8e7fd68470057c99,0.366777452800055,0.2,0.1,0.2,0.2,0.11004288461270208,,,,,,NORMAL,True,True,True,True,False,False,False,True,False,1,0,0,
a6ab2e796d9e2c3f32d6d188,Module_12_CrossDomain,sklearn.datasets.load_breast_cancer,71aa3180a9c8c9abf1e45ef91d8c1dac2592948b3fa58a7da1cc3e16bef8c2df,bc_classifier_v1,breast_cancer_wisconsin,classification_breast_cancer,42,unit_24,19,2,2026-09-02T20:45:00Z,1.0.0,8e7fd68470057c99,0.366777452800055,0.2,0.1,0.2,0.2,0.11004288461270208,,,,,,NORMAL,True,True,True,True,False,False,False,True,False,1,0,0,
8e7cc929d70408370ea1cd37,Module_12_CrossDomain,sklearn.datasets.load_breast_cancer,71aa3180a9c8c9abf1e45ef91d8c1dac2592948b3fa58a7da1cc3e16bef8c2df,bc_classifier_v1,breast_cancer_wisconsin,classification_breast_cancer,42,unit_24,19,3,2026-09-02T20:45:00Z,1.0.0,8e7fd68470057c99,0.366777452800055,0.2,0.1,0.2,0.2,0.11004288461270208,,,,,,NORMAL,True,True,True,True,False,False,False,True,False,1,0,0,
32f351e7e410163e89e37aad,Module_12_CrossDomain,sklearn.datasets.load_breast_cancer,71aa3180a9c8c9abf1e45ef91d8c1dac2592948b3fa58a7da1cc3e16bef8c2df,bc_classifier_v1,breast_cancer_wisconsin,classification_breast_cancer,42,unit_24,19,5,2026-09-02T20:45:00Z,1.0.0,8e7fd68470057c99,0.366777452800055,0.2,0.1,0.2,0.2,0.11004288461270208,,,,,,NORMAL,True,True,True,True,False,False,False,True,False,1,0,0,
ed484d69f364cf48a5c850c4,Module_12_CrossDomain,sklearn.datasets.load_breast_cancer,71aa3180a9c8c9abf1e45ef91d8c1dac2592948b3fa58a7da1cc3e16bef8c2df,bc_classifier_v1,breast_cancer_wisconsin,classification_breast_cancer,42,unit_25,0,1,2026-09-02T20:45:00Z,1.0.0,8e7fd68470057c99,0.05179884304193917,0.2,0.1,0.2,0.2,0.06172243825367041,,,,,,NORMAL,True,True,True,True,False,False,False,True,False,1,0,0,0.0
cd68fde3b6312c59b17b0c06,Module_12_CrossDomain,sklearn.datasets.load_breast_cancer,71aa3180a9c8c9abf1e45ef91d8c1dac2592948b3fa58a7da1cc3e16bef8c2df,bc_classifier_v1,breast_cancer_wisconsin,classification_breast_cancer,42,unit_25,0,2,2026-09-02T20:45:00Z,1.0.0,8e7fd68470057c99,0.05179884304193917,0.2,0.1,0.2,0.2,0.06172243825367041,,,,,,NORMAL,True,True,True,True,False,False,False,True,False,1,0,1,0.0
75720fc23f0f0a5fe328e5d8,Module_12_CrossDomain,sklearn.datasets.load_breast_cancer,71aa3180a9c8c9abf1e45ef91d8c1dac2592948b3fa58a7da1cc3e16bef8c2df,bc_classifier_v1,breast_cancer_wisconsin,classification_breast_cancer,42,unit_25,0,3,2026-09-02T20:45:00Z,1.0.0,8e7fd68470057c99,0.05179884304193917,0.2,0.1,0.2,0.2,0.06172243825367041,,,,,,NORMAL,True,True,True,True,False,False,False,True,False,1,0,1,0.0
49d477f79e124b801370b1b9,Module_12_CrossDomain,sklearn.datasets.load_breast_cancer,71aa3180a9c8c9abf1e45ef91d8c1dac2592948b3fa58a7da1cc3e16bef8c2df,bc_classifier_v1,breast_cancer_wisconsin,classification_breast_cancer,42,unit_25,0,5,2026-09-02T20:45:00Z,1.0.0,8e7fd68470057c99,0.05179884304193917,0.2,0.1,0.2,0.2,0.06172243825367041,,,,,,NORMAL,True,True,True,True,False,False,False,True,False,1,0,1,0.0
d36e40f4fe98cd91150dd142,Module_12_CrossDomain,sklearn.datasets.load_breast_cancer,71aa3180a9c8c9abf1e45ef91d8c1dac2592948b3fa58a7da1cc3e16bef8c2df,bc_classifier_v1,breast_cancer_wisconsin,classification_breast_cancer,42,unit_25,1,1,2026-09-02T20:45:00Z,1.0.0,8e7fd68470057c99,0.017439698202187125,0.2,0.1,0.2,0.2,0.07464320109356874,,,,,,NORMAL,True,True,True,True,False,False,False,True,False,1,0,1,
994d3acfff194a79ff701f51,Module_12_CrossDomain,sklearn.datasets.load_breast_cancer,71aa3180a9c8c9abf1e45ef91d8c1dac2592948b3fa58a7da1cc3e16bef8c2df,bc_classifier_v1,breast_cancer_wisconsin,classification_breast_cancer,42,unit_25,1,2,2026-09-02T20:45:00Z,1.0.0,8e7fd68470057c99,0.017439698202187125,0.2,0.1,0.2,0.2,0.07464320109356874,,,,,,NORMAL,True,True,True,True,False,False,False,True,False,1,0,1,
08c998dfd74d5fc70990c452,Module_12_CrossDomain,sklearn.datasets.load_breast_cancer,71aa3180a9c8c9abf1e45ef91d8c1dac2592948b3fa58a7da1cc3e16bef8c2df,bc_classifier_v1,breast_cancer_wisconsin,classification_breast_cancer,42,unit_25,1,3,2026-09-02T20:45:00Z,1.0.0,8e7fd68470057c99,0.017439698202187125,0.2,0.1,0.2,0.2,0.07464320109356874,,,,,,NORMAL,True,True,True,True,False,False,False,True,False,1,0,1,
d873c0617120d185cb8786a8,Module_12_CrossDomain,sklearn.datasets.load_breast_cancer,71aa3180a9c8c9abf1e45ef91d8c1dac2592948b3fa58a7da1cc3e16bef8c2df,bc_classifier_v1,breast_cancer_wisconsin,classification_breast_cancer,42,unit_25,1,5,2026-09-02T20:45:00Z,1.0.0,8e7fd68470057c99,0.017439698202187125,0.2,0.1,0.2,0.2,0.07464320109356874,,,,,,NORMAL,True,True,True,True,False,False,False,True,False,1,0,1,
148cb1fffc674a1910af5085,Module_12_CrossDomain,sklearn.datasets.load_breast_cancer,71aa3180a9c8c9abf1e45ef91d8c1dac2592948b3fa58a7da1cc3e16bef8c2df,bc_classifier_v1,breast_cancer_wisconsin,classification_breast_cancer,42,unit_25,2,1,2026-09-02T20:45:00Z,1.0.0,8e7fd68470057c99,0.09008341360586074,0.2,0.1,0.2,0.2,0.049643165189460665,,,,,,NORMAL,True,True,True,True,False,False,False,True,False,1,0,0,
ea04aecd0331cde7554978ff,Module_12_CrossDomain,sklearn.datasets.load_breast_cancer,71aa3180a9c8c9abf1e45ef91d8c1dac2592948b3fa58a7da1cc3e16bef8c2df,bc_classifier_v1,breast_cancer_wisconsin,classification_breast_cancer,42,unit_25,2,2,2026-09-02T20:45:00Z,1.0.0,8e7fd68470057c99,0.09008341360586074,0.2,0.1,0.2,0.2,0.049643165189460665,,,,,,NORMAL,True,True,True,True,False,False,False,True,False,1,0,1,
6f57576ff9449fe4417cd16c,Module_12_CrossDomain,sklearn.datasets.load_breast_cancer,71aa3180a9c8c9abf1e45ef91d8c1dac2592948b3fa58a7da1cc3e16bef8c2df,bc_classifier_v1,breast_cancer_wisconsin,classification_breast_cancer,42,unit_25,2,3,2026-09-02T20:45:00Z,1.0.0,8e7fd68470057c99,0.09008341360586074,0.2,0.1,0.2,0.2,0.049643165189460665,,,,,,NORMAL,True,True,True,True,False,False,False,True,False,1,0,1,
16f4237358368a30fc4d8cc9,Module_12_CrossDomain,sklearn.datasets.load_breast_cancer,71aa3180a9c8c9abf1e45ef91d8c1dac2592948b3fa58a7da1cc3e16bef8c2df,bc_classifier_v1,breast_cancer_wisconsin,classification_breast_cancer,42,unit_25,2,5,2026-09-02T20:45:00Z,1.0.0,8e7fd68470057c99,0.09008341360586074,0.2,0.1,0.2,0.2,0.049643165189460665,,,,,,NORMAL,True,True,True,True,False,False,False,True,False,1,0,1,
d05201760264c543c55bfe41,Module_12_CrossDomain,sklearn.datasets.load_breast_cancer,71aa3180a9c8c9abf1e45ef91d8c1dac2592948b3fa58a7da1cc3e16bef8c2df,bc_classifier_v1,breast_cancer_wisconsin,classification_breast_cancer,42,unit_25,3,1,2026-09-02T20:45:00Z,1.0.0,8e7fd68470057c99,0.5086597094478549,0.2,0.1,0.2,0.2,0.1739328013159231,,,,,,NORMAL,True,True,True,True,False,False,False,True,False,1,0,1,
253308bfcb2e07d102016a91,Module_12_CrossDomain,sklearn.datasets.load_breast_cancer,71aa3180a9c8c9abf1e45ef91d8c1dac2592948b3fa58a7da1cc3e16bef8c2df,bc_classifier_v1,breast_cancer_wisconsin,classification_breast_cancer,42,unit_25,3,2,2026-09-02T20:45:00Z,1.0.0,8e7fd68470057c99,0.5086597094478549,0.2,0.1,0.2,0.2,0.1739328013159231,,,,,,NORMAL,True,True,True,True,False,False,False,True,False,1,0,1,
be7b2a74fae36e247ac71c0e,Module_12_CrossDomain,sklearn.datasets.load_breast_cancer,71aa3180a9c8c9abf1e45ef91d8c1dac2592948b3fa58a7da1cc3e16bef8c2df,bc_classifier_v1,breast_cancer_wisconsin,classification_breast_cancer,42,unit_25,3,3,2026-09-02T20:45:00Z,1.0.0,8e7fd68470057c99,0.5086597094478549,0.2,0.1,0.2,0.2,0.1739328013159231,,,,,,NORMAL,True,True,True,True,False,False,False,True,False,1,0,1,
221fa6be216f3c62568e3a25,Module_12_CrossDomain,sklearn.datasets.load_breast_cancer,71aa3180a9c8c9abf1e45ef91d8c1dac2592948b3fa58a7da1cc3e16bef8c2df,bc_classifier_v1,breast_cancer_wisconsin,classification_breast_cancer,42,unit_25,3,5,2026-09-02T20:45:00Z,1.0.0,8e7fd68470057c99,0.5086597094478549,0.2,0.1,0.2,0.2,0.1739328013159231,,,,,,NORMAL,True,True,True,True,False,False,False,True,False,1,0,1,
cd85c8aef83534df606be448,Module_12_CrossDomain,sklearn.datasets.load_breast_cancer,71aa3180a9c8c9abf1e45ef91d8c1dac2592948b3fa58a7da1cc3e16bef8c2df,bc_classifier_v1,breast_cancer_wisconsin,classification_breast_cancer,42,unit_25,4,1,2026-09-02T20:45:00Z,1.0.0,8e7fd68470057c99,0.27577891110650116,0.2,0.1,0.2,0.2,0.07198816952054941,,,,,,NORMAL,True,True,True,True,False,False,False,True,False,1,0,1,
addfb8ef9699cd3b4db17214,Module_12_CrossDomain,sklearn.datasets.load_breast_cancer,71aa3180a9c8c9abf1e45ef91d8c1dac2592948b3fa58a7da1cc3e16bef8c2df,bc_classifier_v1,breast_cancer_wisconsin,classification_breast_cancer,42,unit_25,4,2,2026-09-02T20:45:00Z,1.0.0,8e7fd68470057c99,0.27577891110650116,0.2,0.1,0.2,0.2,0.07198816952054941,,,,,,NORMAL,True,True,True,True,False,False,False,True,False,1,0,1,
168e72f2817844ea36533dc0,Module_12_CrossDomain,sklearn.datasets.load_breast_cancer,71aa3180a9c8c9abf1e45ef91d8c1dac2592948b3fa58a7da1cc3e16bef8c2df,bc_classifier_v1,breast_cancer_wisconsin,classification_breast_cancer,42,unit_25,4,3,2026-09-02T20:45:00Z,1.0.0,8e7fd68470057c99,0.27577891110650116,0.2,0.1,0.2,0.2,0.07198816952054941,,,,,,NORMAL,True,True,True,True,False,False,False,True,False,1,0,1,
5d71228a43aa4d0ed4571cb8,Module_12_CrossDomain,sklearn.datasets.load_breast_cancer,71aa3180a9c8c9abf1e45ef91d8c1dac2592948b3fa58a7da1cc3e16bef8c2df,bc_classifier_v1,breast_cancer_wisconsin,classification_breast_cancer,42,unit_25,4,5,2026-09-02T20:45:00Z,1.0.0,8e7fd68470057c99,0.27577891110650116,0.2,0.1,0.2,0.2,0.07198816952054941,,,,,,NORMAL,True,True,True,True,False,False,False,True,False,1,0,1,
36f3b32f55dedf7f3e3b9814,Module_12_CrossDomain,sklearn.datasets.load_breast_cancer,71aa3180a9c8c9abf1e45ef91d8c1dac2592948b3fa58a7da1cc3e16bef8c2df,bc_classifier_v1,breast_cancer_wisconsin,classification_breast_cancer,42,unit_25,5,1,2026-09-02T20:45:00Z,1.0.0,8e7fd68470057c99,0.25262372682158024,0.2,0.1,0.2,0.2,0.06330109584227911,,,,,,NORMAL,True,True,True,True,False,False,False,True,False,1,0,1,
971791c5d37bc1bdf2039a80,Module_12_CrossDomain,sklearn.datasets.load_breast_cancer,71aa3180a9c8c9abf1e45ef91d8c1dac2592948b3fa58a7da1cc3e16bef8c2df,bc_classifier_v1,breast_cancer_wisconsin,classification_breast_cancer,42,unit_25,5,2,2026-09-02T20:45:00Z,1.0.0,8e7fd68470057c99,0.25262372682158024,0.2,0.1,0.2,0.2,0.06330109584227911,,,,,,NORMAL,True,True,True,True,False,False,False,True,False,1,0,1,
a26954e84b883ba5cc67f397,Module_12_CrossDomain,sklearn.datasets.load_breast_cancer,71aa3180a9c8c9abf1e45ef91d8c1dac2592948b3fa58a7da1cc3e16bef8c2df,bc_classifier_v1,breast_cancer_wisconsin,classification_breast_cancer,42,unit_25,5,3,2026-09-02T20:45:00Z,1.0.0,8e7fd68470057c99,0.25262372682158024,0.2,0.1,0.2,0.2,0.06330109584227911,,,,,,NORMAL,True,True,True,True,False,False,False,True,False,1,0,1,
0a3ba09a73b0f1bc8d9bda04,Module_12_CrossDomain,sklearn.datasets.load_breast_cancer,71aa3180a9c8c9abf1e45ef91d8c1dac2592948b3fa58a7da1cc3e16bef8c2df,bc_classifier_v1,breast_cancer_wisconsin,classification_breast_cancer,42,unit_25,5,5,2026-09-02T20:45:00Z,1.0.0,8e7fd68470057c99,0.25262372682158024,0.2,0.1,0.2,0.2,0.06330109584227911,,,,,,NORMAL,True,True,True,True,False,False,False,True,False,1,0,1,
334d685ca4f8fe8ca11e98fd,Module_12_CrossDomain,sklearn.datasets.load_breast_cancer,71aa3180a9c8c9abf1e45ef91d8c1dac2592948b3fa58a7da1cc3e16bef8c2df,bc_classifier_v1,breast_cancer_wisconsin,classification_breast_cancer,42,unit_25,6,1,2026-09-02T20:45:00Z,1.0.0,8e7fd68470057c99,0.10824434245677905,0.2,0.1,0.2,0.2,0.04532238822987241,,,,,,NORMAL,True,True,True,True,False,False,False,True,False,1,0,1,
a0767b01d9ccd4df100d0710,Module_12_CrossDomain,sklearn.datasets.load_breast_cancer,71aa3180a9c8c9abf1e45ef91d8c1dac2592948b3fa58a7da1cc3e16bef8c2df,bc_classifier_v1,breast_cancer_wisconsin,classification_breast_cancer,42,unit_25,6,2,2026-09-02T20:45:00Z,1.0.0,8e7fd68470057c99,0.10824434245677905,0.2,0.1,0.2,0.2,0.04532238822987241,,,,,,NORMAL,True,True,True,True,False,False,False,True,False,1,0,1,
e72fae064e5d860b4ef3d614,Module_12_CrossDomain,sklearn.datasets.load_breast_cancer,71aa3180a9c8c9abf1e45ef91d8c1dac2592948b3fa58a7da1cc3e16bef8c2df,bc_classifier_v1,breast_cancer_wisconsin,classification_breast_cancer,42,unit_25,6,3,2026-09-02T20:45:00Z,1.0.0,8e7fd68470057c99,0.10824434245677905,0.2,0.1,0.2,0.2,0.04532238822987241,,,,,,NORMAL,True,True,True,True,False,False,False,True,False,1,0,1,
d07ca01d0d494dd70b3ced01,Module_12_CrossDomain,sklearn.datasets.load_breast_cancer,71aa3180a9c8c9abf1e45ef91d8c1dac2592948b3fa58a7da1cc3e16bef8c2df,bc_classifier_v1,breast_cancer_wisconsin,classification_breast_cancer,42,unit_25,6,5,2026-09-02T20:45:00Z,1.0.0,8e7fd68470057c99,0.10824434245677905,0.2,0.1,0.2,0.2,0.04532238822987241,,,,,,NORMAL,True,True,True,True,False,False,False,True,False,1,0,1,
359f5c5a79af8a4beb3bee99,Module_12_CrossDomain,sklearn.datasets.load_breast_cancer,71aa3180a9c8c9abf1e45ef91d8c1dac2592948b3fa58a7da1cc3e16bef8c2df,bc_classifier_v1,breast_cancer_wisconsin,classification_breast_cancer,42,unit_25,7,1,2026-09-02T20:45:00Z,1.0.0,8e7fd68470057c99,0.1740777095413582,0.2,0.1,0.2,0.2,0.04237330421846602,,,,,,NORMAL,True,True,True,True,False,False,False,True,False,1,0,1,
2e2474cf7d25e8bf7e3053b9,Module_12_CrossDomain,sklearn.datasets.load_breast_cancer,71aa3180a9c8c9abf1e45ef91d8c1dac2592948b3fa58a7da1cc3e16bef8c2df,bc_classifier_v1,breast_cancer_wisconsin,classification_breast_cancer,42,unit_25,7,2,2026-09-02T20:45:00Z,1.0.0,8e7fd68470057c99,0.1740777095413582,0.2,0.1,0.2,0.2,0.04237330421846602,,,,,,NORMAL,True,True,True,True,False,False,False,True,False,1,0,1,
c9c90d5a88e8c055150376f4,Module_12_CrossDomain,sklearn.datasets.load_breast_cancer,71aa3180a9c8c9abf1e45ef91d8c1dac2592948b3fa58a7da1cc3e16bef8c2df,bc_classifier_v1,breast_cancer_wisconsin,classification_breast_cancer,42,unit_25,7,3,2026-09-02T20:45:00Z,1.0.0,8e7fd68470057c99,0.1740777095413582,0.2,0.1,0.2,0.2,0.04237330421846602,,,,,,NORMAL,True,True,True,True,False,False,False,True,False,1,0,1,
f764003dd44fd385cfa60c0a,Module_12_CrossDomain,sklearn.datasets.load_breast_cancer,71aa3180a9c8c9abf1e45ef91d8c1dac2592948b3fa58a7da1cc3e16bef8c2df,bc_classifier_v1,breast_cancer_wisconsin,classification_breast_cancer,42,unit_25,7,5,2026-09-02T20:45:00Z,1.0.0,8e7fd68470057c99,0.1740777095413582,0.2,0.1,0.2,0.2,0.04237330421846602,,,,,,NORMAL,True,True,True,True,False,False,False,True,False,1,0,1,
37c1d8da9b4d3219d714284b,Module_12_CrossDomain,sklearn.datasets.load_breast_cancer,71aa3180a9c8c9abf1e45ef91d8c1dac2592948b3fa58a7da1cc3e16bef8c2df,bc_classifier_v1,breast_cancer_wisconsin,classification_breast_cancer,42,unit_25,8,1,2026-09-02T20:45:00Z,1.0.0,8e7fd68470057c99,0.12330750039243041,0.2,0.1,0.2,0.2,0.04271999150879052,,,,,,NORMAL,True,True,True,True,False,False,False,True,False,1,0,0,
8caf5160e15d12411b920129,Module_12_CrossDomain,sklearn.datasets.load_breast_cancer,71aa3180a9c8c9abf1e45ef91d8c1dac2592948b3fa58a7da1cc3e16bef8c2df,bc_classifier_v1,breast_cancer_wisconsin,classification_breast_cancer,42,unit_25,8,2,2026-09-02T20:45:00Z,1.0.0,8e7fd68470057c99,0.12330750039243041,0.2,0.1,0.2,0.2,0.04271999150879052,,,,,,NORMAL,True,True,True,True,False,False,False,True,False,1,0,1,
43a85543aaa17bf61b38f1fb,Module_12_CrossDomain,sklearn.datasets.load_breast_cancer,71aa3180a9c8c9abf1e45ef91d8c1dac2592948b3fa58a7da1cc3e16bef8c2df,bc_classifier_v1,breast_cancer_wisconsin,classification_breast_cancer,42,unit_25,8,3,2026-09-02T20:45:00Z,1.0.0,8e7fd68470057c99,0.12330750039243041,0.2,0.1,0.2,0.2,0.04271999150879052,,,,,,NORMAL,True,True,True,True,False,False,False,True,False,1,0,1,
e097802ada1be69e1c9ab18e,Module_12_CrossDomain,sklearn.datasets.load_breast_cancer,71aa3180a9c8c9abf1e45ef91d8c1dac2592948b3fa58a7da1cc3e16bef8c2df,bc_classifier_v1,breast_cancer_wisconsin,classification_breast_cancer,42,unit_25,8,5,2026-09-02T20:45:00Z,1.0.0,8e7fd68470057c99,0.12330750039243041,0.2,0.1,0.2,0.2,0.04271999150879052,,,,,,NORMAL,True,True,True,True,False,False,False,True,False,1,0,1,
a1c57c93f316b282f623d24d,Module_12_CrossDomain,sklearn.datasets.load_breast_cancer,71aa3180a9c8c9abf1e45ef91d8c1dac2592948b3fa58a7da1cc3e16bef8c2df,bc_classifier_v1,breast_cancer_wisconsin,classification_breast_cancer,42,unit_25,9,1,2026-09-02T20:45:00Z,1.0.0,8e7fd68470057c99,0.07563506215876965,0.2,0.1,0.2,0.2,0.05381066391655108,,,,,,NORMAL,True,True,True,True,False,False,False,True,False,1,0,1,
e7e3bb7b798e9fb00afca7ea,Module_12_CrossDomain,sklearn.datasets.load_breast_cancer,71aa3180a9c8c9abf1e45ef91d8c1dac2592948b3fa58a7da1cc3e16bef8c2df,bc_classifier_v1,breast_cancer_wisconsin,classification_breast_cancer,42,unit_25,9,2,2026-09-02T20:45:00Z,1.0.0,8e7fd68470057c99,0.07563506215876965,0.2,0.1,0.2,0.2,0.05381066391655108,,,,,,NORMAL,True,True,True,True,False,False,False,True,False,1,0,1,
707962aa8d98e8328aff2171,Module_12_CrossDomain,sklearn.datasets.load_breast_cancer,71aa3180a9c8c9abf1e45ef91d8c1dac2592948b3fa58a7da1cc3e16bef8c2df,bc_classifier_v1,breast_cancer_wisconsin,classification_breast_cancer,42,unit_25,9,3,2026-09-02T20:45:00Z,1.0.0,8e7fd68470057c99,0.07563506215876965,0.2,0.1,0.2,0.2,0.05381066391655108,,,,,,NORMAL,True,True,True,True,False,False,False,True,False,1,0,1,
9f66a951a824f87c27225831,Module_12_CrossDomain,sklearn.datasets.load_breast_cancer,71aa3180a9c8c9abf1e45ef91d8c1dac2592948b3fa58a7da1cc3e16bef8c2df,bc_classifier_v1,breast_cancer_wisconsin,classification_breast_cancer,42,unit_25,9,5,2026-09-02T20:45:00Z,1.0.0,8e7fd68470057c99,0.07563506215876965,0.2,0.1,0.2,0.2,0.05381066391655108,,,,,,NORMAL,True,True,True,True,False,False,False,True,False,1,0,1,
35612f78a8151a73dcfe6511,Module_12_CrossDomain,sklearn.datasets.load_breast_cancer,71aa3180a9c8c9abf1e45ef91d8c1dac2592948b3fa58a7da1cc3e16bef8c2df,bc_classifier_v1,breast_cancer_wisconsin,classification_breast_cancer,42,unit_25,10,1,2026-09-02T20:45:00Z,1.0.0,8e7fd68470057c99,0.13548573573315664,0.2,0.1,0.2,0.2,0.04139421287305151,,,,,,NORMAL,True,True,True,True,False,False,False,True,False,1,0,1,
c48a290e46025ecb84624e46,Module_12_CrossDomain,sklearn.datasets.load_breast_cancer,71aa3180a9c8c9abf1e45ef91d8c1dac2592948b3fa58a7da1cc3e16bef8c2df,bc_classifier_v1,breast_cancer_wisconsin,classification_breast_cancer,42,unit_25,10,2,2026-09-02T20:45:00Z,1.0.0,8e7fd68470057c99,0.13548573573315664,0.2,0.1,0.2,0.2,0.04139421287305151,,,,,,NORMAL,True,True,True,True,False,False,False,True,False,1,0,1,
aa6e25bd236a6dc652b8a8ad,Module_12_CrossDomain,sklearn.datasets.load_breast_cancer,71aa3180a9c8c9abf1e45ef91d8c1dac2592948b3fa58a7da1cc3e16bef8c2df,bc_classifier_v1,breast_cancer_wisconsin,classification_breast_cancer,42,unit_25,10,3,2026-09-02T20:45:00Z,1.0.0,8e7fd68470057c99,0.13548573573315664,0.2,0.1,0.2,0.2,0.04139421287305151,,,,,,NORMAL,True,True,True,True,False,False,False,True,False,1,0,1,
b8922bff52a46bca9a0124e6,Module_12_CrossDomain,sklearn.datasets.load_breast_cancer,71aa3180a9c8c9abf1e45ef91d8c1dac2592948b3fa58a7da1cc3e16bef8c2df,bc_classifier_v1,breast_cancer_wisconsin,classification_breast_cancer,42,unit_25,10,5,2026-09-02T20:45:00Z,1.0.0,8e7fd68470057c99,0.13548573573315664,0.2,0.1,0.2,0.2,0.04139421287305151,,,,,,NORMAL,True,True,True,True,False,False,False,True,False,1,0,1,
1658cecd535ca5b85f7da51b,Module_12_CrossDomain,sklearn.datasets.load_breast_cancer,71aa3180a9c8c9abf1e45ef91d8c1dac2592948b3fa58a7da1cc3e16bef8c2df,bc_classifier_v1,breast_cancer_wisconsin,classification_breast_cancer,42,unit_25,11,1,2026-09-02T20:45:00Z,1.0.0,8e7fd68470057c99,0.03874567543034165,0.2,0.1,0.2,0.2,0.06646222776125614,,,,,,NORMAL,True,True,True,True,False,False,False,True,False,1,0,0,
1f460a97d213162b8b1a1210,Module_12_CrossDomain,sklearn.datasets.load_breast_cancer,71aa3180a9c8c9abf1e45ef91d8c1dac2592948b3fa58a7da1cc3e16bef8c2df,bc_classifier_v1,breast_cancer_wisconsin,classification_breast_cancer,42,unit_25,11,2,2026-09-02T20:45:00Z,1.0.0,8e7fd68470057c99,0.03874567543034165,0.2,0.1,0.2,0.2,0.06646222776125614,,,,,,NORMAL,True,True,True,True,False,False,False,True,False,1,0,1,
c7395bda46159b07e8f90297,Module_12_CrossDomain,sklearn.datasets.load_breast_cancer,71aa3180a9c8c9abf1e45ef91d8c1dac2592948b3fa58a7da1cc3e16bef8c2df,bc_classifier_v1,breast_cancer_wisconsin,classification_breast_cancer,42,unit_25,11,3,2026-09-02T20:45:00Z,1.0.0,8e7fd68470057c99,0.03874567543034165,0.2,0.1,0.2,0.2,0.06646222776125614,,,,,,NORMAL,True,True,True,True,False,False,False,True,False,1,0,1,
3ddd228b0a3f654f5e3b558d,Module_12_CrossDomain,sklearn.datasets.load_breast_cancer,71aa3180a9c8c9abf1e45ef91d8c1dac2592948b3fa58a7da1cc3e16bef8c2df,bc_classifier_v1,breast_cancer_wisconsin,classification_breast_cancer,42,unit_25,11,5,2026-09-02T20:45:00Z,1.0.0,8e7fd68470057c99,0.03874567543034165,0.2,0.1,0.2,0.2,0.06646222776125614,,,,,,NORMAL,True,True,True,True,False,False,False,True,False,1,0,1,
658664eb5ecd974af5b6a2d8,Module_12_CrossDomain,sklearn.datasets.load_breast_cancer,71aa3180a9c8c9abf1e45ef91d8c1dac2592948b3fa58a7da1cc3e16bef8c2df,bc_classifier_v1,breast_cancer_wisconsin,classification_breast_cancer,42,unit_25,12,1,2026-09-02T20:45:00Z,1.0.0,8e7fd68470057c99,0.0412759173190175,0.2,0.1,0.2,0.2,0.06552510317058496,,,,,,NORMAL,True,True,True,True,False,False,False,True,False,1,0,1,
06bb66e232a6389f0160c2aa,Module_12_CrossDomain,sklearn.datasets.load_breast_cancer,71aa3180a9c8c9abf1e45ef91d8c1dac2592948b3fa58a7da1cc3e16bef8c2df,bc_classifier_v1,breast_cancer_wisconsin,classification_breast_cancer,42,unit_25,12,2,2026-09-02T20:45:00Z,1.0.0,8e7fd68470057c99,0.0412759173190175,0.2,0.1,0.2,0.2,0.06552510317058496,,,,,,NORMAL,True,True,True,True,False,False,False,True,False,1,0,1,
0fa0d36aa6dc25bf09acf634,Module_12_CrossDomain,sklearn.datasets.load_breast_cancer,71aa3180a9c8c9abf1e45ef91d8c1dac2592948b3fa58a7da1cc3e16bef8c2df,bc_classifier_v1,breast_cancer_wisconsin,classification_breast_cancer,42,unit_25,12,3,2026-09-02T20:45:00Z,1.0.0,8e7fd68470057c99,0.0412759173190175,0.2,0.1,0.2,0.2,0.06552510317058496,,,,,,NORMAL,True,True,True,True,False,False,False,True,False,1,0,1,
b173fa26b5d909a3926c7f57,Module_12_CrossDomain,sklearn.datasets.load_breast_cancer,71aa3180a9c8c9abf1e45ef91d8c1dac2592948b3fa58a7da1cc3e16bef8c2df,bc_classifier_v1,breast_cancer_wisconsin,classification_breast_cancer,42,unit_25,12,5,2026-09-02T20:45:00Z,1.0.0,8e7fd68470057c99,0.0412759173190175,0.2,0.1,0.2,0.2,0.06552510317058496,,,,,,NORMAL,True,True,True,True,False,False,False,True,False,1,0,1,
68a0341b36fe4bf2e2a4e464,Module_12_CrossDomain,sklearn.datasets.load_breast_cancer,71aa3180a9c8c9abf1e45ef91d8c1dac2592948b3fa58a7da1cc3e16bef8c2df,bc_classifier_v1,breast_cancer_wisconsin,classification_breast_cancer,42,unit_25,13,1,2026-09-02T20:45:00Z,1.0.0,8e7fd68470057c99,0.025692507818744038,0.2,0.1,0.2,0.2,0.07141794454304888,,,,,,NORMAL,True,True,True,True,False,False,False,True,False,1,0,0,
3621a0509aeee56986d81481,Module_12_CrossDomain,sklearn.datasets.load_breast_cancer,71aa3180a9c8c9abf1e45ef91d8c1dac2592948b3fa58a7da1cc3e16bef8c2df,bc_classifier_v1,breast_cancer_wisconsin,classification_breast_cancer,42,unit_25,13,2,2026-09-02T20:45:00Z,1.0.0,8e7fd68470057c99,0.025692507818744038,0.2,0.1,0.2,0.2,0.07141794454304888,,,,,,NORMAL,True,True,True,True,False,False,False,True,False,1,0,1,
d95ba0828afdb2e98064ecda,Module_12_CrossDomain,sklearn.datasets.load_breast_cancer,71aa3180a9c8c9abf1e45ef91d8c1dac2592948b3fa58a7da1cc3e16bef8c2df,bc_classifier_v1,breast_cancer_wisconsin,classification_breast_cancer,42,unit_25,13,3,2026-09-02T20:45:00Z,1.0.0,8e7fd68470057c99,0.025692507818744038,0.2,0.1,0.2,0.2,0.07141794454304888,,,,,,NORMAL,True,True,True,True,False,False,False,True,False,1,0,1,
a0b9260be7da97fc3040d493,Module_12_CrossDomain,sklearn.datasets.load_breast_cancer,71aa3180a9c8c9abf1e45ef91d8c1dac2592948b3fa58a7da1cc3e16bef8c2df,bc_classifier_v1,breast_cancer_wisconsin,classification_breast_cancer,42,unit_25,13,5,2026-09-02T20:45:00Z,1.0.0,8e7fd68470057c99,0.025692507818744038,0.2,0.1,0.2,0.2,0.07141794454304888,,,,,,NORMAL,True,True,True,True,False,False,False,True,False,1,0,1,
3dd97e1b2634dce0815833af,Module_12_CrossDomain,sklearn.datasets.load_breast_cancer,71aa3180a9c8c9abf1e45ef91d8c1dac2592948b3fa58a7da1cc3e16bef8c2df,bc_classifier_v1,breast_cancer_wisconsin,classification_breast_cancer,42,unit_25,14,1,2026-09-02T20:45:00Z,1.0.0,8e7fd68470057c99,0.05236637206853045,0.2,0.1,0.2,0.2,0.0615220381526646,,,,,,NORMAL,True,True,True,True,False,False,False,True,False,1,0,1,
e265f2d37b83d65c06248651,Module_12_CrossDomain,sklearn.datasets.load_breast_cancer,71aa3180a9c8c9abf1e45ef91d8c1dac2592948b3fa58a7da1cc3e16bef8c2df,bc_classifier_v1,breast_cancer_wisconsin,classification_breast_cancer,42,unit_25,14,2,2026-09-02T20:45:00Z,1.0.0,8e7fd68470057c99,0.05236637206853045,0.2,0.1,0.2,0.2,0.0615220381526646,,,,,,NORMAL,True,True,True,True,False,False,False,True,False,1,0,1,
9e5e023d029c91c5028de2d9,Module_12_CrossDomain,sklearn.datasets.load_breast_cancer,71aa3180a9c8c9abf1e45ef91d8c1dac2592948b3fa58a7da1cc3e16bef8c2df,bc_classifier_v1,breast_cancer_wisconsin,classification_breast_cancer,42,unit_25,14,3,2026-09-02T20:45:00Z,1.0.0,8e7fd68470057c99,0.05236637206853045,0.2,0.1,0.2,0.2,0.0615220381526646,,,,,,NORMAL,True,True,True,True,False,False,False,True,False,1,0,1,
5662b3200b819414c5cf51fe,Module_12_CrossDomain,sklearn.datasets.load_breast_cancer,71aa3180a9c8c9abf1e45ef91d8c1dac2592948b3fa58a7da1cc3e16bef8c2df,bc_classifier_v1,breast_cancer_wisconsin,classification_breast_cancer,42,unit_25,14,5,2026-09-02T20:45:00Z,1.0.0,8e7fd68470057c99,0.05236637206853045,0.2,0.1,0.2,0.2,0.0615220381526646,,,,,,NORMAL,True,True,True,True,False,False,False,True,False,1,0,1,
e8c1830eac29d703a9d7a3f7,Module_12_CrossDomain,sklearn.datasets.load_breast_cancer,71aa3180a9c8c9abf1e45ef91d8c1dac2592948b3fa58a7da1cc3e16bef8c2df,bc_classifier_v1,breast_cancer_wisconsin,classification_breast_cancer,42,unit_25,15,1,2026-09-02T20:45:00Z,1.0.0,8e7fd68470057c99,0.15818689679680467,0.2,0.1,0.2,0.2,0.041006843003906154,,,,,,NORMAL,True,True,True,True,False,False,False,True,False,1,0,0,
93eea78024a46b9355da69d2,Module_12_CrossDomain,sklearn.datasets.load_breast_cancer,71aa3180a9c8c9abf1e45ef91d8c1dac2592948b3fa58a7da1cc3e16bef8c2df,bc_classifier_v1,breast_cancer_wisconsin,classification_breast_cancer,42,unit_25,15,2,2026-09-02T20:45:00Z,1.0.0,8e7fd68470057c99,0.15818689679680467,0.2,0.1,0.2,0.2,0.041006843003906154,,,,,,NORMAL,True,True,True,True,False,False,False,True,False,1,0,0,
b8937597aa37b1f3ebff927b,Module_12_CrossDomain,sklearn.datasets.load_breast_cancer,71aa3180a9c8c9abf1e45ef91d8c1dac2592948b3fa58a7da1cc3e16bef8c2df,bc_classifier_v1,breast_cancer_wisconsin,classification_breast_cancer,42,unit_25,15,3,2026-09-02T20:45:00Z,1.0.0,8e7fd68470057c99,0.15818689679680467,0.2,0.1,0.2,0.2,0.041006843003906154,,,,,,NORMAL,True,True,True,True,False,False,False,True,False,1,0,1,
00cf60e5c321888e8928cd07,Module_12_CrossDomain,sklearn.datasets.load_breast_cancer,71aa3180a9c8c9abf1e45ef91d8c1dac2592948b3fa58a7da1cc3e16bef8c2df,bc_classifier_v1,breast_cancer_wisconsin,classification_breast_cancer,42,unit_25,15,5,2026-09-02T20:45:00Z,1.0.0,8e7fd68470057c99,0.15818689679680467,0.2,0.1,0.2,0.2,0.041006843003906154,,,,,,NORMAL,True,True,True,True,False,False,False,True,False,1,0,1,
510233460cbde92dacf336e2,Module_12_CrossDomain,sklearn.datasets.load_breast_cancer,71aa3180a9c8c9abf1e45ef91d8c1dac2592948b3fa58a7da1cc3e16bef8c2df,bc_classifier_v1,breast_cancer_wisconsin,classification_breast_cancer,42,unit_25,16,1,2026-09-02T20:45:00Z,1.0.0,8e7fd68470057c99,0.2373808347372614,0.2,0.1,0.2,0.2,0.05799503863718878,,,,,,NORMAL,True,True,True,True,False,False,False,True,False,1,0,0,
3b8681125184fe221ee17b7a,Module_12_CrossDomain,sklearn.datasets.load_breast_cancer,71aa3180a9c8c9abf1e45ef91d8c1dac2592948b3fa58a7da1cc3e16bef8c2df,bc_classifier_v1,breast_cancer_wisconsin,classification_breast_cancer,42,unit_25,16,2,2026-09-02T20:45:00Z,1.0.0,8e7fd68470057c99,0.2373808347372614,0.2,0.1,0.2,0.2,0.05799503863718878,,,,,,NORMAL,True,True,True,True,False,False,False,True,False,1,0,1,
baed7d768d3eca5c2c580ec4,Module_12_CrossDomain,sklearn.datasets.load_breast_cancer,71aa3180a9c8c9abf1e45ef91d8c1dac2592948b3fa58a7da1cc3e16bef8c2df,bc_classifier_v1,breast_cancer_wisconsin,classification_breast_cancer,42,unit_25,16,3,2026-09-02T20:45:00Z,1.0.0,8e7fd68470057c99,0.2373808347372614,0.2,0.1,0.2,0.2,0.05799503863718878,,,,,,NORMAL,True,True,True,True,False,False,False,True,False,1,0,1,
cd29a5c11d9149b7d82f56cf,Module_12_CrossDomain,sklearn.datasets.load_breast_cancer,71aa3180a9c8c9abf1e45ef91d8c1dac2592948b3fa58a7da1cc3e16bef8c2df,bc_classifier_v1,breast_cancer_wisconsin,classification_breast_cancer,42,unit_25,16,5,2026-09-02T20:45:00Z,1.0.0,8e7fd68470057c99,0.2373808347372614,0.2,0.1,0.2,0.2,0.05799503863718878,,,,,,NORMAL,True,True,True,True,False,False,False,True,False,1,0,1,
41564f044c9bc42ceadc6b6d,Module_12_CrossDomain,sklearn.datasets.load_breast_cancer,71aa3180a9c8c9abf1e45ef91d8c1dac2592948b3fa58a7da1cc3e16bef8c2df,bc_classifier_v1,breast_cancer_wisconsin,classification_breast_cancer,42,unit_25,17,1,2026-09-02T20:45:00Z,1.0.0,8e7fd68470057c99,0.3270504209386711,0.2,0.1,0.2,0.2,0.09291196736046035,,,,,,NORMAL,True,True,True,True,False,False,False,True,False,1,0,1,
883f8fee16637545860771af,Module_12_CrossDomain,sklearn.datasets.load_breast_cancer,71aa3180a9c8c9abf1e45ef91d8c1dac2592948b3fa58a7da1cc3e16bef8c2df,bc_classifier_v1,breast_cancer_wisconsin,classification_breast_cancer,42,unit_25,17,2,2026-09-02T20:45:00Z,1.0.0,8e7fd68470057c99,0.3270504209386711,0.2,0.1,0.2,0.2,0.09291196736046035,,,,,,NORMAL,True,True,True,True,False,False,False,True,False,1,0,1,
16c3f7a5617ff7e2e3745a2b,Module_12_CrossDomain,sklearn.datasets.load_breast_cancer,71aa3180a9c8c9abf1e45ef91d8c1dac2592948b3fa58a7da1cc3e16bef8c2df,bc_classifier_v1,breast_cancer_wisconsin,classification_breast_cancer,42,unit_25,17,3,2026-09-02T20:45:00Z,1.0.0,8e7fd68470057c99,0.3270504209386711,0.2,0.1,0.2,0.2,0.09291196736046035,,,,,,NORMAL,True,True,True,True,False,False,False,True,False,1,0,1,
665e4de6495b82e6cf0f0a8f,Module_12_CrossDomain,sklearn.datasets.load_breast_cancer,71aa3180a9c8c9abf1e45ef91d8c1dac2592948b3fa58a7da1cc3e16bef8c2df,bc_classifier_v1,breast_cancer_wisconsin,classification_breast_cancer,42,unit_25,17,5,2026-09-02T20:45:00Z,1.0.0,8e7fd68470057c99,0.3270504209386711,0.2,0.1,0.2,0.2,0.09291196736046035,,,,,,NORMAL,True,True,True,True,False,False,False,True,False,1,0,1,
66f02cf2e57e496284a61e3d,Module_12_CrossDomain,sklearn.datasets.load_breast_cancer,71aa3180a9c8c9abf1e45ef91d8c1dac2592948b3fa58a7da1cc3e16bef8c2df,bc_classifier_v1,breast_cancer_wisconsin,classification_breast_cancer,42,unit_25,18,1,2026-09-02T20:45:00Z,1.0.0,8e7fd68470057c99,0.07078742670175986,0.2,0.1,0.2,0.2,0.055326569402913,,,,,,NORMAL,True,True,True,True,False,False,False,True,False,1,0,1,
7e7b54420a118f955a290103,Module_12_CrossDomain,sklearn.datasets.load_breast_cancer,71aa3180a9c8c9abf1e45ef91d8c1dac2592948b3fa58a7da1cc3e16bef8c2df,bc_classifier_v1,breast_cancer_wisconsin,classification_breast_cancer,42,unit_25,18,2,2026-09-02T20:45:00Z,1.0.0,8e7fd68470057c99,0.07078742670175986,0.2,0.1,0.2,0.2,0.055326569402913,,,,,,NORMAL,True,True,True,True,False,False,False,True,False,1,0,1,
fefcbad3f10030edce545d16,Module_12_CrossDomain,sklearn.datasets.load_breast_cancer,71aa3180a9c8c9abf1e45ef91d8c1dac2592948b3fa58a7da1cc3e16bef8c2df,bc_classifier_v1,breast_cancer_wisconsin,classification_breast_cancer,42,unit_25,18,3,2026-09-02T20:45:00Z,1.0.0,8e7fd68470057c99,0.07078742670175986,0.2,0.1,0.2,0.2,0.055326569402913,,,,,,NORMAL,True,True,True,True,False,False,False,True,False,1,0,1,
b385bf12639a15d9a9194a9b,Module_12_CrossDomain,sklearn.datasets.load_breast_cancer,71aa3180a9c8c9abf1e45ef91d8c1dac2592948b3fa58a7da1cc3e16bef8c2df,bc_classifier_v1,breast_cancer_wisconsin,classification_breast_cancer,42,unit_25,18,5,2026-09-02T20:45:00Z,1.0.0,8e7fd68470057c99,0.07078742670175986,0.2,0.1,0.2,0.2,0.055326569402913,,,,,,NORMAL,True,True,True,True,False,False,False,True,False,1,0,1,
07c00c29fa03914b1137c450,Module_12_CrossDomain,sklearn.datasets.load_breast_cancer,71aa3180a9c8c9abf1e45ef91d8c1dac2592948b3fa58a7da1cc3e16bef8c2df,bc_classifier_v1,breast_cancer_wisconsin,classification_breast_cancer,42,unit_25,19,1,2026-09-02T20:45:00Z,1.0.0,8e7fd68470057c99,0.07816530404744551,0.2,0.1,0.2,0.2,0.05304133302874058,,,,,,NORMAL,True,True,True,True,False,False,False,True,False,1,0,0,
04196868bac5a628714f3ac7,Module_12_CrossDomain,sklearn.datasets.load_breast_cancer,71aa3180a9c8c9abf1e45ef91d8c1dac2592948b3fa58a7da1cc3e16bef8c2df,bc_classifier_v1,breast_cancer_wisconsin,classification_breast_cancer,42,unit_25,19,2,2026-09-02T20:45:00Z,1.0.0,8e7fd68470057c99,0.07816530404744551,0.2,0.1,0.2,0.2,0.05304133302874058,,,,,,NORMAL,True,True,True,True,False,False,False,True,False,1,0,0,
10ebb91d0fe10a35bf00c093,Module_12_CrossDomain,sklearn.datasets.load_breast_cancer,71aa3180a9c8c9abf1e45ef91d8c1dac2592948b3fa58a7da1cc3e16bef8c2df,bc_classifier_v1,breast_cancer_wisconsin,classification_breast_cancer,42,unit_25,19,3,2026-09-02T20:45:00Z,1.0.0,8e7fd68470057c99,0.07816530404744551,0.2,0.1,0.2,0.2,0.05304133302874058,,,,,,NORMAL,True,True,True,True,False,False,False,True,False,1,0,0,
ae4c2d063b88e8dfd69de957,Module_12_CrossDomain,sklearn.datasets.load_breast_cancer,71aa3180a9c8c9abf1e45ef91d8c1dac2592948b3fa58a7da1cc3e16bef8c2df,bc_classifier_v1,breast_cancer_wisconsin,classification_breast_cancer,42,unit_25,19,5,2026-09-02T20:45:00Z,1.0.0,8e7fd68470057c99,0.07816530404744551,0.2,0.1,0.2,0.2,0.05304133302874058,,,,,,NORMAL,True,True,True,True,False,False,False,True,False,1,0,0,
d9ec0b812a8a82da1ed23277,Module_12_CrossDomain,sklearn.datasets.load_breast_cancer,71aa3180a9c8c9abf1e45ef91d8c1dac2592948b3fa58a7da1cc3e16bef8c2df,bc_classifier_v1,breast_cancer_wisconsin,classification_breast_cancer,42,unit_26,0,1,2026-09-02T20:45:00Z,1.0.0,8e7fd68470057c99,0.274246582734705,0.2,0.1,0.2,0.2,0.07139438714516536,,,,,,NORMAL,True,True,True,True,False,False,False,True,False,1,0,0,0.0
de47eb5d9a1752bff36b1125,Module_12_CrossDomain,sklearn.datasets.load_breast_cancer,71aa3180a9c8c9abf1e45ef91d8c1dac2592948b3fa58a7da1cc3e16bef8c2df,bc_classifier_v1,breast_cancer_wisconsin,classification_breast_cancer,42,unit_26,0,2,2026-09-02T20:45:00Z,1.0.0,8e7fd68470057c99,0.274246582734705,0.2,0.1,0.2,0.2,0.07139438714516536,,,,,,NORMAL,True,True,True,True,False,False,False,True,False,1,0,1,0.0
e07b4669a25c0b6822e2b8e9,Module_12_CrossDomain,sklearn.datasets.load_breast_cancer,71aa3180a9c8c9abf1e45ef91d8c1dac2592948b3fa58a7da1cc3e16bef8c2df,bc_classifier_v1,breast_cancer_wisconsin,classification_breast_cancer,42,unit_26,0,3,2026-09-02T20:45:00Z,1.0.0,8e7fd68470057c99,0.274246582734705,0.2,0.1,0.2,0.2,0.07139438714516536,,,,,,NORMAL,True,True,True,True,False,False,False,True,False,1,0,1,0.0
602222f0075a03f4ef0bdda9,Module_12_CrossDomain,sklearn.datasets.load_breast_cancer,71aa3180a9c8c9abf1e45ef91d8c1dac2592948b3fa58a7da1cc3e16bef8c2df,bc_classifier_v1,breast_cancer_wisconsin,classification_breast_cancer,42,unit_26,0,5,2026-09-02T20:45:00Z,1.0.0,8e7fd68470057c99,0.274246582734705,0.2,0.1,0.2,0.2,0.07139438714516536,,,,,,NORMAL,True,True,True,True,False,False,False,True,False,1,0,1,0.0
a8b5dbf6cbcbd0bcc4372e71,Module_12_CrossDomain,sklearn.datasets.load_breast_cancer,71aa3180a9c8c9abf1e45ef91d8c1dac2592948b3fa58a7da1cc3e16bef8c2df,bc_classifier_v1,breast_cancer_wisconsin,classification_breast_cancer,42,unit_26,1,1,2026-09-02T20:45:00Z,1.0.0,8e7fd68470057c99,0.5960591795428997,0.2,0.1,0.2,0.2,0.21420073226064523,,,,,,NORMAL,True,True,True,True,False,False,False,True,False,1,0,1,
653402c5db4ea05e1fdd94ba,Module_12_CrossDomain,sklearn.datasets.load_breast_cancer,71aa3180a9c8c9abf1e45ef91d8c1dac2592948b3fa58a7da1cc3e16bef8c2df,bc_classifier_v1,breast_cancer_wisconsin,classification_breast_cancer,42,unit_26,1,2,2026-09-02T20:45:00Z,1.0.0,8e7fd68470057c99,0.5960591795428997,0.2,0.1,0.2,0.2,0.21420073226064523,,,,,,NORMAL,True,True,True,True,False,False,False,True,False,1,0,1,
8f477726c0e8561a16727f09,Module_12_CrossDomain,sklearn.datasets.load_breast_cancer,71aa3180a9c8c9abf1e45ef91d8c1dac2592948b3fa58a7da1cc3e16bef8c2df,bc_classifier_v1,breast_cancer_wisconsin,classification_breast_cancer,42,unit_26,1,3,2026-09-02T20:45:00Z,1.0.0,8e7fd68470057c99,0.5960591795428997,0.2,0.1,0.2,0.2,0.21420073226064523,,,,,,NORMAL,True,True,True,True,False,False,False,True,False,1,0,1,
081f9a787a798c6de085d90e,Module_12_CrossDomain,sklearn.datasets.load_breast_cancer,71aa3180a9c8c9abf1e45ef91d8c1dac2592948b3fa58a7da1cc3e16bef8c2df,bc_classifier_v1,breast_cancer_wisconsin,classification_breast_cancer,42,unit_26,1,5,2026-09-02T20:45:00Z,1.0.0,8e7fd68470057c99,0.5960591795428997,0.2,0.1,0.2,0.2,0.21420073226064523,,,,,,NORMAL,True,True,True,True,False,False,False,True,False,1,0,1,
2dfca11cc7e513092a5377f9,Module_12_CrossDomain,sklearn.datasets.load_breast_cancer,71aa3180a9c8c9abf1e45ef91d8c1dac2592948b3fa58a7da1cc3e16bef8c2df,bc_classifier_v1,breast_cancer_wisconsin,classification_breast_cancer,42,unit_26,2,1,2026-09-02T20:45:00Z,1.0.0,8e7fd68470057c99,0.16272712900953426,0.2,0.1,0.2,0.2,0.04126332730922036,,,,,,NORMAL,True,True,True,True,False,False,False,True,False,1,0,1,
1f511c5183e85b66d381b361,Module_12_CrossDomain,sklearn.datasets.load_breast_cancer,71aa3180a9c8c9abf1e45ef91d8c1dac2592948b3fa58a7da1cc3e16bef8c2df,bc_classifier_v1,breast_cancer_wisconsin,classification_breast_cancer,42,unit_26,2,2,2026-09-02T20:45:00Z,1.0.0,8e7fd68470057c99,0.16272712900953426,0.2,0.1,0.2,0.2,0.04126332730922036,,,,,,NORMAL,True,True,True,True,False,False,False,True,False,1,0,1,
8b9f77a29b1e4b4e5bdc637b,Module_12_CrossDomain,sklearn.datasets.load_breast_cancer,71aa3180a9c8c9abf1e45ef91d8c1dac2592948b3fa58a7da1cc3e16bef8c2df,bc_classifier_v1,breast_cancer_wisconsin,classification_breast_cancer,42,unit_26,2,3,2026-09-02T20:45:00Z,1.0.0,8e7fd68470057c99,0.16272712900953426,0.2,0.1,0.2,0.2,0.04126332730922036,,,,,,NORMAL,True,True,True,True,False,False,False,True,False,1,0,1,
7be6ebc9336df304baad7e66,Module_12_CrossDomain,sklearn.datasets.load_breast_cancer,71aa3180a9c8c9abf1e45ef91d8c1dac2592948b3fa58a7da1cc3e16bef8c2df,bc_classifier_v1,breast_cancer_wisconsin,classification_breast_cancer,42,unit_26,2,5,2026-09-02T20:45:00Z,1.0.0,8e7fd68470057c99,0.16272712900953426,0.2,0.1,0.2,0.2,0.04126332730922036,,,,,,NORMAL,True,True,True,True,False,False,False,True,False,1,0,1,
5e1c1f6b06f51c397d7bd1a2,Module_12_CrossDomain,sklearn.datasets.load_breast_cancer,71aa3180a9c8c9abf1e45ef91d8c1dac2592948b3fa58a7da1cc3e16bef8c2df,bc_classifier_v1,breast_cancer_wisconsin,classification_breast_cancer,42,unit_26,3,1,2026-09-02T20:45:00Z,1.0.0,8e7fd68470057c99,0.023682517494690285,0.2,0.1,0.2,0.2,0.07219742437154024,,,,,,NORMAL,True,True,True,True,False,False,False,True,False,1,0,1,
4e4f47ec9bcd1c5c38a68c34,Module_12_CrossDomain,sklearn.datasets.load_breast_cancer,71aa3180a9c8c9abf1e45ef91d8c1dac2592948b3fa58a7da1cc3e16bef8c2df,bc_classifier_v1,breast_cancer_wisconsin,classification_breast_cancer,42,unit_26,3,2,2026-09-02T20:45:00Z,1.0.0,8e7fd68470057c99,0.023682517494690285,0.2,0.1,0.2,0.2,0.07219742437154024,,,,,,NORMAL,True,True,True,True,False,False,False,True,False,1,0,1,
8a45a2542fb503ba0285458f,Module_12_CrossDomain,sklearn.datasets.load_breast_cancer,71aa3180a9c8c9abf1e45ef91d8c1dac2592948b3fa58a7da1cc3e16bef8c2df,bc_classifier_v1,breast_cancer_wisconsin,classification_breast_cancer,42,unit_26,3,3,2026-09-02T20:45:00Z,1.0.0,8e7fd68470057c99,0.023682517494690285,0.2,0.1,0.2,0.2,0.07219742437154024,,,,,,NORMAL,True,True,True,True,False,False,False,True,False,1,0,1,
c28012f01493b666840664f3,Module_12_CrossDomain,sklearn.datasets.load_breast_cancer,71aa3180a9c8c9abf1e45ef91d8c1dac2592948b3fa58a7da1cc3e16bef8c2df,bc_classifier_v1,breast_cancer_wisconsin,classification_breast_cancer,42,unit_26,3,5,2026-09-02T20:45:00Z,1.0.0,8e7fd68470057c99,0.023682517494690285,0.2,0.1,0.2,0.2,0.07219742437154024,,,,,,NORMAL,True,True,True,True,False,False,False,True,False,1,0,1,
61d3a8642077539c2dc02a19,Module_12_CrossDomain,sklearn.datasets.load_breast_cancer,71aa3180a9c8c9abf1e45ef91d8c1dac2592948b3fa58a7da1cc3e16bef8c2df,bc_classifier_v1,breast_cancer_wisconsin,classification_breast_cancer,42,unit_26,4,1,2026-09-02T20:45:00Z,1.0.0,8e7fd68470057c99,0.24291898046687077,0.2,0.1,0.2,0.2,0.05987753600475393,,,,,,NORMAL,True,True,True,True,False,False,False,True,False,1,0,1,
0a6fbf22f0bc8b898bb8f736,Module_12_CrossDomain,sklearn.datasets.load_breast_cancer,71aa3180a9c8c9abf1e45ef91d8c1dac2592948b3fa58a7da1cc3e16bef8c2df,bc_classifier_v1,breast_cancer_wisconsin,classification_breast_cancer,42,unit_26,4,2,2026-09-02T20:45:00Z,1.0.0,8e7fd68470057c99,0.24291898046687077,0.2,0.1,0.2,0.2,0.05987753600475393,,,,,,NORMAL,True,True,True,True,False,False,False,True,False,1,0,1,
1ba17dfbcb40bffce1f1a78e,Module_12_CrossDomain,sklearn.datasets.load_breast_cancer,71aa3180a9c8c9abf1e45ef91d8c1dac2592948b3fa58a7da1cc3e16bef8c2df,bc_classifier_v1,breast_cancer_wisconsin,classification_breast_cancer,42,unit_26,4,3,2026-09-02T20:45:00Z,1.0.0,8e7fd68470057c99,0.24291898046687077,0.2,0.1,0.2,0.2,0.05987753600475393,,,,,,NORMAL,True,True,True,True,False,False,False,True,False,1,0,1,
d7907b0a4a193ce4f86cde32,Module_12_CrossDomain,sklearn.datasets.load_breast_cancer,71aa3180a9c8c9abf1e45ef91d8c1dac2592948b3fa58a7da1cc3e16bef8c2df,bc_classifier_v1,breast_cancer_wisconsin,classification_breast_cancer,42,unit_26,4,5,2026-09-02T20:45:00Z,1.0.0,8e7fd68470057c99,0.24291898046687077,0.2,0.1,0.2,0.2,0.05987753600475393,,,,,,NORMAL,True,True,True,True,False,False,False,True,False,1,0,1,
c7d24f99d33160964696d429,Module_12_CrossDomain,sklearn.datasets.load_breast_cancer,71aa3180a9c8c9abf1e45ef91d8c1dac2592948b3fa58a7da1cc3e16bef8c2df,bc_classifier_v1,breast_cancer_wisconsin,classification_breast_cancer,42,unit_26,5,1,2026-09-02T20:45:00Z,1.0.0,8e7fd68470057c99,0.3153356842599079,0.2,0.1,0.2,0.2,0.08798470636005372,,,,,,NORMAL,True,True,True,True,False,False,False,True,False,1,0,1,
9ade4da66c5dd95d52b056ff,Module_12_CrossDomain,sklearn.datasets.load_breast_cancer,71aa3180a9c8c9abf1e45ef91d8c1dac2592948b3fa58a7da1cc3e16bef8c2df,bc_classifier_v1,breast_cancer_wisconsin,classification_breast_cancer,42,unit_26,5,2,2026-09-02T20:45:00Z,1.0.0,8e7fd68470057c99,0.3153356842599079,0.2,0.1,0.2,0.2,0.08798470636005372,,,,,,NORMAL,True,True,True,True,False,False,False,True,False,1,0,1,
75e8b0d5ce27e9cb08b6b62c,Module_12_CrossDomain,sklearn.datasets.load_breast_cancer,71aa3180a9c8c9abf1e45ef91d8c1dac2592948b3fa58a7da1cc3e16bef8c2df,bc_classifier_v1,breast_cancer_wisconsin,classification_breast_cancer,42,unit_26,5,3,2026-09-02T20:45:00Z,1.0.0,8e7fd68470057c99,0.3153356842599079,0.2,0.1,0.2,0.2,0.08798470636005372,,,,,,NORMAL,True,True,True,True,False,False,False,True,False,1,0,1,
9af6f7afd64c90004ad68a89,Module_12_CrossDomain,sklearn.datasets.load_breast_cancer,71aa3180a9c8c9abf1e45ef91d8c1dac2592948b3fa58a7da1cc3e16bef8c2df,bc_classifier_v1,breast_cancer_wisconsin,classification_breast_cancer,42,unit_26,5,5,2026-09-02T20:45:00Z,1.0.0,8e7fd68470057c99,0.3153356842599079,0.2,0.1,0.2,0.2,0.08798470636005372,,,,,,NORMAL,True,True,True,True,False,False,False,True,False,1,0,1,
cadf50379fc66f97de58ed6a,Module_12_CrossDomain,sklearn.datasets.load_breast_cancer,71aa3180a9c8c9abf1e45ef91d8c1dac2592948b3fa58a7da1cc3e16bef8c2df,bc_classifier_v1,breast_cancer_wisconsin,classification_breast_cancer,42,unit_26,6,1,2026-09-02T20:45:00Z,1.0.0,8e7fd68470057c99,0.037870743159470276,0.2,0.1,0.2,0.2,0.06678817300425692,,,,,,NORMAL,True,True,True,True,False,False,False,True,False,1,0,1,
e810b2e49474be1f8e895eca,Module_12_CrossDomain,sklearn.datasets.load_breast_cancer,71aa3180a9c8c9abf1e45ef91d8c1dac2592948b3fa58a7da1cc3e16bef8c2df,bc_classifier_v1,breast_cancer_wisconsin,classification_breast_cancer,42,unit_26,6,2,2026-09-02T20:45:00Z,1.0.0,8e7fd68470057c99,0.037870743159470276,0.2,0.1,0.2,0.2,0.06678817300425692,,,,,,NORMAL,True,True,True,True,False,False,False,True,False,1,0,1,
aabc9b70459257d53c9324a9,Module_12_CrossDomain,sklearn.datasets.load_breast_cancer,71aa3180a9c8c9abf1e45ef91d8c1dac2592948b3fa58a7da1cc3e16bef8c2df,bc_classifier_v1,breast_cancer_wisconsin,classification_breast_cancer,42,unit_26,6,3,2026-09-02T20:45:00Z,1.0.0,8e7fd68470057c99,0.037870743159470276,0.2,0.1,0.2,0.2,0.06678817300425692,,,,,,NORMAL,True,True,True,True,False,False,False,True,False,1,0,1,
027456d17a0ebb6a9fae7c5e,Module_12_CrossDomain,sklearn.datasets.load_breast_cancer,71aa3180a9c8c9abf1e45ef91d8c1dac2592948b3fa58a7da1cc3e16bef8c2df,bc_classifier_v1,breast_cancer_wisconsin,classification_breast_cancer,42,unit_26,6,5,2026-09-02T20:45:00Z,1.0.0,8e7fd68470057c99,0.037870743159470276,0.2,0.1,0.2,0.2,0.06678817300425692,,,,,,NORMAL,True,True,True,True,False,False,False,True,False,1,0,1,
fdca4001f1a1489d003c7b9e,Module_12_CrossDomain,sklearn.datasets.load_breast_cancer,71aa3180a9c8c9abf1e45ef91d8c1dac2592948b3fa58a7da1cc3e16bef8c2df,bc_classifier_v1,breast_cancer_wisconsin,classification_breast_cancer,42,unit_26,7,1,2026-09-02T20:45:00Z,1.0.0,8e7fd68470057c99,0.1014339941376847,0.2,0.1,0.2,0.2,0.04680611765670154,,,,,,NORMAL,True,True,True,True,False,False,False,True,False,1,0,1,
faace3e23f93b754ab8882ab,Module_12_CrossDomain,sklearn.datasets.load_breast_cancer,71aa3180a9c8c9abf1e45ef91d8c1dac2592948b3fa58a7da1cc3e16bef8c2df,bc_classifier_v1,breast_cancer_wisconsin,classification_breast_cancer,42,unit_26,7,2,2026-09-02T20:45:00Z,1.0.0,8e7fd68470057c99,0.1014339941376847,0.2,0.1,0.2,0.2,0.04680611765670154,,,,,,NORMAL,True,True,True,True,False,False,False,True,False,1,0,1,
db5bf37b24004ec9ec6335a5,Module_12_CrossDomain,sklearn.datasets.load_breast_cancer,71aa3180a9c8c9abf1e45ef91d8c1dac2592948b3fa58a7da1cc3e16bef8c2df,bc_classifier_v1,breast_cancer_wisconsin,classification_breast_cancer,42,unit_26,7,3,2026-09-02T20:45:00Z,1.0.0,8e7fd68470057c99,0.1014339941376847,0.2,0.1,0.2,0.2,0.04680611765670154,,,,,,NORMAL,True,True,True,True,False,False,False,True,False,1,0,1,
ba992afb5ccbcb134c01f105,Module_12_CrossDomain,sklearn.datasets.load_breast_cancer,71aa3180a9c8c9abf1e45ef91d8c1dac2592948b3fa58a7da1cc3e16bef8c2df,bc_classifier_v1,breast_cancer_wisconsin,classification_breast_cancer,42,unit_26,7,5,2026-09-02T20:45:00Z,1.0.0,8e7fd68470057c99,0.1014339941376847,0.2,0.1,0.2,0.2,0.04680611765670154,,,,,,NORMAL,True,True,True,True,False,False,False,True,False,1,0,1,
7a1931e12043f1516979ae45,Module_12_CrossDomain,sklearn.datasets.load_breast_cancer,71aa3180a9c8c9abf1e45ef91d8c1dac2592948b3fa58a7da1cc3e16bef8c2df,bc_classifier_v1,breast_cancer_wisconsin,classification_breast_cancer,42,unit_26,8,1,2026-09-02T20:45:00Z,1.0.0,8e7fd68470057c99,0.010629349883092772,0.2,0.1,0.2,0.2,0.07735082864457293,,,,,,NORMAL,True,True,True,True,False,False,False,True,False,1,0,1,
dc0bef60b089258d0a127274,Module_12_CrossDomain,sklearn.datasets.load_breast_cancer,71aa3180a9c8c9abf1e45ef91d8c1dac2592948b3fa58a7da1cc3e16bef8c2df,bc_classifier_v1,breast_cancer_wisconsin,classification_breast_cancer,42,unit_26,8,2,2026-09-02T20:45:00Z,1.0.0,8e7fd68470057c99,0.010629349883092772,0.2,0.1,0.2,0.2,0.07735082864457293,,,,,,NORMAL,True,True,True,True,False,False,False,True,False,1,0,1,
53db840652ea4fb6bb3d8dda,Module_12_CrossDomain,sklearn.datasets.load_breast_cancer,71aa3180a9c8c9abf1e45ef91d8c1dac2592948b3fa58a7da1cc3e16bef8c2df,bc_classifier_v1,breast_cancer_wisconsin,classification_breast_cancer,42,unit_26,8,3,2026-09-02T20:45:00Z,1.0.0,8e7fd68470057c99,0.010629349883092772,0.2,0.1,0.2,0.2,0.07735082864457293,,,,,,NORMAL,True,True,True,True,False,False,False,True,False,1,0,1,
5fb52daeff8c89781cd85ba5,Module_12_CrossDomain,sklearn.datasets.load_breast_cancer,71aa3180a9c8c9abf1e45ef91d8c1dac2592948b3fa58a7da1cc3e16bef8c2df,bc_classifier_v1,breast_cancer_wisconsin,classification_breast_cancer,42,unit_26,8,5,2026-09-02T20:45:00Z,1.0.0,8e7fd68470057c99,0.010629349883092772,0.2,0.1,0.2,0.2,0.07735082864457293,,,,,,NORMAL,True,True,True,True,False,False,False,True,False,1,0,1,
9c63aad84219b4b9702b0d62,Module_12_CrossDomain,sklearn.datasets.load_breast_cancer,71aa3180a9c8c9abf1e45ef91d8c1dac2592948b3fa58a7da1cc3e16bef8c2df,bc_classifier_v1,breast_cancer_wisconsin,classification_breast_cancer,42,unit_26,9,1,2026-09-02T20:45:00Z,1.0.0,8e7fd68470057c99,0.11675727785564707,0.2,0.1,0.2,0.2,0.04372916284882729,,,,,,NORMAL,True,True,True,True,False,False,False,True,False,1,0,1,
6f606cb445f30a7e450edae1,Module_12_CrossDomain,sklearn.datasets.load_breast_cancer,71aa3180a9c8c9abf1e45ef91d8c1dac2592948b3fa58a7da1cc3e16bef8c2df,bc_classifier_v1,breast_cancer_wisconsin,classification_breast_cancer,42,unit_26,9,2,2026-09-02T20:45:00Z,1.0.0,8e7fd68470057c99,0.11675727785564707,0.2,0.1,0.2,0.2,0.04372916284882729,,,,,,NORMAL,True,True,True,True,False,False,False,True,False,1,0,1,
471e7df3f8ac7fd39b7c3f9c,Module_12_CrossDomain,sklearn.datasets.load_breast_cancer,71aa3180a9c8c9abf1e45ef91d8c1dac2592948b3fa58a7da1cc3e16bef8c2df,bc_classifier_v1,breast_cancer_wisconsin,classification_breast_cancer,42,unit_26,9,3,2026-09-02T20:45:00Z,1.0.0,8e7fd68470057c99,0.11675727785564707,0.2,0.1,0.2,0.2,0.04372916284882729,,,,,,NORMAL,True,True,True,True,False,False,False,True,False,1,0,1,
1bc25a9028630b91c78b2ed5,Module_12_CrossDomain,sklearn.datasets.load_breast_cancer,71aa3180a9c8c9abf1e45ef91d8c1dac2592948b3fa58a7da1cc3e16bef8c2df,bc_classifier_v1,breast_cancer_wisconsin,classification_breast_cancer,42,unit_26,9,5,2026-09-02T20:45:00Z,1.0.0,8e7fd68470057c99,0.11675727785564707,0.2,0.1,0.2,0.2,0.04372916284882729,,,,,,NORMAL,True,True,True,True,False,False,False,True,False,1,0,1,
863fbf873c4779991bebd26b,Module_12_CrossDomain,sklearn.datasets.load_breast_cancer,71aa3180a9c8c9abf1e45ef91d8c1dac2592948b3fa58a7da1cc3e16bef8c2df,bc_classifier_v1,breast_cancer_wisconsin,classification_breast_cancer,42,unit_26,10,1,2026-09-02T20:45:00Z,1.0.0,8e7fd68470057c99,0.13491820670656546,0.2,0.1,0.2,0.2,0.041439274148903416,,,,,,NORMAL,True,True,True,True,False,False,False,True,False,1,0,1,
1161f1d87628b8ff7abd5777,Module_12_CrossDomain,sklearn.datasets.load_breast_cancer,71aa3180a9c8c9abf1e45ef91d8c1dac2592948b3fa58a7da1cc3e16bef8c2df,bc_classifier_v1,breast_cancer_wisconsin,classification_breast_cancer,42,unit_26,10,2,2026-09-02T20:45:00Z,1.0.0,8e7fd68470057c99,0.13491820670656546,0.2,0.1,0.2,0.2,0.041439274148903416,,,,,,NORMAL,True,True,True,True,False,False,False,True,False,1,0,1,
dee2e099f75bc55f8f09ac3a,Module_12_CrossDomain,sklearn.datasets.load_breast_cancer,71aa3180a9c8c9abf1e45ef91d8c1dac2592948b3fa58a7da1cc3e16bef8c2df,bc_classifier_v1,breast_cancer_wisconsin,classification_breast_cancer,42,unit_26,10,3,2026-09-02T20:45:00Z,1.0.0,8e7fd68470057c99,0.13491820670656546,0.2,0.1,0.2,0.2,0.041439274148903416,,,,,,NORMAL,True,True,True,True,False,False,False,True,False,1,0,1,
521997c9daf108a43f307e5a,Module_12_CrossDomain,sklearn.datasets.load_breast_cancer,71aa3180a9c8c9abf1e45ef91d8c1dac2592948b3fa58a7da1cc3e16bef8c2df,bc_classifier_v1,breast_cancer_wisconsin,classification_breast_cancer,42,unit_26,10,5,2026-09-02T20:45:00Z,1.0.0,8e7fd68470057c99,0.13491820670656546,0.2,0.1,0.2,0.2,0.041439274148903416,,,,,,NORMAL,True,True,True,True,False,False,False,True,False,1,0,1,
b7c99feb0da20070477e3940,Module_12_CrossDomain,sklearn.datasets.load_breast_cancer,71aa3180a9c8c9abf1e45ef91d8c1dac2592948b3fa58a7da1cc3e16bef8c2df,bc_classifier_v1,breast_cancer_wisconsin,classification_breast_cancer,42,unit_26,11,1,2026-09-02T20:45:00Z,1.0.0,8e7fd68470057c99,0.13945843891929505,0.2,0.1,0.2,0.2,0.04112615958518707,,,,,,NORMAL,True,True,True,True,False,False,False,True,False,1,0,1,
3a4891f1a6232a7fea19cc8f,Module_12_CrossDomain,sklearn.datasets.load_breast_cancer,71aa3180a9c8c9abf1e45ef91d8c1dac2592948b3fa58a7da1cc3e16bef8c2df,bc_classifier_v1,breast_cancer_wisconsin,classification_breast_cancer,42,unit_26,11,2,2026-09-02T20:45:00Z,1.0.0,8e7fd68470057c99,0.13945843891929505,0.2,0.1,0.2,0.2,0.04112615958518707,,,,,,NORMAL,True,True,True,True,False,False,False,True,False,1,0,1,
7cbba7ffc74eba00547e2919,Module_12_CrossDomain,sklearn.datasets.load_breast_cancer,71aa3180a9c8c9abf1e45ef91d8c1dac2592948b3fa58a7da1cc3e16bef8c2df,bc_classifier_v1,breast_cancer_wisconsin,classification_breast_cancer,42,unit_26,11,3,2026-09-02T20:45:00Z,1.0.0,8e7fd68470057c99,0.13945843891929505,0.2,0.1,0.2,0.2,0.04112615958518707,,,,,,NORMAL,True,True,True,True,False,False,False,True,False,1,0,1,
2ca9ae72115e8fd757187904,Module_12_CrossDomain,sklearn.datasets.load_breast_cancer,71aa3180a9c8c9abf1e45ef91d8c1dac2592948b3fa58a7da1cc3e16bef8c2df,bc_classifier_v1,breast_cancer_wisconsin,classification_breast_cancer,42,unit_26,11,5,2026-09-02T20:45:00Z,1.0.0,8e7fd68470057c99,0.13945843891929505,0.2,0.1,0.2,0.2,0.04112615958518707,,,,,,NORMAL,True,True,True,True,False,False,False,True,False,1,0,1,
b6fdbbaafa1dfbfb9af6439d,Module_12_CrossDomain,sklearn.datasets.load_breast_cancer,71aa3180a9c8c9abf1e45ef91d8c1dac2592948b3fa58a7da1cc3e16bef8c2df,bc_classifier_v1,breast_cancer_wisconsin,classification_breast_cancer,42,unit_26,12,1,2026-09-02T20:45:00Z,1.0.0,8e7fd68470057c99,0.02538510457446395,0.2,0.1,0.2,0.2,0.07153689360807282,,,,,,NORMAL,True,True,True,True,False,False,False,True,False,1,0,0,
7017b7954718cc11c5cc9c99,Module_12_CrossDomain,sklearn.datasets.load_breast_cancer,71aa3180a9c8c9abf1e45ef91d8c1dac2592948b3fa58a7da1cc3e16bef8c2df,bc_classifier_v1,breast_cancer_wisconsin,classification_breast_cancer,42,unit_26,12,2,2026-09-02T20:45:00Z,1.0.0,8e7fd68470057c99,0.02538510457446395,0.2,0.1,0.2,0.2,0.07153689360807282,,,,,,NORMAL,True,True,True,True,False,False,False,True,False,1,0,1,
a13a07513d1905f21489cfa0,Module_12_CrossDomain,sklearn.datasets.load_breast_cancer,71aa3180a9c8c9abf1e45ef91d8c1dac2592948b3fa58a7da1cc3e16bef8c2df,bc_classifier_v1,breast_cancer_wisconsin,classification_breast_cancer,42,unit_26,12,3,2026-09-02T20:45:00Z,1.0.0,8e7fd68470057c99,0.02538510457446395,0.2,0.1,0.2,0.2,0.07153689360807282,,,,,,NORMAL,True,True,True,True,False,False,False,True,False,1,0,1,
8bfe34daa96c78dfbf5f52c5,Module_12_CrossDomain,sklearn.datasets.load_breast_cancer,71aa3180a9c8c9abf1e45ef91d8c1dac2592948b3fa58a7da1cc3e16bef8c2df,bc_classifier_v1,breast_cancer_wisconsin,classification_breast_cancer,42,unit_26,12,5,2026-09-02T20:45:00Z,1.0.0,8e7fd68470057c99,0.02538510457446395,0.2,0.1,0.2,0.2,0.07153689360807282,,,,,,NORMAL,True,True,True,True,False,False,False,True,False,1,0,1,
5bab26a1ad509a3ea59736a8,Module_12_CrossDomain,sklearn.datasets.load_breast_cancer,71aa3180a9c8c9abf1e45ef91d8c1dac2592948b3fa58a7da1cc3e16bef8c2df,bc_classifier_v1,breast_cancer_wisconsin,classification_breast_cancer,42,unit_26,13,1,2026-09-02T20:45:00Z,1.0.0,8e7fd68470057c99,0.3599671044809606,0.2,0.1,0.2,0.2,0.10706818695902638,,,,,,NORMAL,True,True,True,True,False,False,False,True,False,1,0,1,
7d96ed78f8077190dc221e64,Module_12_CrossDomain,sklearn.datasets.load_breast_cancer,71aa3180a9c8c9abf1e45ef91d8c1dac2592948b3fa58a7da1cc3e16bef8c2df,bc_classifier_v1,breast_cancer_wisconsin,classification_breast_cancer,42,unit_26,13,2,2026-09-02T20:45:00Z,1.0.0,8e7fd68470057c99,0.3599671044809606,0.2,0.1,0.2,0.2,0.10706818695902638,,,,,,NORMAL,True,True,True,True,False,False,False,True,False,1,0,1,
fda2a5f1575d0de289fb62ad,Module_12_CrossDomain,sklearn.datasets.load_breast_cancer,71aa3180a9c8c9abf1e45ef91d8c1dac2592948b3fa58a7da1cc3e16bef8c2df,bc_classifier_v1,breast_cancer_wisconsin,classification_breast_cancer,42,unit_26,13,3,2026-09-02T20:45:00Z,1.0.0,8e7fd68470057c99,0.3599671044809606,0.2,0.1,0.2,0.2,0.10706818695902638,,,,,,NORMAL,True,True,True,True,False,False,False,True,False,1,0,1,
a12cd73301fff56452e4a623,Module_12_CrossDomain,sklearn.datasets.load_breast_cancer,71aa3180a9c8c9abf1e45ef91d8c1dac2592948b3fa58a7da1cc3e16bef8c2df,bc_classifier_v1,breast_cancer_wisconsin,classification_breast_cancer,42,unit_26,13,5,2026-09-02T20:45:00Z,1.0.0,8e7fd68470057c99,0.3599671044809606,0.2,0.1,0.2,0.2,0.10706818695902638,,,,,,NORMAL,True,True,True,True,False,False,False,True,False,1,0,1,
e17dae970c797bd9f4d61e72,Module_12_CrossDomain,sklearn.datasets.load_breast_cancer,71aa3180a9c8c9abf1e45ef91d8c1dac2592948b3fa58a7da1cc3e16bef8c2df,bc_classifier_v1,breast_cancer_wisconsin,classification_breast_cancer,42,unit_26,14,1,2026-09-02T20:45:00Z,1.0.0,8e7fd68470057c99,0.1797529998072702,0.2,0.1,0.2,0.2,0.04316696524357851,,,,,,NORMAL,True,True,True,True,False,False,False,True,False,1,0,0,
749e8f6f990813293f718f40,Module_12_CrossDomain,sklearn.datasets.load_breast_cancer,71aa3180a9c8c9abf1e45ef91d8c1dac2592948b3fa58a7da1cc3e16bef8c2df,bc_classifier_v1,breast_cancer_wisconsin,classification_breast_cancer,42,unit_26,14,2,2026-09-02T20:45:00Z,1.0.0,8e7fd68470057c99,0.1797529998072702,0.2,0.1,0.2,0.2,0.04316696524357851,,,,,,NORMAL,True,True,True,True,False,False,False,True,False,1,0,0,
b81a2fb932558bec278033bf,Module_12_CrossDomain,sklearn.datasets.load_breast_cancer,71aa3180a9c8c9abf1e45ef91d8c1dac2592948b3fa58a7da1cc3e16bef8c2df,bc_classifier_v1,breast_cancer_wisconsin,classification_breast_cancer,42,unit_26,14,3,2026-09-02T20:45:00Z,1.0.0,8e7fd68470057c99,0.1797529998072702,0.2,0.1,0.2,0.2,0.04316696524357851,,,,,,NORMAL,True,True,True,True,False,False,False,True,False,1,0,1,
60afa7d77ec38370a8c0c633,Module_12_CrossDomain,sklearn.datasets.load_breast_cancer,71aa3180a9c8c9abf1e45ef91d8c1dac2592948b3fa58a7da1cc3e16bef8c2df,bc_classifier_v1,breast_cancer_wisconsin,classification_breast_cancer,42,unit_26,14,5,2026-09-02T20:45:00Z,1.0.0,8e7fd68470057c99,0.1797529998072702,0.2,0.1,0.2,0.2,0.04316696524357851,,,,,,NORMAL,True,True,True,True,False,False,False,True,False,1,0,1,
a86d215362ac5af9c29d6456,Module_12_CrossDomain,sklearn.datasets.load_breast_cancer,71aa3180a9c8c9abf1e45ef91d8c1dac2592948b3fa58a7da1cc3e16bef8c2df,bc_classifier_v1,breast_cancer_wisconsin,classification_breast_cancer,42,unit_26,15,1,2026-09-02T20:45:00Z,1.0.0,8e7fd68470057c99,0.3645073366936903,0.2,0.1,0.2,0.2,0.10904983315023173,,,,,,NORMAL,True,True,True,True,False,False,False,True,False,1,0,0,
776a7e8398cfadaa08ffad7a,Module_12_CrossDomain,sklearn.datasets.load_breast_cancer,71aa3180a9c8c9abf1e45ef91d8c1dac2592948b3fa58a7da1cc3e16bef8c2df,bc_classifier_v1,breast_cancer_wisconsin,classification_breast_cancer,42,unit_26,15,2,2026-09-02T20:45:00Z,1.0.0,8e7fd68470057c99,0.3645073366936903,0.2,0.1,0.2,0.2,0.10904983315023173,,,,,,NORMAL,True,True,True,True,False,False,False,True,False,1,0,1,
7077be028536d0dbdb2d557a,Module_12_CrossDomain,sklearn.datasets.load_breast_cancer,71aa3180a9c8c9abf1e45ef91d8c1dac2592948b3fa58a7da1cc3e16bef8c2df,bc_classifier_v1,breast_cancer_wisconsin,classification_breast_cancer,42,unit_26,15,3,2026-09-02T20:45:00Z,1.0.0,8e7fd68470057c99,0.3645073366936903,0.2,0.1,0.2,0.2,0.10904983315023173,,,,,,NORMAL,True,True,True,True,False,False,False,True,False,1,0,1,
681ea6dd50071459bed13e9c,Module_12_CrossDomain,sklearn.datasets.load_breast_cancer,71aa3180a9c8c9abf1e45ef91d8c1dac2592948b3fa58a7da1cc3e16bef8c2df,bc_classifier_v1,breast_cancer_wisconsin,classification_breast_cancer,42,unit_26,15,5,2026-09-02T20:45:00Z,1.0.0,8e7fd68470057c99,0.3645073366936903,0.2,0.1,0.2,0.2,0.10904983315023173,,,,,,NORMAL,True,True,True,True,False,False,False,True,False,1,0,1,
fd3d5f479d8dfaefec70942c,Module_12_CrossDomain,sklearn.datasets.load_breast_cancer,71aa3180a9c8c9abf1e45ef91d8c1dac2592948b3fa58a7da1cc3e16bef8c2df,bc_classifier_v1,breast_cancer_wisconsin,classification_breast_cancer,42,unit_26,16,1,2026-09-02T20:45:00Z,1.0.0,8e7fd68470057c99,0.00809910799441682,0.2,0.1,0.2,0.2,0.07836646554912544,,,,,,NORMAL,True,True,True,True,False,False,False,True,False,1,0,1,
31831e8413b9a71508a1fcaa,Module_12_CrossDomain,sklearn.datasets.load_breast_cancer,71aa3180a9c8c9abf1e45ef91d8c1dac2592948b3fa58a7da1cc3e16bef8c2df,bc_classifier_v1,breast_cancer_wisconsin,classification_breast_cancer,42,unit_26,16,2,2026-09-02T20:45:00Z,1.0.0,8e7fd68470057c99,0.00809910799441682,0.2,0.1,0.2,0.2,0.07836646554912544,,,,,,NORMAL,True,True,True,True,False,False,False,True,False,1,0,1,
0b35b7f638c2480e5f7d2951,Module_12_CrossDomain,sklearn.datasets.load_breast_cancer,71aa3180a9c8c9abf1e45ef91d8c1dac2592948b3fa58a7da1cc3e16bef8c2df,bc_classifier_v1,breast_cancer_wisconsin,classification_breast_cancer,42,unit_26,16,3,2026-09-02T20:45:00Z,1.0.0,8e7fd68470057c99,0.00809910799441682,0.2,0.1,0.2,0.2,0.07836646554912544,,,,,,NORMAL,True,True,True,True,False,False,False,True,False,1,0,1,
e89a83339aadbf6e82aaf1c2,Module_12_CrossDomain,sklearn.datasets.load_breast_cancer,71aa3180a9c8c9abf1e45ef91d8c1dac2592948b3fa58a7da1cc3e16bef8c2df,bc_classifier_v1,breast_cancer_wisconsin,classification_breast_cancer,42,unit_26,16,5,2026-09-02T20:45:00Z,1.0.0,8e7fd68470057c99,0.00809910799441682,0.2,0.1,0.2,0.2,0.07836646554912544,,,,,,NORMAL,True,True,True,True,False,False,False,True,False,1,0,1,
185330761cc44a6e020b5f82,Module_12_CrossDomain,sklearn.datasets.load_breast_cancer,71aa3180a9c8c9abf1e45ef91d8c1dac2592948b3fa58a7da1cc3e16bef8c2df,bc_classifier_v1,breast_cancer_wisconsin,classification_breast_cancer,42,unit_26,17,1,2026-09-02T20:45:00Z,1.0.0,8e7fd68470057c99,0.13832338086611268,0.2,0.1,0.2,0.2,0.04119423755386146,,,,,,NORMAL,True,True,True,True,False,False,False,True,False,1,0,1,
0140b3686d3cfc2d4e5ae7bd,Module_12_CrossDomain,sklearn.datasets.load_breast_cancer,71aa3180a9c8c9abf1e45ef91d8c1dac2592948b3fa58a7da1cc3e16bef8c2df,bc_classifier_v1,breast_cancer_wisconsin,classification_breast_cancer,42,unit_26,17,2,2026-09-02T20:45:00Z,1.0.0,8e7fd68470057c99,0.13832338086611268,0.2,0.1,0.2,0.2,0.04119423755386146,,,,,,NORMAL,True,True,True,True,False,False,False,True,False,1,0,1,
255d6c6a139d62125f64125d,Module_12_CrossDomain,sklearn.datasets.load_breast_cancer,71aa3180a9c8c9abf1e45ef91d8c1dac2592948b3fa58a7da1cc3e16bef8c2df,bc_classifier_v1,breast_cancer_wisconsin,classification_breast_cancer,42,unit_26,17,3,2026-09-02T20:45:00Z,1.0.0,8e7fd68470057c99,0.13832338086611268,0.2,0.1,0.2,0.2,0.04119423755386146,,,,,,NORMAL,True,True,True,True,False,False,False,True,False,1,0,1,
19ef868fa800efd36f70c0e8,Module_12_CrossDomain,sklearn.datasets.load_breast_cancer,71aa3180a9c8c9abf1e45ef91d8c1dac2592948b3fa58a7da1cc3e16bef8c2df,bc_classifier_v1,breast_cancer_wisconsin,classification_breast_cancer,42,unit_26,17,5,2026-09-02T20:45:00Z,1.0.0,8e7fd68470057c99,0.13832338086611268,0.2,0.1,0.2,0.2,0.04119423755386146,,,,,,NORMAL,True,True,True,True,False,False,False,True,False,1,0,1,
bc26b1117259b1033114738e,Module_12_CrossDomain,sklearn.datasets.load_breast_cancer,71aa3180a9c8c9abf1e45ef91d8c1dac2592948b3fa58a7da1cc3e16bef8c2df,bc_classifier_v1,breast_cancer_wisconsin,classification_breast_cancer,42,unit_26,18,1,2026-09-02T20:45:00Z,1.0.0,8e7fd68470057c99,0.36312162829888683,0.2,0.1,0.2,0.2,0.10844438251807428,,,,,,NORMAL,True,True,True,True,False,False,False,True,False,1,0,1,
1ea5968e10cb50ba5b3574fd,Module_12_CrossDomain,sklearn.datasets.load_breast_cancer,71aa3180a9c8c9abf1e45ef91d8c1dac2592948b3fa58a7da1cc3e16bef8c2df,bc_classifier_v1,breast_cancer_wisconsin,classification_breast_cancer,42,unit_26,18,2,2026-09-02T20:45:00Z,1.0.0,8e7fd68470057c99,0.36312162829888683,0.2,0.1,0.2,0.2,0.10844438251807428,,,,,,NORMAL,True,True,True,True,False,False,False,True,False,1,0,1,
26be95634dacc5b5d1d6eb02,Module_12_CrossDomain,sklearn.datasets.load_breast_cancer,71aa3180a9c8c9abf1e45ef91d8c1dac2592948b3fa58a7da1cc3e16bef8c2df,bc_classifier_v1,breast_cancer_wisconsin,classification_breast_cancer,42,unit_26,18,3,2026-09-02T20:45:00Z,1.0.0,8e7fd68470057c99,0.36312162829888683,0.2,0.1,0.2,0.2,0.10844438251807428,,,,,,NORMAL,True,True,True,True,False,False,False,True,False,1,0,1,
c1a06fad41aeb524f19c139f,Module_12_CrossDomain,sklearn.datasets.load_breast_cancer,71aa3180a9c8c9abf1e45ef91d8c1dac2592948b3fa58a7da1cc3e16bef8c2df,bc_classifier_v1,breast_cancer_wisconsin,classification_breast_cancer,42,unit_26,18,5,2026-09-02T20:45:00Z,1.0.0,8e7fd68470057c99,0.36312162829888683,0.2,0.1,0.2,0.2,0.10844438251807428,,,,,,NORMAL,True,True,True,True,False,False,False,True,False,1,0,1,
13402da7753422485cbef470,Module_12_CrossDomain,sklearn.datasets.load_breast_cancer,71aa3180a9c8c9abf1e45ef91d8c1dac2592948b3fa58a7da1cc3e16bef8c2df,bc_classifier_v1,breast_cancer_wisconsin,classification_breast_cancer,42,unit_26,19,1,2026-09-02T20:45:00Z,1.0.0,8e7fd68470057c99,0.3652782385999334,0.2,0.1,0.2,0.2,0.10938689746307712,,,,,,NORMAL,True,True,True,True,False,False,False,True,False,1,0,0,
c33601b5b1c4c9567b2fa5fd,Module_12_CrossDomain,sklearn.datasets.load_breast_cancer,71aa3180a9c8c9abf1e45ef91d8c1dac2592948b3fa58a7da1cc3e16bef8c2df,bc_classifier_v1,breast_cancer_wisconsin,classification_breast_cancer,42,unit_26,19,2,2026-09-02T20:45:00Z,1.0.0,8e7fd68470057c99,0.3652782385999334,0.2,0.1,0.2,0.2,0.10938689746307712,,,,,,NORMAL,True,True,True,True,False,False,False,True,False,1,0,0,
a34c6658e8c40bbd4013eb63,Module_12_CrossDomain,sklearn.datasets.load_breast_cancer,71aa3180a9c8c9abf1e45ef91d8c1dac2592948b3fa58a7da1cc3e16bef8c2df,bc_classifier_v1,breast_cancer_wisconsin,classification_breast_cancer,42,unit_26,19,3,2026-09-02T20:45:00Z,1.0.0,8e7fd68470057c99,0.3652782385999334,0.2,0.1,0.2,0.2,0.10938689746307712,,,,,,NORMAL,True,True,True,True,False,False,False,True,False,1,0,0,
e6f439dc7b43a0c5fdaca543,Module_12_CrossDomain,sklearn.datasets.load_breast_cancer,71aa3180a9c8c9abf1e45ef91d8c1dac2592948b3fa58a7da1cc3e16bef8c2df,bc_classifier_v1,breast_cancer_wisconsin,classification_breast_cancer,42,unit_26,19,5,2026-09-02T20:45:00Z,1.0.0,8e7fd68470057c99,0.3652782385999334,0.2,0.1,0.2,0.2,0.10938689746307712,,,,,,NORMAL,True,True,True,True,False,False,False,True,False,1,0,0,
150eed0a5eb26f421b74a0bb,Module_12_CrossDomain,sklearn.datasets.load_breast_cancer,71aa3180a9c8c9abf1e45ef91d8c1dac2592948b3fa58a7da1cc3e16bef8c2df,bc_classifier_v1,breast_cancer_wisconsin,classification_breast_cancer,42,unit_27,0,1,2026-09-02T20:45:00Z,1.0.0,8e7fd68470057c99,0.1468363162649807,0.2,0.1,0.2,0.2,0.04085206072532456,,,,,,NORMAL,True,True,True,True,False,False,False,True,False,1,0,1,0.0
7d4be84cad373f99950ae00c,Module_12_CrossDomain,sklearn.datasets.load_breast_cancer,71aa3180a9c8c9abf1e45ef91d8c1dac2592948b3fa58a7da1cc3e16bef8c2df,bc_classifier_v1,breast_cancer_wisconsin,classification_breast_cancer,42,unit_27,0,2,2026-09-02T20:45:00Z,1.0.0,8e7fd68470057c99,0.1468363162649807,0.2,0.1,0.2,0.2,0.04085206072532456,,,,,,NORMAL,True,True,True,True,False,False,False,True,False,1,0,1,0.0
c46478e20b4f4e56bfc5ea97,Module_12_CrossDomain,sklearn.datasets.load_breast_cancer,71aa3180a9c8c9abf1e45ef91d8c1dac2592948b3fa58a7da1cc3e16bef8c2df,bc_classifier_v1,breast_cancer_wisconsin,classification_breast_cancer,42,unit_27,0,3,2026-09-02T20:45:00Z,1.0.0,8e7fd68470057c99,0.1468363162649807,0.2,0.1,0.2,0.2,0.04085206072532456,,,,,,NORMAL,True,True,True,True,False,False,False,True,False,1,0,1,0.0
a1846da31e5af3497819c5f7,Module_12_CrossDomain,sklearn.datasets.load_breast_cancer,71aa3180a9c8c9abf1e45ef91d8c1dac2592948b3fa58a7da1cc3e16bef8c2df,bc_classifier_v1,breast_cancer_wisconsin,classification_breast_cancer,42,unit_27,0,5,2026-09-02T20:45:00Z,1.0.0,8e7fd68470057c99,0.1468363162649807,0.2,0.1,0.2,0.2,0.04085206072532456,,,,,,NORMAL,True,True,True,True,False,False,False,True,False,1,0,1,0.0
c6cac36beb5e0cac9231916d,Module_12_CrossDomain,sklearn.datasets.load_breast_cancer,71aa3180a9c8c9abf1e45ef91d8c1dac2592948b3fa58a7da1cc3e16bef8c2df,bc_classifier_v1,breast_cancer_wisconsin,classification_breast_cancer,42,unit_27,1,1,2026-09-02T20:45:00Z,1.0.0,8e7fd68470057c99,0.019449688526240873,0.2,0.1,0.2,0.2,0.07385177922462972,,,,,,NORMAL,True,True,True,True,False,False,False,True,False,1,0,1,
109271d077851fe26e3e9c50,Module_12_CrossDomain,sklearn.datasets.load_breast_cancer,71aa3180a9c8c9abf1e45ef91d8c1dac2592948b3fa58a7da1cc3e16bef8c2df,bc_classifier_v1,breast_cancer_wisconsin,classification_breast_cancer,42,unit_27,1,2,2026-09-02T20:45:00Z,1.0.0,8e7fd68470057c99,0.019449688526240873,0.2,0.1,0.2,0.2,0.07385177922462972,,,,,,NORMAL,True,True,True,True,False,False,False,True,False,1,0,1,
6cd15e9c98510e2b3a544710,Module_12_CrossDomain,sklearn.datasets.load_breast_cancer,71aa3180a9c8c9abf1e45ef91d8c1dac2592948b3fa58a7da1cc3e16bef8c2df,bc_classifier_v1,breast_cancer_wisconsin,classification_breast_cancer,42,unit_27,1,3,2026-09-02T20:45:00Z,1.0.0,8e7fd68470057c99,0.019449688526240873,0.2,0.1,0.2,0.2,0.07385177922462972,,,,,,NORMAL,True,True,True,True,False,False,False,True,False,1,0,1,
1badb8416ff405ae0fc48884,Module_12_CrossDomain,sklearn.datasets.load_breast_cancer,71aa3180a9c8c9abf1e45ef91d8c1dac2592948b3fa58a7da1cc3e16bef8c2df,bc_classifier_v1,breast_cancer_wisconsin,classification_breast_cancer,42,unit_27,1,5,2026-09-02T20:45:00Z,1.0.0,8e7fd68470057c99,0.019449688526240873,0.2,0.1,0.2,0.2,0.07385177922462972,,,,,,NORMAL,True,True,True,True,False,False,False,True,False,1,0,1,
3d62b8f41d2944900f3b564d,Module_12_CrossDomain,sklearn.datasets.load_breast_cancer,71aa3180a9c8c9abf1e45ef91d8c1dac2592948b3fa58a7da1cc3e16bef8c2df,bc_classifier_v1,breast_cancer_wisconsin,classification_breast_cancer,42,unit_27,2,1,2026-09-02T20:45:00Z,1.0.0,8e7fd68470057c99,0.03477297224420324,0.2,0.1,0.2,0.2,0.06794976563680483,,,,,,NORMAL,True,True,True,True,False,False,False,True,False,1,0,1,
984f94000ad04e74be209379,Module_12_CrossDomain,sklearn.datasets.load_breast_cancer,71aa3180a9c8c9abf1e45ef91d8c1dac2592948b3fa58a7da1cc3e16bef8c2df,bc_classifier_v1,breast_cancer_wisconsin,classification_breast_cancer,42,unit_27,2,2,2026-09-02T20:45:00Z,1.0.0,8e7fd68470057c99,0.03477297224420324,0.2,0.1,0.2,0.2,0.06794976563680483,,,,,,NORMAL,True,True,True,True,False,False,False,True,False,1,0,1,
6f1d823832c5b94811be6350,Module_12_CrossDomain,sklearn.datasets.load_breast_cancer,71aa3180a9c8c9abf1e45ef91d8c1dac2592948b3fa58a7da1cc3e16bef8c2df,bc_classifier_v1,breast_cancer_wisconsin,classification_breast_cancer,42,unit_27,2,3,2026-09-02T20:45:00Z,1.0.0,8e7fd68470057c99,0.03477297224420324,0.2,0.1,0.2,0.2,0.06794976563680483,,,,,,NORMAL,True,True,True,True,False,False,False,True,False,1,0,1,
60268cade583bf2887a56904,Module_12_CrossDomain,sklearn.datasets.load_breast_cancer,71aa3180a9c8c9abf1e45ef91d8c1dac2592948b3fa58a7da1cc3e16bef8c2df,bc_classifier_v1,breast_cancer_wisconsin,classification_breast_cancer,42,unit_27,2,5,2026-09-02T20:45:00Z,1.0.0,8e7fd68470057c99,0.03477297224420324,0.2,0.1,0.2,0.2,0.06794976563680483,,,,,,NORMAL,True,True,True,True,False,False,False,True,False,1,0,1,
915765ce6cb43b948c464969,Module_12_CrossDomain,sklearn.datasets.load_breast_cancer,71aa3180a9c8c9abf1e45ef91d8c1dac2592948b3fa58a7da1cc3e16bef8c2df,bc_classifier_v1,breast_cancer_wisconsin,classification_breast_cancer,42,unit_27,3,1,2026-09-02T20:45:00Z,1.0.0,8e7fd68470057c99,0.052058968824250276,0.2,0.1,0.2,0.2,0.06163052199784199,,,,,,NORMAL,True,True,True,True,False,False,False,True,False,1,0,1,
cf785db6e47c98cb1e6d06b6,Module_12_CrossDomain,sklearn.datasets.load_breast_cancer,71aa3180a9c8c9abf1e45ef91d8c1dac2592948b3fa58a7da1cc3e16bef8c2df,bc_classifier_v1,breast_cancer_wisconsin,classification_breast_cancer,42,unit_27,3,2,2026-09-02T20:45:00Z,1.0.0,8e7fd68470057c99,0.052058968824250276,0.2,0.1,0.2,0.2,0.06163052199784199,,,,,,NORMAL,True,True,True,True,False,False,False,True,False,1,0,1,
315da1fa887ef699b5270430,Module_12_CrossDomain,sklearn.datasets.load_breast_cancer,71aa3180a9c8c9abf1e45ef91d8c1dac2592948b3fa58a7da1cc3e16bef8c2df,bc_classifier_v1,breast_cancer_wisconsin,classification_breast_cancer,42,unit_27,3,3,2026-09-02T20:45:00Z,1.0.0,8e7fd68470057c99,0.052058968824250276,0.2,0.1,0.2,0.2,0.06163052199784199,,,,,,NORMAL,True,True,True,True,False,False,False,True,False,1,0,1,
9fbebccb99fb9cbd6861b01a,Module_12_CrossDomain,sklearn.datasets.load_breast_cancer,71aa3180a9c8c9abf1e45ef91d8c1dac2592948b3fa58a7da1cc3e16bef8c2df,bc_classifier_v1,breast_cancer_wisconsin,classification_breast_cancer,42,unit_27,3,5,2026-09-02T20:45:00Z,1.0.0,8e7fd68470057c99,0.052058968824250276,0.2,0.1,0.2,0.2,0.06163052199784199,,,,,,NORMAL,True,True,True,True,False,False,False,True,False,1,0,1,
d023643a89d8a2d798f64b13,Module_12_CrossDomain,sklearn.datasets.load_breast_cancer,71aa3180a9c8c9abf1e45ef91d8c1dac2592948b3fa58a7da1cc3e16bef8c2df,bc_classifier_v1,breast_cancer_wisconsin,classification_breast_cancer,42,unit_27,4,1,2026-09-02T20:45:00Z,1.0.0,8e7fd68470057c99,0.014602053069231185,0.2,0.1,0.2,0.2,0.07576660658901753,,,,,,NORMAL,True,True,True,True,False,False,False,True,False,1,0,1,
3589d3f7909664826e1de895,Module_12_CrossDomain,sklearn.datasets.load_breast_cancer,71aa3180a9c8c9abf1e45ef91d8c1dac2592948b3fa58a7da1cc3e16bef8c2df,bc_classifier_v1,breast_cancer_wisconsin,classification_breast_cancer,42,unit_27,4,2,2026-09-02T20:45:00Z,1.0.0,8e7fd68470057c99,0.014602053069231185,0.2,0.1,0.2,0.2,0.07576660658901753,,,,,,NORMAL,True,True,True,True,False,False,False,True,False,1,0,1,
5ca681e9bdf05ee4c48fdc94,Module_12_CrossDomain,sklearn.datasets.load_breast_cancer,71aa3180a9c8c9abf1e45ef91d8c1dac2592948b3fa58a7da1cc3e16bef8c2df,bc_classifier_v1,breast_cancer_wisconsin,classification_breast_cancer,42,unit_27,4,3,2026-09-02T20:45:00Z,1.0.0,8e7fd68470057c99,0.014602053069231185,0.2,0.1,0.2,0.2,0.07576660658901753,,,,,,NORMAL,True,True,True,True,False,False,False,True,False,1,0,1,
24e8512e206d823d4f824354,Module_12_CrossDomain,sklearn.datasets.load_breast_cancer,71aa3180a9c8c9abf1e45ef91d8c1dac2592948b3fa58a7da1cc3e16bef8c2df,bc_classifier_v1,breast_cancer_wisconsin,classification_breast_cancer,42,unit_27,4,5,2026-09-02T20:45:00Z,1.0.0,8e7fd68470057c99,0.014602053069231185,0.2,0.1,0.2,0.2,0.07576660658901753,,,,,,NORMAL,True,True,True,True,False,False,False,True,False,1,0,1,
cd0883861e8fab906f1ecb35,Module_12_CrossDomain,sklearn.datasets.load_breast_cancer,71aa3180a9c8c9abf1e45ef91d8c1dac2592948b3fa58a7da1cc3e16bef8c2df,bc_classifier_v1,breast_cancer_wisconsin,classification_breast_cancer,42,unit_27,5,1,2026-09-02T20:45:00Z,1.0.0,8e7fd68470057c99,0.028790278734011177,0.2,0.1,0.2,0.2,0.07022471317037852,,,,,,NORMAL,True,True,True,True,False,False,False,True,False,1,0,1,
5f0320764982cc3a983f12f6,Module_12_CrossDomain,sklearn.datasets.load_breast_cancer,71aa3180a9c8c9abf1e45ef91d8c1dac2592948b3fa58a7da1cc3e16bef8c2df,bc_classifier_v1,breast_cancer_wisconsin,classification_breast_cancer,42,unit_27,5,2,2026-09-02T20:45:00Z,1.0.0,8e7fd68470057c99,0.028790278734011177,0.2,0.1,0.2,0.2,0.07022471317037852,,,,,,NORMAL,True,True,True,True,False,False,False,True,False,1,0,1,
e2c25552130359bd0d5a4731,Module_12_CrossDomain,sklearn.datasets.load_breast_cancer,71aa3180a9c8c9abf1e45ef91d8c1dac2592948b3fa58a7da1cc3e16bef8c2df,bc_classifier_v1,breast_cancer_wisconsin,classification_breast_cancer,42,unit_27,5,3,2026-09-02T20:45:00Z,1.0.0,8e7fd68470057c99,0.028790278734011177,0.2,0.1,0.2,0.2,0.07022471317037852,,,,,,NORMAL,True,True,True,True,False,False,False,True,False,1,0,1,
b48071d0c782d3cc5fd73898,Module_12_CrossDomain,sklearn.datasets.load_breast_cancer,71aa3180a9c8c9abf1e45ef91d8c1dac2592948b3fa58a7da1cc3e16bef8c2df,bc_classifier_v1,breast_cancer_wisconsin,classification_breast_cancer,42,unit_27,5,5,2026-09-02T20:45:00Z,1.0.0,8e7fd68470057c99,0.028790278734011177,0.2,0.1,0.2,0.2,0.07022471317037852,,,,,,NORMAL,True,True,True,True,False,False,False,True,False,1,0,1,
94f89004247b37fc47d034eb,Module_12_CrossDomain,sklearn.datasets.load_breast_cancer,71aa3180a9c8c9abf1e45ef91d8c1dac2592948b3fa58a7da1cc3e16bef8c2df,bc_classifier_v1,breast_cancer_wisconsin,classification_breast_cancer,42,unit_27,6,1,2026-09-02T20:45:00Z,1.0.0,8e7fd68470057c99,0.216074857509107,0.2,0.1,0.2,0.2,0.05135040148030608,,,,,,NORMAL,True,True,True,True,False,False,False,True,False,1,0,1,
32e496683ca2139b44d2a1d3,Module_12_CrossDomain,sklearn.datasets.load_breast_cancer,71aa3180a9c8c9abf1e45ef91d8c1dac2592948b3fa58a7da1cc3e16bef8c2df,bc_classifier_v1,breast_cancer_wisconsin,classification_breast_cancer,42,unit_27,6,2,2026-09-02T20:45:00Z,1.0.0,8e7fd68470057c99,0.216074857509107,0.2,0.1,0.2,0.2,0.05135040148030608,,,,,,NORMAL,True,True,True,True,False,False,False,True,False,1,0,1,
d9f3d261a99d7541eee6ebb9,Module_12_CrossDomain,sklearn.datasets.load_breast_cancer,71aa3180a9c8c9abf1e45ef91d8c1dac2592948b3fa58a7da1cc3e16bef8c2df,bc_classifier_v1,breast_cancer_wisconsin,classification_breast_cancer,42,unit_27,6,3,2026-09-02T20:45:00Z,1.0.0,8e7fd68470057c99,0.216074857509107,0.2,0.1,0.2,0.2,0.05135040148030608,,,,,,NORMAL,True,True,True,True,False,False,False,True,False,1,0,1,
6d3028ccfaaba7a20b9393f8,Module_12_CrossDomain,sklearn.datasets.load_breast_cancer,71aa3180a9c8c9abf1e45ef91d8c1dac2592948b3fa58a7da1cc3e16bef8c2df,bc_classifier_v1,breast_cancer_wisconsin,classification_breast_cancer,42,unit_27,6,5,2026-09-02T20:45:00Z,1.0.0,8e7fd68470057c99,0.216074857509107,0.2,0.1,0.2,0.2,0.05135040148030608,,,,,,NORMAL,True,True,True,True,False,False,False,True,False,1,0,1,
eae0c30a09061d3bd3fe2a99,Module_12_CrossDomain,sklearn.datasets.load_breast_cancer,71aa3180a9c8c9abf1e45ef91d8c1dac2592948b3fa58a7da1cc3e16bef8c2df,bc_classifier_v1,breast_cancer_wisconsin,classification_breast_cancer,42,unit_27,7,1,2026-09-02T20:45:00Z,1.0.0,8e7fd68470057c99,0.2194800316686542,0.2,0.1,0.2,0.2,0.05233964887726064,,,,,,NORMAL,True,True,True,True,False,False,False,True,False,1,0,1,
088f3b6cff19dc33ea34a2b4,Module_12_CrossDomain,sklearn.datasets.load_breast_cancer,71aa3180a9c8c9abf1e45ef91d8c1dac2592948b3fa58a7da1cc3e16bef8c2df,bc_classifier_v1,breast_cancer_wisconsin,classification_breast_cancer,42,unit_27,7,2,2026-09-02T20:45:00Z,1.0.0,8e7fd68470057c99,0.2194800316686542,0.2,0.1,0.2,0.2,0.05233964887726064,,,,,,NORMAL,True,True,True,True,False,False,False,True,False,1,0,1,
3dafcae207a4d8c0215acde6,Module_12_CrossDomain,sklearn.datasets.load_breast_cancer,71aa3180a9c8c9abf1e45ef91d8c1dac2592948b3fa58a7da1cc3e16bef8c2df,bc_classifier_v1,breast_cancer_wisconsin,classification_breast_cancer,42,unit_27,7,3,2026-09-02T20:45:00Z,1.0.0,8e7fd68470057c99,0.2194800316686542,0.2,0.1,0.2,0.2,0.05233964887726064,,,,,,NORMAL,True,True,True,True,False,False,False,True,False,1,0,1,
1d0b1374db5c06d4d572aa62,Module_12_CrossDomain,sklearn.datasets.load_breast_cancer,71aa3180a9c8c9abf1e45ef91d8c1dac2592948b3fa58a7da1cc3e16bef8c2df,bc_classifier_v1,breast_cancer_wisconsin,classification_breast_cancer,42,unit_27,7,5,2026-09-02T20:45:00Z,1.0.0,8e7fd68470057c99,0.2194800316686542,0.2,0.1,0.2,0.2,0.05233964887726064,,,,,,NORMAL,True,True,True,True,False,False,False,True,False,1,0,1,
e92f9ff29fd38c2e21d3ca96,Module_12_CrossDomain,sklearn.datasets.load_breast_cancer,71aa3180a9c8c9abf1e45ef91d8c1dac2592948b3fa58a7da1cc3e16bef8c2df,bc_classifier_v1,breast_cancer_wisconsin,classification_breast_cancer,42,unit_27,8,1,2026-09-02T20:45:00Z,1.0.0,8e7fd68470057c99,0.25222645650296643,0.2,0.1,0.2,0.2,0.0631580880879311,,,,,,NORMAL,True,True,True,True,False,False,False,True,False,1,0,1,
2473b52f086cd8994f4550d9,Module_12_CrossDomain,sklearn.datasets.load_breast_cancer,71aa3180a9c8c9abf1e45ef91d8c1dac2592948b3fa58a7da1cc3e16bef8c2df,bc_classifier_v1,breast_cancer_wisconsin,classification_breast_cancer,42,unit_27,8,2,2026-09-02T20:45:00Z,1.0.0,8e7fd68470057c99,0.25222645650296643,0.2,0.1,0.2,0.2,0.0631580880879311,,,,,,NORMAL,True,True,True,True,False,False,False,True,False,1,0,1,
c25dea2a0f161f5097f53d5e,Module_12_CrossDomain,sklearn.datasets.load_breast_cancer,71aa3180a9c8c9abf1e45ef91d8c1dac2592948b3fa58a7da1cc3e16bef8c2df,bc_classifier_v1,breast_cancer_wisconsin,classification_breast_cancer,42,unit_27,8,3,2026-09-02T20:45:00Z,1.0.0,8e7fd68470057c99,0.25222645650296643,0.2,0.1,0.2,0.2,0.0631580880879311,,,,,,NORMAL,True,True,True,True,False,False,False,True,False,1,0,1,
0a31c87f88b383cf0089002d,Module_12_CrossDomain,sklearn.datasets.load_breast_cancer,71aa3180a9c8c9abf1e45ef91d8c1dac2592948b3fa58a7da1cc3e16bef8c2df,bc_classifier_v1,breast_cancer_wisconsin,classification_breast_cancer,42,unit_27,8,5,2026-09-02T20:45:00Z,1.0.0,8e7fd68470057c99,0.25222645650296643,0.2,0.1,0.2,0.2,0.0631580880879311,,,,,,NORMAL,True,True,True,True,False,False,False,True,False,1,0,1,
abc63ab45c751041676851c0,Module_12_CrossDomain,sklearn.datasets.load_breast_cancer,71aa3180a9c8c9abf1e45ef91d8c1dac2592948b3fa58a7da1cc3e16bef8c2df,bc_classifier_v1,breast_cancer_wisconsin,classification_breast_cancer,42,unit_27,9,1,2026-09-02T20:45:00Z,1.0.0,8e7fd68470057c99,0.187698406179547,0.2,0.1,0.2,0.2,0.044525073656382044,,,,,,NORMAL,True,True,True,True,False,False,False,True,False,1,0,1,
de16fed15e75646da20d520c,Module_12_CrossDomain,sklearn.datasets.load_breast_cancer,71aa3180a9c8c9abf1e45ef91d8c1dac2592948b3fa58a7da1cc3e16bef8c2df,bc_classifier_v1,breast_cancer_wisconsin,classification_breast_cancer,42,unit_27,9,2,2026-09-02T20:45:00Z,1.0.0,8e7fd68470057c99,0.187698406179547,0.2,0.1,0.2,0.2,0.044525073656382044,,,,,,NORMAL,True,True,True,True,False,False,False,True,False,1,0,1,
1085ae5548cbe58bf1c83fb9,Module_12_CrossDomain,sklearn.datasets.load_breast_cancer,71aa3180a9c8c9abf1e45ef91d8c1dac2592948b3fa58a7da1cc3e16bef8c2df,bc_classifier_v1,breast_cancer_wisconsin,classification_breast_cancer,42,unit_27,9,3,2026-09-02T20:45:00Z,1.0.0,8e7fd68470057c99,0.187698406179547,0.2,0.1,0.2,0.2,0.044525073656382044,,,,,,NORMAL,True,True,True,True,False,False,False,True,False,1,0,1,
acbb8abb01e014cc6b44a159,Module_12_CrossDomain,sklearn.datasets.load_breast_cancer,71aa3180a9c8c9abf1e45ef91d8c1dac2592948b3fa58a7da1cc3e16bef8c2df,bc_classifier_v1,breast_cancer_wisconsin,classification_breast_cancer,42,unit_27,9,5,2026-09-02T20:45:00Z,1.0.0,8e7fd68470057c99,0.187698406179547,0.2,0.1,0.2,0.2,0.044525073656382044,,,,,,NORMAL,True,True,True,True,False,False,False,True,False,1,0,1,
fb2aaf2bb5e0e437a2e2b006,Module_12_CrossDomain,sklearn.datasets.load_breast_cancer,71aa3180a9c8c9abf1e45ef91d8c1dac2592948b3fa58a7da1cc3e16bef8c2df,bc_classifier_v1,breast_cancer_wisconsin,classification_breast_cancer,42,unit_27,10,1,2026-09-02T20:45:00Z,1.0.0,8e7fd68470057c99,0.18542829007318226,0.2,0.1,0.2,0.2,0.04410886466084553,,,,,,NORMAL,True,True,True,True,False,False,False,True,False,1,0,1,
6e6bcfede404a7c59a581c52,Module_12_CrossDomain,sklearn.datasets.load_breast_cancer,71aa3180a9c8c9abf1e45ef91d8c1dac2592948b3fa58a7da1cc3e16bef8c2df,bc_classifier_v1,breast_cancer_wisconsin,classification_breast_cancer,42,unit_27,10,2,2026-09-02T20:45:00Z,1.0.0,8e7fd68470057c99,0.18542829007318226,0.2,0.1,0.2,0.2,0.04410886466084553,,,,,,NORMAL,True,True,True,True,False,False,False,True,False,1,0,1,
096db31e01e0c81f53220fe9,Module_12_CrossDomain,sklearn.datasets.load_breast_cancer,71aa3180a9c8c9abf1e45ef91d8c1dac2592948b3fa58a7da1cc3e16bef8c2df,bc_classifier_v1,breast_cancer_wisconsin,classification_breast_cancer,42,unit_27,10,3,2026-09-02T20:45:00Z,1.0.0,8e7fd68470057c99,0.18542829007318226,0.2,0.1,0.2,0.2,0.04410886466084553,,,,,,NORMAL,True,True,True,True,False,False,False,True,False,1,0,1,
fa75d760cc2cfbe4f2c91b58,Module_12_CrossDomain,sklearn.datasets.load_breast_cancer,71aa3180a9c8c9abf1e45ef91d8c1dac2592948b3fa58a7da1cc3e16bef8c2df,bc_classifier_v1,breast_cancer_wisconsin,classification_breast_cancer,42,unit_27,10,5,2026-09-02T20:45:00Z,1.0.0,8e7fd68470057c99,0.18542829007318226,0.2,0.1,0.2,0.2,0.04410886466084553,,,,,,NORMAL,True,True,True,True,False,False,False,True,False,1,0,1,
1ca6d5116a701cdee95cc7db,Module_12_CrossDomain,sklearn.datasets.load_breast_cancer,71aa3180a9c8c9abf1e45ef91d8c1dac2592948b3fa58a7da1cc3e16bef8c2df,bc_classifier_v1,breast_cancer_wisconsin,classification_breast_cancer,42,unit_27,11,1,2026-09-02T20:45:00Z,1.0.0,8e7fd68470057c99,0.1701050063552198,0.2,0.1,0.2,0.2,0.041910516528388404,,,,,,NORMAL,True,True,True,True,False,False,False,True,False,1,0,1,
de7ef81958a339eb23cec8dc,Module_12_CrossDomain,sklearn.datasets.load_breast_cancer,71aa3180a9c8c9abf1e45ef91d8c1dac2592948b3fa58a7da1cc3e16bef8c2df,bc_classifier_v1,breast_cancer_wisconsin,classification_breast_cancer,42,unit_27,11,2,2026-09-02T20:45:00Z,1.0.0,8e7fd68470057c99,0.1701050063552198,0.2,0.1,0.2,0.2,0.041910516528388404,,,,,,NORMAL,True,True,True,True,False,False,False,True,False,1,0,1,
8b319c9bb515af0811000d7a,Module_12_CrossDomain,sklearn.datasets.load_breast_cancer,71aa3180a9c8c9abf1e45ef91d8c1dac2592948b3fa58a7da1cc3e16bef8c2df,bc_classifier_v1,breast_cancer_wisconsin,classification_breast_cancer,42,unit_27,11,3,2026-09-02T20:45:00Z,1.0.0,8e7fd68470057c99,0.1701050063552198,0.2,0.1,0.2,0.2,0.041910516528388404,,,,,,NORMAL,True,True,True,True,False,False,False,True,False,1,0,1,
07349f8350a4eb4c853a9d6f,Module_12_CrossDomain,sklearn.datasets.load_breast_cancer,71aa3180a9c8c9abf1e45ef91d8c1dac2592948b3fa58a7da1cc3e16bef8c2df,bc_classifier_v1,breast_cancer_wisconsin,classification_breast_cancer,42,unit_27,11,5,2026-09-02T20:45:00Z,1.0.0,8e7fd68470057c99,0.1701050063552198,0.2,0.1,0.2,0.2,0.041910516528388404,,,,,,NORMAL,True,True,True,True,False,False,False,True,False,1,0,1,
141d4c18f35e867373efd689,Module_12_CrossDomain,sklearn.datasets.load_breast_cancer,71aa3180a9c8c9abf1e45ef91d8c1dac2592948b3fa58a7da1cc3e16bef8c2df,bc_classifier_v1,breast_cancer_wisconsin,classification_breast_cancer,42,unit_27,12,1,2026-09-02T20:45:00Z,1.0.0,8e7fd68470057c99,0.07703024599426313,0.2,0.1,0.2,0.2,0.053384527512208284,,,,,,NORMAL,True,True,True,True,False,False,False,True,False,1,0,1,
332eba442ab0711887eb2f1e,Module_12_CrossDomain,sklearn.datasets.load_breast_cancer,71aa3180a9c8c9abf1e45ef91d8c1dac2592948b3fa58a7da1cc3e16bef8c2df,bc_classifier_v1,breast_cancer_wisconsin,classification_breast_cancer,42,unit_27,12,2,2026-09-02T20:45:00Z,1.0.0,8e7fd68470057c99,0.07703024599426313,0.2,0.1,0.2,0.2,0.053384527512208284,,,,,,NORMAL,True,True,True,True,False,False,False,True,False,1,0,1,
cfb0113880d58bd291c90659,Module_12_CrossDomain,sklearn.datasets.load_breast_cancer,71aa3180a9c8c9abf1e45ef91d8c1dac2592948b3fa58a7da1cc3e16bef8c2df,bc_classifier_v1,breast_cancer_wisconsin,classification_breast_cancer,42,unit_27,12,3,2026-09-02T20:45:00Z,1.0.0,8e7fd68470057c99,0.07703024599426313,0.2,0.1,0.2,0.2,0.053384527512208284,,,,,,NORMAL,True,True,True,True,False,False,False,True,False,1,0,1,
22497267ddf2310686d81394,Module_12_CrossDomain,sklearn.datasets.load_breast_cancer,71aa3180a9c8c9abf1e45ef91d8c1dac2592948b3fa58a7da1cc3e16bef8c2df,bc_classifier_v1,breast_cancer_wisconsin,classification_breast_cancer,42,unit_27,12,5,2026-09-02T20:45:00Z,1.0.0,8e7fd68470057c99,0.07703024599426313,0.2,0.1,0.2,0.2,0.053384527512208284,,,,,,NORMAL,True,True,True,True,False,False,False,True,False,1,0,1,
9fb502817163f60a09d5fe7c,Module_12_CrossDomain,sklearn.datasets.load_breast_cancer,71aa3180a9c8c9abf1e45ef91d8c1dac2592948b3fa58a7da1cc3e16bef8c2df,bc_classifier_v1,breast_cancer_wisconsin,classification_breast_cancer,42,unit_27,13,1,2026-09-02T20:45:00Z,1.0.0,8e7fd68470057c99,0.2720899724336584,0.2,0.1,0.2,0.2,0.07056275594399242,,,,,,NORMAL,True,True,True,True,False,False,False,True,False,1,0,1,
fa6637eac38f68afddbb3216,Module_12_CrossDomain,sklearn.datasets.load_breast_cancer,71aa3180a9c8c9abf1e45ef91d8c1dac2592948b3fa58a7da1cc3e16bef8c2df,bc_classifier_v1,breast_cancer_wisconsin,classification_breast_cancer,42,unit_27,13,2,2026-09-02T20:45:00Z,1.0.0,8e7fd68470057c99,0.2720899724336584,0.2,0.1,0.2,0.2,0.07056275594399242,,,,,,NORMAL,True,True,True,True,False,False,False,True,False,1,0,1,
79f7db87b1d43c247d4155d8,Module_12_CrossDomain,sklearn.datasets.load_breast_cancer,71aa3180a9c8c9abf1e45ef91d8c1dac2592948b3fa58a7da1cc3e16bef8c2df,bc_classifier_v1,breast_cancer_wisconsin,classification_breast_cancer,42,unit_27,13,3,2026-09-02T20:45:00Z,1.0.0,8e7fd68470057c99,0.2720899724336584,0.2,0.1,0.2,0.2,0.07056275594399242,,,,,,NORMAL,True,True,True,True,False,False,False,True,False,1,0,1,
0bcdecdef7b492ebf27cb2c6,Module_12_CrossDomain,sklearn.datasets.load_breast_cancer,71aa3180a9c8c9abf1e45ef91d8c1dac2592948b3fa58a7da1cc3e16bef8c2df,bc_classifier_v1,breast_cancer_wisconsin,classification_breast_cancer,42,unit_27,13,5,2026-09-02T20:45:00Z,1.0.0,8e7fd68470057c99,0.2720899724336584,0.2,0.1,0.2,0.2,0.07056275594399242,,,,,,NORMAL,True,True,True,True,False,False,False,True,False,1,0,1,
17874463ae251031b6cec39f,Module_12_CrossDomain,sklearn.datasets.load_breast_cancer,71aa3180a9c8c9abf1e45ef91d8c1dac2592948b3fa58a7da1cc3e16bef8c2df,bc_classifier_v1,breast_cancer_wisconsin,classification_breast_cancer,42,unit_27,14,1,2026-09-02T20:45:00Z,1.0.0,8e7fd68470057c99,0.07078742670175986,0.2,0.1,0.2,0.2,0.055326569402913,,,,,,NORMAL,True,True,True,True,False,False,False,True,False,1,0,1,
61c6f7a8ab59fccb0297a320,Module_12_CrossDomain,sklearn.datasets.load_breast_cancer,71aa3180a9c8c9abf1e45ef91d8c1dac2592948b3fa58a7da1cc3e16bef8c2df,bc_classifier_v1,breast_cancer_wisconsin,classification_breast_cancer,42,unit_27,14,2,2026-09-02T20:45:00Z,1.0.0,8e7fd68470057c99,0.07078742670175986,0.2,0.1,0.2,0.2,0.055326569402913,,,,,,NORMAL,True,True,True,True,False,False,False,True,False,1,0,1,
595b073f462c6eb33bbf6252,Module_12_CrossDomain,sklearn.datasets.load_breast_cancer,71aa3180a9c8c9abf1e45ef91d8c1dac2592948b3fa58a7da1cc3e16bef8c2df,bc_classifier_v1,breast_cancer_wisconsin,classification_breast_cancer,42,unit_27,14,3,2026-09-02T20:45:00Z,1.0.0,8e7fd68470057c99,0.07078742670175986,0.2,0.1,0.2,0.2,0.055326569402913,,,,,,NORMAL,True,True,True,True,False,False,False,True,False,1,0,1,
aa0c0a1a54477b0797eb6a05,Module_12_CrossDomain,sklearn.datasets.load_breast_cancer,71aa3180a9c8c9abf1e45ef91d8c1dac2592948b3fa58a7da1cc3e16bef8c2df,bc_classifier_v1,breast_cancer_wisconsin,classification_breast_cancer,42,unit_27,14,5,2026-09-02T20:45:00Z,1.0.0,8e7fd68470057c99,0.07078742670175986,0.2,0.1,0.2,0.2,0.055326569402913,,,,,,NORMAL,True,True,True,True,False,False,False,True,False,1,0,1,
235654b81517e6c0efee7b3d,Module_12_CrossDomain,sklearn.datasets.load_breast_cancer,71aa3180a9c8c9abf1e45ef91d8c1dac2592948b3fa58a7da1cc3e16bef8c2df,bc_classifier_v1,breast_cancer_wisconsin,classification_breast_cancer,42,unit_27,15,1,2026-09-02T20:45:00Z,1.0.0,8e7fd68470057c99,0.21777744458888065,0.2,0.1,0.2,0.2,0.05184117195820066,,,,,,NORMAL,True,True,True,True,False,False,False,True,False,1,0,1,
f456aaa45b9ae00dab29a196,Module_12_CrossDomain,sklearn.datasets.load_breast_cancer,71aa3180a9c8c9abf1e45ef91d8c1dac2592948b3fa58a7da1cc3e16bef8c2df,bc_classifier_v1,breast_cancer_wisconsin,classification_breast_cancer,42,unit_27,15,2,2026-09-02T20:45:00Z,1.0.0,8e7fd68470057c99,0.21777744458888065,0.2,0.1,0.2,0.2,0.05184117195820066,,,,,,NORMAL,True,True,True,True,False,False,False,True,False,1,0,1,
5a430debd663f56c76b39f6b,Module_12_CrossDomain,sklearn.datasets.load_breast_cancer,71aa3180a9c8c9abf1e45ef91d8c1dac2592948b3fa58a7da1cc3e16bef8c2df,bc_classifier_v1,breast_cancer_wisconsin,classification_breast_cancer,42,unit_27,15,3,2026-09-02T20:45:00Z,1.0.0,8e7fd68470057c99,0.21777744458888065,0.2,0.1,0.2,0.2,0.05184117195820066,,,,,,NORMAL,True,True,True,True,False,False,False,True,False,1,0,1,
a5c52b0922fff3805d09b32a,Module_12_CrossDomain,sklearn.datasets.load_breast_cancer,71aa3180a9c8c9abf1e45ef91d8c1dac2592948b3fa58a7da1cc3e16bef8c2df,bc_classifier_v1,breast_cancer_wisconsin,classification_breast_cancer,42,unit_27,15,5,2026-09-02T20:45:00Z,1.0.0,8e7fd68470057c99,0.21777744458888065,0.2,0.1,0.2,0.2,0.05184117195820066,,,,,,NORMAL,True,True,True,True,False,False,False,True,False,1,0,1,
8d22dc819698e2a5b82e23b8,Module_12_CrossDomain,sklearn.datasets.load_breast_cancer,71aa3180a9c8c9abf1e45ef91d8c1dac2592948b3fa58a7da1cc3e16bef8c2df,bc_classifier_v1,breast_cancer_wisconsin,classification_breast_cancer,42,unit_27,16,1,2026-09-02T20:45:00Z,1.0.0,8e7fd68470057c99,0.2251553219345662,0.2,0.1,0.2,0.2,0.054054134213537955,,,,,,NORMAL,True,True,True,True,False,False,False,True,False,1,0,1,
72c19dae66f31ae455f85c70,Module_12_CrossDomain,sklearn.datasets.load_breast_cancer,71aa3180a9c8c9abf1e45ef91d8c1dac2592948b3fa58a7da1cc3e16bef8c2df,bc_classifier_v1,breast_cancer_wisconsin,classification_breast_cancer,42,unit_27,16,2,2026-09-02T20:45:00Z,1.0.0,8e7fd68470057c99,0.2251553219345662,0.2,0.1,0.2,0.2,0.054054134213537955,,,,,,NORMAL,True,True,True,True,False,False,False,True,False,1,0,1,
6d3fc7fb34d63915de375814,Module_12_CrossDomain,sklearn.datasets.load_breast_cancer,71aa3180a9c8c9abf1e45ef91d8c1dac2592948b3fa58a7da1cc3e16bef8c2df,bc_classifier_v1,breast_cancer_wisconsin,classification_breast_cancer,42,unit_27,16,3,2026-09-02T20:45:00Z,1.0.0,8e7fd68470057c99,0.2251553219345662,0.2,0.1,0.2,0.2,0.054054134213537955,,,,,,NORMAL,True,True,True,True,False,False,False,True,False,1,0,1,
a953b91dfbdf3f42c1462cad,Module_12_CrossDomain,sklearn.datasets.load_breast_cancer,71aa3180a9c8c9abf1e45ef91d8c1dac2592948b3fa58a7da1cc3e16bef8c2df,bc_classifier_v1,breast_cancer_wisconsin,classification_breast_cancer,42,unit_27,16,5,2026-09-02T20:45:00Z,1.0.0,8e7fd68470057c99,0.2251553219345662,0.2,0.1,0.2,0.2,0.054054134213537955,,,,,,NORMAL,True,True,True,True,False,False,False,True,False,1,0,1,
da5e311b8cabb5d0defeb4be,Module_12_CrossDomain,sklearn.datasets.load_breast_cancer,71aa3180a9c8c9abf1e45ef91d8c1dac2592948b3fa58a7da1cc3e16bef8c2df,bc_classifier_v1,breast_cancer_wisconsin,classification_breast_cancer,42,unit_27,17,1,2026-09-02T20:45:00Z,1.0.0,8e7fd68470057c99,0.2669822111943376,0.2,0.1,0.2,0.2,0.06861298506181304,,,,,,NORMAL,True,True,True,True,False,False,False,True,False,1,0,1,
4fd8a5f28f4b46b1ecc3d285,Module_12_CrossDomain,sklearn.datasets.load_breast_cancer,71aa3180a9c8c9abf1e45ef91d8c1dac2592948b3fa58a7da1cc3e16bef8c2df,bc_classifier_v1,breast_cancer_wisconsin,classification_breast_cancer,42,unit_27,17,2,2026-09-02T20:45:00Z,1.0.0,8e7fd68470057c99,0.2669822111943376,0.2,0.1,0.2,0.2,0.06861298506181304,,,,,,NORMAL,True,True,True,True,False,False,False,True,False,1,0,1,
0977b43b4a5f61660f5faf13,Module_12_CrossDomain,sklearn.datasets.load_breast_cancer,71aa3180a9c8c9abf1e45ef91d8c1dac2592948b3fa58a7da1cc3e16bef8c2df,bc_classifier_v1,breast_cancer_wisconsin,classification_breast_cancer,42,unit_27,17,3,2026-09-02T20:45:00Z,1.0.0,8e7fd68470057c99,0.2669822111943376,0.2,0.1,0.2,0.2,0.06861298506181304,,,,,,NORMAL,True,True,True,True,False,False,False,True,False,1,0,1,
a286eaf3bea8f28e23ab7a82,Module_12_CrossDomain,sklearn.datasets.load_breast_cancer,71aa3180a9c8c9abf1e45ef91d8c1dac2592948b3fa58a7da1cc3e16bef8c2df,bc_classifier_v1,breast_cancer_wisconsin,classification_breast_cancer,42,unit_27,17,5,2026-09-02T20:45:00Z,1.0.0,8e7fd68470057c99,0.2669822111943376,0.2,0.1,0.2,0.2,0.06861298506181304,,,,,,NORMAL,True,True,True,True,False,False,False,True,False,1,0,1,
b35cc6c18776735d6bad3075,Module_12_CrossDomain,sklearn.datasets.load_breast_cancer,71aa3180a9c8c9abf1e45ef91d8c1dac2592948b3fa58a7da1cc3e16bef8c2df,bc_classifier_v1,breast_cancer_wisconsin,classification_breast_cancer,42,unit_27,18,1,2026-09-02T20:45:00Z,1.0.0,8e7fd68470057c99,0.026260036845335226,0.2,0.1,0.2,0.2,0.07119859312205201,,,,,,NORMAL,True,True,True,True,False,False,False,True,False,1,0,1,
4bb4f6539ed56c76d64cd572,Module_12_CrossDomain,sklearn.datasets.load_breast_cancer,71aa3180a9c8c9abf1e45ef91d8c1dac2592948b3fa58a7da1cc3e16bef8c2df,bc_classifier_v1,breast_cancer_wisconsin,classification_breast_cancer,42,unit_27,18,2,2026-09-02T20:45:00Z,1.0.0,8e7fd68470057c99,0.026260036845335226,0.2,0.1,0.2,0.2,0.07119859312205201,,,,,,NORMAL,True,True,True,True,False,False,False,True,False,1,0,1,
97b9e65e089fe9993032e069,Module_12_CrossDomain,sklearn.datasets.load_breast_cancer,71aa3180a9c8c9abf1e45ef91d8c1dac2592948b3fa58a7da1cc3e16bef8c2df,bc_classifier_v1,breast_cancer_wisconsin,classification_breast_cancer,42,unit_27,18,3,2026-09-02T20:45:00Z,1.0.0,8e7fd68470057c99,0.026260036845335226,0.2,0.1,0.2,0.2,0.07119859312205201,,,,,,NORMAL,True,True,True,True,False,False,False,True,False,1,0,1,
43173ba64211ae4da5cd53fe,Module_12_CrossDomain,sklearn.datasets.load_breast_cancer,71aa3180a9c8c9abf1e45ef91d8c1dac2592948b3fa58a7da1cc3e16bef8c2df,bc_classifier_v1,breast_cancer_wisconsin,classification_breast_cancer,42,unit_27,18,5,2026-09-02T20:45:00Z,1.0.0,8e7fd68470057c99,0.026260036845335226,0.2,0.1,0.2,0.2,0.07119859312205201,,,,,,NORMAL,True,True,True,True,False,False,False,True,False,1,0,1,
d1520ef44cb05a7af90b875a,Module_12_CrossDomain,sklearn.datasets.load_breast_cancer,71aa3180a9c8c9abf1e45ef91d8c1dac2592948b3fa58a7da1cc3e16bef8c2df,bc_classifier_v1,breast_cancer_wisconsin,classification_breast_cancer,42,unit_27,19,1,2026-09-02T20:45:00Z,1.0.0,8e7fd68470057c99,0.14853890334475425,0.2,0.1,0.2,0.2,0.040830638832012114,,,,,,NORMAL,True,True,True,True,False,False,False,True,False,1,0,0,
10a629a5d059c97ca02fc964,Module_12_CrossDomain,sklearn.datasets.load_breast_cancer,71aa3180a9c8c9abf1e45ef91d8c1dac2592948b3fa58a7da1cc3e16bef8c2df,bc_classifier_v1,breast_cancer_wisconsin,classification_breast_cancer,42,unit_27,19,2,2026-09-02T20:45:00Z,1.0.0,8e7fd68470057c99,0.14853890334475425,0.2,0.1,0.2,0.2,0.040830638832012114,,,,,,NORMAL,True,True,True,True,False,False,False,True,False,1,0,0,
e49bf1aaaab0d2e0275e031b,Module_12_CrossDomain,sklearn.datasets.load_breast_cancer,71aa3180a9c8c9abf1e45ef91d8c1dac2592948b3fa58a7da1cc3e16bef8c2df,bc_classifier_v1,breast_cancer_wisconsin,classification_breast_cancer,42,unit_27,19,3,2026-09-02T20:45:00Z,1.0.0,8e7fd68470057c99,0.14853890334475425,0.2,0.1,0.2,0.2,0.040830638832012114,,,,,,NORMAL,True,True,True,True,False,False,False,True,False,1,0,0,
16ab6d19d2a44b63517b8c23,Module_12_CrossDomain,sklearn.datasets.load_breast_cancer,71aa3180a9c8c9abf1e45ef91d8c1dac2592948b3fa58a7da1cc3e16bef8c2df,bc_classifier_v1,breast_cancer_wisconsin,classification_breast_cancer,42,unit_27,19,5,2026-09-02T20:45:00Z,1.0.0,8e7fd68470057c99,0.14853890334475425,0.2,0.1,0.2,0.2,0.040830638832012114,,,,,,NORMAL,True,True,True,True,False,False,False,True,False,1,0,0,
3511e3c56649218cb615b865,Module_12_CrossDomain,sklearn.datasets.load_breast_cancer,71aa3180a9c8c9abf1e45ef91d8c1dac2592948b3fa58a7da1cc3e16bef8c2df,bc_classifier_v1,breast_cancer_wisconsin,classification_breast_cancer,42,unit_28,0,1,2026-09-02T20:45:00Z,1.0.0,8e7fd68470057c99,0.0043865305905895075,0.2,0.1,0.2,0.2,0.07986555713398101,,,,,,NORMAL,True,True,True,True,False,False,False,True,False,1,0,1,0.0
1a55349f02ab9dcbbd6389d8,Module_12_CrossDomain,sklearn.datasets.load_breast_cancer,71aa3180a9c8c9abf1e45ef91d8c1dac2592948b3fa58a7da1cc3e16bef8c2df,bc_classifier_v1,breast_cancer_wisconsin,classification_breast_cancer,42,unit_28,0,2,2026-09-02T20:45:00Z,1.0.0,8e7fd68470057c99,0.0043865305905895075,0.2,0.1,0.2,0.2,0.07986555713398101,,,,,,NORMAL,True,True,True,True,False,False,False,True,False,1,0,1,0.0
fca81fa61eb00326df6aca3f,Module_12_CrossDomain,sklearn.datasets.load_breast_cancer,71aa3180a9c8c9abf1e45ef91d8c1dac2592948b3fa58a7da1cc3e16bef8c2df,bc_classifier_v1,breast_cancer_wisconsin,classification_breast_cancer,42,unit_28,0,3,2026-09-02T20:45:00Z,1.0.0,8e7fd68470057c99,0.0043865305905895075,0.2,0.1,0.2,0.2,0.07986555713398101,,,,,,NORMAL,True,True,True,True,False,False,False,True,False,1,0,1,0.0
3b330d94749ec1898a478323,Module_12_CrossDomain,sklearn.datasets.load_breast_cancer,71aa3180a9c8c9abf1e45ef91d8c1dac2592948b3fa58a7da1cc3e16bef8c2df,bc_classifier_v1,breast_cancer_wisconsin,classification_breast_cancer,42,unit_28,0,5,2026-09-02T20:45:00Z,1.0.0,8e7fd68470057c99,0.0043865305905895075,0.2,0.1,0.2,0.2,0.07986555713398101,,,,,,NORMAL,True,True,True,True,False,False,False,True,False,1,0,1,0.0
b5f878da61ea6a1115ce6c36,Module_12_CrossDomain,sklearn.datasets.load_breast_cancer,71aa3180a9c8c9abf1e45ef91d8c1dac2592948b3fa58a7da1cc3e16bef8c2df,bc_classifier_v1,breast_cancer_wisconsin,classification_breast_cancer,42,unit_28,1,1,2026-09-02T20:45:00Z,1.0.0,8e7fd68470057c99,0.16613230316908148,0.2,0.1,0.2,0.2,0.04152710281126761,,,,,,NORMAL,True,True,True,True,False,False,False,True,False,1,0,0,
9c8e2e157a760dda0f0a2148,Module_12_CrossDomain,sklearn.datasets.load_breast_cancer,71aa3180a9c8c9abf1e45ef91d8c1dac2592948b3fa58a7da1cc3e16bef8c2df,bc_classifier_v1,breast_cancer_wisconsin,classification_breast_cancer,42,unit_28,1,2,2026-09-02T20:45:00Z,1.0.0,8e7fd68470057c99,0.16613230316908148,0.2,0.1,0.2,0.2,0.04152710281126761,,,,,,NORMAL,True,True,True,True,False,False,False,True,False,1,0,0,
d1fdab706da2a65cdb9e7244,Module_12_CrossDomain,sklearn.datasets.load_breast_cancer,71aa3180a9c8c9abf1e45ef91d8c1dac2592948b3fa58a7da1cc3e16bef8c2df,bc_classifier_v1,breast_cancer_wisconsin,classification_breast_cancer,42,unit_28,1,3,2026-09-02T20:45:00Z,1.0.0,8e7fd68470057c99,0.16613230316908148,0.2,0.1,0.2,0.2,0.04152710281126761,,,,,,NORMAL,True,True,True,True,False,False,False,True,False,1,0,0,
f3367b2014d575ed37fc0d41,Module_12_CrossDomain,sklearn.datasets.load_breast_cancer,71aa3180a9c8c9abf1e45ef91d8c1dac2592948b3fa58a7da1cc3e16bef8c2df,bc_classifier_v1,breast_cancer_wisconsin,classification_breast_cancer,42,unit_28,1,5,2026-09-02T20:45:00Z,1.0.0,8e7fd68470057c99,0.16613230316908148,0.2,0.1,0.2,0.2,0.04152710281126761,,,,,,NORMAL,True,True,True,True,False,False,False,True,False,1,0,0,
e87cd5a08c55a9ebd20bbfbd,Module_12_CrossDomain,sklearn.datasets.load_breast_cancer,71aa3180a9c8c9abf1e45ef91d8c1dac2592948b3fa58a7da1cc3e16bef8c2df,bc_classifier_v1,breast_cancer_wisconsin,classification_breast_cancer,42,unit_28,2,1,2026-09-02T20:45:00Z,1.0.0,8e7fd68470057c99,0.06201436552058085,0.2,0.1,0.2,0.2,0.058197884411235655,,,,,,NORMAL,True,True,True,True,False,False,False,True,False,1,0,0,
70d0d2dd42d4cabbe09e1509,Module_12_CrossDomain,sklearn.datasets.load_breast_cancer,71aa3180a9c8c9abf1e45ef91d8c1dac2592948b3fa58a7da1cc3e16bef8c2df,bc_classifier_v1,breast_cancer_wisconsin,classification_breast_cancer,42,unit_28,2,2,2026-09-02T20:45:00Z,1.0.0,8e7fd68470057c99,0.06201436552058085,0.2,0.1,0.2,0.2,0.058197884411235655,,,,,,NORMAL,True,True,True,True,False,False,False,True,False,1,0,0,
3cec9ccb0f80fd5d2ee70185,Module_12_CrossDomain,sklearn.datasets.load_breast_cancer,71aa3180a9c8c9abf1e45ef91d8c1dac2592948b3fa58a7da1cc3e16bef8c2df,bc_classifier_v1,breast_cancer_wisconsin,classification_breast_cancer,42,unit_28,2,3,2026-09-02T20:45:00Z,1.0.0,8e7fd68470057c99,0.06201436552058085,0.2,0.1,0.2,0.2,0.058197884411235655,,,,,,NORMAL,True,True,True,True,False,False,False,True,False,1,0,0,
144aae6d5df59a264c4c5430,Module_12_CrossDomain,sklearn.datasets.load_breast_cancer,71aa3180a9c8c9abf1e45ef91d8c1dac2592948b3fa58a7da1cc3e16bef8c2df,bc_classifier_v1,breast_cancer_wisconsin,classification_breast_cancer,42,unit_28,2,5,2026-09-02T20:45:00Z,1.0.0,8e7fd68470057c99,0.06201436552058085,0.2,0.1,0.2,0.2,0.058197884411235655,,,,,,NORMAL,True,True,True,True,False,False,False,True,False,1,0,0,
6a46f946630a1fb3a74f346b,Module_12_CrossDomain,sklearn.datasets.load_breast_cancer,71aa3180a9c8c9abf1e45ef91d8c1dac2592948b3fa58a7da1cc3e16bef8c2df,bc_classifier_v1,breast_cancer_wisconsin,classification_breast_cancer,42,unit_28,3,1,2026-09-02T20:45:00Z,1.0.0,8e7fd68470057c99,0.38550591067756473,0.2,0.1,0.2,0.2,0.11828687723221326,,,,,,NORMAL,True,True,True,True,False,False,False,True,False,1,0,0,
11097740c70308b33fcb9b52,Module_12_CrossDomain,sklearn.datasets.load_breast_cancer,71aa3180a9c8c9abf1e45ef91d8c1dac2592948b3fa58a7da1cc3e16bef8c2df,bc_classifier_v1,breast_cancer_wisconsin,classification_breast_cancer,42,unit_28,3,2,2026-09-02T20:45:00Z,1.0.0,8e7fd68470057c99,0.38550591067756473,0.2,0.1,0.2,0.2,0.11828687723221326,,,,,,NORMAL,True,True,True,True,False,False,False,True,False,1,0,0,
bd125c49ebaffd53a041ec17,Module_12_CrossDomain,sklearn.datasets.load_breast_cancer,71aa3180a9c8c9abf1e45ef91d8c1dac2592948b3fa58a7da1cc3e16bef8c2df,bc_classifier_v1,breast_cancer_wisconsin,classification_breast_cancer,42,unit_28,3,3,2026-09-02T20:45:00Z,1.0.0,8e7fd68470057c99,0.38550591067756473,0.2,0.1,0.2,0.2,0.11828687723221326,,,,,,NORMAL,True,True,True,True,False,False,False,True,False,1,0,0,
3ec5d33bd994c7a97e1bbc5d,Module_12_CrossDomain,sklearn.datasets.load_breast_cancer,71aa3180a9c8c9abf1e45ef91d8c1dac2592948b3fa58a7da1cc3e16bef8c2df,bc_classifier_v1,breast_cancer_wisconsin,classification_breast_cancer,42,unit_28,3,5,2026-09-02T20:45:00Z,1.0.0,8e7fd68470057c99,0.38550591067756473,0.2,0.1,0.2,0.2,0.11828687723221326,,,,,,NORMAL,True,True,True,True,False,False,False,True,False,1,0,1,
d743311585e2e84f6239af37,Module_12_CrossDomain,sklearn.datasets.load_breast_cancer,71aa3180a9c8c9abf1e45ef91d8c1dac2592948b3fa58a7da1cc3e16bef8c2df,bc_classifier_v1,breast_cancer_wisconsin,classification_breast_cancer,42,unit_28,4,1,2026-09-02T20:45:00Z,1.0.0,8e7fd68470057c99,0.4218277683794013,0.2,0.1,0.2,0.2,0.13448695571783195,,,,,,NORMAL,True,True,True,True,False,False,False,True,False,1,0,0,
005c771d555ce48ed5e9969a,Module_12_CrossDomain,sklearn.datasets.load_breast_cancer,71aa3180a9c8c9abf1e45ef91d8c1dac2592948b3fa58a7da1cc3e16bef8c2df,bc_classifier_v1,breast_cancer_wisconsin,classification_breast_cancer,42,unit_28,4,2,2026-09-02T20:45:00Z,1.0.0,8e7fd68470057c99,0.4218277683794013,0.2,0.1,0.2,0.2,0.13448695571783195,,,,,,NORMAL,True,True,True,True,False,False,False,True,False,1,0,0,
5505b88f72f1bb1f08d2ede5,Module_12_CrossDomain,sklearn.datasets.load_breast_cancer,71aa3180a9c8c9abf1e45ef91d8c1dac2592948b3fa58a7da1cc3e16bef8c2df,bc_classifier_v1,breast_cancer_wisconsin,classification_breast_cancer,42,unit_28,4,3,2026-09-02T20:45:00Z,1.0.0,8e7fd68470057c99,0.4218277683794013,0.2,0.1,0.2,0.2,0.13448695571783195,,,,,,NORMAL,True,True,True,True,False,False,False,True,False,1,0,0,
c59074afd818c50806282e37,Module_12_CrossDomain,sklearn.datasets.load_breast_cancer,71aa3180a9c8c9abf1e45ef91d8c1dac2592948b3fa58a7da1cc3e16bef8c2df,bc_classifier_v1,breast_cancer_wisconsin,classification_breast_cancer,42,unit_28,4,5,2026-09-02T20:45:00Z,1.0.0,8e7fd68470057c99,0.4218277683794013,0.2,0.1,0.2,0.2,0.13448695571783195,,,,,,NORMAL,True,True,True,True,False,False,False,True,False,1,0,1,
bfa865c02110ceba714e0fd0,Module_12_CrossDomain,sklearn.datasets.load_breast_cancer,71aa3180a9c8c9abf1e45ef91d8c1dac2592948b3fa58a7da1cc3e16bef8c2df,bc_classifier_v1,breast_cancer_wisconsin,classification_breast_cancer,42,unit_28,5,1,2026-09-02T20:45:00Z,1.0.0,8e7fd68470057c99,0.3406711175768598,0.2,0.1,0.2,0.2,0.09872011511564589,,,,,,NORMAL,True,True,True,True,False,False,False,True,False,1,0,0,
ecc6c030023b125957235296,Module_12_CrossDomain,sklearn.datasets.load_breast_cancer,71aa3180a9c8c9abf1e45ef91d8c1dac2592948b3fa58a7da1cc3e16bef8c2df,bc_classifier_v1,breast_cancer_wisconsin,classification_breast_cancer,42,unit_28,5,2,2026-09-02T20:45:00Z,1.0.0,8e7fd68470057c99,0.3406711175768598,0.2,0.1,0.2,0.2,0.09872011511564589,,,,,,NORMAL,True,True,True,True,False,False,False,True,False,1,0,0,
ee75c9c0328581b335161a37,Module_12_CrossDomain,sklearn.datasets.load_breast_cancer,71aa3180a9c8c9abf1e45ef91d8c1dac2592948b3fa58a7da1cc3e16bef8c2df,bc_classifier_v1,breast_cancer_wisconsin,classification_breast_cancer,42,unit_28,5,3,2026-09-02T20:45:00Z,1.0.0,8e7fd68470057c99,0.3406711175768598,0.2,0.1,0.2,0.2,0.09872011511564589,,,,,,NORMAL,True,True,True,True,False,False,False,True,False,1,0,1,
91b1bf092ce8126ef5a1506c,Module_12_CrossDomain,sklearn.datasets.load_breast_cancer,71aa3180a9c8c9abf1e45ef91d8c1dac2592948b3fa58a7da1cc3e16bef8c2df,bc_classifier_v1,breast_cancer_wisconsin,classification_breast_cancer,42,unit_28,5,5,2026-09-02T20:45:00Z,1.0.0,8e7fd68470057c99,0.3406711175768598,0.2,0.1,0.2,0.2,0.09872011511564589,,,,,,NORMAL,True,True,True,True,False,False,False,True,False,1,0,1,
95530417a7d6a8f00a084084,Module_12_CrossDomain,sklearn.datasets.load_breast_cancer,71aa3180a9c8c9abf1e45ef91d8c1dac2592948b3fa58a7da1cc3e16bef8c2df,bc_classifier_v1,breast_cancer_wisconsin,classification_breast_cancer,42,unit_28,6,1,2026-09-02T20:45:00Z,1.0.0,8e7fd68470057c99,0.14033337119016645,0.2,0.1,0.2,0.2,0.04107836335738778,,,,,,NORMAL,True,True,True,True,False,False,False,True,False,1,0,0,
83656c52914533955f470b84,Module_12_CrossDomain,sklearn.datasets.load_breast_cancer,71aa3180a9c8c9abf1e45ef91d8c1dac2592948b3fa58a7da1cc3e16bef8c2df,bc_classifier_v1,breast_cancer_wisconsin,classification_breast_cancer,42,unit_28,6,2,2026-09-02T20:45:00Z,1.0.0,8e7fd68470057c99,0.14033337119016645,0.2,0.1,0.2,0.2,0.04107836335738778,,,,,,NORMAL,True,True,True,True,False,False,False,True,False,1,0,1,
116bf1873c8460ecee2d91d9,Module_12_CrossDomain,sklearn.datasets.load_breast_cancer,71aa3180a9c8c9abf1e45ef91d8c1dac2592948b3fa58a7da1cc3e16bef8c2df,bc_classifier_v1,breast_cancer_wisconsin,classification_breast_cancer,42,unit_28,6,3,2026-09-02T20:45:00Z,1.0.0,8e7fd68470057c99,0.14033337119016645,0.2,0.1,0.2,0.2,0.04107836335738778,,,,,,NORMAL,True,True,True,True,False,False,False,True,False,1,0,1,
53f60358d413f376cd9edd58,Module_12_CrossDomain,sklearn.datasets.load_breast_cancer,71aa3180a9c8c9abf1e45ef91d8c1dac2592948b3fa58a7da1cc3e16bef8c2df,bc_classifier_v1,breast_cancer_wisconsin,classification_breast_cancer,42,unit_28,6,5,2026-09-02T20:45:00Z,1.0.0,8e7fd68470057c99,0.14033337119016645,0.2,0.1,0.2,0.2,0.04107836335738778,,,,,,NORMAL,True,True,True,True,False,False,False,True,False,1,0,1,
57c93cfdf652fc02b700455b,Module_12_CrossDomain,sklearn.datasets.load_breast_cancer,71aa3180a9c8c9abf1e45ef91d8c1dac2592948b3fa58a7da1cc3e16bef8c2df,bc_classifier_v1,breast_cancer_wisconsin,classification_breast_cancer,42,unit_28,7,1,2026-09-02T20:45:00Z,1.0.0,8e7fd68470057c99,0.36734498182664627,0.2,0.1,0.2,0.2,0.11029137281182382,,,,,,NORMAL,True,True,True,True,False,False,False,True,False,1,0,1,
b5f29538f21a7c714f1e0880,Module_12_CrossDomain,sklearn.datasets.load_breast_cancer,71aa3180a9c8c9abf1e45ef91d8c1dac2592948b3fa58a7da1cc3e16bef8c2df,bc_classifier_v1,breast_cancer_wisconsin,classification_breast_cancer,42,unit_28,7,2,2026-09-02T20:45:00Z,1.0.0,8e7fd68470057c99,0.36734498182664627,0.2,0.1,0.2,0.2,0.11029137281182382,,,,,,NORMAL,True,True,True,True,False,False,False,True,False,1,0,1,
b08f5cdea49615c7298391be,Module_12_CrossDomain,sklearn.datasets.load_breast_cancer,71aa3180a9c8c9abf1e45ef91d8c1dac2592948b3fa58a7da1cc3e16bef8c2df,bc_classifier_v1,breast_cancer_wisconsin,classification_breast_cancer,42,unit_28,7,3,2026-09-02T20:45:00Z,1.0.0,8e7fd68470057c99,0.36734498182664627,0.2,0.1,0.2,0.2,0.11029137281182382,,,,,,NORMAL,True,True,True,True,False,False,False,True,False,1,0,1,
16871437ea3719f04d953575,Module_12_CrossDomain,sklearn.datasets.load_breast_cancer,71aa3180a9c8c9abf1e45ef91d8c1dac2592948b3fa58a7da1cc3e16bef8c2df,bc_classifier_v1,breast_cancer_wisconsin,classification_breast_cancer,42,unit_28,7,5,2026-09-02T20:45:00Z,1.0.0,8e7fd68470057c99,0.36734498182664627,0.2,0.1,0.2,0.2,0.11029137281182382,,,,,,NORMAL,True,True,True,True,False,False,False,True,False,1,0,1,
7ecff1ed35d626e62bd61a2b,Module_12_CrossDomain,sklearn.datasets.load_breast_cancer,71aa3180a9c8c9abf1e45ef91d8c1dac2592948b3fa58a7da1cc3e16bef8c2df,bc_classifier_v1,breast_cancer_wisconsin,classification_breast_cancer,42,unit_28,8,1,2026-09-02T20:45:00Z,1.0.0,8e7fd68470057c99,0.3613622883164541,0.2,0.1,0.2,0.2,0.10767648760406524,,,,,,NORMAL,True,True,True,True,False,False,False,True,False,1,0,0,
4d0170c1a0a050f79a013fbb,Module_12_CrossDomain,sklearn.datasets.load_breast_cancer,71aa3180a9c8c9abf1e45ef91d8c1dac2592948b3fa58a7da1cc3e16bef8c2df,bc_classifier_v1,breast_cancer_wisconsin,classification_breast_cancer,42,unit_28,8,2,2026-09-02T20:45:00Z,1.0.0,8e7fd68470057c99,0.3613622883164541,0.2,0.1,0.2,0.2,0.10767648760406524,,,,,,NORMAL,True,True,True,True,False,False,False,True,False,1,0,0,
e1c66e172c1727fd1b9976a9,Module_12_CrossDomain,sklearn.datasets.load_breast_cancer,71aa3180a9c8c9abf1e45ef91d8c1dac2592948b3fa58a7da1cc3e16bef8c2df,bc_classifier_v1,breast_cancer_wisconsin,classification_breast_cancer,42,unit_28,8,3,2026-09-02T20:45:00Z,1.0.0,8e7fd68470057c99,0.3613622883164541,0.2,0.1,0.2,0.2,0.10767648760406524,,,,,,NORMAL,True,True,True,True,False,False,False,True,False,1,0,0,
009de86f9467395834b34579,Module_12_CrossDomain,sklearn.datasets.load_breast_cancer,71aa3180a9c8c9abf1e45ef91d8c1dac2592948b3fa58a7da1cc3e16bef8c2df,bc_classifier_v1,breast_cancer_wisconsin,classification_breast_cancer,42,unit_28,8,5,2026-09-02T20:45:00Z,1.0.0,8e7fd68470057c99,0.3613622883164541,0.2,0.1,0.2,0.2,0.10767648760406524,,,,,,NORMAL,True,True,True,True,False,False,False,True,False,1,0,0,
