row_id,source_module,source_artifact_path,source_artifact_hash,model_id,dataset_id,domain_id,seed,trajectory_id,state_index,prediction_horizon,extraction_timestamp,builder_version,config_hash,ood_score,uncertainty_score,drift_score,fused_risk,stress_robust_fused_risk,signal_disagreement,ood_drift_redundancy,stress_robustness,fault_sensitivity,memory_similarity,temporal_failure_probability,early_warning_state,has_ood,has_uncertainty,has_drift,has_fused_risk,has_memory,has_temporal,has_early_warning,has_ground_truth,is_censored,eventual_failure,failure_event_index,failure_within_horizon,states_remaining_before_failure
9980e9cf9849c58569fe248b,Module_12_13_EarlyWarning,examples/sample_temporal_trajectory.csv,7120aaaf6df305220183e04d8365ce38dddbf592cd3b523a8e49b9386625bf8b,013245af-9a9a-4e59-9648-0bb135f604d7,sample_temporal_trajectory,synthetic_degradation_trajectory,42,0,0,1,2026-09-02T20:45:00Z,1.0.0,8e7fd68470057c99,0.105,0.1154,0.0347,0.104,0.104,0.03584339393652461,,,,,,NORMAL,True,True,True,True,False,False,False,True,False,1,6,0,6.0
6abe8106a43fe431956a4a9a,Module_12_13_EarlyWarning,examples/sample_temporal_trajectory.csv,7120aaaf6df305220183e04d8365ce38dddbf592cd3b523a8e49b9386625bf8b,013245af-9a9a-4e59-9648-0bb135f604d7,sample_temporal_trajectory,synthetic_degradation_trajectory,42,0,0,2,2026-09-02T20:45:00Z,1.0.0,8e7fd68470057c99,0.105,0.1154,0.0347,0.104,0.104,0.03584339393652461,,,,,,NORMAL,True,True,True,True,False,False,False,True,False,1,6,0,6.0
dc00a552ab968852b38987ef,Module_12_13_EarlyWarning,examples/sample_temporal_trajectory.csv,7120aaaf6df305220183e04d8365ce38dddbf592cd3b523a8e49b9386625bf8b,013245af-9a9a-4e59-9648-0bb135f604d7,sample_temporal_trajectory,synthetic_degradation_trajectory,42,0,0,3,2026-09-02T20:45:00Z,1.0.0,8e7fd68470057c99,0.105,0.1154,0.0347,0.104,0.104,0.03584339393652461,,,,,,NORMAL,True,True,True,True,False,False,False,True,False,1,6,0,6.0
1c7d52ab769248e6b0eac255,Module_12_13_EarlyWarning,examples/sample_temporal_trajectory.csv,7120aaaf6df305220183e04d8365ce38dddbf592cd3b523a8e49b9386625bf8b,013245af-9a9a-4e59-9648-0bb135f604d7,sample_temporal_trajectory,synthetic_degradation_trajectory,42,0,0,5,2026-09-02T20:45:00Z,1.0.0,8e7fd68470057c99,0.105,0.1154,0.0347,0.104,0.104,0.03584339393652461,,,,,,NORMAL,True,True,True,True,False,False,False,True,False,1,6,0,6.0
2165733f4f5ba985f9f37509,Module_12_13_EarlyWarning,examples/sample_temporal_trajectory.csv,7120aaaf6df305220183e04d8365ce38dddbf592cd3b523a8e49b9386625bf8b,013245af-9a9a-4e59-9648-0bb135f604d7,sample_temporal_trajectory,synthetic_degradation_trajectory,42,0,1,1,2026-09-02T20:45:00Z,1.0.0,8e7fd68470057c99,0.1186,0.1353,0.0377,0.1485,0.1485,0.042621668980304686,,,,,,NORMAL,True,True,True,True,False,False,False,True,False,1,6,0,5.0
6d9a8483e33cf5794e5bf3e7,Module_12_13_EarlyWarning,examples/sample_temporal_trajectory.csv,7120aaaf6df305220183e04d8365ce38dddbf592cd3b523a8e49b9386625bf8b,013245af-9a9a-4e59-9648-0bb135f604d7,sample_temporal_trajectory,synthetic_degradation_trajectory,42,0,1,2,2026-09-02T20:45:00Z,1.0.0,8e7fd68470057c99,0.1186,0.1353,0.0377,0.1485,0.1485,0.042621668980304686,,,,,,NORMAL,True,True,True,True,False,False,False,True,False,1,6,0,5.0
4daaf8faf625740b98f13036,Module_12_13_EarlyWarning,examples/sample_temporal_trajectory.csv,7120aaaf6df305220183e04d8365ce38dddbf592cd3b523a8e49b9386625bf8b,013245af-9a9a-4e59-9648-0bb135f604d7,sample_temporal_trajectory,synthetic_degradation_trajectory,42,0,1,3,2026-09-02T20:45:00Z,1.0.0,8e7fd68470057c99,0.1186,0.1353,0.0377,0.1485,0.1485,0.042621668980304686,,,,,,NORMAL,True,True,True,True,False,False,False,True,False,1,6,0,5.0
eff7a8d3ae101b4958e16982,Module_12_13_EarlyWarning,examples/sample_temporal_trajectory.csv,7120aaaf6df305220183e04d8365ce38dddbf592cd3b523a8e49b9386625bf8b,013245af-9a9a-4e59-9648-0bb135f604d7,sample_temporal_trajectory,synthetic_degradation_trajectory,42,0,1,5,2026-09-02T20:45:00Z,1.0.0,8e7fd68470057c99,0.1186,0.1353,0.0377,0.1485,0.1485,0.042621668980304686,,,,,,NORMAL,True,True,True,True,False,False,False,True,False,1,6,1,5.0
0fd3f448b2683aa58cb80426,Module_12_13_EarlyWarning,examples/sample_temporal_trajectory.csv,7120aaaf6df305220183e04d8365ce38dddbf592cd3b523a8e49b9386625bf8b,013245af-9a9a-4e59-9648-0bb135f604d7,sample_temporal_trajectory,synthetic_degradation_trajectory,42,0,2,1,2026-09-02T20:45:00Z,1.0.0,8e7fd68470057c99,0.1565,0.1624,0.0507,0.1499,0.1499,0.05132179524009917,,,,,,NORMAL,True,True,True,True,False,False,False,True,False,1,6,0,4.0
7fd1d9593d59898d732016d3,Module_12_13_EarlyWarning,examples/sample_temporal_trajectory.csv,7120aaaf6df305220183e04d8365ce38dddbf592cd3b523a8e49b9386625bf8b,013245af-9a9a-4e59-9648-0bb135f604d7,sample_temporal_trajectory,synthetic_degradation_trajectory,42,0,2,2,2026-09-02T20:45:00Z,1.0.0,8e7fd68470057c99,0.1565,0.1624,0.0507,0.1499,0.1499,0.05132179524009917,,,,,,NORMAL,True,True,True,True,False,False,False,True,False,1,6,0,4.0
60c3a79912162e49138136b1,Module_12_13_EarlyWarning,examples/sample_temporal_trajectory.csv,7120aaaf6df305220183e04d8365ce38dddbf592cd3b523a8e49b9386625bf8b,013245af-9a9a-4e59-9648-0bb135f604d7,sample_temporal_trajectory,synthetic_degradation_trajectory,42,0,2,3,2026-09-02T20:45:00Z,1.0.0,8e7fd68470057c99,0.1565,0.1624,0.0507,0.1499,0.1499,0.05132179524009917,,,,,,NORMAL,True,True,True,True,False,False,False,True,False,1,6,0,4.0
708a7998baadbc90ece576bc,Module_12_13_EarlyWarning,examples/sample_temporal_trajectory.csv,7120aaaf6df305220183e04d8365ce38dddbf592cd3b523a8e49b9386625bf8b,013245af-9a9a-4e59-9648-0bb135f604d7,sample_temporal_trajectory,synthetic_degradation_trajectory,42,0,2,5,2026-09-02T20:45:00Z,1.0.0,8e7fd68470057c99,0.1565,0.1624,0.0507,0.1499,0.1499,0.05132179524009917,,,,,,NORMAL,True,True,True,True,False,False,False,True,False,1,6,1,4.0
a46820891ec61fed03decd36,Module_12_13_EarlyWarning,examples/sample_temporal_trajectory.csv,7120aaaf6df305220183e04d8365ce38dddbf592cd3b523a8e49b9386625bf8b,013245af-9a9a-4e59-9648-0bb135f604d7,sample_temporal_trajectory,synthetic_degradation_trajectory,42,0,3,1,2026-09-02T20:45:00Z,1.0.0,8e7fd68470057c99,0.1952,0.1809,0.0658,0.1794,0.1794,0.05792414580006051,,,,,,NORMAL,True,True,True,True,False,False,False,True,False,1,6,0,3.0
eb2cdd9501ec1bce70ac704d,Module_12_13_EarlyWarning,examples/sample_temporal_trajectory.csv,7120aaaf6df305220183e04d8365ce38dddbf592cd3b523a8e49b9386625bf8b,013245af-9a9a-4e59-9648-0bb135f604d7,sample_temporal_trajectory,synthetic_degradation_trajectory,42,0,3,2,2026-09-02T20:45:00Z,1.0.0,8e7fd68470057c99,0.1952,0.1809,0.0658,0.1794,0.1794,0.05792414580006051,,,,,,NORMAL,True,True,True,True,False,False,False,True,False,1,6,0,3.0
3b763404e739d5e0bd56f497,Module_12_13_EarlyWarning,examples/sample_temporal_trajectory.csv,7120aaaf6df305220183e04d8365ce38dddbf592cd3b523a8e49b9386625bf8b,013245af-9a9a-4e59-9648-0bb135f604d7,sample_temporal_trajectory,synthetic_degradation_trajectory,42,0,3,3,2026-09-02T20:45:00Z,1.0.0,8e7fd68470057c99,0.1952,0.1809,0.0658,0.1794,0.1794,0.05792414580006051,,,,,,NORMAL,True,True,True,True,False,False,False,True,False,1,6,1,3.0
423b50fbb49acb14523f5907,Module_12_13_EarlyWarning,examples/sample_temporal_trajectory.csv,7120aaaf6df305220183e04d8365ce38dddbf592cd3b523a8e49b9386625bf8b,013245af-9a9a-4e59-9648-0bb135f604d7,sample_temporal_trajectory,synthetic_degradation_trajectory,42,0,3,5,2026-09-02T20:45:00Z,1.0.0,8e7fd68470057c99,0.1952,0.1809,0.0658,0.1794,0.1794,0.05792414580006051,,,,,,NORMAL,True,True,True,True,False,False,False,True,False,1,6,1,3.0
4d1180708f757aff30655ded,Module_12_13_EarlyWarning,examples/sample_temporal_trajectory.csv,7120aaaf6df305220183e04d8365ce38dddbf592cd3b523a8e49b9386625bf8b,013245af-9a9a-4e59-9648-0bb135f604d7,sample_temporal_trajectory,synthetic_degradation_trajectory,42,0,4,1,2026-09-02T20:45:00Z,1.0.0,8e7fd68470057c99,0.2177,0.2228,0.0946,0.2382,0.2382,0.059268560149730504,,,,,,NORMAL,True,True,True,True,False,False,False,True,False,1,6,0,2.0
c73662c8e2f0c370af5c7d11,Module_12_13_EarlyWarning,examples/sample_temporal_trajectory.csv,7120aaaf6df305220183e04d8365ce38dddbf592cd3b523a8e49b9386625bf8b,013245af-9a9a-4e59-9648-0bb135f604d7,sample_temporal_trajectory,synthetic_degradation_trajectory,42,0,4,2,2026-09-02T20:45:00Z,1.0.0,8e7fd68470057c99,0.2177,0.2228,0.0946,0.2382,0.2382,0.059268560149730504,,,,,,NORMAL,True,True,True,True,False,False,False,True,False,1,6,1,2.0
8b77a8af270f2aa067177326,Module_12_13_EarlyWarning,examples/sample_temporal_trajectory.csv,7120aaaf6df305220183e04d8365ce38dddbf592cd3b523a8e49b9386625bf8b,013245af-9a9a-4e59-9648-0bb135f604d7,sample_temporal_trajectory,synthetic_degradation_trajectory,42,0,4,3,2026-09-02T20:45:00Z,1.0.0,8e7fd68470057c99,0.2177,0.2228,0.0946,0.2382,0.2382,0.059268560149730504,,,,,,NORMAL,True,True,True,True,False,False,False,True,False,1,6,1,2.0
4e473eac4785dc72966fda0e,Module_12_13_EarlyWarning,examples/sample_temporal_trajectory.csv,7120aaaf6df305220183e04d8365ce38dddbf592cd3b523a8e49b9386625bf8b,013245af-9a9a-4e59-9648-0bb135f604d7,sample_temporal_trajectory,synthetic_degradation_trajectory,42,0,4,5,2026-09-02T20:45:00Z,1.0.0,8e7fd68470057c99,0.2177,0.2228,0.0946,0.2382,0.2382,0.059268560149730504,,,,,,NORMAL,True,True,True,True,False,False,False,True,False,1,6,1,2.0
3da84156251e1af1ccd4f90f,Module_12_13_EarlyWarning,examples/sample_temporal_trajectory.csv,7120aaaf6df305220183e04d8365ce38dddbf592cd3b523a8e49b9386625bf8b,013245af-9a9a-4e59-9648-0bb135f604d7,sample_temporal_trajectory,synthetic_degradation_trajectory,42,0,5,1,2026-09-02T20:45:00Z,1.0.0,8e7fd68470057c99,0.2477,0.2744,0.1211,0.2478,0.2478,0.06686748088570407,,,,,,NORMAL,True,True,True,True,False,False,False,True,False,1,6,1,1.0
7d13cfda34ee64bcfd0199b6,Module_12_13_EarlyWarning,examples/sample_temporal_trajectory.csv,7120aaaf6df305220183e04d8365ce38dddbf592cd3b523a8e49b9386625bf8b,013245af-9a9a-4e59-9648-0bb135f604d7,sample_temporal_trajectory,synthetic_degradation_trajectory,42,0,5,2,2026-09-02T20:45:00Z,1.0.0,8e7fd68470057c99,0.2477,0.2744,0.1211,0.2478,0.2478,0.06686748088570407,,,,,,NORMAL,True,True,True,True,False,False,False,True,False,1,6,1,1.0
82cf69c041ae8233095ff9e8,Module_12_13_EarlyWarning,examples/sample_temporal_trajectory.csv,7120aaaf6df305220183e04d8365ce38dddbf592cd3b523a8e49b9386625bf8b,013245af-9a9a-4e59-9648-0bb135f604d7,sample_temporal_trajectory,synthetic_degradation_trajectory,42,0,5,3,2026-09-02T20:45:00Z,1.0.0,8e7fd68470057c99,0.2477,0.2744,0.1211,0.2478,0.2478,0.06686748088570407,,,,,,NORMAL,True,True,True,True,False,False,False,True,False,1,6,1,1.0
e8cec8ccf091650184ff1f12,Module_12_13_EarlyWarning,examples/sample_temporal_trajectory.csv,7120aaaf6df305220183e04d8365ce38dddbf592cd3b523a8e49b9386625bf8b,013245af-9a9a-4e59-9648-0bb135f604d7,sample_temporal_trajectory,synthetic_degradation_trajectory,42,0,5,5,2026-09-02T20:45:00Z,1.0.0,8e7fd68470057c99,0.2477,0.2744,0.1211,0.2478,0.2478,0.06686748088570407,,,,,,NORMAL,True,True,True,True,False,False,False,True,False,1,6,1,1.0
fbbe5edf9c670c048d1b537b,Module_12_13_EarlyWarning,examples/sample_temporal_trajectory.csv,7120aaaf6df305220183e04d8365ce38dddbf592cd3b523a8e49b9386625bf8b,013245af-9a9a-4e59-9648-0bb135f604d7,sample_temporal_trajectory,synthetic_degradation_trajectory,42,0,6,1,2026-09-02T20:45:00Z,1.0.0,8e7fd68470057c99,0.7358,0.6399,0.3885,0.6621,0.6621,0.14644531023180254,,,,,,NORMAL,True,True,True,True,False,False,False,True,False,1,6,1,0.0
25e1733d9a2ca6560416a260,Module_12_13_EarlyWarning,examples/sample_temporal_trajectory.csv,7120aaaf6df305220183e04d8365ce38dddbf592cd3b523a8e49b9386625bf8b,013245af-9a9a-4e59-9648-0bb135f604d7,sample_temporal_trajectory,synthetic_degradation_trajectory,42,0,6,2,2026-09-02T20:45:00Z,1.0.0,8e7fd68470057c99,0.7358,0.6399,0.3885,0.6621,0.6621,0.14644531023180254,,,,,,NORMAL,True,True,True,True,False,False,False,True,False,1,6,1,0.0
cca691a56daf2a38f2f4d508,Module_12_13_EarlyWarning,examples/sample_temporal_trajectory.csv,7120aaaf6df305220183e04d8365ce38dddbf592cd3b523a8e49b9386625bf8b,013245af-9a9a-4e59-9648-0bb135f604d7,sample_temporal_trajectory,synthetic_degradation_trajectory,42,0,6,3,2026-09-02T20:45:00Z,1.0.0,8e7fd68470057c99,0.7358,0.6399,0.3885,0.6621,0.6621,0.14644531023180254,,,,,,NORMAL,True,True,True,True,False,False,False,True,False,1,6,1,0.0
4ff71d6379cf87d63094fc91,Module_12_13_EarlyWarning,examples/sample_temporal_trajectory.csv,7120aaaf6df305220183e04d8365ce38dddbf592cd3b523a8e49b9386625bf8b,013245af-9a9a-4e59-9648-0bb135f604d7,sample_temporal_trajectory,synthetic_degradation_trajectory,42,0,6,5,2026-09-02T20:45:00Z,1.0.0,8e7fd68470057c99,0.7358,0.6399,0.3885,0.6621,0.6621,0.14644531023180254,,,,,,NORMAL,True,True,True,True,False,False,False,True,False,1,6,1,0.0
39191c99e27bac78e4426bcc,Module_12_13_EarlyWarning,examples/sample_temporal_trajectory.csv,7120aaaf6df305220183e04d8365ce38dddbf592cd3b523a8e49b9386625bf8b,013245af-9a9a-4e59-9648-0bb135f604d7,sample_temporal_trajectory,synthetic_degradation_trajectory,42,0,7,1,2026-09-02T20:45:00Z,1.0.0,8e7fd68470057c99,0.8177,0.7531,0.5238,0.7404,0.7404,0.1261079167485795,,,,,,NORMAL,True,True,True,True,False,False,False,True,False,1,6,1,
19b6462acafef02988c3b83f,Module_12_13_EarlyWarning,examples/sample_temporal_trajectory.csv,7120aaaf6df305220183e04d8365ce38dddbf592cd3b523a8e49b9386625bf8b,013245af-9a9a-4e59-9648-0bb135f604d7,sample_temporal_trajectory,synthetic_degradation_trajectory,42,0,7,2,2026-09-02T20:45:00Z,1.0.0,8e7fd68470057c99,0.8177,0.7531,0.5238,0.7404,0.7404,0.1261079167485795,,,,,,NORMAL,True,True,True,True,False,False,False,True,False,1,6,1,
392c5ecd5d38ecc3dd7a7b0b,Module_12_13_EarlyWarning,examples/sample_temporal_trajectory.csv,7120aaaf6df305220183e04d8365ce38dddbf592cd3b523a8e49b9386625bf8b,013245af-9a9a-4e59-9648-0bb135f604d7,sample_temporal_trajectory,synthetic_degradation_trajectory,42,0,7,3,2026-09-02T20:45:00Z,1.0.0,8e7fd68470057c99,0.8177,0.7531,0.5238,0.7404,0.7404,0.1261079167485795,,,,,,NORMAL,True,True,True,True,False,False,False,True,False,1,6,1,
4e5f48286447e18dbbac88d7,Module_12_13_EarlyWarning,examples/sample_temporal_trajectory.csv,7120aaaf6df305220183e04d8365ce38dddbf592cd3b523a8e49b9386625bf8b,013245af-9a9a-4e59-9648-0bb135f604d7,sample_temporal_trajectory,synthetic_degradation_trajectory,42,0,7,5,2026-09-02T20:45:00Z,1.0.0,8e7fd68470057c99,0.8177,0.7531,0.5238,0.7404,0.7404,0.1261079167485795,,,,,,NORMAL,True,True,True,True,False,False,False,True,False,1,6,1,
eca74959a7d02c07119752ad,Module_12_13_EarlyWarning,examples/sample_temporal_trajectory.csv,7120aaaf6df305220183e04d8365ce38dddbf592cd3b523a8e49b9386625bf8b,013245af-9a9a-4e59-9648-0bb135f604d7,sample_temporal_trajectory,synthetic_degradation_trajectory,42,0,8,1,2026-09-02T20:45:00Z,1.0.0,8e7fd68470057c99,0.8753,0.8109,0.594,0.8167,0.8167,0.12033409972055117,,,,,,NORMAL,True,True,True,True,False,False,False,True,False,1,6,1,
2c0321b66e6880bbcad1bd11,Module_12_13_EarlyWarning,examples/sample_temporal_trajectory.csv,7120aaaf6df305220183e04d8365ce38dddbf592cd3b523a8e49b9386625bf8b,013245af-9a9a-4e59-9648-0bb135f604d7,sample_temporal_trajectory,synthetic_degradation_trajectory,42,0,8,2,2026-09-02T20:45:00Z,1.0.0,8e7fd68470057c99,0.8753,0.8109,0.594,0.8167,0.8167,0.12033409972055117,,,,,,NORMAL,True,True,True,True,False,False,False,True,False,1,6,1,
daae09804085a83f2ca50e4d,Module_12_13_EarlyWarning,examples/sample_temporal_trajectory.csv,7120aaaf6df305220183e04d8365ce38dddbf592cd3b523a8e49b9386625bf8b,013245af-9a9a-4e59-9648-0bb135f604d7,sample_temporal_trajectory,synthetic_degradation_trajectory,42,0,8,3,2026-09-02T20:45:00Z,1.0.0,8e7fd68470057c99,0.8753,0.8109,0.594,0.8167,0.8167,0.12033409972055117,,,,,,NORMAL,True,True,True,True,False,False,False,True,False,1,6,1,
79dd2d1d280280634cddd50b,Module_12_13_EarlyWarning,examples/sample_temporal_trajectory.csv,7120aaaf6df305220183e04d8365ce38dddbf592cd3b523a8e49b9386625bf8b,013245af-9a9a-4e59-9648-0bb135f604d7,sample_temporal_trajectory,synthetic_degradation_trajectory,42,0,8,5,2026-09-02T20:45:00Z,1.0.0,8e7fd68470057c99,0.8753,0.8109,0.594,0.8167,0.8167,0.12033409972055117,,,,,,NORMAL,True,True,True,True,False,False,False,True,False,1,6,1,
e35ec96f54837d91f17655a9,Module_12_13_EarlyWarning,examples/sample_temporal_trajectory.csv,7120aaaf6df305220183e04d8365ce38dddbf592cd3b523a8e49b9386625bf8b,013245af-9a9a-4e59-9648-0bb135f604d7,sample_temporal_trajectory,synthetic_degradation_trajectory,42,0,9,1,2026-09-02T20:45:00Z,1.0.0,8e7fd68470057c99,0.9254,0.8759,0.6771,0.902,0.902,0.10730257323206288,,,,,,NORMAL,True,True,True,True,False,False,False,True,False,1,6,0,
6dab0425fb2878d9a5c37718,Module_12_13_EarlyWarning,examples/sample_temporal_trajectory.csv,7120aaaf6df305220183e04d8365ce38dddbf592cd3b523a8e49b9386625bf8b,013245af-9a9a-4e59-9648-0bb135f604d7,sample_temporal_trajectory,synthetic_degradation_trajectory,42,0,9,2,2026-09-02T20:45:00Z,1.0.0,8e7fd68470057c99,0.9254,0.8759,0.6771,0.902,0.902,0.10730257323206288,,,,,,NORMAL,True,True,True,True,False,False,False,True,False,1,6,0,
667cbec74839e4394a5ecee6,Module_12_13_EarlyWarning,examples/sample_temporal_trajectory.csv,7120aaaf6df305220183e04d8365ce38dddbf592cd3b523a8e49b9386625bf8b,013245af-9a9a-4e59-9648-0bb135f604d7,sample_temporal_trajectory,synthetic_degradation_trajectory,42,0,9,3,2026-09-02T20:45:00Z,1.0.0,8e7fd68470057c99,0.9254,0.8759,0.6771,0.902,0.902,0.10730257323206288,,,,,,NORMAL,True,True,True,True,False,False,False,True,False,1,6,0,
c8e9e92e6afd29bec64bd7d8,Module_12_13_EarlyWarning,examples/sample_temporal_trajectory.csv,7120aaaf6df305220183e04d8365ce38dddbf592cd3b523a8e49b9386625bf8b,013245af-9a9a-4e59-9648-0bb135f604d7,sample_temporal_trajectory,synthetic_degradation_trajectory,42,0,9,5,2026-09-02T20:45:00Z,1.0.0,8e7fd68470057c99,0.9254,0.8759,0.6771,0.902,0.902,0.10730257323206288,,,,,,NORMAL,True,True,True,True,False,False,False,True,False,1,6,0,
dfb45f80d1043498ad14e042,Module_12_13_EarlyWarning,examples/sample_temporal_trajectory.csv,7120aaaf6df305220183e04d8365ce38dddbf592cd3b523a8e49b9386625bf8b,013245af-9a9a-4e59-9648-0bb135f604d7,sample_temporal_trajectory,synthetic_degradation_trajectory,42,1,0,1,2026-09-02T20:45:00Z,1.0.0,8e7fd68470057c99,0.1074,0.1232,0.0152,0.1136,0.1136,0.04762641657269162,,,,,,NORMAL,True,True,True,True,False,False,False,True,False,1,6,0,6.0
9aa6184659e9af00a0abc488,Module_12_13_EarlyWarning,examples/sample_temporal_trajectory.csv,7120aaaf6df305220183e04d8365ce38dddbf592cd3b523a8e49b9386625bf8b,013245af-9a9a-4e59-9648-0bb135f604d7,sample_temporal_trajectory,synthetic_degradation_trajectory,42,1,0,2,2026-09-02T20:45:00Z,1.0.0,8e7fd68470057c99,0.1074,0.1232,0.0152,0.1136,0.1136,0.04762641657269162,,,,,,NORMAL,True,True,True,True,False,False,False,True,False,1,6,0,6.0
f78f542e0a8d6c57d1e0ea45,Module_12_13_EarlyWarning,examples/sample_temporal_trajectory.csv,7120aaaf6df305220183e04d8365ce38dddbf592cd3b523a8e49b9386625bf8b,013245af-9a9a-4e59-9648-0bb135f604d7,sample_temporal_trajectory,synthetic_degradation_trajectory,42,1,0,3,2026-09-02T20:45:00Z,1.0.0,8e7fd68470057c99,0.1074,0.1232,0.0152,0.1136,0.1136,0.04762641657269162,,,,,,NORMAL,True,True,True,True,False,False,False,True,False,1,6,0,6.0
2cad10b64412784ec76888fa,Module_12_13_EarlyWarning,examples/sample_temporal_trajectory.csv,7120aaaf6df305220183e04d8365ce38dddbf592cd3b523a8e49b9386625bf8b,013245af-9a9a-4e59-9648-0bb135f604d7,sample_temporal_trajectory,synthetic_degradation_trajectory,42,1,0,5,2026-09-02T20:45:00Z,1.0.0,8e7fd68470057c99,0.1074,0.1232,0.0152,0.1136,0.1136,0.04762641657269162,,,,,,NORMAL,True,True,True,True,False,False,False,True,False,1,6,0,6.0
6be568e2ab0941f44f57b41f,Module_12_13_EarlyWarning,examples/sample_temporal_trajectory.csv,7120aaaf6df305220183e04d8365ce38dddbf592cd3b523a8e49b9386625bf8b,013245af-9a9a-4e59-9648-0bb135f604d7,sample_temporal_trajectory,synthetic_degradation_trajectory,42,1,1,1,2026-09-02T20:45:00Z,1.0.0,8e7fd68470057c99,0.1217,0.1361,0.0381,0.1454,0.1454,0.043205349463026246,,,,,,NORMAL,True,True,True,True,False,False,False,True,False,1,6,0,5.0
43db6c6b99b758b7e87733fc,Module_12_13_EarlyWarning,examples/sample_temporal_trajectory.csv,7120aaaf6df305220183e04d8365ce38dddbf592cd3b523a8e49b9386625bf8b,013245af-9a9a-4e59-9648-0bb135f604d7,sample_temporal_trajectory,synthetic_degradation_trajectory,42,1,1,2,2026-09-02T20:45:00Z,1.0.0,8e7fd68470057c99,0.1217,0.1361,0.0381,0.1454,0.1454,0.043205349463026246,,,,,,NORMAL,True,True,True,True,False,False,False,True,False,1,6,0,5.0
7873e4e305a6ea657649ef46,Module_12_13_EarlyWarning,examples/sample_temporal_trajectory.csv,7120aaaf6df305220183e04d8365ce38dddbf592cd3b523a8e49b9386625bf8b,013245af-9a9a-4e59-9648-0bb135f604d7,sample_temporal_trajectory,synthetic_degradation_trajectory,42,1,1,3,2026-09-02T20:45:00Z,1.0.0,8e7fd68470057c99,0.1217,0.1361,0.0381,0.1454,0.1454,0.043205349463026246,,,,,,NORMAL,True,True,True,True,False,False,False,True,False,1,6,0,5.0
8f725da93f6d6e13dc65c1df,Module_12_13_EarlyWarning,examples/sample_temporal_trajectory.csv,7120aaaf6df305220183e04d8365ce38dddbf592cd3b523a8e49b9386625bf8b,013245af-9a9a-4e59-9648-0bb135f604d7,sample_temporal_trajectory,synthetic_degradation_trajectory,42,1,1,5,2026-09-02T20:45:00Z,1.0.0,8e7fd68470057c99,0.1217,0.1361,0.0381,0.1454,0.1454,0.043205349463026246,,,,,,NORMAL,True,True,True,True,False,False,False,True,False,1,6,1,5.0
e89f4c24a1a6ca33377e88dd,Module_12_13_EarlyWarning,examples/sample_temporal_trajectory.csv,7120aaaf6df305220183e04d8365ce38dddbf592cd3b523a8e49b9386625bf8b,013245af-9a9a-4e59-9648-0bb135f604d7,sample_temporal_trajectory,synthetic_degradation_trajectory,42,1,2,1,2026-09-02T20:45:00Z,1.0.0,8e7fd68470057c99,0.1488,0.1532,0.0389,0.1496,0.1496,0.05287496782242257,,,,,,NORMAL,True,True,True,True,False,False,False,True,False,1,6,0,4.0
3a4eedd52169acac50ccf028,Module_12_13_EarlyWarning,examples/sample_temporal_trajectory.csv,7120aaaf6df305220183e04d8365ce38dddbf592cd3b523a8e49b9386625bf8b,013245af-9a9a-4e59-9648-0bb135f604d7,sample_temporal_trajectory,synthetic_degradation_trajectory,42,1,2,2,2026-09-02T20:45:00Z,1.0.0,8e7fd68470057c99,0.1488,0.1532,0.0389,0.1496,0.1496,0.05287496782242257,,,,,,NORMAL,True,True,True,True,False,False,False,True,False,1,6,0,4.0
30dcca168dd777f95755aa9e,Module_12_13_EarlyWarning,examples/sample_temporal_trajectory.csv,7120aaaf6df305220183e04d8365ce38dddbf592cd3b523a8e49b9386625bf8b,013245af-9a9a-4e59-9648-0bb135f604d7,sample_temporal_trajectory,synthetic_degradation_trajectory,42,1,2,3,2026-09-02T20:45:00Z,1.0.0,8e7fd68470057c99,0.1488,0.1532,0.0389,0.1496,0.1496,0.05287496782242257,,,,,,NORMAL,True,True,True,True,False,False,False,True,False,1,6,0,4.0
4a585067e58c9477ed8a9f2d,Module_12_13_EarlyWarning,examples/sample_temporal_trajectory.csv,7120aaaf6df305220183e04d8365ce38dddbf592cd3b523a8e49b9386625bf8b,013245af-9a9a-4e59-9648-0bb135f604d7,sample_temporal_trajectory,synthetic_degradation_trajectory,42,1,2,5,2026-09-02T20:45:00Z,1.0.0,8e7fd68470057c99,0.1488,0.1532,0.0389,0.1496,0.1496,0.05287496782242257,,,,,,NORMAL,True,True,True,True,False,False,False,True,False,1,6,1,4.0
dff4414f1d490cd5c2b823fa,Module_12_13_EarlyWarning,examples/sample_temporal_trajectory.csv,7120aaaf6df305220183e04d8365ce38dddbf592cd3b523a8e49b9386625bf8b,013245af-9a9a-4e59-9648-0bb135f604d7,sample_temporal_trajectory,synthetic_degradation_trajectory,42,1,3,1,2026-09-02T20:45:00Z,1.0.0,8e7fd68470057c99,0.177,0.2061,0.068,0.2056,0.2056,0.059441306251535965,,,,,,NORMAL,True,True,True,True,False,False,False,True,False,1,6,0,3.0
cbe877e90b18ef42ef586133,Module_12_13_EarlyWarning,examples/sample_temporal_trajectory.csv,7120aaaf6df305220183e04d8365ce38dddbf592cd3b523a8e49b9386625bf8b,013245af-9a9a-4e59-9648-0bb135f604d7,sample_temporal_trajectory,synthetic_degradation_trajectory,42,1,3,2,2026-09-02T20:45:00Z,1.0.0,8e7fd68470057c99,0.177,0.2061,0.068,0.2056,0.2056,0.059441306251535965,,,,,,NORMAL,True,True,True,True,False,False,False,True,False,1,6,0,3.0
56260a3b843f202b9af8d3f9,Module_12_13_EarlyWarning,examples/sample_temporal_trajectory.csv,7120aaaf6df305220183e04d8365ce38dddbf592cd3b523a8e49b9386625bf8b,013245af-9a9a-4e59-9648-0bb135f604d7,sample_temporal_trajectory,synthetic_degradation_trajectory,42,1,3,3,2026-09-02T20:45:00Z,1.0.0,8e7fd68470057c99,0.177,0.2061,0.068,0.2056,0.2056,0.059441306251535965,,,,,,NORMAL,True,True,True,True,False,False,False,True,False,1,6,1,3.0
af833de274324f38958308c9,Module_12_13_EarlyWarning,examples/sample_temporal_trajectory.csv,7120aaaf6df305220183e04d8365ce38dddbf592cd3b523a8e49b9386625bf8b,013245af-9a9a-4e59-9648-0bb135f604d7,sample_temporal_trajectory,synthetic_degradation_trajectory,42,1,3,5,2026-09-02T20:45:00Z,1.0.0,8e7fd68470057c99,0.177,0.2061,0.068,0.2056,0.2056,0.059441306251535965,,,,,,NORMAL,True,True,True,True,False,False,False,True,False,1,6,1,3.0
01e3ff02a21fb474fb5f526f,Module_12_13_EarlyWarning,examples/sample_temporal_trajectory.csv,7120aaaf6df305220183e04d8365ce38dddbf592cd3b523a8e49b9386625bf8b,013245af-9a9a-4e59-9648-0bb135f604d7,sample_temporal_trajectory,synthetic_degradation_trajectory,42,1,4,1,2026-09-02T20:45:00Z,1.0.0,8e7fd68470057c99,0.2052,0.2503,0.1081,0.2038,0.2038,0.05933264044539247,,,,,,NORMAL,True,True,True,True,False,False,False,True,False,1,6,0,2.0
0611fceb8b99ba2cf6951cf7,Module_12_13_EarlyWarning,examples/sample_temporal_trajectory.csv,7120aaaf6df305220183e04d8365ce38dddbf592cd3b523a8e49b9386625bf8b,013245af-9a9a-4e59-9648-0bb135f604d7,sample_temporal_trajectory,synthetic_degradation_trajectory,42,1,4,2,2026-09-02T20:45:00Z,1.0.0,8e7fd68470057c99,0.2052,0.2503,0.1081,0.2038,0.2038,0.05933264044539247,,,,,,NORMAL,True,True,True,True,False,False,False,True,False,1,6,1,2.0
5b66daf1e5c7f1ff8360ebd7,Module_12_13_EarlyWarning,examples/sample_temporal_trajectory.csv,7120aaaf6df305220183e04d8365ce38dddbf592cd3b523a8e49b9386625bf8b,013245af-9a9a-4e59-9648-0bb135f604d7,sample_temporal_trajectory,synthetic_degradation_trajectory,42,1,4,3,2026-09-02T20:45:00Z,1.0.0,8e7fd68470057c99,0.2052,0.2503,0.1081,0.2038,0.2038,0.05933264044539247,,,,,,NORMAL,True,True,True,True,False,False,False,True,False,1,6,1,2.0
3306aa012dc11d555bab857e,Module_12_13_EarlyWarning,examples/sample_temporal_trajectory.csv,7120aaaf6df305220183e04d8365ce38dddbf592cd3b523a8e49b9386625bf8b,013245af-9a9a-4e59-9648-0bb135f604d7,sample_temporal_trajectory,synthetic_degradation_trajectory,42,1,4,5,2026-09-02T20:45:00Z,1.0.0,8e7fd68470057c99,0.2052,0.2503,0.1081,0.2038,0.2038,0.05933264044539247,,,,,,NORMAL,True,True,True,True,False,False,False,True,False,1,6,1,2.0
a0c25b328f375b1f3469cd0b,Module_12_13_EarlyWarning,examples/sample_temporal_trajectory.csv,7120aaaf6df305220183e04d8365ce38dddbf592cd3b523a8e49b9386625bf8b,013245af-9a9a-4e59-9648-0bb135f604d7,sample_temporal_trajectory,synthetic_degradation_trajectory,42,1,5,1,2026-09-02T20:45:00Z,1.0.0,8e7fd68470057c99,0.2428,0.2893,0.1336,0.2682,0.2682,0.06525963530391508,,,,,,NORMAL,True,True,True,True,False,False,False,True,False,1,6,1,1.0
e16b93201bfc6a7839096d32,Module_12_13_EarlyWarning,examples/sample_temporal_trajectory.csv,7120aaaf6df305220183e04d8365ce38dddbf592cd3b523a8e49b9386625bf8b,013245af-9a9a-4e59-9648-0bb135f604d7,sample_temporal_trajectory,synthetic_degradation_trajectory,42,1,5,2,2026-09-02T20:45:00Z,1.0.0,8e7fd68470057c99,0.2428,0.2893,0.1336,0.2682,0.2682,0.06525963530391508,,,,,,NORMAL,True,True,True,True,False,False,False,True,False,1,6,1,1.0
1b09c30e7ee1decabcc10d67,Module_12_13_EarlyWarning,examples/sample_temporal_trajectory.csv,7120aaaf6df305220183e04d8365ce38dddbf592cd3b523a8e49b9386625bf8b,013245af-9a9a-4e59-9648-0bb135f604d7,sample_temporal_trajectory,synthetic_degradation_trajectory,42,1,5,3,2026-09-02T20:45:00Z,1.0.0,8e7fd68470057c99,0.2428,0.2893,0.1336,0.2682,0.2682,0.06525963530391508,,,,,,NORMAL,True,True,True,True,False,False,False,True,False,1,6,1,1.0
c7d8e25c356f80227ab4661a,Module_12_13_EarlyWarning,examples/sample_temporal_trajectory.csv,7120aaaf6df305220183e04d8365ce38dddbf592cd3b523a8e49b9386625bf8b,013245af-9a9a-4e59-9648-0bb135f604d7,sample_temporal_trajectory,synthetic_degradation_trajectory,42,1,5,5,2026-09-02T20:45:00Z,1.0.0,8e7fd68470057c99,0.2428,0.2893,0.1336,0.2682,0.2682,0.06525963530391508,,,,,,NORMAL,True,True,True,True,False,False,False,True,False,1,6,1,1.0
fc1cd98a2d304149ccaae09a,Module_12_13_EarlyWarning,examples/sample_temporal_trajectory.csv,7120aaaf6df305220183e04d8365ce38dddbf592cd3b523a8e49b9386625bf8b,013245af-9a9a-4e59-9648-0bb135f604d7,sample_temporal_trajectory,synthetic_degradation_trajectory,42,1,6,1,2026-09-02T20:45:00Z,1.0.0,8e7fd68470057c99,0.7154,0.6416,0.3993,0.6609,0.6609,0.13502054987626474,,,,,,NORMAL,True,True,True,True,False,False,False,True,False,1,6,1,0.0
cb4fcfcd035cf68de6fe9845,Module_12_13_EarlyWarning,examples/sample_temporal_trajectory.csv,7120aaaf6df305220183e04d8365ce38dddbf592cd3b523a8e49b9386625bf8b,013245af-9a9a-4e59-9648-0bb135f604d7,sample_temporal_trajectory,synthetic_degradation_trajectory,42,1,6,2,2026-09-02T20:45:00Z,1.0.0,8e7fd68470057c99,0.7154,0.6416,0.3993,0.6609,0.6609,0.13502054987626474,,,,,,NORMAL,True,True,True,True,False,False,False,True,False,1,6,1,0.0
17c545671c30e8f304e1d6ee,Module_12_13_EarlyWarning,examples/sample_temporal_trajectory.csv,7120aaaf6df305220183e04d8365ce38dddbf592cd3b523a8e49b9386625bf8b,013245af-9a9a-4e59-9648-0bb135f604d7,sample_temporal_trajectory,synthetic_degradation_trajectory,42,1,6,3,2026-09-02T20:45:00Z,1.0.0,8e7fd68470057c99,0.7154,0.6416,0.3993,0.6609,0.6609,0.13502054987626474,,,,,,NORMAL,True,True,True,True,False,False,False,True,False,1,6,1,0.0
3d2b0f2861e1d2c1fa8765d3,Module_12_13_EarlyWarning,examples/sample_temporal_trajectory.csv,7120aaaf6df305220183e04d8365ce38dddbf592cd3b523a8e49b9386625bf8b,013245af-9a9a-4e59-9648-0bb135f604d7,sample_temporal_trajectory,synthetic_degradation_trajectory,42,1,6,5,2026-09-02T20:45:00Z,1.0.0,8e7fd68470057c99,0.7154,0.6416,0.3993,0.6609,0.6609,0.13502054987626474,,,,,,NORMAL,True,True,True,True,False,False,False,True,False,1,6,1,0.0
907f2d46fa110cc559efa72b,Module_12_13_EarlyWarning,examples/sample_temporal_trajectory.csv,7120aaaf6df305220183e04d8365ce38dddbf592cd3b523a8e49b9386625bf8b,013245af-9a9a-4e59-9648-0bb135f604d7,sample_temporal_trajectory,synthetic_degradation_trajectory,42,1,7,1,2026-09-02T20:45:00Z,1.0.0,8e7fd68470057c99,0.8206,0.7469,0.53,0.757,0.757,0.1233448913503199,,,,,,NORMAL,True,True,True,True,False,False,False,True,False,1,6,1,
c1956e849158ab4d96d662b1,Module_12_13_EarlyWarning,examples/sample_temporal_trajectory.csv,7120aaaf6df305220183e04d8365ce38dddbf592cd3b523a8e49b9386625bf8b,013245af-9a9a-4e59-9648-0bb135f604d7,sample_temporal_trajectory,synthetic_degradation_trajectory,42,1,7,2,2026-09-02T20:45:00Z,1.0.0,8e7fd68470057c99,0.8206,0.7469,0.53,0.757,0.757,0.1233448913503199,,,,,,NORMAL,True,True,True,True,False,False,False,True,False,1,6,1,
1fc83f878a0b2ebe218cf6a7,Module_12_13_EarlyWarning,examples/sample_temporal_trajectory.csv,7120aaaf6df305220183e04d8365ce38dddbf592cd3b523a8e49b9386625bf8b,013245af-9a9a-4e59-9648-0bb135f604d7,sample_temporal_trajectory,synthetic_degradation_trajectory,42,1,7,3,2026-09-02T20:45:00Z,1.0.0,8e7fd68470057c99,0.8206,0.7469,0.53,0.757,0.757,0.1233448913503199,,,,,,NORMAL,True,True,True,True,False,False,False,True,False,1,6,1,
9cde03ba6b574afe28631580,Module_12_13_EarlyWarning,examples/sample_temporal_trajectory.csv,7120aaaf6df305220183e04d8365ce38dddbf592cd3b523a8e49b9386625bf8b,013245af-9a9a-4e59-9648-0bb135f604d7,sample_temporal_trajectory,synthetic_degradation_trajectory,42,1,7,5,2026-09-02T20:45:00Z,1.0.0,8e7fd68470057c99,0.8206,0.7469,0.53,0.757,0.757,0.1233448913503199,,,,,,NORMAL,True,True,True,True,False,False,False,True,False,1,6,1,
5961f94424d42f64ff637d1d,Module_12_13_EarlyWarning,examples/sample_temporal_trajectory.csv,7120aaaf6df305220183e04d8365ce38dddbf592cd3b523a8e49b9386625bf8b,013245af-9a9a-4e59-9648-0bb135f604d7,sample_temporal_trajectory,synthetic_degradation_trajectory,42,1,8,1,2026-09-02T20:45:00Z,1.0.0,8e7fd68470057c99,0.8834,0.8233,0.6036,0.8309,0.8309,0.12026274014285,,,,,,NORMAL,True,True,True,True,False,False,False,True,False,1,6,1,
cd954376d358c5d0a869486a,Module_12_13_EarlyWarning,examples/sample_temporal_trajectory.csv,7120aaaf6df305220183e04d8365ce38dddbf592cd3b523a8e49b9386625bf8b,013245af-9a9a-4e59-9648-0bb135f604d7,sample_temporal_trajectory,synthetic_degradation_trajectory,42,1,8,2,2026-09-02T20:45:00Z,1.0.0,8e7fd68470057c99,0.8834,0.8233,0.6036,0.8309,0.8309,0.12026274014285,,,,,,NORMAL,True,True,True,True,False,False,False,True,False,1,6,1,
9903a2699f53f756241ca881,Module_12_13_EarlyWarning,examples/sample_temporal_trajectory.csv,7120aaaf6df305220183e04d8365ce38dddbf592cd3b523a8e49b9386625bf8b,013245af-9a9a-4e59-9648-0bb135f604d7,sample_temporal_trajectory,synthetic_degradation_trajectory,42,1,8,3,2026-09-02T20:45:00Z,1.0.0,8e7fd68470057c99,0.8834,0.8233,0.6036,0.8309,0.8309,0.12026274014285,,,,,,NORMAL,True,True,True,True,False,False,False,True,False,1,6,1,
45d8bc3017bbc0782b85e2c5,Module_12_13_EarlyWarning,examples/sample_temporal_trajectory.csv,7120aaaf6df305220183e04d8365ce38dddbf592cd3b523a8e49b9386625bf8b,013245af-9a9a-4e59-9648-0bb135f604d7,sample_temporal_trajectory,synthetic_degradation_trajectory,42,1,8,5,2026-09-02T20:45:00Z,1.0.0,8e7fd68470057c99,0.8834,0.8233,0.6036,0.8309,0.8309,0.12026274014285,,,,,,NORMAL,True,True,True,True,False,False,False,True,False,1,6,1,
fcb914b102e259959fc6b464,Module_12_13_EarlyWarning,examples/sample_temporal_trajectory.csv,7120aaaf6df305220183e04d8365ce38dddbf592cd3b523a8e49b9386625bf8b,013245af-9a9a-4e59-9648-0bb135f604d7,sample_temporal_trajectory,synthetic_degradation_trajectory,42,1,9,1,2026-09-02T20:45:00Z,1.0.0,8e7fd68470057c99,0.9024,0.8998,0.6735,0.8801,0.8801,0.10729691928890078,,,,,,NORMAL,True,True,True,True,False,False,False,True,False,1,6,0,
d639ee28de5def957b76c396,Module_12_13_EarlyWarning,examples/sample_temporal_trajectory.csv,7120aaaf6df305220183e04d8365ce38dddbf592cd3b523a8e49b9386625bf8b,013245af-9a9a-4e59-9648-0bb135f604d7,sample_temporal_trajectory,synthetic_degradation_trajectory,42,1,9,2,2026-09-02T20:45:00Z,1.0.0,8e7fd68470057c99,0.9024,0.8998,0.6735,0.8801,0.8801,0.10729691928890078,,,,,,NORMAL,True,True,True,True,False,False,False,True,False,1,6,0,
29df5aba9f854b038df1bcb6,Module_12_13_EarlyWarning,examples/sample_temporal_trajectory.csv,7120aaaf6df305220183e04d8365ce38dddbf592cd3b523a8e49b9386625bf8b,013245af-9a9a-4e59-9648-0bb135f604d7,sample_temporal_trajectory,synthetic_degradation_trajectory,42,1,9,3,2026-09-02T20:45:00Z,1.0.0,8e7fd68470057c99,0.9024,0.8998,0.6735,0.8801,0.8801,0.10729691928890078,,,,,,NORMAL,True,True,True,True,False,False,False,True,False,1,6,0,
195e0c13947a6037e6d4df33,Module_12_13_EarlyWarning,examples/sample_temporal_trajectory.csv,7120aaaf6df305220183e04d8365ce38dddbf592cd3b523a8e49b9386625bf8b,013245af-9a9a-4e59-9648-0bb135f604d7,sample_temporal_trajectory,synthetic_degradation_trajectory,42,1,9,5,2026-09-02T20:45:00Z,1.0.0,8e7fd68470057c99,0.9024,0.8998,0.6735,0.8801,0.8801,0.10729691928890078,,,,,,NORMAL,True,True,True,True,False,False,False,True,False,1,6,0,
400e18d9930c5a4cde7e6880,Module_12_13_EarlyWarning,examples/sample_temporal_trajectory.csv,7120aaaf6df305220183e04d8365ce38dddbf592cd3b523a8e49b9386625bf8b,013245af-9a9a-4e59-9648-0bb135f604d7,sample_temporal_trajectory,synthetic_degradation_trajectory,42,2,0,1,2026-09-02T20:45:00Z,1.0.0,8e7fd68470057c99,0.0978,0.121,0.0058,0.0908,0.0908,0.0497474510793155,,,,,,NORMAL,True,True,True,True,False,False,False,True,False,1,6,0,6.0
b368585c57b409f02680b40c,Module_12_13_EarlyWarning,examples/sample_temporal_trajectory.csv,7120aaaf6df305220183e04d8365ce38dddbf592cd3b523a8e49b9386625bf8b,013245af-9a9a-4e59-9648-0bb135f604d7,sample_temporal_trajectory,synthetic_degradation_trajectory,42,2,0,2,2026-09-02T20:45:00Z,1.0.0,8e7fd68470057c99,0.0978,0.121,0.0058,0.0908,0.0908,0.0497474510793155,,,,,,NORMAL,True,True,True,True,False,False,False,True,False,1,6,0,6.0
2c8b2bb53bb2c3e76b924295,Module_12_13_EarlyWarning,examples/sample_temporal_trajectory.csv,7120aaaf6df305220183e04d8365ce38dddbf592cd3b523a8e49b9386625bf8b,013245af-9a9a-4e59-9648-0bb135f604d7,sample_temporal_trajectory,synthetic_degradation_trajectory,42,2,0,3,2026-09-02T20:45:00Z,1.0.0,8e7fd68470057c99,0.0978,0.121,0.0058,0.0908,0.0908,0.0497474510793155,,,,,,NORMAL,True,True,True,True,False,False,False,True,False,1,6,0,6.0
e2e4fc12dbbb5a0daf150185,Module_12_13_EarlyWarning,examples/sample_temporal_trajectory.csv,7120aaaf6df305220183e04d8365ce38dddbf592cd3b523a8e49b9386625bf8b,013245af-9a9a-4e59-9648-0bb135f604d7,sample_temporal_trajectory,synthetic_degradation_trajectory,42,2,0,5,2026-09-02T20:45:00Z,1.0.0,8e7fd68470057c99,0.0978,0.121,0.0058,0.0908,0.0908,0.0497474510793155,,,,,,NORMAL,True,True,True,True,False,False,False,True,False,1,6,0,6.0
b7b4324d943d018264faa39a,Module_12_13_EarlyWarning,examples/sample_temporal_trajectory.csv,7120aaaf6df305220183e04d8365ce38dddbf592cd3b523a8e49b9386625bf8b,013245af-9a9a-4e59-9648-0bb135f604d7,sample_temporal_trajectory,synthetic_degradation_trajectory,42,2,1,1,2026-09-02T20:45:00Z,1.0.0,8e7fd68470057c99,0.1236,0.1497,0.0358,0.1297,0.1297,0.04872058656826245,,,,,,NORMAL,True,True,True,True,False,False,False,True,False,1,6,0,5.0
5ccc8762573b5cf2fe74450c,Module_12_13_EarlyWarning,examples/sample_temporal_trajectory.csv,7120aaaf6df305220183e04d8365ce38dddbf592cd3b523a8e49b9386625bf8b,013245af-9a9a-4e59-9648-0bb135f604d7,sample_temporal_trajectory,synthetic_degradation_trajectory,42,2,1,2,2026-09-02T20:45:00Z,1.0.0,8e7fd68470057c99,0.1236,0.1497,0.0358,0.1297,0.1297,0.04872058656826245,,,,,,NORMAL,True,True,True,True,False,False,False,True,False,1,6,0,5.0
d65a23a0f59cf33f664b22de,Module_12_13_EarlyWarning,examples/sample_temporal_trajectory.csv,7120aaaf6df305220183e04d8365ce38dddbf592cd3b523a8e49b9386625bf8b,013245af-9a9a-4e59-9648-0bb135f604d7,sample_temporal_trajectory,synthetic_degradation_trajectory,42,2,1,3,2026-09-02T20:45:00Z,1.0.0,8e7fd68470057c99,0.1236,0.1497,0.0358,0.1297,0.1297,0.04872058656826245,,,,,,NORMAL,True,True,True,True,False,False,False,True,False,1,6,0,5.0
ebba99416ee7232444f7f131,Module_12_13_EarlyWarning,examples/sample_temporal_trajectory.csv,7120aaaf6df305220183e04d8365ce38dddbf592cd3b523a8e49b9386625bf8b,013245af-9a9a-4e59-9648-0bb135f604d7,sample_temporal_trajectory,synthetic_degradation_trajectory,42,2,1,5,2026-09-02T20:45:00Z,1.0.0,8e7fd68470057c99,0.1236,0.1497,0.0358,0.1297,0.1297,0.04872058656826245,,,,,,NORMAL,True,True,True,True,False,False,False,True,False,1,6,1,5.0
73d0cadf0ff0f7206614a2ff,Module_12_13_EarlyWarning,examples/sample_temporal_trajectory.csv,7120aaaf6df305220183e04d8365ce38dddbf592cd3b523a8e49b9386625bf8b,013245af-9a9a-4e59-9648-0bb135f604d7,sample_temporal_trajectory,synthetic_degradation_trajectory,42,2,2,1,2026-09-02T20:45:00Z,1.0.0,8e7fd68470057c99,0.1648,0.153,0.0466,0.1506,0.1506,0.05315746001790864,,,,,,NORMAL,True,True,True,True,False,False,False,True,False,1,6,0,4.0
de90b45acec479c5bc5ba3b9,Module_12_13_EarlyWarning,examples/sample_temporal_trajectory.csv,7120aaaf6df305220183e04d8365ce38dddbf592cd3b523a8e49b9386625bf8b,013245af-9a9a-4e59-9648-0bb135f604d7,sample_temporal_trajectory,synthetic_degradation_trajectory,42,2,2,2,2026-09-02T20:45:00Z,1.0.0,8e7fd68470057c99,0.1648,0.153,0.0466,0.1506,0.1506,0.05315746001790864,,,,,,NORMAL,True,True,True,True,False,False,False,True,False,1,6,0,4.0
2360585e7c8f9443ea00db35,Module_12_13_EarlyWarning,examples/sample_temporal_trajectory.csv,7120aaaf6df305220183e04d8365ce38dddbf592cd3b523a8e49b9386625bf8b,013245af-9a9a-4e59-9648-0bb135f604d7,sample_temporal_trajectory,synthetic_degradation_trajectory,42,2,2,3,2026-09-02T20:45:00Z,1.0.0,8e7fd68470057c99,0.1648,0.153,0.0466,0.1506,0.1506,0.05315746001790864,,,,,,NORMAL,True,True,True,True,False,False,False,True,False,1,6,0,4.0
661cd1bdd4672a1c7bfb0ae5,Module_12_13_EarlyWarning,examples/sample_temporal_trajectory.csv,7120aaaf6df305220183e04d8365ce38dddbf592cd3b523a8e49b9386625bf8b,013245af-9a9a-4e59-9648-0bb135f604d7,sample_temporal_trajectory,synthetic_degradation_trajectory,42,2,2,5,2026-09-02T20:45:00Z,1.0.0,8e7fd68470057c99,0.1648,0.153,0.0466,0.1506,0.1506,0.05315746001790864,,,,,,NORMAL,True,True,True,True,False,False,False,True,False,1,6,1,4.0
4b30306385d558f9110e70ab,Module_12_13_EarlyWarning,examples/sample_temporal_trajectory.csv,7120aaaf6df305220183e04d8365ce38dddbf592cd3b523a8e49b9386625bf8b,013245af-9a9a-4e59-9648-0bb135f604d7,sample_temporal_trajectory,synthetic_degradation_trajectory,42,2,3,1,2026-09-02T20:45:00Z,1.0.0,8e7fd68470057c99,0.1748,0.1967,0.072,0.2146,0.2146,0.054362507504917605,,,,,,NORMAL,True,True,True,True,False,False,False,True,False,1,6,0,3.0
54916173ea9509fcbb3dabd6,Module_12_13_EarlyWarning,examples/sample_temporal_trajectory.csv,7120aaaf6df305220183e04d8365ce38dddbf592cd3b523a8e49b9386625bf8b,013245af-9a9a-4e59-9648-0bb135f604d7,sample_temporal_trajectory,synthetic_degradation_trajectory,42,2,3,2,2026-09-02T20:45:00Z,1.0.0,8e7fd68470057c99,0.1748,0.1967,0.072,0.2146,0.2146,0.054362507504917605,,,,,,NORMAL,True,True,True,True,False,False,False,True,False,1,6,0,3.0
8c3754a168084f370c92cd6c,Module_12_13_EarlyWarning,examples/sample_temporal_trajectory.csv,7120aaaf6df305220183e04d8365ce38dddbf592cd3b523a8e49b9386625bf8b,013245af-9a9a-4e59-9648-0bb135f604d7,sample_temporal_trajectory,synthetic_degradation_trajectory,42,2,3,3,2026-09-02T20:45:00Z,1.0.0,8e7fd68470057c99,0.1748,0.1967,0.072,0.2146,0.2146,0.054362507504917605,,,,,,NORMAL,True,True,True,True,False,False,False,True,False,1,6,1,3.0
97ec21347104cf65fb7e3d42,Module_12_13_EarlyWarning,examples/sample_temporal_trajectory.csv,7120aaaf6df305220183e04d8365ce38dddbf592cd3b523a8e49b9386625bf8b,013245af-9a9a-4e59-9648-0bb135f604d7,sample_temporal_trajectory,synthetic_degradation_trajectory,42,2,3,5,2026-09-02T20:45:00Z,1.0.0,8e7fd68470057c99,0.1748,0.1967,0.072,0.2146,0.2146,0.054362507504917605,,,,,,NORMAL,True,True,True,True,False,False,False,True,False,1,6,1,3.0
15ce15dbe54189bece1334d7,Module_12_13_EarlyWarning,examples/sample_temporal_trajectory.csv,7120aaaf6df305220183e04d8365ce38dddbf592cd3b523a8e49b9386625bf8b,013245af-9a9a-4e59-9648-0bb135f604d7,sample_temporal_trajectory,synthetic_degradation_trajectory,42,2,4,1,2026-09-02T20:45:00Z,1.0.0,8e7fd68470057c99,0.2119,0.2361,0.0984,0.2281,0.2281,0.06002701243792017,,,,,,NORMAL,True,True,True,True,False,False,False,True,False,1,6,0,2.0
5b31248eac1a24802db2bec3,Module_12_13_EarlyWarning,examples/sample_temporal_trajectory.csv,7120aaaf6df305220183e04d8365ce38dddbf592cd3b523a8e49b9386625bf8b,013245af-9a9a-4e59-9648-0bb135f604d7,sample_temporal_trajectory,synthetic_degradation_trajectory,42,2,4,2,2026-09-02T20:45:00Z,1.0.0,8e7fd68470057c99,0.2119,0.2361,0.0984,0.2281,0.2281,0.06002701243792017,,,,,,NORMAL,True,True,True,True,False,False,False,True,False,1,6,1,2.0
248492db5753a6553e903ed4,Module_12_13_EarlyWarning,examples/sample_temporal_trajectory.csv,7120aaaf6df305220183e04d8365ce38dddbf592cd3b523a8e49b9386625bf8b,013245af-9a9a-4e59-9648-0bb135f604d7,sample_temporal_trajectory,synthetic_degradation_trajectory,42,2,4,3,2026-09-02T20:45:00Z,1.0.0,8e7fd68470057c99,0.2119,0.2361,0.0984,0.2281,0.2281,0.06002701243792017,,,,,,NORMAL,True,True,True,True,False,False,False,True,False,1,6,1,2.0
dfde8b42611d9603b9160396,Module_12_13_EarlyWarning,examples/sample_temporal_trajectory.csv,7120aaaf6df305220183e04d8365ce38dddbf592cd3b523a8e49b9386625bf8b,013245af-9a9a-4e59-9648-0bb135f604d7,sample_temporal_trajectory,synthetic_degradation_trajectory,42,2,4,5,2026-09-02T20:45:00Z,1.0.0,8e7fd68470057c99,0.2119,0.2361,0.0984,0.2281,0.2281,0.06002701243792017,,,,,,NORMAL,True,True,True,True,False,False,False,True,False,1,6,1,2.0
1d6a3639bda3744571a79852,Module_12_13_EarlyWarning,examples/sample_temporal_trajectory.csv,7120aaaf6df305220183e04d8365ce38dddbf592cd3b523a8e49b9386625bf8b,013245af-9a9a-4e59-9648-0bb135f604d7,sample_temporal_trajectory,synthetic_degradation_trajectory,42,2,5,1,2026-09-02T20:45:00Z,1.0.0,8e7fd68470057c99,0.245,0.2654,0.124,0.263,0.263,0.06240648114490104,,,,,,NORMAL,True,True,True,True,False,False,False,True,False,1,6,1,1.0
49fb11005b3d4cb9417e7f23,Module_12_13_EarlyWarning,examples/sample_temporal_trajectory.csv,7120aaaf6df305220183e04d8365ce38dddbf592cd3b523a8e49b9386625bf8b,013245af-9a9a-4e59-9648-0bb135f604d7,sample_temporal_trajectory,synthetic_degradation_trajectory,42,2,5,2,2026-09-02T20:45:00Z,1.0.0,8e7fd68470057c99,0.245,0.2654,0.124,0.263,0.263,0.06240648114490104,,,,,,NORMAL,True,True,True,True,False,False,False,True,False,1,6,1,1.0
3322d0d1eb609df0fe308ef8,Module_12_13_EarlyWarning,examples/sample_temporal_trajectory.csv,7120aaaf6df305220183e04d8365ce38dddbf592cd3b523a8e49b9386625bf8b,013245af-9a9a-4e59-9648-0bb135f604d7,sample_temporal_trajectory,synthetic_degradation_trajectory,42,2,5,3,2026-09-02T20:45:00Z,1.0.0,8e7fd68470057c99,0.245,0.2654,0.124,0.263,0.263,0.06240648114490104,,,,,,NORMAL,True,True,True,True,False,False,False,True,False,1,6,1,1.0
3c11986f9261ecf907c6bb26,Module_12_13_EarlyWarning,examples/sample_temporal_trajectory.csv,7120aaaf6df305220183e04d8365ce38dddbf592cd3b523a8e49b9386625bf8b,013245af-9a9a-4e59-9648-0bb135f604d7,sample_temporal_trajectory,synthetic_degradation_trajectory,42,2,5,5,2026-09-02T20:45:00Z,1.0.0,8e7fd68470057c99,0.245,0.2654,0.124,0.263,0.263,0.06240648114490104,,,,,,NORMAL,True,True,True,True,False,False,False,True,False,1,6,1,1.0
1152757cf249db46d996307b,Module_12_13_EarlyWarning,examples/sample_temporal_trajectory.csv,7120aaaf6df305220183e04d8365ce38dddbf592cd3b523a8e49b9386625bf8b,013245af-9a9a-4e59-9648-0bb135f604d7,sample_temporal_trajectory,synthetic_degradation_trajectory,42,2,6,1,2026-09-02T20:45:00Z,1.0.0,8e7fd68470057c99,0.7292,0.653,0.4189,0.6597,0.6597,0.13203338803331358,,,,,,NORMAL,True,True,True,True,False,False,False,True,False,1,6,1,0.0
a2fb38081846983c2afcf51e,Module_12_13_EarlyWarning,examples/sample_temporal_trajectory.csv,7120aaaf6df305220183e04d8365ce38dddbf592cd3b523a8e49b9386625bf8b,013245af-9a9a-4e59-9648-0bb135f604d7,sample_temporal_trajectory,synthetic_degradation_trajectory,42,2,6,2,2026-09-02T20:45:00Z,1.0.0,8e7fd68470057c99,0.7292,0.653,0.4189,0.6597,0.6597,0.13203338803331358,,,,,,NORMAL,True,True,True,True,False,False,False,True,False,1,6,1,0.0
28562ff3a60610910b7995ac,Module_12_13_EarlyWarning,examples/sample_temporal_trajectory.csv,7120aaaf6df305220183e04d8365ce38dddbf592cd3b523a8e49b9386625bf8b,013245af-9a9a-4e59-9648-0bb135f604d7,sample_temporal_trajectory,synthetic_degradation_trajectory,42,2,6,3,2026-09-02T20:45:00Z,1.0.0,8e7fd68470057c99,0.7292,0.653,0.4189,0.6597,0.6597,0.13203338803331358,,,,,,NORMAL,True,True,True,True,False,False,False,True,False,1,6,1,0.0
fbd59fa94cde364e37cff74d,Module_12_13_EarlyWarning,examples/sample_temporal_trajectory.csv,7120aaaf6df305220183e04d8365ce38dddbf592cd3b523a8e49b9386625bf8b,013245af-9a9a-4e59-9648-0bb135f604d7,sample_temporal_trajectory,synthetic_degradation_trajectory,42,2,6,5,2026-09-02T20:45:00Z,1.0.0,8e7fd68470057c99,0.7292,0.653,0.4189,0.6597,0.6597,0.13203338803331358,,,,,,NORMAL,True,True,True,True,False,False,False,True,False,1,6,1,0.0
83b192b21c1d5e799b69b9b1,Module_12_13_EarlyWarning,examples/sample_temporal_trajectory.csv,7120aaaf6df305220183e04d8365ce38dddbf592cd3b523a8e49b9386625bf8b,013245af-9a9a-4e59-9648-0bb135f604d7,sample_temporal_trajectory,synthetic_degradation_trajectory,42,2,7,1,2026-09-02T20:45:00Z,1.0.0,8e7fd68470057c99,0.8133,0.7526,0.5217,0.7483,0.7483,0.12562283055064294,,,,,,NORMAL,True,True,True,True,False,False,False,True,False,1,6,1,
5cd2e53f5298c5dbc03c1722,Module_12_13_EarlyWarning,examples/sample_temporal_trajectory.csv,7120aaaf6df305220183e04d8365ce38dddbf592cd3b523a8e49b9386625bf8b,013245af-9a9a-4e59-9648-0bb135f604d7,sample_temporal_trajectory,synthetic_degradation_trajectory,42,2,7,2,2026-09-02T20:45:00Z,1.0.0,8e7fd68470057c99,0.8133,0.7526,0.5217,0.7483,0.7483,0.12562283055064294,,,,,,NORMAL,True,True,True,True,False,False,False,True,False,1,6,1,
56a3d4279e6daaccdbc1786d,Module_12_13_EarlyWarning,examples/sample_temporal_trajectory.csv,7120aaaf6df305220183e04d8365ce38dddbf592cd3b523a8e49b9386625bf8b,013245af-9a9a-4e59-9648-0bb135f604d7,sample_temporal_trajectory,synthetic_degradation_trajectory,42,2,7,3,2026-09-02T20:45:00Z,1.0.0,8e7fd68470057c99,0.8133,0.7526,0.5217,0.7483,0.7483,0.12562283055064294,,,,,,NORMAL,True,True,True,True,False,False,False,True,False,1,6,1,
e2d1fbf4150db4be3aaab109,Module_12_13_EarlyWarning,examples/sample_temporal_trajectory.csv,7120aaaf6df305220183e04d8365ce38dddbf592cd3b523a8e49b9386625bf8b,013245af-9a9a-4e59-9648-0bb135f604d7,sample_temporal_trajectory,synthetic_degradation_trajectory,42,2,7,5,2026-09-02T20:45:00Z,1.0.0,8e7fd68470057c99,0.8133,0.7526,0.5217,0.7483,0.7483,0.12562283055064294,,,,,,NORMAL,True,True,True,True,False,False,False,True,False,1,6,1,
10a3378dbae19ef8582a20b5,Module_12_13_EarlyWarning,examples/sample_temporal_trajectory.csv,7120aaaf6df305220183e04d8365ce38dddbf592cd3b523a8e49b9386625bf8b,013245af-9a9a-4e59-9648-0bb135f604d7,sample_temporal_trajectory,synthetic_degradation_trajectory,42,2,8,1,2026-09-02T20:45:00Z,1.0.0,8e7fd68470057c99,0.8747,0.8201,0.6026,0.8414,0.8414,0.11753288901409682,,,,,,NORMAL,True,True,True,True,False,False,False,True,False,1,6,1,
a88fa5d19d530a27a8c84d27,Module_12_13_EarlyWarning,examples/sample_temporal_trajectory.csv,7120aaaf6df305220183e04d8365ce38dddbf592cd3b523a8e49b9386625bf8b,013245af-9a9a-4e59-9648-0bb135f604d7,sample_temporal_trajectory,synthetic_degradation_trajectory,42,2,8,2,2026-09-02T20:45:00Z,1.0.0,8e7fd68470057c99,0.8747,0.8201,0.6026,0.8414,0.8414,0.11753288901409682,,,,,,NORMAL,True,True,True,True,False,False,False,True,False,1,6,1,
0b52a7ca9c14454073c8db37,Module_12_13_EarlyWarning,examples/sample_temporal_trajectory.csv,7120aaaf6df305220183e04d8365ce38dddbf592cd3b523a8e49b9386625bf8b,013245af-9a9a-4e59-9648-0bb135f604d7,sample_temporal_trajectory,synthetic_degradation_trajectory,42,2,8,3,2026-09-02T20:45:00Z,1.0.0,8e7fd68470057c99,0.8747,0.8201,0.6026,0.8414,0.8414,0.11753288901409682,,,,,,NORMAL,True,True,True,True,False,False,False,True,False,1,6,1,
9457ad096ede138ec70b6be1,Module_12_13_EarlyWarning,examples/sample_temporal_trajectory.csv,7120aaaf6df305220183e04d8365ce38dddbf592cd3b523a8e49b9386625bf8b,013245af-9a9a-4e59-9648-0bb135f604d7,sample_temporal_trajectory,synthetic_degradation_trajectory,42,2,8,5,2026-09-02T20:45:00Z,1.0.0,8e7fd68470057c99,0.8747,0.8201,0.6026,0.8414,0.8414,0.11753288901409682,,,,,,NORMAL,True,True,True,True,False,False,False,True,False,1,6,1,
b1181bac47c290de515842d1,Module_12_13_EarlyWarning,examples/sample_temporal_trajectory.csv,7120aaaf6df305220183e04d8365ce38dddbf592cd3b523a8e49b9386625bf8b,013245af-9a9a-4e59-9648-0bb135f604d7,sample_temporal_trajectory,synthetic_degradation_trajectory,42,2,9,1,2026-09-02T20:45:00Z,1.0.0,8e7fd68470057c99,0.9251,0.8877,0.6793,0.9075,0.9075,0.10813929288961838,,,,,,NORMAL,True,True,True,True,False,False,False,True,False,1,6,0,
7f5dbf47bbe22743edd30de3,Module_12_13_EarlyWarning,examples/sample_temporal_trajectory.csv,7120aaaf6df305220183e04d8365ce38dddbf592cd3b523a8e49b9386625bf8b,013245af-9a9a-4e59-9648-0bb135f604d7,sample_temporal_trajectory,synthetic_degradation_trajectory,42,2,9,2,2026-09-02T20:45:00Z,1.0.0,8e7fd68470057c99,0.9251,0.8877,0.6793,0.9075,0.9075,0.10813929288961838,,,,,,NORMAL,True,True,True,True,False,False,False,True,False,1,6,0,
cfbcfa9eee562a2c0d31a252,Module_12_13_EarlyWarning,examples/sample_temporal_trajectory.csv,7120aaaf6df305220183e04d8365ce38dddbf592cd3b523a8e49b9386625bf8b,013245af-9a9a-4e59-9648-0bb135f604d7,sample_temporal_trajectory,synthetic_degradation_trajectory,42,2,9,3,2026-09-02T20:45:00Z,1.0.0,8e7fd68470057c99,0.9251,0.8877,0.6793,0.9075,0.9075,0.10813929288961838,,,,,,NORMAL,True,True,True,True,False,False,False,True,False,1,6,0,
783e7b5a1ad1ca9c2694cfa5,Module_12_13_EarlyWarning,examples/sample_temporal_trajectory.csv,7120aaaf6df305220183e04d8365ce38dddbf592cd3b523a8e49b9386625bf8b,013245af-9a9a-4e59-9648-0bb135f604d7,sample_temporal_trajectory,synthetic_degradation_trajectory,42,2,9,5,2026-09-02T20:45:00Z,1.0.0,8e7fd68470057c99,0.9251,0.8877,0.6793,0.9075,0.9075,0.10813929288961838,,,,,,NORMAL,True,True,True,True,False,False,False,True,False,1,6,0,
c06de577260f5cd0202574fc,Module_12_13_EarlyWarning,examples/sample_temporal_trajectory.csv,7120aaaf6df305220183e04d8365ce38dddbf592cd3b523a8e49b9386625bf8b,013245af-9a9a-4e59-9648-0bb135f604d7,sample_temporal_trajectory,synthetic_degradation_trajectory,42,3,0,1,2026-09-02T20:45:00Z,1.0.0,8e7fd68470057c99,0.1079,0.1045,0.0223,0.1125,0.1125,0.03957518863575454,,,,,,NORMAL,True,True,True,True,False,False,False,True,False,1,6,0,6.0
246780c83ff77afb3984137d,Module_12_13_EarlyWarning,examples/sample_temporal_trajectory.csv,7120aaaf6df305220183e04d8365ce38dddbf592cd3b523a8e49b9386625bf8b,013245af-9a9a-4e59-9648-0bb135f604d7,sample_temporal_trajectory,synthetic_degradation_trajectory,42,3,0,2,2026-09-02T20:45:00Z,1.0.0,8e7fd68470057c99,0.1079,0.1045,0.0223,0.1125,0.1125,0.03957518863575454,,,,,,NORMAL,True,True,True,True,False,False,False,True,False,1,6,0,6.0
50ad408512d32c67c7f401fa,Module_12_13_EarlyWarning,examples/sample_temporal_trajectory.csv,7120aaaf6df305220183e04d8365ce38dddbf592cd3b523a8e49b9386625bf8b,013245af-9a9a-4e59-9648-0bb135f604d7,sample_temporal_trajectory,synthetic_degradation_trajectory,42,3,0,3,2026-09-02T20:45:00Z,1.0.0,8e7fd68470057c99,0.1079,0.1045,0.0223,0.1125,0.1125,0.03957518863575454,,,,,,NORMAL,True,True,True,True,False,False,False,True,False,1,6,0,6.0
360d0e3e7a82dc8b3e8b1e0d,Module_12_13_EarlyWarning,examples/sample_temporal_trajectory.csv,7120aaaf6df305220183e04d8365ce38dddbf592cd3b523a8e49b9386625bf8b,013245af-9a9a-4e59-9648-0bb135f604d7,sample_temporal_trajectory,synthetic_degradation_trajectory,42,3,0,5,2026-09-02T20:45:00Z,1.0.0,8e7fd68470057c99,0.1079,0.1045,0.0223,0.1125,0.1125,0.03957518863575454,,,,,,NORMAL,True,True,True,True,False,False,False,True,False,1,6,0,6.0
905291752d1ae9fc452729c8,Module_12_13_EarlyWarning,examples/sample_temporal_trajectory.csv,7120aaaf6df305220183e04d8365ce38dddbf592cd3b523a8e49b9386625bf8b,013245af-9a9a-4e59-9648-0bb135f604d7,sample_temporal_trajectory,synthetic_degradation_trajectory,42,3,1,1,2026-09-02T20:45:00Z,1.0.0,8e7fd68470057c99,0.1109,0.1407,0.0531,0.1335,0.1335,0.036366406965158866,,,,,,NORMAL,True,True,True,True,False,False,False,True,False,1,6,0,5.0
f943e72ceffe122ca57016fb,Module_12_13_EarlyWarning,examples/sample_temporal_trajectory.csv,7120aaaf6df305220183e04d8365ce38dddbf592cd3b523a8e49b9386625bf8b,013245af-9a9a-4e59-9648-0bb135f604d7,sample_temporal_trajectory,synthetic_degradation_trajectory,42,3,1,2,2026-09-02T20:45:00Z,1.0.0,8e7fd68470057c99,0.1109,0.1407,0.0531,0.1335,0.1335,0.036366406965158866,,,,,,NORMAL,True,True,True,True,False,False,False,True,False,1,6,0,5.0
42c894fc2f9d33ad91d3708c,Module_12_13_EarlyWarning,examples/sample_temporal_trajectory.csv,7120aaaf6df305220183e04d8365ce38dddbf592cd3b523a8e49b9386625bf8b,013245af-9a9a-4e59-9648-0bb135f604d7,sample_temporal_trajectory,synthetic_degradation_trajectory,42,3,1,3,2026-09-02T20:45:00Z,1.0.0,8e7fd68470057c99,0.1109,0.1407,0.0531,0.1335,0.1335,0.036366406965158866,,,,,,NORMAL,True,True,True,True,False,False,False,True,False,1,6,0,5.0
74f64766b3aa8bf261b090b9,Module_12_13_EarlyWarning,examples/sample_temporal_trajectory.csv,7120aaaf6df305220183e04d8365ce38dddbf592cd3b523a8e49b9386625bf8b,013245af-9a9a-4e59-9648-0bb135f604d7,sample_temporal_trajectory,synthetic_degradation_trajectory,42,3,1,5,2026-09-02T20:45:00Z,1.0.0,8e7fd68470057c99,0.1109,0.1407,0.0531,0.1335,0.1335,0.036366406965158866,,,,,,NORMAL,True,True,True,True,False,False,False,True,False,1,6,1,5.0
f9345a9e3c78011962005f1a,Module_12_13_EarlyWarning,examples/sample_temporal_trajectory.csv,7120aaaf6df305220183e04d8365ce38dddbf592cd3b523a8e49b9386625bf8b,013245af-9a9a-4e59-9648-0bb135f604d7,sample_temporal_trajectory,synthetic_degradation_trajectory,42,3,2,1,2026-09-02T20:45:00Z,1.0.0,8e7fd68470057c99,0.164,0.1494,0.0339,0.1432,0.1432,0.058194520551528066,,,,,,NORMAL,True,True,True,True,False,False,False,True,False,1,6,0,4.0
13f2535141312f7c1e21a716,Module_12_13_EarlyWarning,examples/sample_temporal_trajectory.csv,7120aaaf6df305220183e04d8365ce38dddbf592cd3b523a8e49b9386625bf8b,013245af-9a9a-4e59-9648-0bb135f604d7,sample_temporal_trajectory,synthetic_degradation_trajectory,42,3,2,2,2026-09-02T20:45:00Z,1.0.0,8e7fd68470057c99,0.164,0.1494,0.0339,0.1432,0.1432,0.058194520551528066,,,,,,NORMAL,True,True,True,True,False,False,False,True,False,1,6,0,4.0
30901b2d287c6562682794ad,Module_12_13_EarlyWarning,examples/sample_temporal_trajectory.csv,7120aaaf6df305220183e04d8365ce38dddbf592cd3b523a8e49b9386625bf8b,013245af-9a9a-4e59-9648-0bb135f604d7,sample_temporal_trajectory,synthetic_degradation_trajectory,42,3,2,3,2026-09-02T20:45:00Z,1.0.0,8e7fd68470057c99,0.164,0.1494,0.0339,0.1432,0.1432,0.058194520551528066,,,,,,NORMAL,True,True,True,True,False,False,False,True,False,1,6,0,4.0
fe388130a5448d8d02cd2ad2,Module_12_13_EarlyWarning,examples/sample_temporal_trajectory.csv,7120aaaf6df305220183e04d8365ce38dddbf592cd3b523a8e49b9386625bf8b,013245af-9a9a-4e59-9648-0bb135f604d7,sample_temporal_trajectory,synthetic_degradation_trajectory,42,3,2,5,2026-09-02T20:45:00Z,1.0.0,8e7fd68470057c99,0.164,0.1494,0.0339,0.1432,0.1432,0.058194520551528066,,,,,,NORMAL,True,True,True,True,False,False,False,True,False,1,6,1,4.0
0c115efcd9d0f8c2cd6958dd,Module_12_13_EarlyWarning,examples/sample_temporal_trajectory.csv,7120aaaf6df305220183e04d8365ce38dddbf592cd3b523a8e49b9386625bf8b,013245af-9a9a-4e59-9648-0bb135f604d7,sample_temporal_trajectory,synthetic_degradation_trajectory,42,3,3,1,2026-09-02T20:45:00Z,1.0.0,8e7fd68470057c99,0.166,0.2047,0.0818,0.1923,0.1923,0.051307071204226375,,,,,,NORMAL,True,True,True,True,False,False,False,True,False,1,6,0,3.0
cce735f4613ad98bb017bae8,Module_12_13_EarlyWarning,examples/sample_temporal_trajectory.csv,7120aaaf6df305220183e04d8365ce38dddbf592cd3b523a8e49b9386625bf8b,013245af-9a9a-4e59-9648-0bb135f604d7,sample_temporal_trajectory,synthetic_degradation_trajectory,42,3,3,2,2026-09-02T20:45:00Z,1.0.0,8e7fd68470057c99,0.166,0.2047,0.0818,0.1923,0.1923,0.051307071204226375,,,,,,NORMAL,True,True,True,True,False,False,False,True,False,1,6,0,3.0
78934d9a42a245c20fdcfa7a,Module_12_13_EarlyWarning,examples/sample_temporal_trajectory.csv,7120aaaf6df305220183e04d8365ce38dddbf592cd3b523a8e49b9386625bf8b,013245af-9a9a-4e59-9648-0bb135f604d7,sample_temporal_trajectory,synthetic_degradation_trajectory,42,3,3,3,2026-09-02T20:45:00Z,1.0.0,8e7fd68470057c99,0.166,0.2047,0.0818,0.1923,0.1923,0.051307071204226375,,,,,,NORMAL,True,True,True,True,False,False,False,True,False,1,6,1,3.0
253bfad746f0d5cc748a1acc,Module_12_13_EarlyWarning,examples/sample_temporal_trajectory.csv,7120aaaf6df305220183e04d8365ce38dddbf592cd3b523a8e49b9386625bf8b,013245af-9a9a-4e59-9648-0bb135f604d7,sample_temporal_trajectory,synthetic_degradation_trajectory,42,3,3,5,2026-09-02T20:45:00Z,1.0.0,8e7fd68470057c99,0.166,0.2047,0.0818,0.1923,0.1923,0.051307071204226375,,,,,,NORMAL,True,True,True,True,False,False,False,True,False,1,6,1,3.0
95a46370381ab16a86513396,Module_12_13_EarlyWarning,examples/sample_temporal_trajectory.csv,7120aaaf6df305220183e04d8365ce38dddbf592cd3b523a8e49b9386625bf8b,013245af-9a9a-4e59-9648-0bb135f604d7,sample_temporal_trajectory,synthetic_degradation_trajectory,42,3,4,1,2026-09-02T20:45:00Z,1.0.0,8e7fd68470057c99,0.2259,0.2308,0.1026,0.2329,0.2329,0.05931286163687902,,,,,,NORMAL,True,True,True,True,False,False,False,True,False,1,6,0,2.0
1d9f3c4fc2336893dc5c83f5,Module_12_13_EarlyWarning,examples/sample_temporal_trajectory.csv,7120aaaf6df305220183e04d8365ce38dddbf592cd3b523a8e49b9386625bf8b,013245af-9a9a-4e59-9648-0bb135f604d7,sample_temporal_trajectory,synthetic_degradation_trajectory,42,3,4,2,2026-09-02T20:45:00Z,1.0.0,8e7fd68470057c99,0.2259,0.2308,0.1026,0.2329,0.2329,0.05931286163687902,,,,,,NORMAL,True,True,True,True,False,False,False,True,False,1,6,1,2.0
9e62af0f86a2b69acca07b30,Module_12_13_EarlyWarning,examples/sample_temporal_trajectory.csv,7120aaaf6df305220183e04d8365ce38dddbf592cd3b523a8e49b9386625bf8b,013245af-9a9a-4e59-9648-0bb135f604d7,sample_temporal_trajectory,synthetic_degradation_trajectory,42,3,4,3,2026-09-02T20:45:00Z,1.0.0,8e7fd68470057c99,0.2259,0.2308,0.1026,0.2329,0.2329,0.05931286163687902,,,,,,NORMAL,True,True,True,True,False,False,False,True,False,1,6,1,2.0
57353e4e30cefe37f557ad3a,Module_12_13_EarlyWarning,examples/sample_temporal_trajectory.csv,7120aaaf6df305220183e04d8365ce38dddbf592cd3b523a8e49b9386625bf8b,013245af-9a9a-4e59-9648-0bb135f604d7,sample_temporal_trajectory,synthetic_degradation_trajectory,42,3,4,5,2026-09-02T20:45:00Z,1.0.0,8e7fd68470057c99,0.2259,0.2308,0.1026,0.2329,0.2329,0.05931286163687902,,,,,,NORMAL,True,True,True,True,False,False,False,True,False,1,6,1,2.0
6745d0ed681bc9c0b74d4801,Module_12_13_EarlyWarning,examples/sample_temporal_trajectory.csv,7120aaaf6df305220183e04d8365ce38dddbf592cd3b523a8e49b9386625bf8b,013245af-9a9a-4e59-9648-0bb135f604d7,sample_temporal_trajectory,synthetic_degradation_trajectory,42,3,5,1,2026-09-02T20:45:00Z,1.0.0,8e7fd68470057c99,0.2719,0.2955,0.1278,0.2529,0.2529,0.07412081728877222,,,,,,NORMAL,True,True,True,True,False,False,False,True,False,1,6,1,1.0
e26c6c68421bfedf201bb284,Module_12_13_EarlyWarning,examples/sample_temporal_trajectory.csv,7120aaaf6df305220183e04d8365ce38dddbf592cd3b523a8e49b9386625bf8b,013245af-9a9a-4e59-9648-0bb135f604d7,sample_temporal_trajectory,synthetic_degradation_trajectory,42,3,5,2,2026-09-02T20:45:00Z,1.0.0,8e7fd68470057c99,0.2719,0.2955,0.1278,0.2529,0.2529,0.07412081728877222,,,,,,NORMAL,True,True,True,True,False,False,False,True,False,1,6,1,1.0
0b8a1cb49618e4cc90377246,Module_12_13_EarlyWarning,examples/sample_temporal_trajectory.csv,7120aaaf6df305220183e04d8365ce38dddbf592cd3b523a8e49b9386625bf8b,013245af-9a9a-4e59-9648-0bb135f604d7,sample_temporal_trajectory,synthetic_degradation_trajectory,42,3,5,3,2026-09-02T20:45:00Z,1.0.0,8e7fd68470057c99,0.2719,0.2955,0.1278,0.2529,0.2529,0.07412081728877222,,,,,,NORMAL,True,True,True,True,False,False,False,True,False,1,6,1,1.0
8ac3950125fa170ea071fd67,Module_12_13_EarlyWarning,examples/sample_temporal_trajectory.csv,7120aaaf6df305220183e04d8365ce38dddbf592cd3b523a8e49b9386625bf8b,013245af-9a9a-4e59-9648-0bb135f604d7,sample_temporal_trajectory,synthetic_degradation_trajectory,42,3,5,5,2026-09-02T20:45:00Z,1.0.0,8e7fd68470057c99,0.2719,0.2955,0.1278,0.2529,0.2529,0.07412081728877222,,,,,,NORMAL,True,True,True,True,False,False,False,True,False,1,6,1,1.0
47e7644468053d845dcc3c90,Module_12_13_EarlyWarning,examples/sample_temporal_trajectory.csv,7120aaaf6df305220183e04d8365ce38dddbf592cd3b523a8e49b9386625bf8b,013245af-9a9a-4e59-9648-0bb135f604d7,sample_temporal_trajectory,synthetic_degradation_trajectory,42,3,6,1,2026-09-02T20:45:00Z,1.0.0,8e7fd68470057c99,0.7101,0.6422,0.3876,0.6787,0.6787,0.1388195551386363,,,,,,NORMAL,True,True,True,True,False,False,False,True,False,1,6,1,0.0
a87b4c28649fdf39c7577956,Module_12_13_EarlyWarning,examples/sample_temporal_trajectory.csv,7120aaaf6df305220183e04d8365ce38dddbf592cd3b523a8e49b9386625bf8b,013245af-9a9a-4e59-9648-0bb135f604d7,sample_temporal_trajectory,synthetic_degradation_trajectory,42,3,6,2,2026-09-02T20:45:00Z,1.0.0,8e7fd68470057c99,0.7101,0.6422,0.3876,0.6787,0.6787,0.1388195551386363,,,,,,NORMAL,True,True,True,True,False,False,False,True,False,1,6,1,0.0
fb8207371f1a2010ea034546,Module_12_13_EarlyWarning,examples/sample_temporal_trajectory.csv,7120aaaf6df305220183e04d8365ce38dddbf592cd3b523a8e49b9386625bf8b,013245af-9a9a-4e59-9648-0bb135f604d7,sample_temporal_trajectory,synthetic_degradation_trajectory,42,3,6,3,2026-09-02T20:45:00Z,1.0.0,8e7fd68470057c99,0.7101,0.6422,0.3876,0.6787,0.6787,0.1388195551386363,,,,,,NORMAL,True,True,True,True,False,False,False,True,False,1,6,1,0.0
1ea8b7e9963192da669d073c,Module_12_13_EarlyWarning,examples/sample_temporal_trajectory.csv,7120aaaf6df305220183e04d8365ce38dddbf592cd3b523a8e49b9386625bf8b,013245af-9a9a-4e59-9648-0bb135f604d7,sample_temporal_trajectory,synthetic_degradation_trajectory,42,3,6,5,2026-09-02T20:45:00Z,1.0.0,8e7fd68470057c99,0.7101,0.6422,0.3876,0.6787,0.6787,0.1388195551386363,,,,,,NORMAL,True,True,True,True,False,False,False,True,False,1,6,1,0.0
a9a369cc3e4a19ab6cfb037f,Module_12_13_EarlyWarning,examples/sample_temporal_trajectory.csv,7120aaaf6df305220183e04d8365ce38dddbf592cd3b523a8e49b9386625bf8b,013245af-9a9a-4e59-9648-0bb135f604d7,sample_temporal_trajectory,synthetic_degradation_trajectory,42,3,7,1,2026-09-02T20:45:00Z,1.0.0,8e7fd68470057c99,0.8043,0.7468,0.5068,0.7647,0.7647,0.128846377088721,,,,,,NORMAL,True,True,True,True,False,False,False,True,False,1,6,1,
5111c2d02a12203d195c7c7a,Module_12_13_EarlyWarning,examples/sample_temporal_trajectory.csv,7120aaaf6df305220183e04d8365ce38dddbf592cd3b523a8e49b9386625bf8b,013245af-9a9a-4e59-9648-0bb135f604d7,sample_temporal_trajectory,synthetic_degradation_trajectory,42,3,7,2,2026-09-02T20:45:00Z,1.0.0,8e7fd68470057c99,0.8043,0.7468,0.5068,0.7647,0.7647,0.128846377088721,,,,,,NORMAL,True,True,True,True,False,False,False,True,False,1,6,1,
146a4940db2ec425c7b60016,Module_12_13_EarlyWarning,examples/sample_temporal_trajectory.csv,7120aaaf6df305220183e04d8365ce38dddbf592cd3b523a8e49b9386625bf8b,013245af-9a9a-4e59-9648-0bb135f604d7,sample_temporal_trajectory,synthetic_degradation_trajectory,42,3,7,3,2026-09-02T20:45:00Z,1.0.0,8e7fd68470057c99,0.8043,0.7468,0.5068,0.7647,0.7647,0.128846377088721,,,,,,NORMAL,True,True,True,True,False,False,False,True,False,1,6,1,
aea01774bf57e2ca3ed7bf50,Module_12_13_EarlyWarning,examples/sample_temporal_trajectory.csv,7120aaaf6df305220183e04d8365ce38dddbf592cd3b523a8e49b9386625bf8b,013245af-9a9a-4e59-9648-0bb135f604d7,sample_temporal_trajectory,synthetic_degradation_trajectory,42,3,7,5,2026-09-02T20:45:00Z,1.0.0,8e7fd68470057c99,0.8043,0.7468,0.5068,0.7647,0.7647,0.128846377088721,,,,,,NORMAL,True,True,True,True,False,False,False,True,False,1,6,1,
bf477bb1860d3792b14d21ef,Module_12_13_EarlyWarning,examples/sample_temporal_trajectory.csv,7120aaaf6df305220183e04d8365ce38dddbf592cd3b523a8e49b9386625bf8b,013245af-9a9a-4e59-9648-0bb135f604d7,sample_temporal_trajectory,synthetic_degradation_trajectory,42,3,8,1,2026-09-02T20:45:00Z,1.0.0,8e7fd68470057c99,0.881,0.8281,0.6052,0.8181,0.8181,0.11951218440904769,,,,,,NORMAL,True,True,True,True,False,False,False,True,False,1,6,1,
0a7a577802d070839782f486,Module_12_13_EarlyWarning,examples/sample_temporal_trajectory.csv,7120aaaf6df305220183e04d8365ce38dddbf592cd3b523a8e49b9386625bf8b,013245af-9a9a-4e59-9648-0bb135f604d7,sample_temporal_trajectory,synthetic_degradation_trajectory,42,3,8,2,2026-09-02T20:45:00Z,1.0.0,8e7fd68470057c99,0.881,0.8281,0.6052,0.8181,0.8181,0.11951218440904769,,,,,,NORMAL,True,True,True,True,False,False,False,True,False,1,6,1,
1c293277eab6fd5393f2505b,Module_12_13_EarlyWarning,examples/sample_temporal_trajectory.csv,7120aaaf6df305220183e04d8365ce38dddbf592cd3b523a8e49b9386625bf8b,013245af-9a9a-4e59-9648-0bb135f604d7,sample_temporal_trajectory,synthetic_degradation_trajectory,42,3,8,3,2026-09-02T20:45:00Z,1.0.0,8e7fd68470057c99,0.881,0.8281,0.6052,0.8181,0.8181,0.11951218440904769,,,,,,NORMAL,True,True,True,True,False,False,False,True,False,1,6,1,
d410481665dd1e7fbcf1f3f2,Module_12_13_EarlyWarning,examples/sample_temporal_trajectory.csv,7120aaaf6df305220183e04d8365ce38dddbf592cd3b523a8e49b9386625bf8b,013245af-9a9a-4e59-9648-0bb135f604d7,sample_temporal_trajectory,synthetic_degradation_trajectory,42,3,8,5,2026-09-02T20:45:00Z,1.0.0,8e7fd68470057c99,0.881,0.8281,0.6052,0.8181,0.8181,0.11951218440904769,,,,,,NORMAL,True,True,True,True,False,False,False,True,False,1,6,1,
1bc5e25a4e235c1cf9abc822,Module_12_13_EarlyWarning,examples/sample_temporal_trajectory.csv,7120aaaf6df305220183e04d8365ce38dddbf592cd3b523a8e49b9386625bf8b,013245af-9a9a-4e59-9648-0bb135f604d7,sample_temporal_trajectory,synthetic_degradation_trajectory,42,3,9,1,2026-09-02T20:45:00Z,1.0.0,8e7fd68470057c99,0.915,0.8777,0.683,0.9066,0.9066,0.1017204120234588,,,,,,NORMAL,True,True,True,True,False,False,False,True,False,1,6,0,
bb22aefc1b78a8a44c180033,Module_12_13_EarlyWarning,examples/sample_temporal_trajectory.csv,7120aaaf6df305220183e04d8365ce38dddbf592cd3b523a8e49b9386625bf8b,013245af-9a9a-4e59-9648-0bb135f604d7,sample_temporal_trajectory,synthetic_degradation_trajectory,42,3,9,2,2026-09-02T20:45:00Z,1.0.0,8e7fd68470057c99,0.915,0.8777,0.683,0.9066,0.9066,0.1017204120234588,,,,,,NORMAL,True,True,True,True,False,False,False,True,False,1,6,0,
6cd9cd5dd891b198189b3227,Module_12_13_EarlyWarning,examples/sample_temporal_trajectory.csv,7120aaaf6df305220183e04d8365ce38dddbf592cd3b523a8e49b9386625bf8b,013245af-9a9a-4e59-9648-0bb135f604d7,sample_temporal_trajectory,synthetic_degradation_trajectory,42,3,9,3,2026-09-02T20:45:00Z,1.0.0,8e7fd68470057c99,0.915,0.8777,0.683,0.9066,0.9066,0.1017204120234588,,,,,,NORMAL,True,True,True,True,False,False,False,True,False,1,6,0,
89ae63904194d714396bdef4,Module_12_13_EarlyWarning,examples/sample_temporal_trajectory.csv,7120aaaf6df305220183e04d8365ce38dddbf592cd3b523a8e49b9386625bf8b,013245af-9a9a-4e59-9648-0bb135f604d7,sample_temporal_trajectory,synthetic_degradation_trajectory,42,3,9,5,2026-09-02T20:45:00Z,1.0.0,8e7fd68470057c99,0.915,0.8777,0.683,0.9066,0.9066,0.1017204120234588,,,,,,NORMAL,True,True,True,True,False,False,False,True,False,1,6,0,
c3e1d52175342da5cd2c82e8,Module_12_13_EarlyWarning,examples/sample_temporal_trajectory.csv,7120aaaf6df305220183e04d8365ce38dddbf592cd3b523a8e49b9386625bf8b,013245af-9a9a-4e59-9648-0bb135f604d7,sample_temporal_trajectory,synthetic_degradation_trajectory,42,4,0,1,2026-09-02T20:45:00Z,1.0.0,8e7fd68470057c99,0.0903,0.1111,0.0263,0.1055,0.1055,0.036085823624612844,,,,,,NORMAL,True,True,True,True,False,False,False,True,False,1,6,0,6.0
5fce65cf4f474249c7ba6507,Module_12_13_EarlyWarning,examples/sample_temporal_trajectory.csv,7120aaaf6df305220183e04d8365ce38dddbf592cd3b523a8e49b9386625bf8b,013245af-9a9a-4e59-9648-0bb135f604d7,sample_temporal_trajectory,synthetic_degradation_trajectory,42,4,0,2,2026-09-02T20:45:00Z,1.0.0,8e7fd68470057c99,0.0903,0.1111,0.0263,0.1055,0.1055,0.036085823624612844,,,,,,NORMAL,True,True,True,True,False,False,False,True,False,1,6,0,6.0
ffd9b0a6c3ae7d1bde4af133,Module_12_13_EarlyWarning,examples/sample_temporal_trajectory.csv,7120aaaf6df305220183e04d8365ce38dddbf592cd3b523a8e49b9386625bf8b,013245af-9a9a-4e59-9648-0bb135f604d7,sample_temporal_trajectory,synthetic_degradation_trajectory,42,4,0,3,2026-09-02T20:45:00Z,1.0.0,8e7fd68470057c99,0.0903,0.1111,0.0263,0.1055,0.1055,0.036085823624612844,,,,,,NORMAL,True,True,True,True,False,False,False,True,False,1,6,0,6.0
550055557bd8d2c96eceaeed,Module_12_13_EarlyWarning,examples/sample_temporal_trajectory.csv,7120aaaf6df305220183e04d8365ce38dddbf592cd3b523a8e49b9386625bf8b,013245af-9a9a-4e59-9648-0bb135f604d7,sample_temporal_trajectory,synthetic_degradation_trajectory,42,4,0,5,2026-09-02T20:45:00Z,1.0.0,8e7fd68470057c99,0.0903,0.1111,0.0263,0.1055,0.1055,0.036085823624612844,,,,,,NORMAL,True,True,True,True,False,False,False,True,False,1,6,0,6.0
0e28c6f78005d80661b2a823,Module_12_13_EarlyWarning,examples/sample_temporal_trajectory.csv,7120aaaf6df305220183e04d8365ce38dddbf592cd3b523a8e49b9386625bf8b,013245af-9a9a-4e59-9648-0bb135f604d7,sample_temporal_trajectory,synthetic_degradation_trajectory,42,4,1,1,2026-09-02T20:45:00Z,1.0.0,8e7fd68470057c99,0.1279,0.1318,0.0314,0.1386,0.1386,0.046437078097380576,,,,,,NORMAL,True,True,True,True,False,False,False,True,False,1,6,0,5.0
fda9fb219e08e185a4dfbf4f,Module_12_13_EarlyWarning,examples/sample_temporal_trajectory.csv,7120aaaf6df305220183e04d8365ce38dddbf592cd3b523a8e49b9386625bf8b,013245af-9a9a-4e59-9648-0bb135f604d7,sample_temporal_trajectory,synthetic_degradation_trajectory,42,4,1,2,2026-09-02T20:45:00Z,1.0.0,8e7fd68470057c99,0.1279,0.1318,0.0314,0.1386,0.1386,0.046437078097380576,,,,,,NORMAL,True,True,True,True,False,False,False,True,False,1,6,0,5.0
31d4a234939695b18077e2eb,Module_12_13_EarlyWarning,examples/sample_temporal_trajectory.csv,7120aaaf6df305220183e04d8365ce38dddbf592cd3b523a8e49b9386625bf8b,013245af-9a9a-4e59-9648-0bb135f604d7,sample_temporal_trajectory,synthetic_degradation_trajectory,42,4,1,3,2026-09-02T20:45:00Z,1.0.0,8e7fd68470057c99,0.1279,0.1318,0.0314,0.1386,0.1386,0.046437078097380576,,,,,,NORMAL,True,True,True,True,False,False,False,True,False,1,6,0,5.0
c4ecc412c3a9c53a539d0829,Module_12_13_EarlyWarning,examples/sample_temporal_trajectory.csv,7120aaaf6df305220183e04d8365ce38dddbf592cd3b523a8e49b9386625bf8b,013245af-9a9a-4e59-9648-0bb135f604d7,sample_temporal_trajectory,synthetic_degradation_trajectory,42,4,1,5,2026-09-02T20:45:00Z,1.0.0,8e7fd68470057c99,0.1279,0.1318,0.0314,0.1386,0.1386,0.046437078097380576,,,,,,NORMAL,True,True,True,True,False,False,False,True,False,1,6,1,5.0
a1388460bdd2237f0c282634,Module_12_13_EarlyWarning,examples/sample_temporal_trajectory.csv,7120aaaf6df305220183e04d8365ce38dddbf592cd3b523a8e49b9386625bf8b,013245af-9a9a-4e59-9648-0bb135f604d7,sample_temporal_trajectory,synthetic_degradation_trajectory,42,4,2,1,2026-09-02T20:45:00Z,1.0.0,8e7fd68470057c99,0.1616,0.1592,0.0393,0.1521,0.1521,0.05709549505482508,,,,,,NORMAL,True,True,True,True,False,False,False,True,False,1,6,0,4.0
01d3028d944411667514000c,Module_12_13_EarlyWarning,examples/sample_temporal_trajectory.csv,7120aaaf6df305220183e04d8365ce38dddbf592cd3b523a8e49b9386625bf8b,013245af-9a9a-4e59-9648-0bb135f604d7,sample_temporal_trajectory,synthetic_degradation_trajectory,42,4,2,2,2026-09-02T20:45:00Z,1.0.0,8e7fd68470057c99,0.1616,0.1592,0.0393,0.1521,0.1521,0.05709549505482508,,,,,,NORMAL,True,True,True,True,False,False,False,True,False,1,6,0,4.0
0a044ab349ab6ebb543151e7,Module_12_13_EarlyWarning,examples/sample_temporal_trajectory.csv,7120aaaf6df305220183e04d8365ce38dddbf592cd3b523a8e49b9386625bf8b,013245af-9a9a-4e59-9648-0bb135f604d7,sample_temporal_trajectory,synthetic_degradation_trajectory,42,4,2,3,2026-09-02T20:45:00Z,1.0.0,8e7fd68470057c99,0.1616,0.1592,0.0393,0.1521,0.1521,0.05709549505482508,,,,,,NORMAL,True,True,True,True,False,False,False,True,False,1,6,0,4.0
a34d871debad657d1fa6ad7b,Module_12_13_EarlyWarning,examples/sample_temporal_trajectory.csv,7120aaaf6df305220183e04d8365ce38dddbf592cd3b523a8e49b9386625bf8b,013245af-9a9a-4e59-9648-0bb135f604d7,sample_temporal_trajectory,synthetic_degradation_trajectory,42,4,2,5,2026-09-02T20:45:00Z,1.0.0,8e7fd68470057c99,0.1616,0.1592,0.0393,0.1521,0.1521,0.05709549505482508,,,,,,NORMAL,True,True,True,True,False,False,False,True,False,1,6,1,4.0
b17a1ff456acc68eec699cf0,Module_12_13_EarlyWarning,examples/sample_temporal_trajectory.csv,7120aaaf6df305220183e04d8365ce38dddbf592cd3b523a8e49b9386625bf8b,013245af-9a9a-4e59-9648-0bb135f604d7,sample_temporal_trajectory,synthetic_degradation_trajectory,42,4,3,1,2026-09-02T20:45:00Z,1.0.0,8e7fd68470057c99,0.1718,0.2034,0.0848,0.1775,0.1775,0.05014813611247736,,,,,,NORMAL,True,True,True,True,False,False,False,True,False,1,6,0,3.0
24f39107efe4dbd3afd6ee69,Module_12_13_EarlyWarning,examples/sample_temporal_trajectory.csv,7120aaaf6df305220183e04d8365ce38dddbf592cd3b523a8e49b9386625bf8b,013245af-9a9a-4e59-9648-0bb135f604d7,sample_temporal_trajectory,synthetic_degradation_trajectory,42,4,3,2,2026-09-02T20:45:00Z,1.0.0,8e7fd68470057c99,0.1718,0.2034,0.0848,0.1775,0.1775,0.05014813611247736,,,,,,NORMAL,True,True,True,True,False,False,False,True,False,1,6,0,3.0
16a39706e83928434798886c,Module_12_13_EarlyWarning,examples/sample_temporal_trajectory.csv,7120aaaf6df305220183e04d8365ce38dddbf592cd3b523a8e49b9386625bf8b,013245af-9a9a-4e59-9648-0bb135f604d7,sample_temporal_trajectory,synthetic_degradation_trajectory,42,4,3,3,2026-09-02T20:45:00Z,1.0.0,8e7fd68470057c99,0.1718,0.2034,0.0848,0.1775,0.1775,0.05014813611247736,,,,,,NORMAL,True,True,True,True,False,False,False,True,False,1,6,1,3.0
99c9e099ae1e137a694912b2,Module_12_13_EarlyWarning,examples/sample_temporal_trajectory.csv,7120aaaf6df305220183e04d8365ce38dddbf592cd3b523a8e49b9386625bf8b,013245af-9a9a-4e59-9648-0bb135f604d7,sample_temporal_trajectory,synthetic_degradation_trajectory,42,4,3,5,2026-09-02T20:45:00Z,1.0.0,8e7fd68470057c99,0.1718,0.2034,0.0848,0.1775,0.1775,0.05014813611247736,,,,,,NORMAL,True,True,True,True,False,False,False,True,False,1,6,1,3.0
1f17c95dae169a02d7950963,Module_12_13_EarlyWarning,examples/sample_temporal_trajectory.csv,7120aaaf6df305220183e04d8365ce38dddbf592cd3b523a8e49b9386625bf8b,013245af-9a9a-4e59-9648-0bb135f604d7,sample_temporal_trajectory,synthetic_degradation_trajectory,42,4,4,1,2026-09-02T20:45:00Z,1.0.0,8e7fd68470057c99,0.2296,0.2428,0.0978,0.2317,0.2317,0.06546456208429785,,,,,,NORMAL,True,True,True,True,False,False,False,True,False,1,6,0,2.0
b2099e82bdd6f59c2c60a1d7,Module_12_13_EarlyWarning,examples/sample_temporal_trajectory.csv,7120aaaf6df305220183e04d8365ce38dddbf592cd3b523a8e49b9386625bf8b,013245af-9a9a-4e59-9648-0bb135f604d7,sample_temporal_trajectory,synthetic_degradation_trajectory,42,4,4,2,2026-09-02T20:45:00Z,1.0.0,8e7fd68470057c99,0.2296,0.2428,0.0978,0.2317,0.2317,0.06546456208429785,,,,,,NORMAL,True,True,True,True,False,False,False,True,False,1,6,1,2.0
cf036c4e4fa87978bbffc9e0,Module_12_13_EarlyWarning,examples/sample_temporal_trajectory.csv,7120aaaf6df305220183e04d8365ce38dddbf592cd3b523a8e49b9386625bf8b,013245af-9a9a-4e59-9648-0bb135f604d7,sample_temporal_trajectory,synthetic_degradation_trajectory,42,4,4,3,2026-09-02T20:45:00Z,1.0.0,8e7fd68470057c99,0.2296,0.2428,0.0978,0.2317,0.2317,0.06546456208429785,,,,,,NORMAL,True,True,True,True,False,False,False,True,False,1,6,1,2.0
8957ccd59292fd27ee95b525,Module_12_13_EarlyWarning,examples/sample_temporal_trajectory.csv,7120aaaf6df305220183e04d8365ce38dddbf592cd3b523a8e49b9386625bf8b,013245af-9a9a-4e59-9648-0bb135f604d7,sample_temporal_trajectory,synthetic_degradation_trajectory,42,4,4,5,2026-09-02T20:45:00Z,1.0.0,8e7fd68470057c99,0.2296,0.2428,0.0978,0.2317,0.2317,0.06546456208429785,,,,,,NORMAL,True,True,True,True,False,False,False,True,False,1,6,1,2.0
c34df7413d1bcc454a5d0bde,Module_12_13_EarlyWarning,examples/sample_temporal_trajectory.csv,7120aaaf6df305220183e04d8365ce38dddbf592cd3b523a8e49b9386625bf8b,013245af-9a9a-4e59-9648-0bb135f604d7,sample_temporal_trajectory,synthetic_degradation_trajectory,42,4,5,1,2026-09-02T20:45:00Z,1.0.0,8e7fd68470057c99,0.2541,0.2883,0.1271,0.2639,0.2639,0.0693494212104342,,,,,,NORMAL,True,True,True,True,False,False,False,True,False,1,6,1,1.0
4a57425edf30ba0717fd8541,Module_12_13_EarlyWarning,examples/sample_temporal_trajectory.csv,7120aaaf6df305220183e04d8365ce38dddbf592cd3b523a8e49b9386625bf8b,013245af-9a9a-4e59-9648-0bb135f604d7,sample_temporal_trajectory,synthetic_degradation_trajectory,42,4,5,2,2026-09-02T20:45:00Z,1.0.0,8e7fd68470057c99,0.2541,0.2883,0.1271,0.2639,0.2639,0.0693494212104342,,,,,,NORMAL,True,True,True,True,False,False,False,True,False,1,6,1,1.0
a9c819a6310b8468db8f75bb,Module_12_13_EarlyWarning,examples/sample_temporal_trajectory.csv,7120aaaf6df305220183e04d8365ce38dddbf592cd3b523a8e49b9386625bf8b,013245af-9a9a-4e59-9648-0bb135f604d7,sample_temporal_trajectory,synthetic_degradation_trajectory,42,4,5,3,2026-09-02T20:45:00Z,1.0.0,8e7fd68470057c99,0.2541,0.2883,0.1271,0.2639,0.2639,0.0693494212104342,,,,,,NORMAL,True,True,True,True,False,False,False,True,False,1,6,1,1.0
6fed898af91381d886d9fbc6,Module_12_13_EarlyWarning,examples/sample_temporal_trajectory.csv,7120aaaf6df305220183e04d8365ce38dddbf592cd3b523a8e49b9386625bf8b,013245af-9a9a-4e59-9648-0bb135f604d7,sample_temporal_trajectory,synthetic_degradation_trajectory,42,4,5,5,2026-09-02T20:45:00Z,1.0.0,8e7fd68470057c99,0.2541,0.2883,0.1271,0.2639,0.2639,0.0693494212104342,,,,,,NORMAL,True,True,True,True,False,False,False,True,False,1,6,1,1.0
f2a1c665d8af2d532baebe51,Module_12_13_EarlyWarning,examples/sample_temporal_trajectory.csv,7120aaaf6df305220183e04d8365ce38dddbf592cd3b523a8e49b9386625bf8b,013245af-9a9a-4e59-9648-0bb135f604d7,sample_temporal_trajectory,synthetic_degradation_trajectory,42,4,6,1,2026-09-02T20:45:00Z,1.0.0,8e7fd68470057c99,0.7282,0.6501,0.4047,0.6512,0.6512,0.13782961300904178,,,,,,NORMAL,True,True,True,True,False,False,False,True,False,1,6,1,0.0
eada1f25a2a5149b4eb68fe1,Module_12_13_EarlyWarning,examples/sample_temporal_trajectory.csv,7120aaaf6df305220183e04d8365ce38dddbf592cd3b523a8e49b9386625bf8b,013245af-9a9a-4e59-9648-0bb135f604d7,sample_temporal_trajectory,synthetic_degradation_trajectory,42,4,6,2,2026-09-02T20:45:00Z,1.0.0,8e7fd68470057c99,0.7282,0.6501,0.4047,0.6512,0.6512,0.13782961300904178,,,,,,NORMAL,True,True,True,True,False,False,False,True,False,1,6,1,0.0
7e223b773ffa746feebbe502,Module_12_13_EarlyWarning,examples/sample_temporal_trajectory.csv,7120aaaf6df305220183e04d8365ce38dddbf592cd3b523a8e49b9386625bf8b,013245af-9a9a-4e59-9648-0bb135f604d7,sample_temporal_trajectory,synthetic_degradation_trajectory,42,4,6,3,2026-09-02T20:45:00Z,1.0.0,8e7fd68470057c99,0.7282,0.6501,0.4047,0.6512,0.6512,0.13782961300904178,,,,,,NORMAL,True,True,True,True,False,False,False,True,False,1,6,1,0.0
460591faf04df241a098639d,Module_12_13_EarlyWarning,examples/sample_temporal_trajectory.csv,7120aaaf6df305220183e04d8365ce38dddbf592cd3b523a8e49b9386625bf8b,013245af-9a9a-4e59-9648-0bb135f604d7,sample_temporal_trajectory,synthetic_degradation_trajectory,42,4,6,5,2026-09-02T20:45:00Z,1.0.0,8e7fd68470057c99,0.7282,0.6501,0.4047,0.6512,0.6512,0.13782961300904178,,,,,,NORMAL,True,True,True,True,False,False,False,True,False,1,6,1,0.0
bfe7a3d03da615ea5c03f8e4,Module_12_13_EarlyWarning,examples/sample_temporal_trajectory.csv,7120aaaf6df305220183e04d8365ce38dddbf592cd3b523a8e49b9386625bf8b,013245af-9a9a-4e59-9648-0bb135f604d7,sample_temporal_trajectory,synthetic_degradation_trajectory,42,4,7,1,2026-09-02T20:45:00Z,1.0.0,8e7fd68470057c99,0.829,0.7645,0.5193,0.7615,0.7615,0.13341554965178867,,,,,,NORMAL,True,True,True,True,False,False,False,True,False,1,6,1,
1f5202829567b136a8112b98,Module_12_13_EarlyWarning,examples/sample_temporal_trajectory.csv,7120aaaf6df305220183e04d8365ce38dddbf592cd3b523a8e49b9386625bf8b,013245af-9a9a-4e59-9648-0bb135f604d7,sample_temporal_trajectory,synthetic_degradation_trajectory,42,4,7,2,2026-09-02T20:45:00Z,1.0.0,8e7fd68470057c99,0.829,0.7645,0.5193,0.7615,0.7615,0.13341554965178867,,,,,,NORMAL,True,True,True,True,False,False,False,True,False,1,6,1,
8abace92f8e2f9b98147f979,Module_12_13_EarlyWarning,examples/sample_temporal_trajectory.csv,7120aaaf6df305220183e04d8365ce38dddbf592cd3b523a8e49b9386625bf8b,013245af-9a9a-4e59-9648-0bb135f604d7,sample_temporal_trajectory,synthetic_degradation_trajectory,42,4,7,3,2026-09-02T20:45:00Z,1.0.0,8e7fd68470057c99,0.829,0.7645,0.5193,0.7615,0.7615,0.13341554965178867,,,,,,NORMAL,True,True,True,True,False,False,False,True,False,1,6,1,
ee1d4f93e24bf6bf5bdc5803,Module_12_13_EarlyWarning,examples/sample_temporal_trajectory.csv,7120aaaf6df305220183e04d8365ce38dddbf592cd3b523a8e49b9386625bf8b,013245af-9a9a-4e59-9648-0bb135f604d7,sample_temporal_trajectory,synthetic_degradation_trajectory,42,4,7,5,2026-09-02T20:45:00Z,1.0.0,8e7fd68470057c99,0.829,0.7645,0.5193,0.7615,0.7615,0.13341554965178867,,,,,,NORMAL,True,True,True,True,False,False,False,True,False,1,6,1,
0b79e697415a65d2414d7878,Module_12_13_EarlyWarning,examples/sample_temporal_trajectory.csv,7120aaaf6df305220183e04d8365ce38dddbf592cd3b523a8e49b9386625bf8b,013245af-9a9a-4e59-9648-0bb135f604d7,sample_temporal_trajectory,synthetic_degradation_trajectory,42,4,8,1,2026-09-02T20:45:00Z,1.0.0,8e7fd68470057c99,0.8775,0.8174,0.5915,0.8306,0.8306,0.12312541934502753,,,,,,NORMAL,True,True,True,True,False,False,False,True,False,1,6,1,
3632e76ac1738e184f83c61c,Module_12_13_EarlyWarning,examples/sample_temporal_trajectory.csv,7120aaaf6df305220183e04d8365ce38dddbf592cd3b523a8e49b9386625bf8b,013245af-9a9a-4e59-9648-0bb135f604d7,sample_temporal_trajectory,synthetic_degradation_trajectory,42,4,8,2,2026-09-02T20:45:00Z,1.0.0,8e7fd68470057c99,0.8775,0.8174,0.5915,0.8306,0.8306,0.12312541934502753,,,,,,NORMAL,True,True,True,True,False,False,False,True,False,1,6,1,
9755f8b5de01382399b926be,Module_12_13_EarlyWarning,examples/sample_temporal_trajectory.csv,7120aaaf6df305220183e04d8365ce38dddbf592cd3b523a8e49b9386625bf8b,013245af-9a9a-4e59-9648-0bb135f604d7,sample_temporal_trajectory,synthetic_degradation_trajectory,42,4,8,3,2026-09-02T20:45:00Z,1.0.0,8e7fd68470057c99,0.8775,0.8174,0.5915,0.8306,0.8306,0.12312541934502753,,,,,,NORMAL,True,True,True,True,False,False,False,True,False,1,6,1,
3d86e846e3d9f1055fb0b5f4,Module_12_13_EarlyWarning,examples/sample_temporal_trajectory.csv,7120aaaf6df305220183e04d8365ce38dddbf592cd3b523a8e49b9386625bf8b,013245af-9a9a-4e59-9648-0bb135f604d7,sample_temporal_trajectory,synthetic_degradation_trajectory,42,4,8,5,2026-09-02T20:45:00Z,1.0.0,8e7fd68470057c99,0.8775,0.8174,0.5915,0.8306,0.8306,0.12312541934502753,,,,,,NORMAL,True,True,True,True,False,False,False,True,False,1,6,1,
8517c421ad431c85061ec4c9,Module_12_13_EarlyWarning,examples/sample_temporal_trajectory.csv,7120aaaf6df305220183e04d8365ce38dddbf592cd3b523a8e49b9386625bf8b,013245af-9a9a-4e59-9648-0bb135f604d7,sample_temporal_trajectory,synthetic_degradation_trajectory,42,4,9,1,2026-09-02T20:45:00Z,1.0.0,8e7fd68470057c99,0.9125,0.9172,0.6649,0.8886,0.8886,0.11784318204951677,,,,,,NORMAL,True,True,True,True,False,False,False,True,False,1,6,0,
22a967a147ad02fdedf1d94a,Module_12_13_EarlyWarning,examples/sample_temporal_trajectory.csv,7120aaaf6df305220183e04d8365ce38dddbf592cd3b523a8e49b9386625bf8b,013245af-9a9a-4e59-9648-0bb135f604d7,sample_temporal_trajectory,synthetic_degradation_trajectory,42,4,9,2,2026-09-02T20:45:00Z,1.0.0,8e7fd68470057c99,0.9125,0.9172,0.6649,0.8886,0.8886,0.11784318204951677,,,,,,NORMAL,True,True,True,True,False,False,False,True,False,1,6,0,
c4d557666052d9f6dd12d944,Module_12_13_EarlyWarning,examples/sample_temporal_trajectory.csv,7120aaaf6df305220183e04d8365ce38dddbf592cd3b523a8e49b9386625bf8b,013245af-9a9a-4e59-9648-0bb135f604d7,sample_temporal_trajectory,synthetic_degradation_trajectory,42,4,9,3,2026-09-02T20:45:00Z,1.0.0,8e7fd68470057c99,0.9125,0.9172,0.6649,0.8886,0.8886,0.11784318204951677,,,,,,NORMAL,True,True,True,True,False,False,False,True,False,1,6,0,
7bf7b6913987acbbbb73416c,Module_12_13_EarlyWarning,examples/sample_temporal_trajectory.csv,7120aaaf6df305220183e04d8365ce38dddbf592cd3b523a8e49b9386625bf8b,013245af-9a9a-4e59-9648-0bb135f604d7,sample_temporal_trajectory,synthetic_degradation_trajectory,42,4,9,5,2026-09-02T20:45:00Z,1.0.0,8e7fd68470057c99,0.9125,0.9172,0.6649,0.8886,0.8886,0.11784318204951677,,,,,,NORMAL,True,True,True,True,False,False,False,True,False,1,6,0,
b9218a35b3cd50223a993b2f,Module_12_13_EarlyWarning,examples/sample_temporal_trajectory.csv,7120aaaf6df305220183e04d8365ce38dddbf592cd3b523a8e49b9386625bf8b,013245af-9a9a-4e59-9648-0bb135f604d7,sample_temporal_trajectory,synthetic_degradation_trajectory,42,5,0,1,2026-09-02T20:45:00Z,1.0.0,8e7fd68470057c99,0.1036,0.1257,0.0431,0.1027,0.1027,0.03491484879913798,,,,,,NORMAL,True,True,True,True,False,False,False,True,False,1,6,0,6.0
0ad0003f71444d41198b0f40,Module_12_13_EarlyWarning,examples/sample_temporal_trajectory.csv,7120aaaf6df305220183e04d8365ce38dddbf592cd3b523a8e49b9386625bf8b,013245af-9a9a-4e59-9648-0bb135f604d7,sample_temporal_trajectory,synthetic_degradation_trajectory,42,5,0,2,2026-09-02T20:45:00Z,1.0.0,8e7fd68470057c99,0.1036,0.1257,0.0431,0.1027,0.1027,0.03491484879913798,,,,,,NORMAL,True,True,True,True,False,False,False,True,False,1,6,0,6.0
7dfa3aa82c9708c247e0311d,Module_12_13_EarlyWarning,examples/sample_temporal_trajectory.csv,7120aaaf6df305220183e04d8365ce38dddbf592cd3b523a8e49b9386625bf8b,013245af-9a9a-4e59-9648-0bb135f604d7,sample_temporal_trajectory,synthetic_degradation_trajectory,42,5,0,3,2026-09-02T20:45:00Z,1.0.0,8e7fd68470057c99,0.1036,0.1257,0.0431,0.1027,0.1027,0.03491484879913798,,,,,,NORMAL,True,True,True,True,False,False,False,True,False,1,6,0,6.0
5f5b00141b7a0c823b962adf,Module_12_13_EarlyWarning,examples/sample_temporal_trajectory.csv,7120aaaf6df305220183e04d8365ce38dddbf592cd3b523a8e49b9386625bf8b,013245af-9a9a-4e59-9648-0bb135f604d7,sample_temporal_trajectory,synthetic_degradation_trajectory,42,5,0,5,2026-09-02T20:45:00Z,1.0.0,8e7fd68470057c99,0.1036,0.1257,0.0431,0.1027,0.1027,0.03491484879913798,,,,,,NORMAL,True,True,True,True,False,False,False,True,False,1,6,0,6.0
4bf8fc31010c919aea33c186,Module_12_13_EarlyWarning,examples/sample_temporal_trajectory.csv,7120aaaf6df305220183e04d8365ce38dddbf592cd3b523a8e49b9386625bf8b,013245af-9a9a-4e59-9648-0bb135f604d7,sample_temporal_trajectory,synthetic_degradation_trajectory,42,5,1,1,2026-09-02T20:45:00Z,1.0.0,8e7fd68470057c99,0.1256,0.1514,0.0213,0.1322,0.1322,0.056243656432427014,,,,,,NORMAL,True,True,True,True,False,False,False,True,False,1,6,0,5.0
b11ecba69f1e18bef989dc52,Module_12_13_EarlyWarning,examples/sample_temporal_trajectory.csv,7120aaaf6df305220183e04d8365ce38dddbf592cd3b523a8e49b9386625bf8b,013245af-9a9a-4e59-9648-0bb135f604d7,sample_temporal_trajectory,synthetic_degradation_trajectory,42,5,1,2,2026-09-02T20:45:00Z,1.0.0,8e7fd68470057c99,0.1256,0.1514,0.0213,0.1322,0.1322,0.056243656432427014,,,,,,NORMAL,True,True,True,True,False,False,False,True,False,1,6,0,5.0
b6c255327aab4c722a2ee5a3,Module_12_13_EarlyWarning,examples/sample_temporal_trajectory.csv,7120aaaf6df305220183e04d8365ce38dddbf592cd3b523a8e49b9386625bf8b,013245af-9a9a-4e59-9648-0bb135f604d7,sample_temporal_trajectory,synthetic_degradation_trajectory,42,5,1,3,2026-09-02T20:45:00Z,1.0.0,8e7fd68470057c99,0.1256,0.1514,0.0213,0.1322,0.1322,0.056243656432427014,,,,,,NORMAL,True,True,True,True,False,False,False,True,False,1,6,0,5.0
9357a3287093e0ebf82fa3d5,Module_12_13_EarlyWarning,examples/sample_temporal_trajectory.csv,7120aaaf6df305220183e04d8365ce38dddbf592cd3b523a8e49b9386625bf8b,013245af-9a9a-4e59-9648-0bb135f604d7,sample_temporal_trajectory,synthetic_degradation_trajectory,42,5,1,5,2026-09-02T20:45:00Z,1.0.0,8e7fd68470057c99,0.1256,0.1514,0.0213,0.1322,0.1322,0.056243656432427014,,,,,,NORMAL,True,True,True,True,False,False,False,True,False,1,6,1,5.0
35465c980c581a844c4cee34,Module_12_13_EarlyWarning,examples/sample_temporal_trajectory.csv,7120aaaf6df305220183e04d8365ce38dddbf592cd3b523a8e49b9386625bf8b,013245af-9a9a-4e59-9648-0bb135f604d7,sample_temporal_trajectory,synthetic_degradation_trajectory,42,5,2,1,2026-09-02T20:45:00Z,1.0.0,8e7fd68470057c99,0.1608,0.1695,0.0569,0.1505,0.1505,0.05115299491612284,,,,,,NORMAL,True,True,True,True,False,False,False,True,False,1,6,0,4.0
327dccd640f3a0381bd800c1,Module_12_13_EarlyWarning,examples/sample_temporal_trajectory.csv,7120aaaf6df305220183e04d8365ce38dddbf592cd3b523a8e49b9386625bf8b,013245af-9a9a-4e59-9648-0bb135f604d7,sample_temporal_trajectory,synthetic_degradation_trajectory,42,5,2,2,2026-09-02T20:45:00Z,1.0.0,8e7fd68470057c99,0.1608,0.1695,0.0569,0.1505,0.1505,0.05115299491612284,,,,,,NORMAL,True,True,True,True,False,False,False,True,False,1,6,0,4.0
50475a9c37b1194337deb253,Module_12_13_EarlyWarning,examples/sample_temporal_trajectory.csv,7120aaaf6df305220183e04d8365ce38dddbf592cd3b523a8e49b9386625bf8b,013245af-9a9a-4e59-9648-0bb135f604d7,sample_temporal_trajectory,synthetic_degradation_trajectory,42,5,2,3,2026-09-02T20:45:00Z,1.0.0,8e7fd68470057c99,0.1608,0.1695,0.0569,0.1505,0.1505,0.05115299491612284,,,,,,NORMAL,True,True,True,True,False,False,False,True,False,1,6,0,4.0
0cb56cf5ab6a0c4efd3ecba6,Module_12_13_EarlyWarning,examples/sample_temporal_trajectory.csv,7120aaaf6df305220183e04d8365ce38dddbf592cd3b523a8e49b9386625bf8b,013245af-9a9a-4e59-9648-0bb135f604d7,sample_temporal_trajectory,synthetic_degradation_trajectory,42,5,2,5,2026-09-02T20:45:00Z,1.0.0,8e7fd68470057c99,0.1608,0.1695,0.0569,0.1505,0.1505,0.05115299491612284,,,,,,NORMAL,True,True,True,True,False,False,False,True,False,1,6,1,4.0
ea66a0a42e1e54afd0fb10ec,Module_12_13_EarlyWarning,examples/sample_temporal_trajectory.csv,7120aaaf6df305220183e04d8365ce38dddbf592cd3b523a8e49b9386625bf8b,013245af-9a9a-4e59-9648-0bb135f604d7,sample_temporal_trajectory,synthetic_degradation_trajectory,42,5,3,1,2026-09-02T20:45:00Z,1.0.0,8e7fd68470057c99,0.1905,0.2065,0.0639,0.1835,0.1835,0.06378637959801624,,,,,,NORMAL,True,True,True,True,False,False,False,True,False,1,6,0,3.0
918be1dcbd889d0f75bf95c9,Module_12_13_EarlyWarning,examples/sample_temporal_trajectory.csv,7120aaaf6df305220183e04d8365ce38dddbf592cd3b523a8e49b9386625bf8b,013245af-9a9a-4e59-9648-0bb135f604d7,sample_temporal_trajectory,synthetic_degradation_trajectory,42,5,3,2,2026-09-02T20:45:00Z,1.0.0,8e7fd68470057c99,0.1905,0.2065,0.0639,0.1835,0.1835,0.06378637959801624,,,,,,NORMAL,True,True,True,True,False,False,False,True,False,1,6,0,3.0
0376eeb5192b8b8060a5ef7f,Module_12_13_EarlyWarning,examples/sample_temporal_trajectory.csv,7120aaaf6df305220183e04d8365ce38dddbf592cd3b523a8e49b9386625bf8b,013245af-9a9a-4e59-9648-0bb135f604d7,sample_temporal_trajectory,synthetic_degradation_trajectory,42,5,3,3,2026-09-02T20:45:00Z,1.0.0,8e7fd68470057c99,0.1905,0.2065,0.0639,0.1835,0.1835,0.06378637959801624,,,,,,NORMAL,True,True,True,True,False,False,False,True,False,1,6,1,3.0
a31c9a45c35e9b93aef54a29,Module_12_13_EarlyWarning,examples/sample_temporal_trajectory.csv,7120aaaf6df305220183e04d8365ce38dddbf592cd3b523a8e49b9386625bf8b,013245af-9a9a-4e59-9648-0bb135f604d7,sample_temporal_trajectory,synthetic_degradation_trajectory,42,5,3,5,2026-09-02T20:45:00Z,1.0.0,8e7fd68470057c99,0.1905,0.2065,0.0639,0.1835,0.1835,0.06378637959801624,,,,,,NORMAL,True,True,True,True,False,False,False,True,False,1,6,1,3.0
4bcd7c5a086693fdccbfbe5c,Module_12_13_EarlyWarning,examples/sample_temporal_trajectory.csv,7120aaaf6df305220183e04d8365ce38dddbf592cd3b523a8e49b9386625bf8b,013245af-9a9a-4e59-9648-0bb135f604d7,sample_temporal_trajectory,synthetic_degradation_trajectory,42,5,4,1,2026-09-02T20:45:00Z,1.0.0,8e7fd68470057c99,0.2062,0.2368,0.0953,0.2514,0.2514,0.0607887233694613,,,,,,NORMAL,True,True,True,True,False,False,False,True,False,1,6,0,2.0
2efe3d957a8459799d91d35b,Module_12_13_EarlyWarning,examples/sample_temporal_trajectory.csv,7120aaaf6df305220183e04d8365ce38dddbf592cd3b523a8e49b9386625bf8b,013245af-9a9a-4e59-9648-0bb135f604d7,sample_temporal_trajectory,synthetic_degradation_trajectory,42,5,4,2,2026-09-02T20:45:00Z,1.0.0,8e7fd68470057c99,0.2062,0.2368,0.0953,0.2514,0.2514,0.0607887233694613,,,,,,NORMAL,True,True,True,True,False,False,False,True,False,1,6,1,2.0
fe04a42ad0879dab04c1df24,Module_12_13_EarlyWarning,examples/sample_temporal_trajectory.csv,7120aaaf6df305220183e04d8365ce38dddbf592cd3b523a8e49b9386625bf8b,013245af-9a9a-4e59-9648-0bb135f604d7,sample_temporal_trajectory,synthetic_degradation_trajectory,42,5,4,3,2026-09-02T20:45:00Z,1.0.0,8e7fd68470057c99,0.2062,0.2368,0.0953,0.2514,0.2514,0.0607887233694613,,,,,,NORMAL,True,True,True,True,False,False,False,True,False,1,6,1,2.0
307d33bb514524a5d54c522d,Module_12_13_EarlyWarning,examples/sample_temporal_trajectory.csv,7120aaaf6df305220183e04d8365ce38dddbf592cd3b523a8e49b9386625bf8b,013245af-9a9a-4e59-9648-0bb135f604d7,sample_temporal_trajectory,synthetic_degradation_trajectory,42,5,4,5,2026-09-02T20:45:00Z,1.0.0,8e7fd68470057c99,0.2062,0.2368,0.0953,0.2514,0.2514,0.0607887233694613,,,,,,NORMAL,True,True,True,True,False,False,False,True,False,1,6,1,2.0
338c4148cc46e16747ab7af6,Module_12_13_EarlyWarning,examples/sample_temporal_trajectory.csv,7120aaaf6df305220183e04d8365ce38dddbf592cd3b523a8e49b9386625bf8b,013245af-9a9a-4e59-9648-0bb135f604d7,sample_temporal_trajectory,synthetic_degradation_trajectory,42,5,5,1,2026-09-02T20:45:00Z,1.0.0,8e7fd68470057c99,0.2406,0.2876,0.1309,0.2663,0.2663,0.06565734282368324,,,,,,NORMAL,True,True,True,True,False,False,False,True,False,1,6,1,1.0
a647a38832fb370f8b1a84a3,Module_12_13_EarlyWarning,examples/sample_temporal_trajectory.csv,7120aaaf6df305220183e04d8365ce38dddbf592cd3b523a8e49b9386625bf8b,013245af-9a9a-4e59-9648-0bb135f604d7,sample_temporal_trajectory,synthetic_degradation_trajectory,42,5,5,2,2026-09-02T20:45:00Z,1.0.0,8e7fd68470057c99,0.2406,0.2876,0.1309,0.2663,0.2663,0.06565734282368324,,,,,,NORMAL,True,True,True,True,False,False,False,True,False,1,6,1,1.0
d0d4f9dd207f414656738b3e,Module_12_13_EarlyWarning,examples/sample_temporal_trajectory.csv,7120aaaf6df305220183e04d8365ce38dddbf592cd3b523a8e49b9386625bf8b,013245af-9a9a-4e59-9648-0bb135f604d7,sample_temporal_trajectory,synthetic_degradation_trajectory,42,5,5,3,2026-09-02T20:45:00Z,1.0.0,8e7fd68470057c99,0.2406,0.2876,0.1309,0.2663,0.2663,0.06565734282368324,,,,,,NORMAL,True,True,True,True,False,False,False,True,False,1,6,1,1.0
60fc6dc0d5aa721ec7519cad,Module_12_13_EarlyWarning,examples/sample_temporal_trajectory.csv,7120aaaf6df305220183e04d8365ce38dddbf592cd3b523a8e49b9386625bf8b,013245af-9a9a-4e59-9648-0bb135f604d7,sample_temporal_trajectory,synthetic_degradation_trajectory,42,5,5,5,2026-09-02T20:45:00Z,1.0.0,8e7fd68470057c99,0.2406,0.2876,0.1309,0.2663,0.2663,0.06565734282368324,,,,,,NORMAL,True,True,True,True,False,False,False,True,False,1,6,1,1.0
1844ff90b891eb9f453de8d3,Module_12_13_EarlyWarning,examples/sample_temporal_trajectory.csv,7120aaaf6df305220183e04d8365ce38dddbf592cd3b523a8e49b9386625bf8b,013245af-9a9a-4e59-9648-0bb135f604d7,sample_temporal_trajectory,synthetic_degradation_trajectory,42,5,6,1,2026-09-02T20:45:00Z,1.0.0,8e7fd68470057c99,0.7252,0.6423,0.4006,0.6397,0.6397,0.13770195673587535,,,,,,NORMAL,True,True,True,True,False,False,False,True,False,1,6,1,0.0
0c7d4824a4e9fd05eaf94859,Module_12_13_EarlyWarning,examples/sample_temporal_trajectory.csv,7120aaaf6df305220183e04d8365ce38dddbf592cd3b523a8e49b9386625bf8b,013245af-9a9a-4e59-9648-0bb135f604d7,sample_temporal_trajectory,synthetic_degradation_trajectory,42,5,6,2,2026-09-02T20:45:00Z,1.0.0,8e7fd68470057c99,0.7252,0.6423,0.4006,0.6397,0.6397,0.13770195673587535,,,,,,NORMAL,True,True,True,True,False,False,False,True,False,1,6,1,0.0
b4580cceba0d7f74fb715c5c,Module_12_13_EarlyWarning,examples/sample_temporal_trajectory.csv,7120aaaf6df305220183e04d8365ce38dddbf592cd3b523a8e49b9386625bf8b,013245af-9a9a-4e59-9648-0bb135f604d7,sample_temporal_trajectory,synthetic_degradation_trajectory,42,5,6,3,2026-09-02T20:45:00Z,1.0.0,8e7fd68470057c99,0.7252,0.6423,0.4006,0.6397,0.6397,0.13770195673587535,,,,,,NORMAL,True,True,True,True,False,False,False,True,False,1,6,1,0.0
78c119200512480934af96de,Module_12_13_EarlyWarning,examples/sample_temporal_trajectory.csv,7120aaaf6df305220183e04d8365ce38dddbf592cd3b523a8e49b9386625bf8b,013245af-9a9a-4e59-9648-0bb135f604d7,sample_temporal_trajectory,synthetic_degradation_trajectory,42,5,6,5,2026-09-02T20:45:00Z,1.0.0,8e7fd68470057c99,0.7252,0.6423,0.4006,0.6397,0.6397,0.13770195673587535,,,,,,NORMAL,True,True,True,True,False,False,False,True,False,1,6,1,0.0
07ed1322ac064e75594920de,Module_12_13_EarlyWarning,examples/sample_temporal_trajectory.csv,7120aaaf6df305220183e04d8365ce38dddbf592cd3b523a8e49b9386625bf8b,013245af-9a9a-4e59-9648-0bb135f604d7,sample_temporal_trajectory,synthetic_degradation_trajectory,42,5,7,1,2026-09-02T20:45:00Z,1.0.0,8e7fd68470057c99,0.8151,0.7476,0.5092,0.7619,0.7619,0.13121890954516513,,,,,,NORMAL,True,True,True,True,False,False,False,True,False,1,6,1,
215b2705095a32778c096ddf,Module_12_13_EarlyWarning,examples/sample_temporal_trajectory.csv,7120aaaf6df305220183e04d8365ce38dddbf592cd3b523a8e49b9386625bf8b,013245af-9a9a-4e59-9648-0bb135f604d7,sample_temporal_trajectory,synthetic_degradation_trajectory,42,5,7,2,2026-09-02T20:45:00Z,1.0.0,8e7fd68470057c99,0.8151,0.7476,0.5092,0.7619,0.7619,0.13121890954516513,,,,,,NORMAL,True,True,True,True,False,False,False,True,False,1,6,1,
0df19cc57bd6a26eb60c1cdd,Module_12_13_EarlyWarning,examples/sample_temporal_trajectory.csv,7120aaaf6df305220183e04d8365ce38dddbf592cd3b523a8e49b9386625bf8b,013245af-9a9a-4e59-9648-0bb135f604d7,sample_temporal_trajectory,synthetic_degradation_trajectory,42,5,7,3,2026-09-02T20:45:00Z,1.0.0,8e7fd68470057c99,0.8151,0.7476,0.5092,0.7619,0.7619,0.13121890954516513,,,,,,NORMAL,True,True,True,True,False,False,False,True,False,1,6,1,
f4e63f1450e3d8cb0f753b66,Module_12_13_EarlyWarning,examples/sample_temporal_trajectory.csv,7120aaaf6df305220183e04d8365ce38dddbf592cd3b523a8e49b9386625bf8b,013245af-9a9a-4e59-9648-0bb135f604d7,sample_temporal_trajectory,synthetic_degradation_trajectory,42,5,7,5,2026-09-02T20:45:00Z,1.0.0,8e7fd68470057c99,0.8151,0.7476,0.5092,0.7619,0.7619,0.13121890954516513,,,,,,NORMAL,True,True,True,True,False,False,False,True,False,1,6,1,
26c89eebdfef6c51ca6aaf51,Module_12_13_EarlyWarning,examples/sample_temporal_trajectory.csv,7120aaaf6df305220183e04d8365ce38dddbf592cd3b523a8e49b9386625bf8b,013245af-9a9a-4e59-9648-0bb135f604d7,sample_temporal_trajectory,synthetic_degradation_trajectory,42,5,8,1,2026-09-02T20:45:00Z,1.0.0,8e7fd68470057c99,0.8852,0.8151,0.5928,0.8234,0.8234,0.12464574690787578,,,,,,NORMAL,True,True,True,True,False,False,False,True,False,1,6,1,
28466e58b725a36428f722b6,Module_12_13_EarlyWarning,examples/sample_temporal_trajectory.csv,7120aaaf6df305220183e04d8365ce38dddbf592cd3b523a8e49b9386625bf8b,013245af-9a9a-4e59-9648-0bb135f604d7,sample_temporal_trajectory,synthetic_degradation_trajectory,42,5,8,2,2026-09-02T20:45:00Z,1.0.0,8e7fd68470057c99,0.8852,0.8151,0.5928,0.8234,0.8234,0.12464574690787578,,,,,,NORMAL,True,True,True,True,False,False,False,True,False,1,6,1,
6f34be701e25fa395d423c4b,Module_12_13_EarlyWarning,examples/sample_temporal_trajectory.csv,7120aaaf6df305220183e04d8365ce38dddbf592cd3b523a8e49b9386625bf8b,013245af-9a9a-4e59-9648-0bb135f604d7,sample_temporal_trajectory,synthetic_degradation_trajectory,42,5,8,3,2026-09-02T20:45:00Z,1.0.0,8e7fd68470057c99,0.8852,0.8151,0.5928,0.8234,0.8234,0.12464574690787578,,,,,,NORMAL,True,True,True,True,False,False,False,True,False,1,6,1,
fefe9b66d456f89fc4fe1fdb,Module_12_13_EarlyWarning,examples/sample_temporal_trajectory.csv,7120aaaf6df305220183e04d8365ce38dddbf592cd3b523a8e49b9386625bf8b,013245af-9a9a-4e59-9648-0bb135f604d7,sample_temporal_trajectory,synthetic_degradation_trajectory,42,5,8,5,2026-09-02T20:45:00Z,1.0.0,8e7fd68470057c99,0.8852,0.8151,0.5928,0.8234,0.8234,0.12464574690787578,,,,,,NORMAL,True,True,True,True,False,False,False,True,False,1,6,1,
50a445adfcbbe7cb866b77ac,Module_12_13_EarlyWarning,examples/sample_temporal_trajectory.csv,7120aaaf6df305220183e04d8365ce38dddbf592cd3b523a8e49b9386625bf8b,013245af-9a9a-4e59-9648-0bb135f604d7,sample_temporal_trajectory,synthetic_degradation_trajectory,42,5,9,1,2026-09-02T20:45:00Z,1.0.0,8e7fd68470057c99,0.9585,0.8908,0.6868,0.9085,0.9085,0.11547976253679933,,,,,,NORMAL,True,True,True,True,False,False,False,True,False,1,6,0,
ed405ff2f72b03e03e776f28,Module_12_13_EarlyWarning,examples/sample_temporal_trajectory.csv,7120aaaf6df305220183e04d8365ce38dddbf592cd3b523a8e49b9386625bf8b,013245af-9a9a-4e59-9648-0bb135f604d7,sample_temporal_trajectory,synthetic_degradation_trajectory,42,5,9,2,2026-09-02T20:45:00Z,1.0.0,8e7fd68470057c99,0.9585,0.8908,0.6868,0.9085,0.9085,0.11547976253679933,,,,,,NORMAL,True,True,True,True,False,False,False,True,False,1,6,0,
5583b046fd4d5047154f50e0,Module_12_13_EarlyWarning,examples/sample_temporal_trajectory.csv,7120aaaf6df305220183e04d8365ce38dddbf592cd3b523a8e49b9386625bf8b,013245af-9a9a-4e59-9648-0bb135f604d7,sample_temporal_trajectory,synthetic_degradation_trajectory,42,5,9,3,2026-09-02T20:45:00Z,1.0.0,8e7fd68470057c99,0.9585,0.8908,0.6868,0.9085,0.9085,0.11547976253679933,,,,,,NORMAL,True,True,True,True,False,False,False,True,False,1,6,0,
bed1c1fb3d1ce13c5c39e64d,Module_12_13_EarlyWarning,examples/sample_temporal_trajectory.csv,7120aaaf6df305220183e04d8365ce38dddbf592cd3b523a8e49b9386625bf8b,013245af-9a9a-4e59-9648-0bb135f604d7,sample_temporal_trajectory,synthetic_degradation_trajectory,42,5,9,5,2026-09-02T20:45:00Z,1.0.0,8e7fd68470057c99,0.9585,0.8908,0.6868,0.9085,0.9085,0.11547976253679933,,,,,,NORMAL,True,True,True,True,False,False,False,True,False,1,6,0,
