row_id,task_type,source_module,source_artifact_path,source_artifact_hash,model_id,dataset_id,domain_id,seed,trajectory_id,state_index,prediction_horizon,extraction_timestamp,builder_version,config_hash,outcome_semantics,failure_definition,label_source,label_available_at_runtime,true_class,predicted_class,prediction_correct,prediction_error,ood_score,uncertainty_score,drift_score,fused_risk,stress_robust_fused_risk,signal_disagreement,ood_drift_redundancy,stress_robustness,fault_sensitivity,memory_similarity,temporal_failure_probability,early_warning_state,has_ood,has_uncertainty,has_drift,has_fused_risk,has_memory,has_temporal,has_early_warning,has_ground_truth,is_censored,eventual_failure,failure_event_index,failure_within_horizon,states_remaining_before_failure
14bc0cc71f85dbbfd94ac961,TEMPORAL_GOVERNANCE,Modules_12_13_EarlyWarning,examples/sample_temporal_trajectory.csv,7120aaaf6df305220183e04d8365ce38dddbf592cd3b523a8e49b9386625bf8b,synthetic_degradation_v1,sample_temporal_trajectory,synthetic_degradation_trajectory,42,0,0,1,2026-09-02T20:45:00Z,1.2.0,62e10bc07ec9873f,CONTROLLED_FAILURE_EVENT,is_failure onset or future failure within K controlled_degradation_states,trajectory_ground_truth_sequence,False,,,,,0.105,0.1154,0.0347,0.104,0.104,0.03584339393652461,,,,,,NORMAL,True,True,True,True,False,False,False,True,False,1,6,0,6.0
2a8c2e80048e0b98e2e7e9ae,TEMPORAL_GOVERNANCE,Modules_12_13_EarlyWarning,examples/sample_temporal_trajectory.csv,7120aaaf6df305220183e04d8365ce38dddbf592cd3b523a8e49b9386625bf8b,synthetic_degradation_v1,sample_temporal_trajectory,synthetic_degradation_trajectory,42,0,0,2,2026-09-02T20:45:00Z,1.2.0,62e10bc07ec9873f,CONTROLLED_FAILURE_EVENT,is_failure onset or future failure within K controlled_degradation_states,trajectory_ground_truth_sequence,False,,,,,0.105,0.1154,0.0347,0.104,0.104,0.03584339393652461,,,,,,NORMAL,True,True,True,True,False,False,False,True,False,1,6,0,6.0
aadf185f8624ac9b5a483381,TEMPORAL_GOVERNANCE,Modules_12_13_EarlyWarning,examples/sample_temporal_trajectory.csv,7120aaaf6df305220183e04d8365ce38dddbf592cd3b523a8e49b9386625bf8b,synthetic_degradation_v1,sample_temporal_trajectory,synthetic_degradation_trajectory,42,0,0,3,2026-09-02T20:45:00Z,1.2.0,62e10bc07ec9873f,CONTROLLED_FAILURE_EVENT,is_failure onset or future failure within K controlled_degradation_states,trajectory_ground_truth_sequence,False,,,,,0.105,0.1154,0.0347,0.104,0.104,0.03584339393652461,,,,,,NORMAL,True,True,True,True,False,False,False,True,False,1,6,0,6.0
123c60a110424e6e101e5f02,TEMPORAL_GOVERNANCE,Modules_12_13_EarlyWarning,examples/sample_temporal_trajectory.csv,7120aaaf6df305220183e04d8365ce38dddbf592cd3b523a8e49b9386625bf8b,synthetic_degradation_v1,sample_temporal_trajectory,synthetic_degradation_trajectory,42,0,0,5,2026-09-02T20:45:00Z,1.2.0,62e10bc07ec9873f,CONTROLLED_FAILURE_EVENT,is_failure onset or future failure within K controlled_degradation_states,trajectory_ground_truth_sequence,False,,,,,0.105,0.1154,0.0347,0.104,0.104,0.03584339393652461,,,,,,NORMAL,True,True,True,True,False,False,False,True,False,1,6,0,6.0
1553328237d2a64b9641e773,TEMPORAL_GOVERNANCE,Modules_12_13_EarlyWarning,examples/sample_temporal_trajectory.csv,7120aaaf6df305220183e04d8365ce38dddbf592cd3b523a8e49b9386625bf8b,synthetic_degradation_v1,sample_temporal_trajectory,synthetic_degradation_trajectory,42,0,1,1,2026-09-02T20:45:00Z,1.2.0,62e10bc07ec9873f,CONTROLLED_FAILURE_EVENT,is_failure onset or future failure within K controlled_degradation_states,trajectory_ground_truth_sequence,False,,,,,0.1186,0.1353,0.0377,0.1485,0.1485,0.042621668980304686,,,,,,NORMAL,True,True,True,True,False,False,False,True,False,1,6,0,5.0
3c477ff3648ffd11bcb3795d,TEMPORAL_GOVERNANCE,Modules_12_13_EarlyWarning,examples/sample_temporal_trajectory.csv,7120aaaf6df305220183e04d8365ce38dddbf592cd3b523a8e49b9386625bf8b,synthetic_degradation_v1,sample_temporal_trajectory,synthetic_degradation_trajectory,42,0,1,2,2026-09-02T20:45:00Z,1.2.0,62e10bc07ec9873f,CONTROLLED_FAILURE_EVENT,is_failure onset or future failure within K controlled_degradation_states,trajectory_ground_truth_sequence,False,,,,,0.1186,0.1353,0.0377,0.1485,0.1485,0.042621668980304686,,,,,,NORMAL,True,True,True,True,False,False,False,True,False,1,6,0,5.0
4a1259ed35dfc2f5f65c9193,TEMPORAL_GOVERNANCE,Modules_12_13_EarlyWarning,examples/sample_temporal_trajectory.csv,7120aaaf6df305220183e04d8365ce38dddbf592cd3b523a8e49b9386625bf8b,synthetic_degradation_v1,sample_temporal_trajectory,synthetic_degradation_trajectory,42,0,1,3,2026-09-02T20:45:00Z,1.2.0,62e10bc07ec9873f,CONTROLLED_FAILURE_EVENT,is_failure onset or future failure within K controlled_degradation_states,trajectory_ground_truth_sequence,False,,,,,0.1186,0.1353,0.0377,0.1485,0.1485,0.042621668980304686,,,,,,NORMAL,True,True,True,True,False,False,False,True,False,1,6,0,5.0
974394022cb4572d584ed0a0,TEMPORAL_GOVERNANCE,Modules_12_13_EarlyWarning,examples/sample_temporal_trajectory.csv,7120aaaf6df305220183e04d8365ce38dddbf592cd3b523a8e49b9386625bf8b,synthetic_degradation_v1,sample_temporal_trajectory,synthetic_degradation_trajectory,42,0,1,5,2026-09-02T20:45:00Z,1.2.0,62e10bc07ec9873f,CONTROLLED_FAILURE_EVENT,is_failure onset or future failure within K controlled_degradation_states,trajectory_ground_truth_sequence,False,,,,,0.1186,0.1353,0.0377,0.1485,0.1485,0.042621668980304686,,,,,,NORMAL,True,True,True,True,False,False,False,True,False,1,6,1,5.0
f7ef15f4fe2d52b3244c28b6,TEMPORAL_GOVERNANCE,Modules_12_13_EarlyWarning,examples/sample_temporal_trajectory.csv,7120aaaf6df305220183e04d8365ce38dddbf592cd3b523a8e49b9386625bf8b,synthetic_degradation_v1,sample_temporal_trajectory,synthetic_degradation_trajectory,42,0,2,1,2026-09-02T20:45:00Z,1.2.0,62e10bc07ec9873f,CONTROLLED_FAILURE_EVENT,is_failure onset or future failure within K controlled_degradation_states,trajectory_ground_truth_sequence,False,,,,,0.1565,0.1624,0.0507,0.1499,0.1499,0.05132179524009917,,,,,,NORMAL,True,True,True,True,False,False,False,True,False,1,6,0,4.0
7ecbf089ded77f7797f1c61c,TEMPORAL_GOVERNANCE,Modules_12_13_EarlyWarning,examples/sample_temporal_trajectory.csv,7120aaaf6df305220183e04d8365ce38dddbf592cd3b523a8e49b9386625bf8b,synthetic_degradation_v1,sample_temporal_trajectory,synthetic_degradation_trajectory,42,0,2,2,2026-09-02T20:45:00Z,1.2.0,62e10bc07ec9873f,CONTROLLED_FAILURE_EVENT,is_failure onset or future failure within K controlled_degradation_states,trajectory_ground_truth_sequence,False,,,,,0.1565,0.1624,0.0507,0.1499,0.1499,0.05132179524009917,,,,,,NORMAL,True,True,True,True,False,False,False,True,False,1,6,0,4.0
4f311a0b897bdc1117d73984,TEMPORAL_GOVERNANCE,Modules_12_13_EarlyWarning,examples/sample_temporal_trajectory.csv,7120aaaf6df305220183e04d8365ce38dddbf592cd3b523a8e49b9386625bf8b,synthetic_degradation_v1,sample_temporal_trajectory,synthetic_degradation_trajectory,42,0,2,3,2026-09-02T20:45:00Z,1.2.0,62e10bc07ec9873f,CONTROLLED_FAILURE_EVENT,is_failure onset or future failure within K controlled_degradation_states,trajectory_ground_truth_sequence,False,,,,,0.1565,0.1624,0.0507,0.1499,0.1499,0.05132179524009917,,,,,,NORMAL,True,True,True,True,False,False,False,True,False,1,6,0,4.0
b34a5eeb0cede70fb84b8547,TEMPORAL_GOVERNANCE,Modules_12_13_EarlyWarning,examples/sample_temporal_trajectory.csv,7120aaaf6df305220183e04d8365ce38dddbf592cd3b523a8e49b9386625bf8b,synthetic_degradation_v1,sample_temporal_trajectory,synthetic_degradation_trajectory,42,0,2,5,2026-09-02T20:45:00Z,1.2.0,62e10bc07ec9873f,CONTROLLED_FAILURE_EVENT,is_failure onset or future failure within K controlled_degradation_states,trajectory_ground_truth_sequence,False,,,,,0.1565,0.1624,0.0507,0.1499,0.1499,0.05132179524009917,,,,,,NORMAL,True,True,True,True,False,False,False,True,False,1,6,1,4.0
bd28c6a25311a7bf888a8084,TEMPORAL_GOVERNANCE,Modules_12_13_EarlyWarning,examples/sample_temporal_trajectory.csv,7120aaaf6df305220183e04d8365ce38dddbf592cd3b523a8e49b9386625bf8b,synthetic_degradation_v1,sample_temporal_trajectory,synthetic_degradation_trajectory,42,0,3,1,2026-09-02T20:45:00Z,1.2.0,62e10bc07ec9873f,CONTROLLED_FAILURE_EVENT,is_failure onset or future failure within K controlled_degradation_states,trajectory_ground_truth_sequence,False,,,,,0.1952,0.1809,0.0658,0.1794,0.1794,0.05792414580006051,,,,,,NORMAL,True,True,True,True,False,False,False,True,False,1,6,0,3.0
376d8b70ef99acad4ddce56f,TEMPORAL_GOVERNANCE,Modules_12_13_EarlyWarning,examples/sample_temporal_trajectory.csv,7120aaaf6df305220183e04d8365ce38dddbf592cd3b523a8e49b9386625bf8b,synthetic_degradation_v1,sample_temporal_trajectory,synthetic_degradation_trajectory,42,0,3,2,2026-09-02T20:45:00Z,1.2.0,62e10bc07ec9873f,CONTROLLED_FAILURE_EVENT,is_failure onset or future failure within K controlled_degradation_states,trajectory_ground_truth_sequence,False,,,,,0.1952,0.1809,0.0658,0.1794,0.1794,0.05792414580006051,,,,,,NORMAL,True,True,True,True,False,False,False,True,False,1,6,0,3.0
a78c6f1edc4e2395f3d9109f,TEMPORAL_GOVERNANCE,Modules_12_13_EarlyWarning,examples/sample_temporal_trajectory.csv,7120aaaf6df305220183e04d8365ce38dddbf592cd3b523a8e49b9386625bf8b,synthetic_degradation_v1,sample_temporal_trajectory,synthetic_degradation_trajectory,42,0,3,3,2026-09-02T20:45:00Z,1.2.0,62e10bc07ec9873f,CONTROLLED_FAILURE_EVENT,is_failure onset or future failure within K controlled_degradation_states,trajectory_ground_truth_sequence,False,,,,,0.1952,0.1809,0.0658,0.1794,0.1794,0.05792414580006051,,,,,,NORMAL,True,True,True,True,False,False,False,True,False,1,6,1,3.0
c7f3be8953e6cda872bf4eb9,TEMPORAL_GOVERNANCE,Modules_12_13_EarlyWarning,examples/sample_temporal_trajectory.csv,7120aaaf6df305220183e04d8365ce38dddbf592cd3b523a8e49b9386625bf8b,synthetic_degradation_v1,sample_temporal_trajectory,synthetic_degradation_trajectory,42,0,3,5,2026-09-02T20:45:00Z,1.2.0,62e10bc07ec9873f,CONTROLLED_FAILURE_EVENT,is_failure onset or future failure within K controlled_degradation_states,trajectory_ground_truth_sequence,False,,,,,0.1952,0.1809,0.0658,0.1794,0.1794,0.05792414580006051,,,,,,NORMAL,True,True,True,True,False,False,False,True,False,1,6,1,3.0
449eb7bf268d6e24736e9dca,TEMPORAL_GOVERNANCE,Modules_12_13_EarlyWarning,examples/sample_temporal_trajectory.csv,7120aaaf6df305220183e04d8365ce38dddbf592cd3b523a8e49b9386625bf8b,synthetic_degradation_v1,sample_temporal_trajectory,synthetic_degradation_trajectory,42,0,4,1,2026-09-02T20:45:00Z,1.2.0,62e10bc07ec9873f,CONTROLLED_FAILURE_EVENT,is_failure onset or future failure within K controlled_degradation_states,trajectory_ground_truth_sequence,False,,,,,0.2177,0.2228,0.0946,0.2382,0.2382,0.059268560149730504,,,,,,NORMAL,True,True,True,True,False,False,False,True,False,1,6,0,2.0
9f4d038f33b79a2574da65e8,TEMPORAL_GOVERNANCE,Modules_12_13_EarlyWarning,examples/sample_temporal_trajectory.csv,7120aaaf6df305220183e04d8365ce38dddbf592cd3b523a8e49b9386625bf8b,synthetic_degradation_v1,sample_temporal_trajectory,synthetic_degradation_trajectory,42,0,4,2,2026-09-02T20:45:00Z,1.2.0,62e10bc07ec9873f,CONTROLLED_FAILURE_EVENT,is_failure onset or future failure within K controlled_degradation_states,trajectory_ground_truth_sequence,False,,,,,0.2177,0.2228,0.0946,0.2382,0.2382,0.059268560149730504,,,,,,NORMAL,True,True,True,True,False,False,False,True,False,1,6,1,2.0
d599ab32816d6e8c74db08e5,TEMPORAL_GOVERNANCE,Modules_12_13_EarlyWarning,examples/sample_temporal_trajectory.csv,7120aaaf6df305220183e04d8365ce38dddbf592cd3b523a8e49b9386625bf8b,synthetic_degradation_v1,sample_temporal_trajectory,synthetic_degradation_trajectory,42,0,4,3,2026-09-02T20:45:00Z,1.2.0,62e10bc07ec9873f,CONTROLLED_FAILURE_EVENT,is_failure onset or future failure within K controlled_degradation_states,trajectory_ground_truth_sequence,False,,,,,0.2177,0.2228,0.0946,0.2382,0.2382,0.059268560149730504,,,,,,NORMAL,True,True,True,True,False,False,False,True,False,1,6,1,2.0
6588b592211f7878bd9f7e1b,TEMPORAL_GOVERNANCE,Modules_12_13_EarlyWarning,examples/sample_temporal_trajectory.csv,7120aaaf6df305220183e04d8365ce38dddbf592cd3b523a8e49b9386625bf8b,synthetic_degradation_v1,sample_temporal_trajectory,synthetic_degradation_trajectory,42,0,4,5,2026-09-02T20:45:00Z,1.2.0,62e10bc07ec9873f,CONTROLLED_FAILURE_EVENT,is_failure onset or future failure within K controlled_degradation_states,trajectory_ground_truth_sequence,False,,,,,0.2177,0.2228,0.0946,0.2382,0.2382,0.059268560149730504,,,,,,NORMAL,True,True,True,True,False,False,False,True,False,1,6,1,2.0
e9e8264434fa8f5ec30830db,TEMPORAL_GOVERNANCE,Modules_12_13_EarlyWarning,examples/sample_temporal_trajectory.csv,7120aaaf6df305220183e04d8365ce38dddbf592cd3b523a8e49b9386625bf8b,synthetic_degradation_v1,sample_temporal_trajectory,synthetic_degradation_trajectory,42,0,5,1,2026-09-02T20:45:00Z,1.2.0,62e10bc07ec9873f,CONTROLLED_FAILURE_EVENT,is_failure onset or future failure within K controlled_degradation_states,trajectory_ground_truth_sequence,False,,,,,0.2477,0.2744,0.1211,0.2478,0.2478,0.06686748088570407,,,,,,NORMAL,True,True,True,True,False,False,False,True,False,1,6,1,1.0
ae5a40efd777922784ed5cb2,TEMPORAL_GOVERNANCE,Modules_12_13_EarlyWarning,examples/sample_temporal_trajectory.csv,7120aaaf6df305220183e04d8365ce38dddbf592cd3b523a8e49b9386625bf8b,synthetic_degradation_v1,sample_temporal_trajectory,synthetic_degradation_trajectory,42,0,5,2,2026-09-02T20:45:00Z,1.2.0,62e10bc07ec9873f,CONTROLLED_FAILURE_EVENT,is_failure onset or future failure within K controlled_degradation_states,trajectory_ground_truth_sequence,False,,,,,0.2477,0.2744,0.1211,0.2478,0.2478,0.06686748088570407,,,,,,NORMAL,True,True,True,True,False,False,False,True,False,1,6,1,1.0
6c6fc409197301371b8f890c,TEMPORAL_GOVERNANCE,Modules_12_13_EarlyWarning,examples/sample_temporal_trajectory.csv,7120aaaf6df305220183e04d8365ce38dddbf592cd3b523a8e49b9386625bf8b,synthetic_degradation_v1,sample_temporal_trajectory,synthetic_degradation_trajectory,42,0,5,3,2026-09-02T20:45:00Z,1.2.0,62e10bc07ec9873f,CONTROLLED_FAILURE_EVENT,is_failure onset or future failure within K controlled_degradation_states,trajectory_ground_truth_sequence,False,,,,,0.2477,0.2744,0.1211,0.2478,0.2478,0.06686748088570407,,,,,,NORMAL,True,True,True,True,False,False,False,True,False,1,6,1,1.0
eaee7d837304b5d9eb6a7d65,TEMPORAL_GOVERNANCE,Modules_12_13_EarlyWarning,examples/sample_temporal_trajectory.csv,7120aaaf6df305220183e04d8365ce38dddbf592cd3b523a8e49b9386625bf8b,synthetic_degradation_v1,sample_temporal_trajectory,synthetic_degradation_trajectory,42,0,5,5,2026-09-02T20:45:00Z,1.2.0,62e10bc07ec9873f,CONTROLLED_FAILURE_EVENT,is_failure onset or future failure within K controlled_degradation_states,trajectory_ground_truth_sequence,False,,,,,0.2477,0.2744,0.1211,0.2478,0.2478,0.06686748088570407,,,,,,NORMAL,True,True,True,True,False,False,False,True,False,1,6,1,1.0
e3b2ff3b294ed3b9fcc4facf,TEMPORAL_GOVERNANCE,Modules_12_13_EarlyWarning,examples/sample_temporal_trajectory.csv,7120aaaf6df305220183e04d8365ce38dddbf592cd3b523a8e49b9386625bf8b,synthetic_degradation_v1,sample_temporal_trajectory,synthetic_degradation_trajectory,42,0,6,1,2026-09-02T20:45:00Z,1.2.0,62e10bc07ec9873f,CONTROLLED_FAILURE_EVENT,is_failure onset or future failure within K controlled_degradation_states,trajectory_ground_truth_sequence,False,,,,,0.7358,0.6399,0.3885,0.6621,0.6621,0.14644531023180254,,,,,,NORMAL,True,True,True,True,False,False,False,True,False,1,6,1,0.0
a7757349a9cb6c39c1f3bba7,TEMPORAL_GOVERNANCE,Modules_12_13_EarlyWarning,examples/sample_temporal_trajectory.csv,7120aaaf6df305220183e04d8365ce38dddbf592cd3b523a8e49b9386625bf8b,synthetic_degradation_v1,sample_temporal_trajectory,synthetic_degradation_trajectory,42,0,6,2,2026-09-02T20:45:00Z,1.2.0,62e10bc07ec9873f,CONTROLLED_FAILURE_EVENT,is_failure onset or future failure within K controlled_degradation_states,trajectory_ground_truth_sequence,False,,,,,0.7358,0.6399,0.3885,0.6621,0.6621,0.14644531023180254,,,,,,NORMAL,True,True,True,True,False,False,False,True,False,1,6,1,0.0
322b2301fb3248d91ad7be13,TEMPORAL_GOVERNANCE,Modules_12_13_EarlyWarning,examples/sample_temporal_trajectory.csv,7120aaaf6df305220183e04d8365ce38dddbf592cd3b523a8e49b9386625bf8b,synthetic_degradation_v1,sample_temporal_trajectory,synthetic_degradation_trajectory,42,0,6,3,2026-09-02T20:45:00Z,1.2.0,62e10bc07ec9873f,CONTROLLED_FAILURE_EVENT,is_failure onset or future failure within K controlled_degradation_states,trajectory_ground_truth_sequence,False,,,,,0.7358,0.6399,0.3885,0.6621,0.6621,0.14644531023180254,,,,,,NORMAL,True,True,True,True,False,False,False,True,False,1,6,1,0.0
2b453608db61c399941e3b9a,TEMPORAL_GOVERNANCE,Modules_12_13_EarlyWarning,examples/sample_temporal_trajectory.csv,7120aaaf6df305220183e04d8365ce38dddbf592cd3b523a8e49b9386625bf8b,synthetic_degradation_v1,sample_temporal_trajectory,synthetic_degradation_trajectory,42,0,6,5,2026-09-02T20:45:00Z,1.2.0,62e10bc07ec9873f,CONTROLLED_FAILURE_EVENT,is_failure onset or future failure within K controlled_degradation_states,trajectory_ground_truth_sequence,False,,,,,0.7358,0.6399,0.3885,0.6621,0.6621,0.14644531023180254,,,,,,NORMAL,True,True,True,True,False,False,False,True,False,1,6,1,0.0
e88fe993a4fcda710fea22dd,TEMPORAL_GOVERNANCE,Modules_12_13_EarlyWarning,examples/sample_temporal_trajectory.csv,7120aaaf6df305220183e04d8365ce38dddbf592cd3b523a8e49b9386625bf8b,synthetic_degradation_v1,sample_temporal_trajectory,synthetic_degradation_trajectory,42,0,7,1,2026-09-02T20:45:00Z,1.2.0,62e10bc07ec9873f,CONTROLLED_FAILURE_EVENT,is_failure onset or future failure within K controlled_degradation_states,trajectory_ground_truth_sequence,False,,,,,0.8177,0.7531,0.5238,0.7404,0.7404,0.1261079167485795,,,,,,NORMAL,True,True,True,True,False,False,False,True,False,1,6,1,
b1a381af2937594820d06920,TEMPORAL_GOVERNANCE,Modules_12_13_EarlyWarning,examples/sample_temporal_trajectory.csv,7120aaaf6df305220183e04d8365ce38dddbf592cd3b523a8e49b9386625bf8b,synthetic_degradation_v1,sample_temporal_trajectory,synthetic_degradation_trajectory,42,0,7,2,2026-09-02T20:45:00Z,1.2.0,62e10bc07ec9873f,CONTROLLED_FAILURE_EVENT,is_failure onset or future failure within K controlled_degradation_states,trajectory_ground_truth_sequence,False,,,,,0.8177,0.7531,0.5238,0.7404,0.7404,0.1261079167485795,,,,,,NORMAL,True,True,True,True,False,False,False,True,False,1,6,1,
6ca7bfa667bfe83098f60a30,TEMPORAL_GOVERNANCE,Modules_12_13_EarlyWarning,examples/sample_temporal_trajectory.csv,7120aaaf6df305220183e04d8365ce38dddbf592cd3b523a8e49b9386625bf8b,synthetic_degradation_v1,sample_temporal_trajectory,synthetic_degradation_trajectory,42,0,7,3,2026-09-02T20:45:00Z,1.2.0,62e10bc07ec9873f,CONTROLLED_FAILURE_EVENT,is_failure onset or future failure within K controlled_degradation_states,trajectory_ground_truth_sequence,False,,,,,0.8177,0.7531,0.5238,0.7404,0.7404,0.1261079167485795,,,,,,NORMAL,True,True,True,True,False,False,False,True,False,1,6,1,
f8c28bb01661233442cc4601,TEMPORAL_GOVERNANCE,Modules_12_13_EarlyWarning,examples/sample_temporal_trajectory.csv,7120aaaf6df305220183e04d8365ce38dddbf592cd3b523a8e49b9386625bf8b,synthetic_degradation_v1,sample_temporal_trajectory,synthetic_degradation_trajectory,42,0,7,5,2026-09-02T20:45:00Z,1.2.0,62e10bc07ec9873f,CONTROLLED_FAILURE_EVENT,is_failure onset or future failure within K controlled_degradation_states,trajectory_ground_truth_sequence,False,,,,,0.8177,0.7531,0.5238,0.7404,0.7404,0.1261079167485795,,,,,,NORMAL,True,True,True,True,False,False,False,True,False,1,6,1,
ac97ff16769242c9096898c2,TEMPORAL_GOVERNANCE,Modules_12_13_EarlyWarning,examples/sample_temporal_trajectory.csv,7120aaaf6df305220183e04d8365ce38dddbf592cd3b523a8e49b9386625bf8b,synthetic_degradation_v1,sample_temporal_trajectory,synthetic_degradation_trajectory,42,0,8,1,2026-09-02T20:45:00Z,1.2.0,62e10bc07ec9873f,CONTROLLED_FAILURE_EVENT,is_failure onset or future failure within K controlled_degradation_states,trajectory_ground_truth_sequence,False,,,,,0.8753,0.8109,0.594,0.8167,0.8167,0.12033409972055117,,,,,,NORMAL,True,True,True,True,False,False,False,True,False,1,6,1,
273cd2465aa2b71af5398c4f,TEMPORAL_GOVERNANCE,Modules_12_13_EarlyWarning,examples/sample_temporal_trajectory.csv,7120aaaf6df305220183e04d8365ce38dddbf592cd3b523a8e49b9386625bf8b,synthetic_degradation_v1,sample_temporal_trajectory,synthetic_degradation_trajectory,42,0,8,2,2026-09-02T20:45:00Z,1.2.0,62e10bc07ec9873f,CONTROLLED_FAILURE_EVENT,is_failure onset or future failure within K controlled_degradation_states,trajectory_ground_truth_sequence,False,,,,,0.8753,0.8109,0.594,0.8167,0.8167,0.12033409972055117,,,,,,NORMAL,True,True,True,True,False,False,False,True,False,1,6,1,
d3a5971664d12d85fd82a032,TEMPORAL_GOVERNANCE,Modules_12_13_EarlyWarning,examples/sample_temporal_trajectory.csv,7120aaaf6df305220183e04d8365ce38dddbf592cd3b523a8e49b9386625bf8b,synthetic_degradation_v1,sample_temporal_trajectory,synthetic_degradation_trajectory,42,0,8,3,2026-09-02T20:45:00Z,1.2.0,62e10bc07ec9873f,CONTROLLED_FAILURE_EVENT,is_failure onset or future failure within K controlled_degradation_states,trajectory_ground_truth_sequence,False,,,,,0.8753,0.8109,0.594,0.8167,0.8167,0.12033409972055117,,,,,,NORMAL,True,True,True,True,False,False,False,True,False,1,6,1,
38c426ae8fb7d30371920a0f,TEMPORAL_GOVERNANCE,Modules_12_13_EarlyWarning,examples/sample_temporal_trajectory.csv,7120aaaf6df305220183e04d8365ce38dddbf592cd3b523a8e49b9386625bf8b,synthetic_degradation_v1,sample_temporal_trajectory,synthetic_degradation_trajectory,42,0,8,5,2026-09-02T20:45:00Z,1.2.0,62e10bc07ec9873f,CONTROLLED_FAILURE_EVENT,is_failure onset or future failure within K controlled_degradation_states,trajectory_ground_truth_sequence,False,,,,,0.8753,0.8109,0.594,0.8167,0.8167,0.12033409972055117,,,,,,NORMAL,True,True,True,True,False,False,False,True,False,1,6,1,
e741063b324bd1c173e9a906,TEMPORAL_GOVERNANCE,Modules_12_13_EarlyWarning,examples/sample_temporal_trajectory.csv,7120aaaf6df305220183e04d8365ce38dddbf592cd3b523a8e49b9386625bf8b,synthetic_degradation_v1,sample_temporal_trajectory,synthetic_degradation_trajectory,42,0,9,1,2026-09-02T20:45:00Z,1.2.0,62e10bc07ec9873f,CONTROLLED_FAILURE_EVENT,is_failure onset or future failure within K controlled_degradation_states,trajectory_ground_truth_sequence,False,,,,,0.9254,0.8759,0.6771,0.902,0.902,0.10730257323206288,,,,,,NORMAL,True,True,True,True,False,False,False,True,False,1,6,0,
1b5f1a6728e0aa2d9188d1cb,TEMPORAL_GOVERNANCE,Modules_12_13_EarlyWarning,examples/sample_temporal_trajectory.csv,7120aaaf6df305220183e04d8365ce38dddbf592cd3b523a8e49b9386625bf8b,synthetic_degradation_v1,sample_temporal_trajectory,synthetic_degradation_trajectory,42,0,9,2,2026-09-02T20:45:00Z,1.2.0,62e10bc07ec9873f,CONTROLLED_FAILURE_EVENT,is_failure onset or future failure within K controlled_degradation_states,trajectory_ground_truth_sequence,False,,,,,0.9254,0.8759,0.6771,0.902,0.902,0.10730257323206288,,,,,,NORMAL,True,True,True,True,False,False,False,True,False,1,6,0,
46643ac879925113dea623df,TEMPORAL_GOVERNANCE,Modules_12_13_EarlyWarning,examples/sample_temporal_trajectory.csv,7120aaaf6df305220183e04d8365ce38dddbf592cd3b523a8e49b9386625bf8b,synthetic_degradation_v1,sample_temporal_trajectory,synthetic_degradation_trajectory,42,0,9,3,2026-09-02T20:45:00Z,1.2.0,62e10bc07ec9873f,CONTROLLED_FAILURE_EVENT,is_failure onset or future failure within K controlled_degradation_states,trajectory_ground_truth_sequence,False,,,,,0.9254,0.8759,0.6771,0.902,0.902,0.10730257323206288,,,,,,NORMAL,True,True,True,True,False,False,False,True,False,1,6,0,
0687c697efc75fe26b2e9db2,TEMPORAL_GOVERNANCE,Modules_12_13_EarlyWarning,examples/sample_temporal_trajectory.csv,7120aaaf6df305220183e04d8365ce38dddbf592cd3b523a8e49b9386625bf8b,synthetic_degradation_v1,sample_temporal_trajectory,synthetic_degradation_trajectory,42,0,9,5,2026-09-02T20:45:00Z,1.2.0,62e10bc07ec9873f,CONTROLLED_FAILURE_EVENT,is_failure onset or future failure within K controlled_degradation_states,trajectory_ground_truth_sequence,False,,,,,0.9254,0.8759,0.6771,0.902,0.902,0.10730257323206288,,,,,,NORMAL,True,True,True,True,False,False,False,True,False,1,6,0,
f7617fb9d38527b20234057a,TEMPORAL_GOVERNANCE,Modules_12_13_EarlyWarning,examples/sample_temporal_trajectory.csv,7120aaaf6df305220183e04d8365ce38dddbf592cd3b523a8e49b9386625bf8b,synthetic_degradation_v1,sample_temporal_trajectory,synthetic_degradation_trajectory,42,1,0,1,2026-09-02T20:45:00Z,1.2.0,62e10bc07ec9873f,CONTROLLED_FAILURE_EVENT,is_failure onset or future failure within K controlled_degradation_states,trajectory_ground_truth_sequence,False,,,,,0.1074,0.1232,0.0152,0.1136,0.1136,0.04762641657269162,,,,,,NORMAL,True,True,True,True,False,False,False,True,False,1,6,0,6.0
e99a5a4ecf874c8fa74be9ac,TEMPORAL_GOVERNANCE,Modules_12_13_EarlyWarning,examples/sample_temporal_trajectory.csv,7120aaaf6df305220183e04d8365ce38dddbf592cd3b523a8e49b9386625bf8b,synthetic_degradation_v1,sample_temporal_trajectory,synthetic_degradation_trajectory,42,1,0,2,2026-09-02T20:45:00Z,1.2.0,62e10bc07ec9873f,CONTROLLED_FAILURE_EVENT,is_failure onset or future failure within K controlled_degradation_states,trajectory_ground_truth_sequence,False,,,,,0.1074,0.1232,0.0152,0.1136,0.1136,0.04762641657269162,,,,,,NORMAL,True,True,True,True,False,False,False,True,False,1,6,0,6.0
b512785dc75e4f07c8b6f4eb,TEMPORAL_GOVERNANCE,Modules_12_13_EarlyWarning,examples/sample_temporal_trajectory.csv,7120aaaf6df305220183e04d8365ce38dddbf592cd3b523a8e49b9386625bf8b,synthetic_degradation_v1,sample_temporal_trajectory,synthetic_degradation_trajectory,42,1,0,3,2026-09-02T20:45:00Z,1.2.0,62e10bc07ec9873f,CONTROLLED_FAILURE_EVENT,is_failure onset or future failure within K controlled_degradation_states,trajectory_ground_truth_sequence,False,,,,,0.1074,0.1232,0.0152,0.1136,0.1136,0.04762641657269162,,,,,,NORMAL,True,True,True,True,False,False,False,True,False,1,6,0,6.0
9ed4cb1bc6293a81d3aae9c1,TEMPORAL_GOVERNANCE,Modules_12_13_EarlyWarning,examples/sample_temporal_trajectory.csv,7120aaaf6df305220183e04d8365ce38dddbf592cd3b523a8e49b9386625bf8b,synthetic_degradation_v1,sample_temporal_trajectory,synthetic_degradation_trajectory,42,1,0,5,2026-09-02T20:45:00Z,1.2.0,62e10bc07ec9873f,CONTROLLED_FAILURE_EVENT,is_failure onset or future failure within K controlled_degradation_states,trajectory_ground_truth_sequence,False,,,,,0.1074,0.1232,0.0152,0.1136,0.1136,0.04762641657269162,,,,,,NORMAL,True,True,True,True,False,False,False,True,False,1,6,0,6.0
ae43bcf7a20a69129ca058cb,TEMPORAL_GOVERNANCE,Modules_12_13_EarlyWarning,examples/sample_temporal_trajectory.csv,7120aaaf6df305220183e04d8365ce38dddbf592cd3b523a8e49b9386625bf8b,synthetic_degradation_v1,sample_temporal_trajectory,synthetic_degradation_trajectory,42,1,1,1,2026-09-02T20:45:00Z,1.2.0,62e10bc07ec9873f,CONTROLLED_FAILURE_EVENT,is_failure onset or future failure within K controlled_degradation_states,trajectory_ground_truth_sequence,False,,,,,0.1217,0.1361,0.0381,0.1454,0.1454,0.043205349463026246,,,,,,NORMAL,True,True,True,True,False,False,False,True,False,1,6,0,5.0
5e5b63d56fd98cd3e3818a47,TEMPORAL_GOVERNANCE,Modules_12_13_EarlyWarning,examples/sample_temporal_trajectory.csv,7120aaaf6df305220183e04d8365ce38dddbf592cd3b523a8e49b9386625bf8b,synthetic_degradation_v1,sample_temporal_trajectory,synthetic_degradation_trajectory,42,1,1,2,2026-09-02T20:45:00Z,1.2.0,62e10bc07ec9873f,CONTROLLED_FAILURE_EVENT,is_failure onset or future failure within K controlled_degradation_states,trajectory_ground_truth_sequence,False,,,,,0.1217,0.1361,0.0381,0.1454,0.1454,0.043205349463026246,,,,,,NORMAL,True,True,True,True,False,False,False,True,False,1,6,0,5.0
744c9cd85dbe0b1e82471229,TEMPORAL_GOVERNANCE,Modules_12_13_EarlyWarning,examples/sample_temporal_trajectory.csv,7120aaaf6df305220183e04d8365ce38dddbf592cd3b523a8e49b9386625bf8b,synthetic_degradation_v1,sample_temporal_trajectory,synthetic_degradation_trajectory,42,1,1,3,2026-09-02T20:45:00Z,1.2.0,62e10bc07ec9873f,CONTROLLED_FAILURE_EVENT,is_failure onset or future failure within K controlled_degradation_states,trajectory_ground_truth_sequence,False,,,,,0.1217,0.1361,0.0381,0.1454,0.1454,0.043205349463026246,,,,,,NORMAL,True,True,True,True,False,False,False,True,False,1,6,0,5.0
1a1403bfc804553eb8af6313,TEMPORAL_GOVERNANCE,Modules_12_13_EarlyWarning,examples/sample_temporal_trajectory.csv,7120aaaf6df305220183e04d8365ce38dddbf592cd3b523a8e49b9386625bf8b,synthetic_degradation_v1,sample_temporal_trajectory,synthetic_degradation_trajectory,42,1,1,5,2026-09-02T20:45:00Z,1.2.0,62e10bc07ec9873f,CONTROLLED_FAILURE_EVENT,is_failure onset or future failure within K controlled_degradation_states,trajectory_ground_truth_sequence,False,,,,,0.1217,0.1361,0.0381,0.1454,0.1454,0.043205349463026246,,,,,,NORMAL,True,True,True,True,False,False,False,True,False,1,6,1,5.0
16018b868055009536c3bb21,TEMPORAL_GOVERNANCE,Modules_12_13_EarlyWarning,examples/sample_temporal_trajectory.csv,7120aaaf6df305220183e04d8365ce38dddbf592cd3b523a8e49b9386625bf8b,synthetic_degradation_v1,sample_temporal_trajectory,synthetic_degradation_trajectory,42,1,2,1,2026-09-02T20:45:00Z,1.2.0,62e10bc07ec9873f,CONTROLLED_FAILURE_EVENT,is_failure onset or future failure within K controlled_degradation_states,trajectory_ground_truth_sequence,False,,,,,0.1488,0.1532,0.0389,0.1496,0.1496,0.05287496782242257,,,,,,NORMAL,True,True,True,True,False,False,False,True,False,1,6,0,4.0
bc1de2013b1be772eb6d9dd6,TEMPORAL_GOVERNANCE,Modules_12_13_EarlyWarning,examples/sample_temporal_trajectory.csv,7120aaaf6df305220183e04d8365ce38dddbf592cd3b523a8e49b9386625bf8b,synthetic_degradation_v1,sample_temporal_trajectory,synthetic_degradation_trajectory,42,1,2,2,2026-09-02T20:45:00Z,1.2.0,62e10bc07ec9873f,CONTROLLED_FAILURE_EVENT,is_failure onset or future failure within K controlled_degradation_states,trajectory_ground_truth_sequence,False,,,,,0.1488,0.1532,0.0389,0.1496,0.1496,0.05287496782242257,,,,,,NORMAL,True,True,True,True,False,False,False,True,False,1,6,0,4.0
6ee2eccdc61461ea22c6e84e,TEMPORAL_GOVERNANCE,Modules_12_13_EarlyWarning,examples/sample_temporal_trajectory.csv,7120aaaf6df305220183e04d8365ce38dddbf592cd3b523a8e49b9386625bf8b,synthetic_degradation_v1,sample_temporal_trajectory,synthetic_degradation_trajectory,42,1,2,3,2026-09-02T20:45:00Z,1.2.0,62e10bc07ec9873f,CONTROLLED_FAILURE_EVENT,is_failure onset or future failure within K controlled_degradation_states,trajectory_ground_truth_sequence,False,,,,,0.1488,0.1532,0.0389,0.1496,0.1496,0.05287496782242257,,,,,,NORMAL,True,True,True,True,False,False,False,True,False,1,6,0,4.0
61eb5e0d04d1ff7e5fe652ad,TEMPORAL_GOVERNANCE,Modules_12_13_EarlyWarning,examples/sample_temporal_trajectory.csv,7120aaaf6df305220183e04d8365ce38dddbf592cd3b523a8e49b9386625bf8b,synthetic_degradation_v1,sample_temporal_trajectory,synthetic_degradation_trajectory,42,1,2,5,2026-09-02T20:45:00Z,1.2.0,62e10bc07ec9873f,CONTROLLED_FAILURE_EVENT,is_failure onset or future failure within K controlled_degradation_states,trajectory_ground_truth_sequence,False,,,,,0.1488,0.1532,0.0389,0.1496,0.1496,0.05287496782242257,,,,,,NORMAL,True,True,True,True,False,False,False,True,False,1,6,1,4.0
37ecc506ca72b79ba1490dfb,TEMPORAL_GOVERNANCE,Modules_12_13_EarlyWarning,examples/sample_temporal_trajectory.csv,7120aaaf6df305220183e04d8365ce38dddbf592cd3b523a8e49b9386625bf8b,synthetic_degradation_v1,sample_temporal_trajectory,synthetic_degradation_trajectory,42,1,3,1,2026-09-02T20:45:00Z,1.2.0,62e10bc07ec9873f,CONTROLLED_FAILURE_EVENT,is_failure onset or future failure within K controlled_degradation_states,trajectory_ground_truth_sequence,False,,,,,0.177,0.2061,0.068,0.2056,0.2056,0.059441306251535965,,,,,,NORMAL,True,True,True,True,False,False,False,True,False,1,6,0,3.0
dbeb13885e8e2efaa3f904f6,TEMPORAL_GOVERNANCE,Modules_12_13_EarlyWarning,examples/sample_temporal_trajectory.csv,7120aaaf6df305220183e04d8365ce38dddbf592cd3b523a8e49b9386625bf8b,synthetic_degradation_v1,sample_temporal_trajectory,synthetic_degradation_trajectory,42,1,3,2,2026-09-02T20:45:00Z,1.2.0,62e10bc07ec9873f,CONTROLLED_FAILURE_EVENT,is_failure onset or future failure within K controlled_degradation_states,trajectory_ground_truth_sequence,False,,,,,0.177,0.2061,0.068,0.2056,0.2056,0.059441306251535965,,,,,,NORMAL,True,True,True,True,False,False,False,True,False,1,6,0,3.0
3cf54e3440f139bc1f46c8cd,TEMPORAL_GOVERNANCE,Modules_12_13_EarlyWarning,examples/sample_temporal_trajectory.csv,7120aaaf6df305220183e04d8365ce38dddbf592cd3b523a8e49b9386625bf8b,synthetic_degradation_v1,sample_temporal_trajectory,synthetic_degradation_trajectory,42,1,3,3,2026-09-02T20:45:00Z,1.2.0,62e10bc07ec9873f,CONTROLLED_FAILURE_EVENT,is_failure onset or future failure within K controlled_degradation_states,trajectory_ground_truth_sequence,False,,,,,0.177,0.2061,0.068,0.2056,0.2056,0.059441306251535965,,,,,,NORMAL,True,True,True,True,False,False,False,True,False,1,6,1,3.0
acb1ba1bdba5a1078f081655,TEMPORAL_GOVERNANCE,Modules_12_13_EarlyWarning,examples/sample_temporal_trajectory.csv,7120aaaf6df305220183e04d8365ce38dddbf592cd3b523a8e49b9386625bf8b,synthetic_degradation_v1,sample_temporal_trajectory,synthetic_degradation_trajectory,42,1,3,5,2026-09-02T20:45:00Z,1.2.0,62e10bc07ec9873f,CONTROLLED_FAILURE_EVENT,is_failure onset or future failure within K controlled_degradation_states,trajectory_ground_truth_sequence,False,,,,,0.177,0.2061,0.068,0.2056,0.2056,0.059441306251535965,,,,,,NORMAL,True,True,True,True,False,False,False,True,False,1,6,1,3.0
90287581f679824f8181c039,TEMPORAL_GOVERNANCE,Modules_12_13_EarlyWarning,examples/sample_temporal_trajectory.csv,7120aaaf6df305220183e04d8365ce38dddbf592cd3b523a8e49b9386625bf8b,synthetic_degradation_v1,sample_temporal_trajectory,synthetic_degradation_trajectory,42,1,4,1,2026-09-02T20:45:00Z,1.2.0,62e10bc07ec9873f,CONTROLLED_FAILURE_EVENT,is_failure onset or future failure within K controlled_degradation_states,trajectory_ground_truth_sequence,False,,,,,0.2052,0.2503,0.1081,0.2038,0.2038,0.05933264044539247,,,,,,NORMAL,True,True,True,True,False,False,False,True,False,1,6,0,2.0
61cffe47edf7ee09043e8e83,TEMPORAL_GOVERNANCE,Modules_12_13_EarlyWarning,examples/sample_temporal_trajectory.csv,7120aaaf6df305220183e04d8365ce38dddbf592cd3b523a8e49b9386625bf8b,synthetic_degradation_v1,sample_temporal_trajectory,synthetic_degradation_trajectory,42,1,4,2,2026-09-02T20:45:00Z,1.2.0,62e10bc07ec9873f,CONTROLLED_FAILURE_EVENT,is_failure onset or future failure within K controlled_degradation_states,trajectory_ground_truth_sequence,False,,,,,0.2052,0.2503,0.1081,0.2038,0.2038,0.05933264044539247,,,,,,NORMAL,True,True,True,True,False,False,False,True,False,1,6,1,2.0
0da192da7cbfeabedadb7e59,TEMPORAL_GOVERNANCE,Modules_12_13_EarlyWarning,examples/sample_temporal_trajectory.csv,7120aaaf6df305220183e04d8365ce38dddbf592cd3b523a8e49b9386625bf8b,synthetic_degradation_v1,sample_temporal_trajectory,synthetic_degradation_trajectory,42,1,4,3,2026-09-02T20:45:00Z,1.2.0,62e10bc07ec9873f,CONTROLLED_FAILURE_EVENT,is_failure onset or future failure within K controlled_degradation_states,trajectory_ground_truth_sequence,False,,,,,0.2052,0.2503,0.1081,0.2038,0.2038,0.05933264044539247,,,,,,NORMAL,True,True,True,True,False,False,False,True,False,1,6,1,2.0
9a31e3b97e7c28278fc59560,TEMPORAL_GOVERNANCE,Modules_12_13_EarlyWarning,examples/sample_temporal_trajectory.csv,7120aaaf6df305220183e04d8365ce38dddbf592cd3b523a8e49b9386625bf8b,synthetic_degradation_v1,sample_temporal_trajectory,synthetic_degradation_trajectory,42,1,4,5,2026-09-02T20:45:00Z,1.2.0,62e10bc07ec9873f,CONTROLLED_FAILURE_EVENT,is_failure onset or future failure within K controlled_degradation_states,trajectory_ground_truth_sequence,False,,,,,0.2052,0.2503,0.1081,0.2038,0.2038,0.05933264044539247,,,,,,NORMAL,True,True,True,True,False,False,False,True,False,1,6,1,2.0
4607b46a6bde8e7fbb7f9274,TEMPORAL_GOVERNANCE,Modules_12_13_EarlyWarning,examples/sample_temporal_trajectory.csv,7120aaaf6df305220183e04d8365ce38dddbf592cd3b523a8e49b9386625bf8b,synthetic_degradation_v1,sample_temporal_trajectory,synthetic_degradation_trajectory,42,1,5,1,2026-09-02T20:45:00Z,1.2.0,62e10bc07ec9873f,CONTROLLED_FAILURE_EVENT,is_failure onset or future failure within K controlled_degradation_states,trajectory_ground_truth_sequence,False,,,,,0.2428,0.2893,0.1336,0.2682,0.2682,0.06525963530391508,,,,,,NORMAL,True,True,True,True,False,False,False,True,False,1,6,1,1.0
7929fd6be823fb869e2a8189,TEMPORAL_GOVERNANCE,Modules_12_13_EarlyWarning,examples/sample_temporal_trajectory.csv,7120aaaf6df305220183e04d8365ce38dddbf592cd3b523a8e49b9386625bf8b,synthetic_degradation_v1,sample_temporal_trajectory,synthetic_degradation_trajectory,42,1,5,2,2026-09-02T20:45:00Z,1.2.0,62e10bc07ec9873f,CONTROLLED_FAILURE_EVENT,is_failure onset or future failure within K controlled_degradation_states,trajectory_ground_truth_sequence,False,,,,,0.2428,0.2893,0.1336,0.2682,0.2682,0.06525963530391508,,,,,,NORMAL,True,True,True,True,False,False,False,True,False,1,6,1,1.0
01580c414529480d60c378b9,TEMPORAL_GOVERNANCE,Modules_12_13_EarlyWarning,examples/sample_temporal_trajectory.csv,7120aaaf6df305220183e04d8365ce38dddbf592cd3b523a8e49b9386625bf8b,synthetic_degradation_v1,sample_temporal_trajectory,synthetic_degradation_trajectory,42,1,5,3,2026-09-02T20:45:00Z,1.2.0,62e10bc07ec9873f,CONTROLLED_FAILURE_EVENT,is_failure onset or future failure within K controlled_degradation_states,trajectory_ground_truth_sequence,False,,,,,0.2428,0.2893,0.1336,0.2682,0.2682,0.06525963530391508,,,,,,NORMAL,True,True,True,True,False,False,False,True,False,1,6,1,1.0
92ade66c17fc767d481e24e8,TEMPORAL_GOVERNANCE,Modules_12_13_EarlyWarning,examples/sample_temporal_trajectory.csv,7120aaaf6df305220183e04d8365ce38dddbf592cd3b523a8e49b9386625bf8b,synthetic_degradation_v1,sample_temporal_trajectory,synthetic_degradation_trajectory,42,1,5,5,2026-09-02T20:45:00Z,1.2.0,62e10bc07ec9873f,CONTROLLED_FAILURE_EVENT,is_failure onset or future failure within K controlled_degradation_states,trajectory_ground_truth_sequence,False,,,,,0.2428,0.2893,0.1336,0.2682,0.2682,0.06525963530391508,,,,,,NORMAL,True,True,True,True,False,False,False,True,False,1,6,1,1.0
71888be28bb0ffbd4c2a2077,TEMPORAL_GOVERNANCE,Modules_12_13_EarlyWarning,examples/sample_temporal_trajectory.csv,7120aaaf6df305220183e04d8365ce38dddbf592cd3b523a8e49b9386625bf8b,synthetic_degradation_v1,sample_temporal_trajectory,synthetic_degradation_trajectory,42,1,6,1,2026-09-02T20:45:00Z,1.2.0,62e10bc07ec9873f,CONTROLLED_FAILURE_EVENT,is_failure onset or future failure within K controlled_degradation_states,trajectory_ground_truth_sequence,False,,,,,0.7154,0.6416,0.3993,0.6609,0.6609,0.13502054987626474,,,,,,NORMAL,True,True,True,True,False,False,False,True,False,1,6,1,0.0
43e0c32419ff2b4d5c506d78,TEMPORAL_GOVERNANCE,Modules_12_13_EarlyWarning,examples/sample_temporal_trajectory.csv,7120aaaf6df305220183e04d8365ce38dddbf592cd3b523a8e49b9386625bf8b,synthetic_degradation_v1,sample_temporal_trajectory,synthetic_degradation_trajectory,42,1,6,2,2026-09-02T20:45:00Z,1.2.0,62e10bc07ec9873f,CONTROLLED_FAILURE_EVENT,is_failure onset or future failure within K controlled_degradation_states,trajectory_ground_truth_sequence,False,,,,,0.7154,0.6416,0.3993,0.6609,0.6609,0.13502054987626474,,,,,,NORMAL,True,True,True,True,False,False,False,True,False,1,6,1,0.0
5a261418f6f841cb6e50d808,TEMPORAL_GOVERNANCE,Modules_12_13_EarlyWarning,examples/sample_temporal_trajectory.csv,7120aaaf6df305220183e04d8365ce38dddbf592cd3b523a8e49b9386625bf8b,synthetic_degradation_v1,sample_temporal_trajectory,synthetic_degradation_trajectory,42,1,6,3,2026-09-02T20:45:00Z,1.2.0,62e10bc07ec9873f,CONTROLLED_FAILURE_EVENT,is_failure onset or future failure within K controlled_degradation_states,trajectory_ground_truth_sequence,False,,,,,0.7154,0.6416,0.3993,0.6609,0.6609,0.13502054987626474,,,,,,NORMAL,True,True,True,True,False,False,False,True,False,1,6,1,0.0
0edd66e5c2583c0a7bbd951a,TEMPORAL_GOVERNANCE,Modules_12_13_EarlyWarning,examples/sample_temporal_trajectory.csv,7120aaaf6df305220183e04d8365ce38dddbf592cd3b523a8e49b9386625bf8b,synthetic_degradation_v1,sample_temporal_trajectory,synthetic_degradation_trajectory,42,1,6,5,2026-09-02T20:45:00Z,1.2.0,62e10bc07ec9873f,CONTROLLED_FAILURE_EVENT,is_failure onset or future failure within K controlled_degradation_states,trajectory_ground_truth_sequence,False,,,,,0.7154,0.6416,0.3993,0.6609,0.6609,0.13502054987626474,,,,,,NORMAL,True,True,True,True,False,False,False,True,False,1,6,1,0.0
7705551b3f7f8b2dfb5c1a6c,TEMPORAL_GOVERNANCE,Modules_12_13_EarlyWarning,examples/sample_temporal_trajectory.csv,7120aaaf6df305220183e04d8365ce38dddbf592cd3b523a8e49b9386625bf8b,synthetic_degradation_v1,sample_temporal_trajectory,synthetic_degradation_trajectory,42,1,7,1,2026-09-02T20:45:00Z,1.2.0,62e10bc07ec9873f,CONTROLLED_FAILURE_EVENT,is_failure onset or future failure within K controlled_degradation_states,trajectory_ground_truth_sequence,False,,,,,0.8206,0.7469,0.53,0.757,0.757,0.1233448913503199,,,,,,NORMAL,True,True,True,True,False,False,False,True,False,1,6,1,
024095393975f500d3a13292,TEMPORAL_GOVERNANCE,Modules_12_13_EarlyWarning,examples/sample_temporal_trajectory.csv,7120aaaf6df305220183e04d8365ce38dddbf592cd3b523a8e49b9386625bf8b,synthetic_degradation_v1,sample_temporal_trajectory,synthetic_degradation_trajectory,42,1,7,2,2026-09-02T20:45:00Z,1.2.0,62e10bc07ec9873f,CONTROLLED_FAILURE_EVENT,is_failure onset or future failure within K controlled_degradation_states,trajectory_ground_truth_sequence,False,,,,,0.8206,0.7469,0.53,0.757,0.757,0.1233448913503199,,,,,,NORMAL,True,True,True,True,False,False,False,True,False,1,6,1,
74957e4b9fd3a324040dd2c6,TEMPORAL_GOVERNANCE,Modules_12_13_EarlyWarning,examples/sample_temporal_trajectory.csv,7120aaaf6df305220183e04d8365ce38dddbf592cd3b523a8e49b9386625bf8b,synthetic_degradation_v1,sample_temporal_trajectory,synthetic_degradation_trajectory,42,1,7,3,2026-09-02T20:45:00Z,1.2.0,62e10bc07ec9873f,CONTROLLED_FAILURE_EVENT,is_failure onset or future failure within K controlled_degradation_states,trajectory_ground_truth_sequence,False,,,,,0.8206,0.7469,0.53,0.757,0.757,0.1233448913503199,,,,,,NORMAL,True,True,True,True,False,False,False,True,False,1,6,1,
4717d3bba2886b4e668366df,TEMPORAL_GOVERNANCE,Modules_12_13_EarlyWarning,examples/sample_temporal_trajectory.csv,7120aaaf6df305220183e04d8365ce38dddbf592cd3b523a8e49b9386625bf8b,synthetic_degradation_v1,sample_temporal_trajectory,synthetic_degradation_trajectory,42,1,7,5,2026-09-02T20:45:00Z,1.2.0,62e10bc07ec9873f,CONTROLLED_FAILURE_EVENT,is_failure onset or future failure within K controlled_degradation_states,trajectory_ground_truth_sequence,False,,,,,0.8206,0.7469,0.53,0.757,0.757,0.1233448913503199,,,,,,NORMAL,True,True,True,True,False,False,False,True,False,1,6,1,
92a11c43db92303cecd11216,TEMPORAL_GOVERNANCE,Modules_12_13_EarlyWarning,examples/sample_temporal_trajectory.csv,7120aaaf6df305220183e04d8365ce38dddbf592cd3b523a8e49b9386625bf8b,synthetic_degradation_v1,sample_temporal_trajectory,synthetic_degradation_trajectory,42,1,8,1,2026-09-02T20:45:00Z,1.2.0,62e10bc07ec9873f,CONTROLLED_FAILURE_EVENT,is_failure onset or future failure within K controlled_degradation_states,trajectory_ground_truth_sequence,False,,,,,0.8834,0.8233,0.6036,0.8309,0.8309,0.12026274014285,,,,,,NORMAL,True,True,True,True,False,False,False,True,False,1,6,1,
b836a861da6d1b4dcf239f32,TEMPORAL_GOVERNANCE,Modules_12_13_EarlyWarning,examples/sample_temporal_trajectory.csv,7120aaaf6df305220183e04d8365ce38dddbf592cd3b523a8e49b9386625bf8b,synthetic_degradation_v1,sample_temporal_trajectory,synthetic_degradation_trajectory,42,1,8,2,2026-09-02T20:45:00Z,1.2.0,62e10bc07ec9873f,CONTROLLED_FAILURE_EVENT,is_failure onset or future failure within K controlled_degradation_states,trajectory_ground_truth_sequence,False,,,,,0.8834,0.8233,0.6036,0.8309,0.8309,0.12026274014285,,,,,,NORMAL,True,True,True,True,False,False,False,True,False,1,6,1,
2aca7230b1cfa61bc8560135,TEMPORAL_GOVERNANCE,Modules_12_13_EarlyWarning,examples/sample_temporal_trajectory.csv,7120aaaf6df305220183e04d8365ce38dddbf592cd3b523a8e49b9386625bf8b,synthetic_degradation_v1,sample_temporal_trajectory,synthetic_degradation_trajectory,42,1,8,3,2026-09-02T20:45:00Z,1.2.0,62e10bc07ec9873f,CONTROLLED_FAILURE_EVENT,is_failure onset or future failure within K controlled_degradation_states,trajectory_ground_truth_sequence,False,,,,,0.8834,0.8233,0.6036,0.8309,0.8309,0.12026274014285,,,,,,NORMAL,True,True,True,True,False,False,False,True,False,1,6,1,
f8e8e4ab11ea3aa5b8491e83,TEMPORAL_GOVERNANCE,Modules_12_13_EarlyWarning,examples/sample_temporal_trajectory.csv,7120aaaf6df305220183e04d8365ce38dddbf592cd3b523a8e49b9386625bf8b,synthetic_degradation_v1,sample_temporal_trajectory,synthetic_degradation_trajectory,42,1,8,5,2026-09-02T20:45:00Z,1.2.0,62e10bc07ec9873f,CONTROLLED_FAILURE_EVENT,is_failure onset or future failure within K controlled_degradation_states,trajectory_ground_truth_sequence,False,,,,,0.8834,0.8233,0.6036,0.8309,0.8309,0.12026274014285,,,,,,NORMAL,True,True,True,True,False,False,False,True,False,1,6,1,
ee5ebbee88856c201c9da6b9,TEMPORAL_GOVERNANCE,Modules_12_13_EarlyWarning,examples/sample_temporal_trajectory.csv,7120aaaf6df305220183e04d8365ce38dddbf592cd3b523a8e49b9386625bf8b,synthetic_degradation_v1,sample_temporal_trajectory,synthetic_degradation_trajectory,42,1,9,1,2026-09-02T20:45:00Z,1.2.0,62e10bc07ec9873f,CONTROLLED_FAILURE_EVENT,is_failure onset or future failure within K controlled_degradation_states,trajectory_ground_truth_sequence,False,,,,,0.9024,0.8998,0.6735,0.8801,0.8801,0.10729691928890078,,,,,,NORMAL,True,True,True,True,False,False,False,True,False,1,6,0,
ad7c1f1600f030ddc1c06afc,TEMPORAL_GOVERNANCE,Modules_12_13_EarlyWarning,examples/sample_temporal_trajectory.csv,7120aaaf6df305220183e04d8365ce38dddbf592cd3b523a8e49b9386625bf8b,synthetic_degradation_v1,sample_temporal_trajectory,synthetic_degradation_trajectory,42,1,9,2,2026-09-02T20:45:00Z,1.2.0,62e10bc07ec9873f,CONTROLLED_FAILURE_EVENT,is_failure onset or future failure within K controlled_degradation_states,trajectory_ground_truth_sequence,False,,,,,0.9024,0.8998,0.6735,0.8801,0.8801,0.10729691928890078,,,,,,NORMAL,True,True,True,True,False,False,False,True,False,1,6,0,
edbcb82fa3e5c68a59d8c8a6,TEMPORAL_GOVERNANCE,Modules_12_13_EarlyWarning,examples/sample_temporal_trajectory.csv,7120aaaf6df305220183e04d8365ce38dddbf592cd3b523a8e49b9386625bf8b,synthetic_degradation_v1,sample_temporal_trajectory,synthetic_degradation_trajectory,42,1,9,3,2026-09-02T20:45:00Z,1.2.0,62e10bc07ec9873f,CONTROLLED_FAILURE_EVENT,is_failure onset or future failure within K controlled_degradation_states,trajectory_ground_truth_sequence,False,,,,,0.9024,0.8998,0.6735,0.8801,0.8801,0.10729691928890078,,,,,,NORMAL,True,True,True,True,False,False,False,True,False,1,6,0,
199a0dd3823f85040fd31845,TEMPORAL_GOVERNANCE,Modules_12_13_EarlyWarning,examples/sample_temporal_trajectory.csv,7120aaaf6df305220183e04d8365ce38dddbf592cd3b523a8e49b9386625bf8b,synthetic_degradation_v1,sample_temporal_trajectory,synthetic_degradation_trajectory,42,1,9,5,2026-09-02T20:45:00Z,1.2.0,62e10bc07ec9873f,CONTROLLED_FAILURE_EVENT,is_failure onset or future failure within K controlled_degradation_states,trajectory_ground_truth_sequence,False,,,,,0.9024,0.8998,0.6735,0.8801,0.8801,0.10729691928890078,,,,,,NORMAL,True,True,True,True,False,False,False,True,False,1,6,0,
f9440531d483acf5e54eff9a,TEMPORAL_GOVERNANCE,Modules_12_13_EarlyWarning,examples/sample_temporal_trajectory.csv,7120aaaf6df305220183e04d8365ce38dddbf592cd3b523a8e49b9386625bf8b,synthetic_degradation_v1,sample_temporal_trajectory,synthetic_degradation_trajectory,42,2,0,1,2026-09-02T20:45:00Z,1.2.0,62e10bc07ec9873f,CONTROLLED_FAILURE_EVENT,is_failure onset or future failure within K controlled_degradation_states,trajectory_ground_truth_sequence,False,,,,,0.0978,0.121,0.0058,0.0908,0.0908,0.0497474510793155,,,,,,NORMAL,True,True,True,True,False,False,False,True,False,1,6,0,6.0
1b8943f96c1635757adeac9f,TEMPORAL_GOVERNANCE,Modules_12_13_EarlyWarning,examples/sample_temporal_trajectory.csv,7120aaaf6df305220183e04d8365ce38dddbf592cd3b523a8e49b9386625bf8b,synthetic_degradation_v1,sample_temporal_trajectory,synthetic_degradation_trajectory,42,2,0,2,2026-09-02T20:45:00Z,1.2.0,62e10bc07ec9873f,CONTROLLED_FAILURE_EVENT,is_failure onset or future failure within K controlled_degradation_states,trajectory_ground_truth_sequence,False,,,,,0.0978,0.121,0.0058,0.0908,0.0908,0.0497474510793155,,,,,,NORMAL,True,True,True,True,False,False,False,True,False,1,6,0,6.0
af9dae7c60d1c3dc3af1ec8d,TEMPORAL_GOVERNANCE,Modules_12_13_EarlyWarning,examples/sample_temporal_trajectory.csv,7120aaaf6df305220183e04d8365ce38dddbf592cd3b523a8e49b9386625bf8b,synthetic_degradation_v1,sample_temporal_trajectory,synthetic_degradation_trajectory,42,2,0,3,2026-09-02T20:45:00Z,1.2.0,62e10bc07ec9873f,CONTROLLED_FAILURE_EVENT,is_failure onset or future failure within K controlled_degradation_states,trajectory_ground_truth_sequence,False,,,,,0.0978,0.121,0.0058,0.0908,0.0908,0.0497474510793155,,,,,,NORMAL,True,True,True,True,False,False,False,True,False,1,6,0,6.0
787c55f9d4d08a5016771bc2,TEMPORAL_GOVERNANCE,Modules_12_13_EarlyWarning,examples/sample_temporal_trajectory.csv,7120aaaf6df305220183e04d8365ce38dddbf592cd3b523a8e49b9386625bf8b,synthetic_degradation_v1,sample_temporal_trajectory,synthetic_degradation_trajectory,42,2,0,5,2026-09-02T20:45:00Z,1.2.0,62e10bc07ec9873f,CONTROLLED_FAILURE_EVENT,is_failure onset or future failure within K controlled_degradation_states,trajectory_ground_truth_sequence,False,,,,,0.0978,0.121,0.0058,0.0908,0.0908,0.0497474510793155,,,,,,NORMAL,True,True,True,True,False,False,False,True,False,1,6,0,6.0
abb80221315ad7bff08ffd2d,TEMPORAL_GOVERNANCE,Modules_12_13_EarlyWarning,examples/sample_temporal_trajectory.csv,7120aaaf6df305220183e04d8365ce38dddbf592cd3b523a8e49b9386625bf8b,synthetic_degradation_v1,sample_temporal_trajectory,synthetic_degradation_trajectory,42,2,1,1,2026-09-02T20:45:00Z,1.2.0,62e10bc07ec9873f,CONTROLLED_FAILURE_EVENT,is_failure onset or future failure within K controlled_degradation_states,trajectory_ground_truth_sequence,False,,,,,0.1236,0.1497,0.0358,0.1297,0.1297,0.04872058656826245,,,,,,NORMAL,True,True,True,True,False,False,False,True,False,1,6,0,5.0
d5c0552d6215769d4267762d,TEMPORAL_GOVERNANCE,Modules_12_13_EarlyWarning,examples/sample_temporal_trajectory.csv,7120aaaf6df305220183e04d8365ce38dddbf592cd3b523a8e49b9386625bf8b,synthetic_degradation_v1,sample_temporal_trajectory,synthetic_degradation_trajectory,42,2,1,2,2026-09-02T20:45:00Z,1.2.0,62e10bc07ec9873f,CONTROLLED_FAILURE_EVENT,is_failure onset or future failure within K controlled_degradation_states,trajectory_ground_truth_sequence,False,,,,,0.1236,0.1497,0.0358,0.1297,0.1297,0.04872058656826245,,,,,,NORMAL,True,True,True,True,False,False,False,True,False,1,6,0,5.0
20bf2ce7d612f1a411cc22d4,TEMPORAL_GOVERNANCE,Modules_12_13_EarlyWarning,examples/sample_temporal_trajectory.csv,7120aaaf6df305220183e04d8365ce38dddbf592cd3b523a8e49b9386625bf8b,synthetic_degradation_v1,sample_temporal_trajectory,synthetic_degradation_trajectory,42,2,1,3,2026-09-02T20:45:00Z,1.2.0,62e10bc07ec9873f,CONTROLLED_FAILURE_EVENT,is_failure onset or future failure within K controlled_degradation_states,trajectory_ground_truth_sequence,False,,,,,0.1236,0.1497,0.0358,0.1297,0.1297,0.04872058656826245,,,,,,NORMAL,True,True,True,True,False,False,False,True,False,1,6,0,5.0
96445eb71dd632049a1e5b1f,TEMPORAL_GOVERNANCE,Modules_12_13_EarlyWarning,examples/sample_temporal_trajectory.csv,7120aaaf6df305220183e04d8365ce38dddbf592cd3b523a8e49b9386625bf8b,synthetic_degradation_v1,sample_temporal_trajectory,synthetic_degradation_trajectory,42,2,1,5,2026-09-02T20:45:00Z,1.2.0,62e10bc07ec9873f,CONTROLLED_FAILURE_EVENT,is_failure onset or future failure within K controlled_degradation_states,trajectory_ground_truth_sequence,False,,,,,0.1236,0.1497,0.0358,0.1297,0.1297,0.04872058656826245,,,,,,NORMAL,True,True,True,True,False,False,False,True,False,1,6,1,5.0
d7035de8e5407739beb04122,TEMPORAL_GOVERNANCE,Modules_12_13_EarlyWarning,examples/sample_temporal_trajectory.csv,7120aaaf6df305220183e04d8365ce38dddbf592cd3b523a8e49b9386625bf8b,synthetic_degradation_v1,sample_temporal_trajectory,synthetic_degradation_trajectory,42,2,2,1,2026-09-02T20:45:00Z,1.2.0,62e10bc07ec9873f,CONTROLLED_FAILURE_EVENT,is_failure onset or future failure within K controlled_degradation_states,trajectory_ground_truth_sequence,False,,,,,0.1648,0.153,0.0466,0.1506,0.1506,0.05315746001790864,,,,,,NORMAL,True,True,True,True,False,False,False,True,False,1,6,0,4.0
5939241602e23382adab2536,TEMPORAL_GOVERNANCE,Modules_12_13_EarlyWarning,examples/sample_temporal_trajectory.csv,7120aaaf6df305220183e04d8365ce38dddbf592cd3b523a8e49b9386625bf8b,synthetic_degradation_v1,sample_temporal_trajectory,synthetic_degradation_trajectory,42,2,2,2,2026-09-02T20:45:00Z,1.2.0,62e10bc07ec9873f,CONTROLLED_FAILURE_EVENT,is_failure onset or future failure within K controlled_degradation_states,trajectory_ground_truth_sequence,False,,,,,0.1648,0.153,0.0466,0.1506,0.1506,0.05315746001790864,,,,,,NORMAL,True,True,True,True,False,False,False,True,False,1,6,0,4.0
68e39a0c8c0ce63146a95458,TEMPORAL_GOVERNANCE,Modules_12_13_EarlyWarning,examples/sample_temporal_trajectory.csv,7120aaaf6df305220183e04d8365ce38dddbf592cd3b523a8e49b9386625bf8b,synthetic_degradation_v1,sample_temporal_trajectory,synthetic_degradation_trajectory,42,2,2,3,2026-09-02T20:45:00Z,1.2.0,62e10bc07ec9873f,CONTROLLED_FAILURE_EVENT,is_failure onset or future failure within K controlled_degradation_states,trajectory_ground_truth_sequence,False,,,,,0.1648,0.153,0.0466,0.1506,0.1506,0.05315746001790864,,,,,,NORMAL,True,True,True,True,False,False,False,True,False,1,6,0,4.0
746c1f20d9db9182cd5c36c1,TEMPORAL_GOVERNANCE,Modules_12_13_EarlyWarning,examples/sample_temporal_trajectory.csv,7120aaaf6df305220183e04d8365ce38dddbf592cd3b523a8e49b9386625bf8b,synthetic_degradation_v1,sample_temporal_trajectory,synthetic_degradation_trajectory,42,2,2,5,2026-09-02T20:45:00Z,1.2.0,62e10bc07ec9873f,CONTROLLED_FAILURE_EVENT,is_failure onset or future failure within K controlled_degradation_states,trajectory_ground_truth_sequence,False,,,,,0.1648,0.153,0.0466,0.1506,0.1506,0.05315746001790864,,,,,,NORMAL,True,True,True,True,False,False,False,True,False,1,6,1,4.0
a327168f53a26cea9e65cb7c,TEMPORAL_GOVERNANCE,Modules_12_13_EarlyWarning,examples/sample_temporal_trajectory.csv,7120aaaf6df305220183e04d8365ce38dddbf592cd3b523a8e49b9386625bf8b,synthetic_degradation_v1,sample_temporal_trajectory,synthetic_degradation_trajectory,42,2,3,1,2026-09-02T20:45:00Z,1.2.0,62e10bc07ec9873f,CONTROLLED_FAILURE_EVENT,is_failure onset or future failure within K controlled_degradation_states,trajectory_ground_truth_sequence,False,,,,,0.1748,0.1967,0.072,0.2146,0.2146,0.054362507504917605,,,,,,NORMAL,True,True,True,True,False,False,False,True,False,1,6,0,3.0
032a6303ea3d3e3f3c59c9fc,TEMPORAL_GOVERNANCE,Modules_12_13_EarlyWarning,examples/sample_temporal_trajectory.csv,7120aaaf6df305220183e04d8365ce38dddbf592cd3b523a8e49b9386625bf8b,synthetic_degradation_v1,sample_temporal_trajectory,synthetic_degradation_trajectory,42,2,3,2,2026-09-02T20:45:00Z,1.2.0,62e10bc07ec9873f,CONTROLLED_FAILURE_EVENT,is_failure onset or future failure within K controlled_degradation_states,trajectory_ground_truth_sequence,False,,,,,0.1748,0.1967,0.072,0.2146,0.2146,0.054362507504917605,,,,,,NORMAL,True,True,True,True,False,False,False,True,False,1,6,0,3.0
d573a9e58e72d25121be7cbf,TEMPORAL_GOVERNANCE,Modules_12_13_EarlyWarning,examples/sample_temporal_trajectory.csv,7120aaaf6df305220183e04d8365ce38dddbf592cd3b523a8e49b9386625bf8b,synthetic_degradation_v1,sample_temporal_trajectory,synthetic_degradation_trajectory,42,2,3,3,2026-09-02T20:45:00Z,1.2.0,62e10bc07ec9873f,CONTROLLED_FAILURE_EVENT,is_failure onset or future failure within K controlled_degradation_states,trajectory_ground_truth_sequence,False,,,,,0.1748,0.1967,0.072,0.2146,0.2146,0.054362507504917605,,,,,,NORMAL,True,True,True,True,False,False,False,True,False,1,6,1,3.0
132fdf8b355fd10ce2e61461,TEMPORAL_GOVERNANCE,Modules_12_13_EarlyWarning,examples/sample_temporal_trajectory.csv,7120aaaf6df305220183e04d8365ce38dddbf592cd3b523a8e49b9386625bf8b,synthetic_degradation_v1,sample_temporal_trajectory,synthetic_degradation_trajectory,42,2,3,5,2026-09-02T20:45:00Z,1.2.0,62e10bc07ec9873f,CONTROLLED_FAILURE_EVENT,is_failure onset or future failure within K controlled_degradation_states,trajectory_ground_truth_sequence,False,,,,,0.1748,0.1967,0.072,0.2146,0.2146,0.054362507504917605,,,,,,NORMAL,True,True,True,True,False,False,False,True,False,1,6,1,3.0
38c5a4653d62b94c57fb17ff,TEMPORAL_GOVERNANCE,Modules_12_13_EarlyWarning,examples/sample_temporal_trajectory.csv,7120aaaf6df305220183e04d8365ce38dddbf592cd3b523a8e49b9386625bf8b,synthetic_degradation_v1,sample_temporal_trajectory,synthetic_degradation_trajectory,42,2,4,1,2026-09-02T20:45:00Z,1.2.0,62e10bc07ec9873f,CONTROLLED_FAILURE_EVENT,is_failure onset or future failure within K controlled_degradation_states,trajectory_ground_truth_sequence,False,,,,,0.2119,0.2361,0.0984,0.2281,0.2281,0.06002701243792017,,,,,,NORMAL,True,True,True,True,False,False,False,True,False,1,6,0,2.0
7331322b634ec6fc8d8f94ca,TEMPORAL_GOVERNANCE,Modules_12_13_EarlyWarning,examples/sample_temporal_trajectory.csv,7120aaaf6df305220183e04d8365ce38dddbf592cd3b523a8e49b9386625bf8b,synthetic_degradation_v1,sample_temporal_trajectory,synthetic_degradation_trajectory,42,2,4,2,2026-09-02T20:45:00Z,1.2.0,62e10bc07ec9873f,CONTROLLED_FAILURE_EVENT,is_failure onset or future failure within K controlled_degradation_states,trajectory_ground_truth_sequence,False,,,,,0.2119,0.2361,0.0984,0.2281,0.2281,0.06002701243792017,,,,,,NORMAL,True,True,True,True,False,False,False,True,False,1,6,1,2.0
3efc96210114ea9b03844f6d,TEMPORAL_GOVERNANCE,Modules_12_13_EarlyWarning,examples/sample_temporal_trajectory.csv,7120aaaf6df305220183e04d8365ce38dddbf592cd3b523a8e49b9386625bf8b,synthetic_degradation_v1,sample_temporal_trajectory,synthetic_degradation_trajectory,42,2,4,3,2026-09-02T20:45:00Z,1.2.0,62e10bc07ec9873f,CONTROLLED_FAILURE_EVENT,is_failure onset or future failure within K controlled_degradation_states,trajectory_ground_truth_sequence,False,,,,,0.2119,0.2361,0.0984,0.2281,0.2281,0.06002701243792017,,,,,,NORMAL,True,True,True,True,False,False,False,True,False,1,6,1,2.0
afa92bed1ad7fdf3344828f8,TEMPORAL_GOVERNANCE,Modules_12_13_EarlyWarning,examples/sample_temporal_trajectory.csv,7120aaaf6df305220183e04d8365ce38dddbf592cd3b523a8e49b9386625bf8b,synthetic_degradation_v1,sample_temporal_trajectory,synthetic_degradation_trajectory,42,2,4,5,2026-09-02T20:45:00Z,1.2.0,62e10bc07ec9873f,CONTROLLED_FAILURE_EVENT,is_failure onset or future failure within K controlled_degradation_states,trajectory_ground_truth_sequence,False,,,,,0.2119,0.2361,0.0984,0.2281,0.2281,0.06002701243792017,,,,,,NORMAL,True,True,True,True,False,False,False,True,False,1,6,1,2.0
30a803563f74e5bc2969cf6a,TEMPORAL_GOVERNANCE,Modules_12_13_EarlyWarning,examples/sample_temporal_trajectory.csv,7120aaaf6df305220183e04d8365ce38dddbf592cd3b523a8e49b9386625bf8b,synthetic_degradation_v1,sample_temporal_trajectory,synthetic_degradation_trajectory,42,2,5,1,2026-09-02T20:45:00Z,1.2.0,62e10bc07ec9873f,CONTROLLED_FAILURE_EVENT,is_failure onset or future failure within K controlled_degradation_states,trajectory_ground_truth_sequence,False,,,,,0.245,0.2654,0.124,0.263,0.263,0.06240648114490104,,,,,,NORMAL,True,True,True,True,False,False,False,True,False,1,6,1,1.0
eb8558cbeb7e7f4ce95bc793,TEMPORAL_GOVERNANCE,Modules_12_13_EarlyWarning,examples/sample_temporal_trajectory.csv,7120aaaf6df305220183e04d8365ce38dddbf592cd3b523a8e49b9386625bf8b,synthetic_degradation_v1,sample_temporal_trajectory,synthetic_degradation_trajectory,42,2,5,2,2026-09-02T20:45:00Z,1.2.0,62e10bc07ec9873f,CONTROLLED_FAILURE_EVENT,is_failure onset or future failure within K controlled_degradation_states,trajectory_ground_truth_sequence,False,,,,,0.245,0.2654,0.124,0.263,0.263,0.06240648114490104,,,,,,NORMAL,True,True,True,True,False,False,False,True,False,1,6,1,1.0
e4f21c2ce6ce70cbd58e8360,TEMPORAL_GOVERNANCE,Modules_12_13_EarlyWarning,examples/sample_temporal_trajectory.csv,7120aaaf6df305220183e04d8365ce38dddbf592cd3b523a8e49b9386625bf8b,synthetic_degradation_v1,sample_temporal_trajectory,synthetic_degradation_trajectory,42,2,5,3,2026-09-02T20:45:00Z,1.2.0,62e10bc07ec9873f,CONTROLLED_FAILURE_EVENT,is_failure onset or future failure within K controlled_degradation_states,trajectory_ground_truth_sequence,False,,,,,0.245,0.2654,0.124,0.263,0.263,0.06240648114490104,,,,,,NORMAL,True,True,True,True,False,False,False,True,False,1,6,1,1.0
9c20d73f08bec28fa2622548,TEMPORAL_GOVERNANCE,Modules_12_13_EarlyWarning,examples/sample_temporal_trajectory.csv,7120aaaf6df305220183e04d8365ce38dddbf592cd3b523a8e49b9386625bf8b,synthetic_degradation_v1,sample_temporal_trajectory,synthetic_degradation_trajectory,42,2,5,5,2026-09-02T20:45:00Z,1.2.0,62e10bc07ec9873f,CONTROLLED_FAILURE_EVENT,is_failure onset or future failure within K controlled_degradation_states,trajectory_ground_truth_sequence,False,,,,,0.245,0.2654,0.124,0.263,0.263,0.06240648114490104,,,,,,NORMAL,True,True,True,True,False,False,False,True,False,1,6,1,1.0
58626bcd59e533f734afb23f,TEMPORAL_GOVERNANCE,Modules_12_13_EarlyWarning,examples/sample_temporal_trajectory.csv,7120aaaf6df305220183e04d8365ce38dddbf592cd3b523a8e49b9386625bf8b,synthetic_degradation_v1,sample_temporal_trajectory,synthetic_degradation_trajectory,42,2,6,1,2026-09-02T20:45:00Z,1.2.0,62e10bc07ec9873f,CONTROLLED_FAILURE_EVENT,is_failure onset or future failure within K controlled_degradation_states,trajectory_ground_truth_sequence,False,,,,,0.7292,0.653,0.4189,0.6597,0.6597,0.13203338803331358,,,,,,NORMAL,True,True,True,True,False,False,False,True,False,1,6,1,0.0
03bf915de27eb553dc64bac9,TEMPORAL_GOVERNANCE,Modules_12_13_EarlyWarning,examples/sample_temporal_trajectory.csv,7120aaaf6df305220183e04d8365ce38dddbf592cd3b523a8e49b9386625bf8b,synthetic_degradation_v1,sample_temporal_trajectory,synthetic_degradation_trajectory,42,2,6,2,2026-09-02T20:45:00Z,1.2.0,62e10bc07ec9873f,CONTROLLED_FAILURE_EVENT,is_failure onset or future failure within K controlled_degradation_states,trajectory_ground_truth_sequence,False,,,,,0.7292,0.653,0.4189,0.6597,0.6597,0.13203338803331358,,,,,,NORMAL,True,True,True,True,False,False,False,True,False,1,6,1,0.0
3c045e084d00c3595878ba80,TEMPORAL_GOVERNANCE,Modules_12_13_EarlyWarning,examples/sample_temporal_trajectory.csv,7120aaaf6df305220183e04d8365ce38dddbf592cd3b523a8e49b9386625bf8b,synthetic_degradation_v1,sample_temporal_trajectory,synthetic_degradation_trajectory,42,2,6,3,2026-09-02T20:45:00Z,1.2.0,62e10bc07ec9873f,CONTROLLED_FAILURE_EVENT,is_failure onset or future failure within K controlled_degradation_states,trajectory_ground_truth_sequence,False,,,,,0.7292,0.653,0.4189,0.6597,0.6597,0.13203338803331358,,,,,,NORMAL,True,True,True,True,False,False,False,True,False,1,6,1,0.0
2030811167a0cab842b25293,TEMPORAL_GOVERNANCE,Modules_12_13_EarlyWarning,examples/sample_temporal_trajectory.csv,7120aaaf6df305220183e04d8365ce38dddbf592cd3b523a8e49b9386625bf8b,synthetic_degradation_v1,sample_temporal_trajectory,synthetic_degradation_trajectory,42,2,6,5,2026-09-02T20:45:00Z,1.2.0,62e10bc07ec9873f,CONTROLLED_FAILURE_EVENT,is_failure onset or future failure within K controlled_degradation_states,trajectory_ground_truth_sequence,False,,,,,0.7292,0.653,0.4189,0.6597,0.6597,0.13203338803331358,,,,,,NORMAL,True,True,True,True,False,False,False,True,False,1,6,1,0.0
4ca4df98aed4654e93d0af0f,TEMPORAL_GOVERNANCE,Modules_12_13_EarlyWarning,examples/sample_temporal_trajectory.csv,7120aaaf6df305220183e04d8365ce38dddbf592cd3b523a8e49b9386625bf8b,synthetic_degradation_v1,sample_temporal_trajectory,synthetic_degradation_trajectory,42,2,7,1,2026-09-02T20:45:00Z,1.2.0,62e10bc07ec9873f,CONTROLLED_FAILURE_EVENT,is_failure onset or future failure within K controlled_degradation_states,trajectory_ground_truth_sequence,False,,,,,0.8133,0.7526,0.5217,0.7483,0.7483,0.12562283055064294,,,,,,NORMAL,True,True,True,True,False,False,False,True,False,1,6,1,
10ba1b7c9a84978d63051f90,TEMPORAL_GOVERNANCE,Modules_12_13_EarlyWarning,examples/sample_temporal_trajectory.csv,7120aaaf6df305220183e04d8365ce38dddbf592cd3b523a8e49b9386625bf8b,synthetic_degradation_v1,sample_temporal_trajectory,synthetic_degradation_trajectory,42,2,7,2,2026-09-02T20:45:00Z,1.2.0,62e10bc07ec9873f,CONTROLLED_FAILURE_EVENT,is_failure onset or future failure within K controlled_degradation_states,trajectory_ground_truth_sequence,False,,,,,0.8133,0.7526,0.5217,0.7483,0.7483,0.12562283055064294,,,,,,NORMAL,True,True,True,True,False,False,False,True,False,1,6,1,
4addf1cef4aee9a2f4e6ce3c,TEMPORAL_GOVERNANCE,Modules_12_13_EarlyWarning,examples/sample_temporal_trajectory.csv,7120aaaf6df305220183e04d8365ce38dddbf592cd3b523a8e49b9386625bf8b,synthetic_degradation_v1,sample_temporal_trajectory,synthetic_degradation_trajectory,42,2,7,3,2026-09-02T20:45:00Z,1.2.0,62e10bc07ec9873f,CONTROLLED_FAILURE_EVENT,is_failure onset or future failure within K controlled_degradation_states,trajectory_ground_truth_sequence,False,,,,,0.8133,0.7526,0.5217,0.7483,0.7483,0.12562283055064294,,,,,,NORMAL,True,True,True,True,False,False,False,True,False,1,6,1,
2ffa332f44f7fc9626086458,TEMPORAL_GOVERNANCE,Modules_12_13_EarlyWarning,examples/sample_temporal_trajectory.csv,7120aaaf6df305220183e04d8365ce38dddbf592cd3b523a8e49b9386625bf8b,synthetic_degradation_v1,sample_temporal_trajectory,synthetic_degradation_trajectory,42,2,7,5,2026-09-02T20:45:00Z,1.2.0,62e10bc07ec9873f,CONTROLLED_FAILURE_EVENT,is_failure onset or future failure within K controlled_degradation_states,trajectory_ground_truth_sequence,False,,,,,0.8133,0.7526,0.5217,0.7483,0.7483,0.12562283055064294,,,,,,NORMAL,True,True,True,True,False,False,False,True,False,1,6,1,
e93f0081d4bf86ed65448fb9,TEMPORAL_GOVERNANCE,Modules_12_13_EarlyWarning,examples/sample_temporal_trajectory.csv,7120aaaf6df305220183e04d8365ce38dddbf592cd3b523a8e49b9386625bf8b,synthetic_degradation_v1,sample_temporal_trajectory,synthetic_degradation_trajectory,42,2,8,1,2026-09-02T20:45:00Z,1.2.0,62e10bc07ec9873f,CONTROLLED_FAILURE_EVENT,is_failure onset or future failure within K controlled_degradation_states,trajectory_ground_truth_sequence,False,,,,,0.8747,0.8201,0.6026,0.8414,0.8414,0.11753288901409682,,,,,,NORMAL,True,True,True,True,False,False,False,True,False,1,6,1,
2b859c7f0c7071506ee02126,TEMPORAL_GOVERNANCE,Modules_12_13_EarlyWarning,examples/sample_temporal_trajectory.csv,7120aaaf6df305220183e04d8365ce38dddbf592cd3b523a8e49b9386625bf8b,synthetic_degradation_v1,sample_temporal_trajectory,synthetic_degradation_trajectory,42,2,8,2,2026-09-02T20:45:00Z,1.2.0,62e10bc07ec9873f,CONTROLLED_FAILURE_EVENT,is_failure onset or future failure within K controlled_degradation_states,trajectory_ground_truth_sequence,False,,,,,0.8747,0.8201,0.6026,0.8414,0.8414,0.11753288901409682,,,,,,NORMAL,True,True,True,True,False,False,False,True,False,1,6,1,
84522f3b867a56713531e06e,TEMPORAL_GOVERNANCE,Modules_12_13_EarlyWarning,examples/sample_temporal_trajectory.csv,7120aaaf6df305220183e04d8365ce38dddbf592cd3b523a8e49b9386625bf8b,synthetic_degradation_v1,sample_temporal_trajectory,synthetic_degradation_trajectory,42,2,8,3,2026-09-02T20:45:00Z,1.2.0,62e10bc07ec9873f,CONTROLLED_FAILURE_EVENT,is_failure onset or future failure within K controlled_degradation_states,trajectory_ground_truth_sequence,False,,,,,0.8747,0.8201,0.6026,0.8414,0.8414,0.11753288901409682,,,,,,NORMAL,True,True,True,True,False,False,False,True,False,1,6,1,
76766e303104a0fe8ce21124,TEMPORAL_GOVERNANCE,Modules_12_13_EarlyWarning,examples/sample_temporal_trajectory.csv,7120aaaf6df305220183e04d8365ce38dddbf592cd3b523a8e49b9386625bf8b,synthetic_degradation_v1,sample_temporal_trajectory,synthetic_degradation_trajectory,42,2,8,5,2026-09-02T20:45:00Z,1.2.0,62e10bc07ec9873f,CONTROLLED_FAILURE_EVENT,is_failure onset or future failure within K controlled_degradation_states,trajectory_ground_truth_sequence,False,,,,,0.8747,0.8201,0.6026,0.8414,0.8414,0.11753288901409682,,,,,,NORMAL,True,True,True,True,False,False,False,True,False,1,6,1,
796e41feaadf36bec8b1cded,TEMPORAL_GOVERNANCE,Modules_12_13_EarlyWarning,examples/sample_temporal_trajectory.csv,7120aaaf6df305220183e04d8365ce38dddbf592cd3b523a8e49b9386625bf8b,synthetic_degradation_v1,sample_temporal_trajectory,synthetic_degradation_trajectory,42,2,9,1,2026-09-02T20:45:00Z,1.2.0,62e10bc07ec9873f,CONTROLLED_FAILURE_EVENT,is_failure onset or future failure within K controlled_degradation_states,trajectory_ground_truth_sequence,False,,,,,0.9251,0.8877,0.6793,0.9075,0.9075,0.10813929288961838,,,,,,NORMAL,True,True,True,True,False,False,False,True,False,1,6,0,
1be16adf71994924f0a9c357,TEMPORAL_GOVERNANCE,Modules_12_13_EarlyWarning,examples/sample_temporal_trajectory.csv,7120aaaf6df305220183e04d8365ce38dddbf592cd3b523a8e49b9386625bf8b,synthetic_degradation_v1,sample_temporal_trajectory,synthetic_degradation_trajectory,42,2,9,2,2026-09-02T20:45:00Z,1.2.0,62e10bc07ec9873f,CONTROLLED_FAILURE_EVENT,is_failure onset or future failure within K controlled_degradation_states,trajectory_ground_truth_sequence,False,,,,,0.9251,0.8877,0.6793,0.9075,0.9075,0.10813929288961838,,,,,,NORMAL,True,True,True,True,False,False,False,True,False,1,6,0,
10fe7396e8f686ec0e6314f9,TEMPORAL_GOVERNANCE,Modules_12_13_EarlyWarning,examples/sample_temporal_trajectory.csv,7120aaaf6df305220183e04d8365ce38dddbf592cd3b523a8e49b9386625bf8b,synthetic_degradation_v1,sample_temporal_trajectory,synthetic_degradation_trajectory,42,2,9,3,2026-09-02T20:45:00Z,1.2.0,62e10bc07ec9873f,CONTROLLED_FAILURE_EVENT,is_failure onset or future failure within K controlled_degradation_states,trajectory_ground_truth_sequence,False,,,,,0.9251,0.8877,0.6793,0.9075,0.9075,0.10813929288961838,,,,,,NORMAL,True,True,True,True,False,False,False,True,False,1,6,0,
8e0d131b888ddea7dfa56106,TEMPORAL_GOVERNANCE,Modules_12_13_EarlyWarning,examples/sample_temporal_trajectory.csv,7120aaaf6df305220183e04d8365ce38dddbf592cd3b523a8e49b9386625bf8b,synthetic_degradation_v1,sample_temporal_trajectory,synthetic_degradation_trajectory,42,2,9,5,2026-09-02T20:45:00Z,1.2.0,62e10bc07ec9873f,CONTROLLED_FAILURE_EVENT,is_failure onset or future failure within K controlled_degradation_states,trajectory_ground_truth_sequence,False,,,,,0.9251,0.8877,0.6793,0.9075,0.9075,0.10813929288961838,,,,,,NORMAL,True,True,True,True,False,False,False,True,False,1,6,0,
60e3095d0bb45babeae716e5,TEMPORAL_GOVERNANCE,Modules_12_13_EarlyWarning,examples/sample_temporal_trajectory.csv,7120aaaf6df305220183e04d8365ce38dddbf592cd3b523a8e49b9386625bf8b,synthetic_degradation_v1,sample_temporal_trajectory,synthetic_degradation_trajectory,42,3,0,1,2026-09-02T20:45:00Z,1.2.0,62e10bc07ec9873f,CONTROLLED_FAILURE_EVENT,is_failure onset or future failure within K controlled_degradation_states,trajectory_ground_truth_sequence,False,,,,,0.1079,0.1045,0.0223,0.1125,0.1125,0.03957518863575454,,,,,,NORMAL,True,True,True,True,False,False,False,True,False,1,6,0,6.0
b894b82fc82bad4621f2d4ac,TEMPORAL_GOVERNANCE,Modules_12_13_EarlyWarning,examples/sample_temporal_trajectory.csv,7120aaaf6df305220183e04d8365ce38dddbf592cd3b523a8e49b9386625bf8b,synthetic_degradation_v1,sample_temporal_trajectory,synthetic_degradation_trajectory,42,3,0,2,2026-09-02T20:45:00Z,1.2.0,62e10bc07ec9873f,CONTROLLED_FAILURE_EVENT,is_failure onset or future failure within K controlled_degradation_states,trajectory_ground_truth_sequence,False,,,,,0.1079,0.1045,0.0223,0.1125,0.1125,0.03957518863575454,,,,,,NORMAL,True,True,True,True,False,False,False,True,False,1,6,0,6.0
488080a7d9e23ba0f9d16c27,TEMPORAL_GOVERNANCE,Modules_12_13_EarlyWarning,examples/sample_temporal_trajectory.csv,7120aaaf6df305220183e04d8365ce38dddbf592cd3b523a8e49b9386625bf8b,synthetic_degradation_v1,sample_temporal_trajectory,synthetic_degradation_trajectory,42,3,0,3,2026-09-02T20:45:00Z,1.2.0,62e10bc07ec9873f,CONTROLLED_FAILURE_EVENT,is_failure onset or future failure within K controlled_degradation_states,trajectory_ground_truth_sequence,False,,,,,0.1079,0.1045,0.0223,0.1125,0.1125,0.03957518863575454,,,,,,NORMAL,True,True,True,True,False,False,False,True,False,1,6,0,6.0
18247632e947fbf1affd6ba8,TEMPORAL_GOVERNANCE,Modules_12_13_EarlyWarning,examples/sample_temporal_trajectory.csv,7120aaaf6df305220183e04d8365ce38dddbf592cd3b523a8e49b9386625bf8b,synthetic_degradation_v1,sample_temporal_trajectory,synthetic_degradation_trajectory,42,3,0,5,2026-09-02T20:45:00Z,1.2.0,62e10bc07ec9873f,CONTROLLED_FAILURE_EVENT,is_failure onset or future failure within K controlled_degradation_states,trajectory_ground_truth_sequence,False,,,,,0.1079,0.1045,0.0223,0.1125,0.1125,0.03957518863575454,,,,,,NORMAL,True,True,True,True,False,False,False,True,False,1,6,0,6.0
37518bc4e7336896a31395ed,TEMPORAL_GOVERNANCE,Modules_12_13_EarlyWarning,examples/sample_temporal_trajectory.csv,7120aaaf6df305220183e04d8365ce38dddbf592cd3b523a8e49b9386625bf8b,synthetic_degradation_v1,sample_temporal_trajectory,synthetic_degradation_trajectory,42,3,1,1,2026-09-02T20:45:00Z,1.2.0,62e10bc07ec9873f,CONTROLLED_FAILURE_EVENT,is_failure onset or future failure within K controlled_degradation_states,trajectory_ground_truth_sequence,False,,,,,0.1109,0.1407,0.0531,0.1335,0.1335,0.036366406965158866,,,,,,NORMAL,True,True,True,True,False,False,False,True,False,1,6,0,5.0
4f328fbd7e0abf451a3f1b67,TEMPORAL_GOVERNANCE,Modules_12_13_EarlyWarning,examples/sample_temporal_trajectory.csv,7120aaaf6df305220183e04d8365ce38dddbf592cd3b523a8e49b9386625bf8b,synthetic_degradation_v1,sample_temporal_trajectory,synthetic_degradation_trajectory,42,3,1,2,2026-09-02T20:45:00Z,1.2.0,62e10bc07ec9873f,CONTROLLED_FAILURE_EVENT,is_failure onset or future failure within K controlled_degradation_states,trajectory_ground_truth_sequence,False,,,,,0.1109,0.1407,0.0531,0.1335,0.1335,0.036366406965158866,,,,,,NORMAL,True,True,True,True,False,False,False,True,False,1,6,0,5.0
6af8a351f684996473216dc5,TEMPORAL_GOVERNANCE,Modules_12_13_EarlyWarning,examples/sample_temporal_trajectory.csv,7120aaaf6df305220183e04d8365ce38dddbf592cd3b523a8e49b9386625bf8b,synthetic_degradation_v1,sample_temporal_trajectory,synthetic_degradation_trajectory,42,3,1,3,2026-09-02T20:45:00Z,1.2.0,62e10bc07ec9873f,CONTROLLED_FAILURE_EVENT,is_failure onset or future failure within K controlled_degradation_states,trajectory_ground_truth_sequence,False,,,,,0.1109,0.1407,0.0531,0.1335,0.1335,0.036366406965158866,,,,,,NORMAL,True,True,True,True,False,False,False,True,False,1,6,0,5.0
220fc4ab14ebb18a0b907cbc,TEMPORAL_GOVERNANCE,Modules_12_13_EarlyWarning,examples/sample_temporal_trajectory.csv,7120aaaf6df305220183e04d8365ce38dddbf592cd3b523a8e49b9386625bf8b,synthetic_degradation_v1,sample_temporal_trajectory,synthetic_degradation_trajectory,42,3,1,5,2026-09-02T20:45:00Z,1.2.0,62e10bc07ec9873f,CONTROLLED_FAILURE_EVENT,is_failure onset or future failure within K controlled_degradation_states,trajectory_ground_truth_sequence,False,,,,,0.1109,0.1407,0.0531,0.1335,0.1335,0.036366406965158866,,,,,,NORMAL,True,True,True,True,False,False,False,True,False,1,6,1,5.0
c6696a724f3ec8642e9774db,TEMPORAL_GOVERNANCE,Modules_12_13_EarlyWarning,examples/sample_temporal_trajectory.csv,7120aaaf6df305220183e04d8365ce38dddbf592cd3b523a8e49b9386625bf8b,synthetic_degradation_v1,sample_temporal_trajectory,synthetic_degradation_trajectory,42,3,2,1,2026-09-02T20:45:00Z,1.2.0,62e10bc07ec9873f,CONTROLLED_FAILURE_EVENT,is_failure onset or future failure within K controlled_degradation_states,trajectory_ground_truth_sequence,False,,,,,0.164,0.1494,0.0339,0.1432,0.1432,0.058194520551528066,,,,,,NORMAL,True,True,True,True,False,False,False,True,False,1,6,0,4.0
6a43ebdc773675131ebfe732,TEMPORAL_GOVERNANCE,Modules_12_13_EarlyWarning,examples/sample_temporal_trajectory.csv,7120aaaf6df305220183e04d8365ce38dddbf592cd3b523a8e49b9386625bf8b,synthetic_degradation_v1,sample_temporal_trajectory,synthetic_degradation_trajectory,42,3,2,2,2026-09-02T20:45:00Z,1.2.0,62e10bc07ec9873f,CONTROLLED_FAILURE_EVENT,is_failure onset or future failure within K controlled_degradation_states,trajectory_ground_truth_sequence,False,,,,,0.164,0.1494,0.0339,0.1432,0.1432,0.058194520551528066,,,,,,NORMAL,True,True,True,True,False,False,False,True,False,1,6,0,4.0
9d8d3b55d4a751adb630cd2f,TEMPORAL_GOVERNANCE,Modules_12_13_EarlyWarning,examples/sample_temporal_trajectory.csv,7120aaaf6df305220183e04d8365ce38dddbf592cd3b523a8e49b9386625bf8b,synthetic_degradation_v1,sample_temporal_trajectory,synthetic_degradation_trajectory,42,3,2,3,2026-09-02T20:45:00Z,1.2.0,62e10bc07ec9873f,CONTROLLED_FAILURE_EVENT,is_failure onset or future failure within K controlled_degradation_states,trajectory_ground_truth_sequence,False,,,,,0.164,0.1494,0.0339,0.1432,0.1432,0.058194520551528066,,,,,,NORMAL,True,True,True,True,False,False,False,True,False,1,6,0,4.0
25c7f531b9d0bd18847cd5cd,TEMPORAL_GOVERNANCE,Modules_12_13_EarlyWarning,examples/sample_temporal_trajectory.csv,7120aaaf6df305220183e04d8365ce38dddbf592cd3b523a8e49b9386625bf8b,synthetic_degradation_v1,sample_temporal_trajectory,synthetic_degradation_trajectory,42,3,2,5,2026-09-02T20:45:00Z,1.2.0,62e10bc07ec9873f,CONTROLLED_FAILURE_EVENT,is_failure onset or future failure within K controlled_degradation_states,trajectory_ground_truth_sequence,False,,,,,0.164,0.1494,0.0339,0.1432,0.1432,0.058194520551528066,,,,,,NORMAL,True,True,True,True,False,False,False,True,False,1,6,1,4.0
970ec2fcd23e0e9e3ed0b455,TEMPORAL_GOVERNANCE,Modules_12_13_EarlyWarning,examples/sample_temporal_trajectory.csv,7120aaaf6df305220183e04d8365ce38dddbf592cd3b523a8e49b9386625bf8b,synthetic_degradation_v1,sample_temporal_trajectory,synthetic_degradation_trajectory,42,3,3,1,2026-09-02T20:45:00Z,1.2.0,62e10bc07ec9873f,CONTROLLED_FAILURE_EVENT,is_failure onset or future failure within K controlled_degradation_states,trajectory_ground_truth_sequence,False,,,,,0.166,0.2047,0.0818,0.1923,0.1923,0.051307071204226375,,,,,,NORMAL,True,True,True,True,False,False,False,True,False,1,6,0,3.0
80f64bf4a2e3d48b58287fa9,TEMPORAL_GOVERNANCE,Modules_12_13_EarlyWarning,examples/sample_temporal_trajectory.csv,7120aaaf6df305220183e04d8365ce38dddbf592cd3b523a8e49b9386625bf8b,synthetic_degradation_v1,sample_temporal_trajectory,synthetic_degradation_trajectory,42,3,3,2,2026-09-02T20:45:00Z,1.2.0,62e10bc07ec9873f,CONTROLLED_FAILURE_EVENT,is_failure onset or future failure within K controlled_degradation_states,trajectory_ground_truth_sequence,False,,,,,0.166,0.2047,0.0818,0.1923,0.1923,0.051307071204226375,,,,,,NORMAL,True,True,True,True,False,False,False,True,False,1,6,0,3.0
09882e39653e983f5f4d7fd7,TEMPORAL_GOVERNANCE,Modules_12_13_EarlyWarning,examples/sample_temporal_trajectory.csv,7120aaaf6df305220183e04d8365ce38dddbf592cd3b523a8e49b9386625bf8b,synthetic_degradation_v1,sample_temporal_trajectory,synthetic_degradation_trajectory,42,3,3,3,2026-09-02T20:45:00Z,1.2.0,62e10bc07ec9873f,CONTROLLED_FAILURE_EVENT,is_failure onset or future failure within K controlled_degradation_states,trajectory_ground_truth_sequence,False,,,,,0.166,0.2047,0.0818,0.1923,0.1923,0.051307071204226375,,,,,,NORMAL,True,True,True,True,False,False,False,True,False,1,6,1,3.0
6b5e3533620654af80b8419d,TEMPORAL_GOVERNANCE,Modules_12_13_EarlyWarning,examples/sample_temporal_trajectory.csv,7120aaaf6df305220183e04d8365ce38dddbf592cd3b523a8e49b9386625bf8b,synthetic_degradation_v1,sample_temporal_trajectory,synthetic_degradation_trajectory,42,3,3,5,2026-09-02T20:45:00Z,1.2.0,62e10bc07ec9873f,CONTROLLED_FAILURE_EVENT,is_failure onset or future failure within K controlled_degradation_states,trajectory_ground_truth_sequence,False,,,,,0.166,0.2047,0.0818,0.1923,0.1923,0.051307071204226375,,,,,,NORMAL,True,True,True,True,False,False,False,True,False,1,6,1,3.0
f389b306b533a53d4b3bf594,TEMPORAL_GOVERNANCE,Modules_12_13_EarlyWarning,examples/sample_temporal_trajectory.csv,7120aaaf6df305220183e04d8365ce38dddbf592cd3b523a8e49b9386625bf8b,synthetic_degradation_v1,sample_temporal_trajectory,synthetic_degradation_trajectory,42,3,4,1,2026-09-02T20:45:00Z,1.2.0,62e10bc07ec9873f,CONTROLLED_FAILURE_EVENT,is_failure onset or future failure within K controlled_degradation_states,trajectory_ground_truth_sequence,False,,,,,0.2259,0.2308,0.1026,0.2329,0.2329,0.05931286163687902,,,,,,NORMAL,True,True,True,True,False,False,False,True,False,1,6,0,2.0
d646a0d77ed5181975a97879,TEMPORAL_GOVERNANCE,Modules_12_13_EarlyWarning,examples/sample_temporal_trajectory.csv,7120aaaf6df305220183e04d8365ce38dddbf592cd3b523a8e49b9386625bf8b,synthetic_degradation_v1,sample_temporal_trajectory,synthetic_degradation_trajectory,42,3,4,2,2026-09-02T20:45:00Z,1.2.0,62e10bc07ec9873f,CONTROLLED_FAILURE_EVENT,is_failure onset or future failure within K controlled_degradation_states,trajectory_ground_truth_sequence,False,,,,,0.2259,0.2308,0.1026,0.2329,0.2329,0.05931286163687902,,,,,,NORMAL,True,True,True,True,False,False,False,True,False,1,6,1,2.0
4479d5d90bee52eb8e6186b9,TEMPORAL_GOVERNANCE,Modules_12_13_EarlyWarning,examples/sample_temporal_trajectory.csv,7120aaaf6df305220183e04d8365ce38dddbf592cd3b523a8e49b9386625bf8b,synthetic_degradation_v1,sample_temporal_trajectory,synthetic_degradation_trajectory,42,3,4,3,2026-09-02T20:45:00Z,1.2.0,62e10bc07ec9873f,CONTROLLED_FAILURE_EVENT,is_failure onset or future failure within K controlled_degradation_states,trajectory_ground_truth_sequence,False,,,,,0.2259,0.2308,0.1026,0.2329,0.2329,0.05931286163687902,,,,,,NORMAL,True,True,True,True,False,False,False,True,False,1,6,1,2.0
5909b61564635d2930d7a49f,TEMPORAL_GOVERNANCE,Modules_12_13_EarlyWarning,examples/sample_temporal_trajectory.csv,7120aaaf6df305220183e04d8365ce38dddbf592cd3b523a8e49b9386625bf8b,synthetic_degradation_v1,sample_temporal_trajectory,synthetic_degradation_trajectory,42,3,4,5,2026-09-02T20:45:00Z,1.2.0,62e10bc07ec9873f,CONTROLLED_FAILURE_EVENT,is_failure onset or future failure within K controlled_degradation_states,trajectory_ground_truth_sequence,False,,,,,0.2259,0.2308,0.1026,0.2329,0.2329,0.05931286163687902,,,,,,NORMAL,True,True,True,True,False,False,False,True,False,1,6,1,2.0
20bc6f117c97ae596e7958d1,TEMPORAL_GOVERNANCE,Modules_12_13_EarlyWarning,examples/sample_temporal_trajectory.csv,7120aaaf6df305220183e04d8365ce38dddbf592cd3b523a8e49b9386625bf8b,synthetic_degradation_v1,sample_temporal_trajectory,synthetic_degradation_trajectory,42,3,5,1,2026-09-02T20:45:00Z,1.2.0,62e10bc07ec9873f,CONTROLLED_FAILURE_EVENT,is_failure onset or future failure within K controlled_degradation_states,trajectory_ground_truth_sequence,False,,,,,0.2719,0.2955,0.1278,0.2529,0.2529,0.07412081728877222,,,,,,NORMAL,True,True,True,True,False,False,False,True,False,1,6,1,1.0
3c89a88387d70b3b3666e4b3,TEMPORAL_GOVERNANCE,Modules_12_13_EarlyWarning,examples/sample_temporal_trajectory.csv,7120aaaf6df305220183e04d8365ce38dddbf592cd3b523a8e49b9386625bf8b,synthetic_degradation_v1,sample_temporal_trajectory,synthetic_degradation_trajectory,42,3,5,2,2026-09-02T20:45:00Z,1.2.0,62e10bc07ec9873f,CONTROLLED_FAILURE_EVENT,is_failure onset or future failure within K controlled_degradation_states,trajectory_ground_truth_sequence,False,,,,,0.2719,0.2955,0.1278,0.2529,0.2529,0.07412081728877222,,,,,,NORMAL,True,True,True,True,False,False,False,True,False,1,6,1,1.0
8313bf765a56152a2c2f3c27,TEMPORAL_GOVERNANCE,Modules_12_13_EarlyWarning,examples/sample_temporal_trajectory.csv,7120aaaf6df305220183e04d8365ce38dddbf592cd3b523a8e49b9386625bf8b,synthetic_degradation_v1,sample_temporal_trajectory,synthetic_degradation_trajectory,42,3,5,3,2026-09-02T20:45:00Z,1.2.0,62e10bc07ec9873f,CONTROLLED_FAILURE_EVENT,is_failure onset or future failure within K controlled_degradation_states,trajectory_ground_truth_sequence,False,,,,,0.2719,0.2955,0.1278,0.2529,0.2529,0.07412081728877222,,,,,,NORMAL,True,True,True,True,False,False,False,True,False,1,6,1,1.0
b884ad536945006c2ab14f4e,TEMPORAL_GOVERNANCE,Modules_12_13_EarlyWarning,examples/sample_temporal_trajectory.csv,7120aaaf6df305220183e04d8365ce38dddbf592cd3b523a8e49b9386625bf8b,synthetic_degradation_v1,sample_temporal_trajectory,synthetic_degradation_trajectory,42,3,5,5,2026-09-02T20:45:00Z,1.2.0,62e10bc07ec9873f,CONTROLLED_FAILURE_EVENT,is_failure onset or future failure within K controlled_degradation_states,trajectory_ground_truth_sequence,False,,,,,0.2719,0.2955,0.1278,0.2529,0.2529,0.07412081728877222,,,,,,NORMAL,True,True,True,True,False,False,False,True,False,1,6,1,1.0
460b45441a601b522443a952,TEMPORAL_GOVERNANCE,Modules_12_13_EarlyWarning,examples/sample_temporal_trajectory.csv,7120aaaf6df305220183e04d8365ce38dddbf592cd3b523a8e49b9386625bf8b,synthetic_degradation_v1,sample_temporal_trajectory,synthetic_degradation_trajectory,42,3,6,1,2026-09-02T20:45:00Z,1.2.0,62e10bc07ec9873f,CONTROLLED_FAILURE_EVENT,is_failure onset or future failure within K controlled_degradation_states,trajectory_ground_truth_sequence,False,,,,,0.7101,0.6422,0.3876,0.6787,0.6787,0.1388195551386363,,,,,,NORMAL,True,True,True,True,False,False,False,True,False,1,6,1,0.0
ace5143db681ac00f505025f,TEMPORAL_GOVERNANCE,Modules_12_13_EarlyWarning,examples/sample_temporal_trajectory.csv,7120aaaf6df305220183e04d8365ce38dddbf592cd3b523a8e49b9386625bf8b,synthetic_degradation_v1,sample_temporal_trajectory,synthetic_degradation_trajectory,42,3,6,2,2026-09-02T20:45:00Z,1.2.0,62e10bc07ec9873f,CONTROLLED_FAILURE_EVENT,is_failure onset or future failure within K controlled_degradation_states,trajectory_ground_truth_sequence,False,,,,,0.7101,0.6422,0.3876,0.6787,0.6787,0.1388195551386363,,,,,,NORMAL,True,True,True,True,False,False,False,True,False,1,6,1,0.0
f822ee640b7ba9dc3e184a60,TEMPORAL_GOVERNANCE,Modules_12_13_EarlyWarning,examples/sample_temporal_trajectory.csv,7120aaaf6df305220183e04d8365ce38dddbf592cd3b523a8e49b9386625bf8b,synthetic_degradation_v1,sample_temporal_trajectory,synthetic_degradation_trajectory,42,3,6,3,2026-09-02T20:45:00Z,1.2.0,62e10bc07ec9873f,CONTROLLED_FAILURE_EVENT,is_failure onset or future failure within K controlled_degradation_states,trajectory_ground_truth_sequence,False,,,,,0.7101,0.6422,0.3876,0.6787,0.6787,0.1388195551386363,,,,,,NORMAL,True,True,True,True,False,False,False,True,False,1,6,1,0.0
af90ed22062a2b5c77b768e8,TEMPORAL_GOVERNANCE,Modules_12_13_EarlyWarning,examples/sample_temporal_trajectory.csv,7120aaaf6df305220183e04d8365ce38dddbf592cd3b523a8e49b9386625bf8b,synthetic_degradation_v1,sample_temporal_trajectory,synthetic_degradation_trajectory,42,3,6,5,2026-09-02T20:45:00Z,1.2.0,62e10bc07ec9873f,CONTROLLED_FAILURE_EVENT,is_failure onset or future failure within K controlled_degradation_states,trajectory_ground_truth_sequence,False,,,,,0.7101,0.6422,0.3876,0.6787,0.6787,0.1388195551386363,,,,,,NORMAL,True,True,True,True,False,False,False,True,False,1,6,1,0.0
c6cc07f32a20ef62fe7f5637,TEMPORAL_GOVERNANCE,Modules_12_13_EarlyWarning,examples/sample_temporal_trajectory.csv,7120aaaf6df305220183e04d8365ce38dddbf592cd3b523a8e49b9386625bf8b,synthetic_degradation_v1,sample_temporal_trajectory,synthetic_degradation_trajectory,42,3,7,1,2026-09-02T20:45:00Z,1.2.0,62e10bc07ec9873f,CONTROLLED_FAILURE_EVENT,is_failure onset or future failure within K controlled_degradation_states,trajectory_ground_truth_sequence,False,,,,,0.8043,0.7468,0.5068,0.7647,0.7647,0.128846377088721,,,,,,NORMAL,True,True,True,True,False,False,False,True,False,1,6,1,
5089b661296f14f9a29c1f05,TEMPORAL_GOVERNANCE,Modules_12_13_EarlyWarning,examples/sample_temporal_trajectory.csv,7120aaaf6df305220183e04d8365ce38dddbf592cd3b523a8e49b9386625bf8b,synthetic_degradation_v1,sample_temporal_trajectory,synthetic_degradation_trajectory,42,3,7,2,2026-09-02T20:45:00Z,1.2.0,62e10bc07ec9873f,CONTROLLED_FAILURE_EVENT,is_failure onset or future failure within K controlled_degradation_states,trajectory_ground_truth_sequence,False,,,,,0.8043,0.7468,0.5068,0.7647,0.7647,0.128846377088721,,,,,,NORMAL,True,True,True,True,False,False,False,True,False,1,6,1,
b2f4f9ed51c920122c4325a4,TEMPORAL_GOVERNANCE,Modules_12_13_EarlyWarning,examples/sample_temporal_trajectory.csv,7120aaaf6df305220183e04d8365ce38dddbf592cd3b523a8e49b9386625bf8b,synthetic_degradation_v1,sample_temporal_trajectory,synthetic_degradation_trajectory,42,3,7,3,2026-09-02T20:45:00Z,1.2.0,62e10bc07ec9873f,CONTROLLED_FAILURE_EVENT,is_failure onset or future failure within K controlled_degradation_states,trajectory_ground_truth_sequence,False,,,,,0.8043,0.7468,0.5068,0.7647,0.7647,0.128846377088721,,,,,,NORMAL,True,True,True,True,False,False,False,True,False,1,6,1,
975d8f93abe162c0fadd66df,TEMPORAL_GOVERNANCE,Modules_12_13_EarlyWarning,examples/sample_temporal_trajectory.csv,7120aaaf6df305220183e04d8365ce38dddbf592cd3b523a8e49b9386625bf8b,synthetic_degradation_v1,sample_temporal_trajectory,synthetic_degradation_trajectory,42,3,7,5,2026-09-02T20:45:00Z,1.2.0,62e10bc07ec9873f,CONTROLLED_FAILURE_EVENT,is_failure onset or future failure within K controlled_degradation_states,trajectory_ground_truth_sequence,False,,,,,0.8043,0.7468,0.5068,0.7647,0.7647,0.128846377088721,,,,,,NORMAL,True,True,True,True,False,False,False,True,False,1,6,1,
bc3962a482068e86596a1376,TEMPORAL_GOVERNANCE,Modules_12_13_EarlyWarning,examples/sample_temporal_trajectory.csv,7120aaaf6df305220183e04d8365ce38dddbf592cd3b523a8e49b9386625bf8b,synthetic_degradation_v1,sample_temporal_trajectory,synthetic_degradation_trajectory,42,3,8,1,2026-09-02T20:45:00Z,1.2.0,62e10bc07ec9873f,CONTROLLED_FAILURE_EVENT,is_failure onset or future failure within K controlled_degradation_states,trajectory_ground_truth_sequence,False,,,,,0.881,0.8281,0.6052,0.8181,0.8181,0.11951218440904769,,,,,,NORMAL,True,True,True,True,False,False,False,True,False,1,6,1,
c2a5f1ca2d4f2c347661ebbd,TEMPORAL_GOVERNANCE,Modules_12_13_EarlyWarning,examples/sample_temporal_trajectory.csv,7120aaaf6df305220183e04d8365ce38dddbf592cd3b523a8e49b9386625bf8b,synthetic_degradation_v1,sample_temporal_trajectory,synthetic_degradation_trajectory,42,3,8,2,2026-09-02T20:45:00Z,1.2.0,62e10bc07ec9873f,CONTROLLED_FAILURE_EVENT,is_failure onset or future failure within K controlled_degradation_states,trajectory_ground_truth_sequence,False,,,,,0.881,0.8281,0.6052,0.8181,0.8181,0.11951218440904769,,,,,,NORMAL,True,True,True,True,False,False,False,True,False,1,6,1,
3cb168060d2b6d32fefc6664,TEMPORAL_GOVERNANCE,Modules_12_13_EarlyWarning,examples/sample_temporal_trajectory.csv,7120aaaf6df305220183e04d8365ce38dddbf592cd3b523a8e49b9386625bf8b,synthetic_degradation_v1,sample_temporal_trajectory,synthetic_degradation_trajectory,42,3,8,3,2026-09-02T20:45:00Z,1.2.0,62e10bc07ec9873f,CONTROLLED_FAILURE_EVENT,is_failure onset or future failure within K controlled_degradation_states,trajectory_ground_truth_sequence,False,,,,,0.881,0.8281,0.6052,0.8181,0.8181,0.11951218440904769,,,,,,NORMAL,True,True,True,True,False,False,False,True,False,1,6,1,
7d9c71e7fe4f0ae1defd8691,TEMPORAL_GOVERNANCE,Modules_12_13_EarlyWarning,examples/sample_temporal_trajectory.csv,7120aaaf6df305220183e04d8365ce38dddbf592cd3b523a8e49b9386625bf8b,synthetic_degradation_v1,sample_temporal_trajectory,synthetic_degradation_trajectory,42,3,8,5,2026-09-02T20:45:00Z,1.2.0,62e10bc07ec9873f,CONTROLLED_FAILURE_EVENT,is_failure onset or future failure within K controlled_degradation_states,trajectory_ground_truth_sequence,False,,,,,0.881,0.8281,0.6052,0.8181,0.8181,0.11951218440904769,,,,,,NORMAL,True,True,True,True,False,False,False,True,False,1,6,1,
1053f1e8b487ba6065806885,TEMPORAL_GOVERNANCE,Modules_12_13_EarlyWarning,examples/sample_temporal_trajectory.csv,7120aaaf6df305220183e04d8365ce38dddbf592cd3b523a8e49b9386625bf8b,synthetic_degradation_v1,sample_temporal_trajectory,synthetic_degradation_trajectory,42,3,9,1,2026-09-02T20:45:00Z,1.2.0,62e10bc07ec9873f,CONTROLLED_FAILURE_EVENT,is_failure onset or future failure within K controlled_degradation_states,trajectory_ground_truth_sequence,False,,,,,0.915,0.8777,0.683,0.9066,0.9066,0.1017204120234588,,,,,,NORMAL,True,True,True,True,False,False,False,True,False,1,6,0,
0369587f52c7bd4de6bee8a2,TEMPORAL_GOVERNANCE,Modules_12_13_EarlyWarning,examples/sample_temporal_trajectory.csv,7120aaaf6df305220183e04d8365ce38dddbf592cd3b523a8e49b9386625bf8b,synthetic_degradation_v1,sample_temporal_trajectory,synthetic_degradation_trajectory,42,3,9,2,2026-09-02T20:45:00Z,1.2.0,62e10bc07ec9873f,CONTROLLED_FAILURE_EVENT,is_failure onset or future failure within K controlled_degradation_states,trajectory_ground_truth_sequence,False,,,,,0.915,0.8777,0.683,0.9066,0.9066,0.1017204120234588,,,,,,NORMAL,True,True,True,True,False,False,False,True,False,1,6,0,
175bb54ab93e834cfd82f433,TEMPORAL_GOVERNANCE,Modules_12_13_EarlyWarning,examples/sample_temporal_trajectory.csv,7120aaaf6df305220183e04d8365ce38dddbf592cd3b523a8e49b9386625bf8b,synthetic_degradation_v1,sample_temporal_trajectory,synthetic_degradation_trajectory,42,3,9,3,2026-09-02T20:45:00Z,1.2.0,62e10bc07ec9873f,CONTROLLED_FAILURE_EVENT,is_failure onset or future failure within K controlled_degradation_states,trajectory_ground_truth_sequence,False,,,,,0.915,0.8777,0.683,0.9066,0.9066,0.1017204120234588,,,,,,NORMAL,True,True,True,True,False,False,False,True,False,1,6,0,
fc7358cfbce7a83ecf000e1c,TEMPORAL_GOVERNANCE,Modules_12_13_EarlyWarning,examples/sample_temporal_trajectory.csv,7120aaaf6df305220183e04d8365ce38dddbf592cd3b523a8e49b9386625bf8b,synthetic_degradation_v1,sample_temporal_trajectory,synthetic_degradation_trajectory,42,3,9,5,2026-09-02T20:45:00Z,1.2.0,62e10bc07ec9873f,CONTROLLED_FAILURE_EVENT,is_failure onset or future failure within K controlled_degradation_states,trajectory_ground_truth_sequence,False,,,,,0.915,0.8777,0.683,0.9066,0.9066,0.1017204120234588,,,,,,NORMAL,True,True,True,True,False,False,False,True,False,1,6,0,
39d52a2cf2e84fed7a1429e9,TEMPORAL_GOVERNANCE,Modules_12_13_EarlyWarning,examples/sample_temporal_trajectory.csv,7120aaaf6df305220183e04d8365ce38dddbf592cd3b523a8e49b9386625bf8b,synthetic_degradation_v1,sample_temporal_trajectory,synthetic_degradation_trajectory,42,4,0,1,2026-09-02T20:45:00Z,1.2.0,62e10bc07ec9873f,CONTROLLED_FAILURE_EVENT,is_failure onset or future failure within K controlled_degradation_states,trajectory_ground_truth_sequence,False,,,,,0.0903,0.1111,0.0263,0.1055,0.1055,0.036085823624612844,,,,,,NORMAL,True,True,True,True,False,False,False,True,False,1,6,0,6.0
d6396b309c91cc88f28515c3,TEMPORAL_GOVERNANCE,Modules_12_13_EarlyWarning,examples/sample_temporal_trajectory.csv,7120aaaf6df305220183e04d8365ce38dddbf592cd3b523a8e49b9386625bf8b,synthetic_degradation_v1,sample_temporal_trajectory,synthetic_degradation_trajectory,42,4,0,2,2026-09-02T20:45:00Z,1.2.0,62e10bc07ec9873f,CONTROLLED_FAILURE_EVENT,is_failure onset or future failure within K controlled_degradation_states,trajectory_ground_truth_sequence,False,,,,,0.0903,0.1111,0.0263,0.1055,0.1055,0.036085823624612844,,,,,,NORMAL,True,True,True,True,False,False,False,True,False,1,6,0,6.0
30493807fe6c4b1842e13b1b,TEMPORAL_GOVERNANCE,Modules_12_13_EarlyWarning,examples/sample_temporal_trajectory.csv,7120aaaf6df305220183e04d8365ce38dddbf592cd3b523a8e49b9386625bf8b,synthetic_degradation_v1,sample_temporal_trajectory,synthetic_degradation_trajectory,42,4,0,3,2026-09-02T20:45:00Z,1.2.0,62e10bc07ec9873f,CONTROLLED_FAILURE_EVENT,is_failure onset or future failure within K controlled_degradation_states,trajectory_ground_truth_sequence,False,,,,,0.0903,0.1111,0.0263,0.1055,0.1055,0.036085823624612844,,,,,,NORMAL,True,True,True,True,False,False,False,True,False,1,6,0,6.0
ebb0dfdd3f937d35c51da820,TEMPORAL_GOVERNANCE,Modules_12_13_EarlyWarning,examples/sample_temporal_trajectory.csv,7120aaaf6df305220183e04d8365ce38dddbf592cd3b523a8e49b9386625bf8b,synthetic_degradation_v1,sample_temporal_trajectory,synthetic_degradation_trajectory,42,4,0,5,2026-09-02T20:45:00Z,1.2.0,62e10bc07ec9873f,CONTROLLED_FAILURE_EVENT,is_failure onset or future failure within K controlled_degradation_states,trajectory_ground_truth_sequence,False,,,,,0.0903,0.1111,0.0263,0.1055,0.1055,0.036085823624612844,,,,,,NORMAL,True,True,True,True,False,False,False,True,False,1,6,0,6.0
8b213148bd41b6f8c3d1bf77,TEMPORAL_GOVERNANCE,Modules_12_13_EarlyWarning,examples/sample_temporal_trajectory.csv,7120aaaf6df305220183e04d8365ce38dddbf592cd3b523a8e49b9386625bf8b,synthetic_degradation_v1,sample_temporal_trajectory,synthetic_degradation_trajectory,42,4,1,1,2026-09-02T20:45:00Z,1.2.0,62e10bc07ec9873f,CONTROLLED_FAILURE_EVENT,is_failure onset or future failure within K controlled_degradation_states,trajectory_ground_truth_sequence,False,,,,,0.1279,0.1318,0.0314,0.1386,0.1386,0.046437078097380576,,,,,,NORMAL,True,True,True,True,False,False,False,True,False,1,6,0,5.0
b40e11528df049f032dcfe31,TEMPORAL_GOVERNANCE,Modules_12_13_EarlyWarning,examples/sample_temporal_trajectory.csv,7120aaaf6df305220183e04d8365ce38dddbf592cd3b523a8e49b9386625bf8b,synthetic_degradation_v1,sample_temporal_trajectory,synthetic_degradation_trajectory,42,4,1,2,2026-09-02T20:45:00Z,1.2.0,62e10bc07ec9873f,CONTROLLED_FAILURE_EVENT,is_failure onset or future failure within K controlled_degradation_states,trajectory_ground_truth_sequence,False,,,,,0.1279,0.1318,0.0314,0.1386,0.1386,0.046437078097380576,,,,,,NORMAL,True,True,True,True,False,False,False,True,False,1,6,0,5.0
c823652f8a3198a547089dd7,TEMPORAL_GOVERNANCE,Modules_12_13_EarlyWarning,examples/sample_temporal_trajectory.csv,7120aaaf6df305220183e04d8365ce38dddbf592cd3b523a8e49b9386625bf8b,synthetic_degradation_v1,sample_temporal_trajectory,synthetic_degradation_trajectory,42,4,1,3,2026-09-02T20:45:00Z,1.2.0,62e10bc07ec9873f,CONTROLLED_FAILURE_EVENT,is_failure onset or future failure within K controlled_degradation_states,trajectory_ground_truth_sequence,False,,,,,0.1279,0.1318,0.0314,0.1386,0.1386,0.046437078097380576,,,,,,NORMAL,True,True,True,True,False,False,False,True,False,1,6,0,5.0
77968a4046f1a72c2fd260a2,TEMPORAL_GOVERNANCE,Modules_12_13_EarlyWarning,examples/sample_temporal_trajectory.csv,7120aaaf6df305220183e04d8365ce38dddbf592cd3b523a8e49b9386625bf8b,synthetic_degradation_v1,sample_temporal_trajectory,synthetic_degradation_trajectory,42,4,1,5,2026-09-02T20:45:00Z,1.2.0,62e10bc07ec9873f,CONTROLLED_FAILURE_EVENT,is_failure onset or future failure within K controlled_degradation_states,trajectory_ground_truth_sequence,False,,,,,0.1279,0.1318,0.0314,0.1386,0.1386,0.046437078097380576,,,,,,NORMAL,True,True,True,True,False,False,False,True,False,1,6,1,5.0
10d5c036f661baa4cf9e282d,TEMPORAL_GOVERNANCE,Modules_12_13_EarlyWarning,examples/sample_temporal_trajectory.csv,7120aaaf6df305220183e04d8365ce38dddbf592cd3b523a8e49b9386625bf8b,synthetic_degradation_v1,sample_temporal_trajectory,synthetic_degradation_trajectory,42,4,2,1,2026-09-02T20:45:00Z,1.2.0,62e10bc07ec9873f,CONTROLLED_FAILURE_EVENT,is_failure onset or future failure within K controlled_degradation_states,trajectory_ground_truth_sequence,False,,,,,0.1616,0.1592,0.0393,0.1521,0.1521,0.05709549505482508,,,,,,NORMAL,True,True,True,True,False,False,False,True,False,1,6,0,4.0
243f9a495e10e35d913e5a4f,TEMPORAL_GOVERNANCE,Modules_12_13_EarlyWarning,examples/sample_temporal_trajectory.csv,7120aaaf6df305220183e04d8365ce38dddbf592cd3b523a8e49b9386625bf8b,synthetic_degradation_v1,sample_temporal_trajectory,synthetic_degradation_trajectory,42,4,2,2,2026-09-02T20:45:00Z,1.2.0,62e10bc07ec9873f,CONTROLLED_FAILURE_EVENT,is_failure onset or future failure within K controlled_degradation_states,trajectory_ground_truth_sequence,False,,,,,0.1616,0.1592,0.0393,0.1521,0.1521,0.05709549505482508,,,,,,NORMAL,True,True,True,True,False,False,False,True,False,1,6,0,4.0
64f8a4e3778314cbb0b92aec,TEMPORAL_GOVERNANCE,Modules_12_13_EarlyWarning,examples/sample_temporal_trajectory.csv,7120aaaf6df305220183e04d8365ce38dddbf592cd3b523a8e49b9386625bf8b,synthetic_degradation_v1,sample_temporal_trajectory,synthetic_degradation_trajectory,42,4,2,3,2026-09-02T20:45:00Z,1.2.0,62e10bc07ec9873f,CONTROLLED_FAILURE_EVENT,is_failure onset or future failure within K controlled_degradation_states,trajectory_ground_truth_sequence,False,,,,,0.1616,0.1592,0.0393,0.1521,0.1521,0.05709549505482508,,,,,,NORMAL,True,True,True,True,False,False,False,True,False,1,6,0,4.0
74346e885b47ad769664c8eb,TEMPORAL_GOVERNANCE,Modules_12_13_EarlyWarning,examples/sample_temporal_trajectory.csv,7120aaaf6df305220183e04d8365ce38dddbf592cd3b523a8e49b9386625bf8b,synthetic_degradation_v1,sample_temporal_trajectory,synthetic_degradation_trajectory,42,4,2,5,2026-09-02T20:45:00Z,1.2.0,62e10bc07ec9873f,CONTROLLED_FAILURE_EVENT,is_failure onset or future failure within K controlled_degradation_states,trajectory_ground_truth_sequence,False,,,,,0.1616,0.1592,0.0393,0.1521,0.1521,0.05709549505482508,,,,,,NORMAL,True,True,True,True,False,False,False,True,False,1,6,1,4.0
39cf3501d04579823cb27ac9,TEMPORAL_GOVERNANCE,Modules_12_13_EarlyWarning,examples/sample_temporal_trajectory.csv,7120aaaf6df305220183e04d8365ce38dddbf592cd3b523a8e49b9386625bf8b,synthetic_degradation_v1,sample_temporal_trajectory,synthetic_degradation_trajectory,42,4,3,1,2026-09-02T20:45:00Z,1.2.0,62e10bc07ec9873f,CONTROLLED_FAILURE_EVENT,is_failure onset or future failure within K controlled_degradation_states,trajectory_ground_truth_sequence,False,,,,,0.1718,0.2034,0.0848,0.1775,0.1775,0.05014813611247736,,,,,,NORMAL,True,True,True,True,False,False,False,True,False,1,6,0,3.0
280c6c67444016daeec71dc5,TEMPORAL_GOVERNANCE,Modules_12_13_EarlyWarning,examples/sample_temporal_trajectory.csv,7120aaaf6df305220183e04d8365ce38dddbf592cd3b523a8e49b9386625bf8b,synthetic_degradation_v1,sample_temporal_trajectory,synthetic_degradation_trajectory,42,4,3,2,2026-09-02T20:45:00Z,1.2.0,62e10bc07ec9873f,CONTROLLED_FAILURE_EVENT,is_failure onset or future failure within K controlled_degradation_states,trajectory_ground_truth_sequence,False,,,,,0.1718,0.2034,0.0848,0.1775,0.1775,0.05014813611247736,,,,,,NORMAL,True,True,True,True,False,False,False,True,False,1,6,0,3.0
679b0cd6efef1aa4fcee09f1,TEMPORAL_GOVERNANCE,Modules_12_13_EarlyWarning,examples/sample_temporal_trajectory.csv,7120aaaf6df305220183e04d8365ce38dddbf592cd3b523a8e49b9386625bf8b,synthetic_degradation_v1,sample_temporal_trajectory,synthetic_degradation_trajectory,42,4,3,3,2026-09-02T20:45:00Z,1.2.0,62e10bc07ec9873f,CONTROLLED_FAILURE_EVENT,is_failure onset or future failure within K controlled_degradation_states,trajectory_ground_truth_sequence,False,,,,,0.1718,0.2034,0.0848,0.1775,0.1775,0.05014813611247736,,,,,,NORMAL,True,True,True,True,False,False,False,True,False,1,6,1,3.0
68aced2338ae25473a472652,TEMPORAL_GOVERNANCE,Modules_12_13_EarlyWarning,examples/sample_temporal_trajectory.csv,7120aaaf6df305220183e04d8365ce38dddbf592cd3b523a8e49b9386625bf8b,synthetic_degradation_v1,sample_temporal_trajectory,synthetic_degradation_trajectory,42,4,3,5,2026-09-02T20:45:00Z,1.2.0,62e10bc07ec9873f,CONTROLLED_FAILURE_EVENT,is_failure onset or future failure within K controlled_degradation_states,trajectory_ground_truth_sequence,False,,,,,0.1718,0.2034,0.0848,0.1775,0.1775,0.05014813611247736,,,,,,NORMAL,True,True,True,True,False,False,False,True,False,1,6,1,3.0
adbe779ecbcda9a0a8c6e260,TEMPORAL_GOVERNANCE,Modules_12_13_EarlyWarning,examples/sample_temporal_trajectory.csv,7120aaaf6df305220183e04d8365ce38dddbf592cd3b523a8e49b9386625bf8b,synthetic_degradation_v1,sample_temporal_trajectory,synthetic_degradation_trajectory,42,4,4,1,2026-09-02T20:45:00Z,1.2.0,62e10bc07ec9873f,CONTROLLED_FAILURE_EVENT,is_failure onset or future failure within K controlled_degradation_states,trajectory_ground_truth_sequence,False,,,,,0.2296,0.2428,0.0978,0.2317,0.2317,0.06546456208429785,,,,,,NORMAL,True,True,True,True,False,False,False,True,False,1,6,0,2.0
276391e4ea7c2aafaa5ad227,TEMPORAL_GOVERNANCE,Modules_12_13_EarlyWarning,examples/sample_temporal_trajectory.csv,7120aaaf6df305220183e04d8365ce38dddbf592cd3b523a8e49b9386625bf8b,synthetic_degradation_v1,sample_temporal_trajectory,synthetic_degradation_trajectory,42,4,4,2,2026-09-02T20:45:00Z,1.2.0,62e10bc07ec9873f,CONTROLLED_FAILURE_EVENT,is_failure onset or future failure within K controlled_degradation_states,trajectory_ground_truth_sequence,False,,,,,0.2296,0.2428,0.0978,0.2317,0.2317,0.06546456208429785,,,,,,NORMAL,True,True,True,True,False,False,False,True,False,1,6,1,2.0
db9df81ec4eb17457e9e0567,TEMPORAL_GOVERNANCE,Modules_12_13_EarlyWarning,examples/sample_temporal_trajectory.csv,7120aaaf6df305220183e04d8365ce38dddbf592cd3b523a8e49b9386625bf8b,synthetic_degradation_v1,sample_temporal_trajectory,synthetic_degradation_trajectory,42,4,4,3,2026-09-02T20:45:00Z,1.2.0,62e10bc07ec9873f,CONTROLLED_FAILURE_EVENT,is_failure onset or future failure within K controlled_degradation_states,trajectory_ground_truth_sequence,False,,,,,0.2296,0.2428,0.0978,0.2317,0.2317,0.06546456208429785,,,,,,NORMAL,True,True,True,True,False,False,False,True,False,1,6,1,2.0
ad413b910a2839155d7ea413,TEMPORAL_GOVERNANCE,Modules_12_13_EarlyWarning,examples/sample_temporal_trajectory.csv,7120aaaf6df305220183e04d8365ce38dddbf592cd3b523a8e49b9386625bf8b,synthetic_degradation_v1,sample_temporal_trajectory,synthetic_degradation_trajectory,42,4,4,5,2026-09-02T20:45:00Z,1.2.0,62e10bc07ec9873f,CONTROLLED_FAILURE_EVENT,is_failure onset or future failure within K controlled_degradation_states,trajectory_ground_truth_sequence,False,,,,,0.2296,0.2428,0.0978,0.2317,0.2317,0.06546456208429785,,,,,,NORMAL,True,True,True,True,False,False,False,True,False,1,6,1,2.0
3d001aa152183c0dcbe1bdf4,TEMPORAL_GOVERNANCE,Modules_12_13_EarlyWarning,examples/sample_temporal_trajectory.csv,7120aaaf6df305220183e04d8365ce38dddbf592cd3b523a8e49b9386625bf8b,synthetic_degradation_v1,sample_temporal_trajectory,synthetic_degradation_trajectory,42,4,5,1,2026-09-02T20:45:00Z,1.2.0,62e10bc07ec9873f,CONTROLLED_FAILURE_EVENT,is_failure onset or future failure within K controlled_degradation_states,trajectory_ground_truth_sequence,False,,,,,0.2541,0.2883,0.1271,0.2639,0.2639,0.0693494212104342,,,,,,NORMAL,True,True,True,True,False,False,False,True,False,1,6,1,1.0
960b069604eaa00fbba58020,TEMPORAL_GOVERNANCE,Modules_12_13_EarlyWarning,examples/sample_temporal_trajectory.csv,7120aaaf6df305220183e04d8365ce38dddbf592cd3b523a8e49b9386625bf8b,synthetic_degradation_v1,sample_temporal_trajectory,synthetic_degradation_trajectory,42,4,5,2,2026-09-02T20:45:00Z,1.2.0,62e10bc07ec9873f,CONTROLLED_FAILURE_EVENT,is_failure onset or future failure within K controlled_degradation_states,trajectory_ground_truth_sequence,False,,,,,0.2541,0.2883,0.1271,0.2639,0.2639,0.0693494212104342,,,,,,NORMAL,True,True,True,True,False,False,False,True,False,1,6,1,1.0
315b5f9f434b9d948e5741a8,TEMPORAL_GOVERNANCE,Modules_12_13_EarlyWarning,examples/sample_temporal_trajectory.csv,7120aaaf6df305220183e04d8365ce38dddbf592cd3b523a8e49b9386625bf8b,synthetic_degradation_v1,sample_temporal_trajectory,synthetic_degradation_trajectory,42,4,5,3,2026-09-02T20:45:00Z,1.2.0,62e10bc07ec9873f,CONTROLLED_FAILURE_EVENT,is_failure onset or future failure within K controlled_degradation_states,trajectory_ground_truth_sequence,False,,,,,0.2541,0.2883,0.1271,0.2639,0.2639,0.0693494212104342,,,,,,NORMAL,True,True,True,True,False,False,False,True,False,1,6,1,1.0
26cedadd0ab59f6b0be6f29e,TEMPORAL_GOVERNANCE,Modules_12_13_EarlyWarning,examples/sample_temporal_trajectory.csv,7120aaaf6df305220183e04d8365ce38dddbf592cd3b523a8e49b9386625bf8b,synthetic_degradation_v1,sample_temporal_trajectory,synthetic_degradation_trajectory,42,4,5,5,2026-09-02T20:45:00Z,1.2.0,62e10bc07ec9873f,CONTROLLED_FAILURE_EVENT,is_failure onset or future failure within K controlled_degradation_states,trajectory_ground_truth_sequence,False,,,,,0.2541,0.2883,0.1271,0.2639,0.2639,0.0693494212104342,,,,,,NORMAL,True,True,True,True,False,False,False,True,False,1,6,1,1.0
0bbd26bd708355000b063258,TEMPORAL_GOVERNANCE,Modules_12_13_EarlyWarning,examples/sample_temporal_trajectory.csv,7120aaaf6df305220183e04d8365ce38dddbf592cd3b523a8e49b9386625bf8b,synthetic_degradation_v1,sample_temporal_trajectory,synthetic_degradation_trajectory,42,4,6,1,2026-09-02T20:45:00Z,1.2.0,62e10bc07ec9873f,CONTROLLED_FAILURE_EVENT,is_failure onset or future failure within K controlled_degradation_states,trajectory_ground_truth_sequence,False,,,,,0.7282,0.6501,0.4047,0.6512,0.6512,0.13782961300904178,,,,,,NORMAL,True,True,True,True,False,False,False,True,False,1,6,1,0.0
3dc12f61a9c5dac456849fbd,TEMPORAL_GOVERNANCE,Modules_12_13_EarlyWarning,examples/sample_temporal_trajectory.csv,7120aaaf6df305220183e04d8365ce38dddbf592cd3b523a8e49b9386625bf8b,synthetic_degradation_v1,sample_temporal_trajectory,synthetic_degradation_trajectory,42,4,6,2,2026-09-02T20:45:00Z,1.2.0,62e10bc07ec9873f,CONTROLLED_FAILURE_EVENT,is_failure onset or future failure within K controlled_degradation_states,trajectory_ground_truth_sequence,False,,,,,0.7282,0.6501,0.4047,0.6512,0.6512,0.13782961300904178,,,,,,NORMAL,True,True,True,True,False,False,False,True,False,1,6,1,0.0
ee5693ebc1c0e533bc9dc466,TEMPORAL_GOVERNANCE,Modules_12_13_EarlyWarning,examples/sample_temporal_trajectory.csv,7120aaaf6df305220183e04d8365ce38dddbf592cd3b523a8e49b9386625bf8b,synthetic_degradation_v1,sample_temporal_trajectory,synthetic_degradation_trajectory,42,4,6,3,2026-09-02T20:45:00Z,1.2.0,62e10bc07ec9873f,CONTROLLED_FAILURE_EVENT,is_failure onset or future failure within K controlled_degradation_states,trajectory_ground_truth_sequence,False,,,,,0.7282,0.6501,0.4047,0.6512,0.6512,0.13782961300904178,,,,,,NORMAL,True,True,True,True,False,False,False,True,False,1,6,1,0.0
22701042e3c1c17b5f4d771b,TEMPORAL_GOVERNANCE,Modules_12_13_EarlyWarning,examples/sample_temporal_trajectory.csv,7120aaaf6df305220183e04d8365ce38dddbf592cd3b523a8e49b9386625bf8b,synthetic_degradation_v1,sample_temporal_trajectory,synthetic_degradation_trajectory,42,4,6,5,2026-09-02T20:45:00Z,1.2.0,62e10bc07ec9873f,CONTROLLED_FAILURE_EVENT,is_failure onset or future failure within K controlled_degradation_states,trajectory_ground_truth_sequence,False,,,,,0.7282,0.6501,0.4047,0.6512,0.6512,0.13782961300904178,,,,,,NORMAL,True,True,True,True,False,False,False,True,False,1,6,1,0.0
ccf7b72086cd73400f7faf3f,TEMPORAL_GOVERNANCE,Modules_12_13_EarlyWarning,examples/sample_temporal_trajectory.csv,7120aaaf6df305220183e04d8365ce38dddbf592cd3b523a8e49b9386625bf8b,synthetic_degradation_v1,sample_temporal_trajectory,synthetic_degradation_trajectory,42,4,7,1,2026-09-02T20:45:00Z,1.2.0,62e10bc07ec9873f,CONTROLLED_FAILURE_EVENT,is_failure onset or future failure within K controlled_degradation_states,trajectory_ground_truth_sequence,False,,,,,0.829,0.7645,0.5193,0.7615,0.7615,0.13341554965178867,,,,,,NORMAL,True,True,True,True,False,False,False,True,False,1,6,1,
810d6dde5abc8c846b0b2512,TEMPORAL_GOVERNANCE,Modules_12_13_EarlyWarning,examples/sample_temporal_trajectory.csv,7120aaaf6df305220183e04d8365ce38dddbf592cd3b523a8e49b9386625bf8b,synthetic_degradation_v1,sample_temporal_trajectory,synthetic_degradation_trajectory,42,4,7,2,2026-09-02T20:45:00Z,1.2.0,62e10bc07ec9873f,CONTROLLED_FAILURE_EVENT,is_failure onset or future failure within K controlled_degradation_states,trajectory_ground_truth_sequence,False,,,,,0.829,0.7645,0.5193,0.7615,0.7615,0.13341554965178867,,,,,,NORMAL,True,True,True,True,False,False,False,True,False,1,6,1,
d4f85bcdeac125211660f295,TEMPORAL_GOVERNANCE,Modules_12_13_EarlyWarning,examples/sample_temporal_trajectory.csv,7120aaaf6df305220183e04d8365ce38dddbf592cd3b523a8e49b9386625bf8b,synthetic_degradation_v1,sample_temporal_trajectory,synthetic_degradation_trajectory,42,4,7,3,2026-09-02T20:45:00Z,1.2.0,62e10bc07ec9873f,CONTROLLED_FAILURE_EVENT,is_failure onset or future failure within K controlled_degradation_states,trajectory_ground_truth_sequence,False,,,,,0.829,0.7645,0.5193,0.7615,0.7615,0.13341554965178867,,,,,,NORMAL,True,True,True,True,False,False,False,True,False,1,6,1,
4028ac0df5b44c17cfebc253,TEMPORAL_GOVERNANCE,Modules_12_13_EarlyWarning,examples/sample_temporal_trajectory.csv,7120aaaf6df305220183e04d8365ce38dddbf592cd3b523a8e49b9386625bf8b,synthetic_degradation_v1,sample_temporal_trajectory,synthetic_degradation_trajectory,42,4,7,5,2026-09-02T20:45:00Z,1.2.0,62e10bc07ec9873f,CONTROLLED_FAILURE_EVENT,is_failure onset or future failure within K controlled_degradation_states,trajectory_ground_truth_sequence,False,,,,,0.829,0.7645,0.5193,0.7615,0.7615,0.13341554965178867,,,,,,NORMAL,True,True,True,True,False,False,False,True,False,1,6,1,
1be247aa33c6f70c99cf3ffa,TEMPORAL_GOVERNANCE,Modules_12_13_EarlyWarning,examples/sample_temporal_trajectory.csv,7120aaaf6df305220183e04d8365ce38dddbf592cd3b523a8e49b9386625bf8b,synthetic_degradation_v1,sample_temporal_trajectory,synthetic_degradation_trajectory,42,4,8,1,2026-09-02T20:45:00Z,1.2.0,62e10bc07ec9873f,CONTROLLED_FAILURE_EVENT,is_failure onset or future failure within K controlled_degradation_states,trajectory_ground_truth_sequence,False,,,,,0.8775,0.8174,0.5915,0.8306,0.8306,0.12312541934502753,,,,,,NORMAL,True,True,True,True,False,False,False,True,False,1,6,1,
2ea99dabd04b81c56e8bd42f,TEMPORAL_GOVERNANCE,Modules_12_13_EarlyWarning,examples/sample_temporal_trajectory.csv,7120aaaf6df305220183e04d8365ce38dddbf592cd3b523a8e49b9386625bf8b,synthetic_degradation_v1,sample_temporal_trajectory,synthetic_degradation_trajectory,42,4,8,2,2026-09-02T20:45:00Z,1.2.0,62e10bc07ec9873f,CONTROLLED_FAILURE_EVENT,is_failure onset or future failure within K controlled_degradation_states,trajectory_ground_truth_sequence,False,,,,,0.8775,0.8174,0.5915,0.8306,0.8306,0.12312541934502753,,,,,,NORMAL,True,True,True,True,False,False,False,True,False,1,6,1,
3589636f68efd955c269f2f3,TEMPORAL_GOVERNANCE,Modules_12_13_EarlyWarning,examples/sample_temporal_trajectory.csv,7120aaaf6df305220183e04d8365ce38dddbf592cd3b523a8e49b9386625bf8b,synthetic_degradation_v1,sample_temporal_trajectory,synthetic_degradation_trajectory,42,4,8,3,2026-09-02T20:45:00Z,1.2.0,62e10bc07ec9873f,CONTROLLED_FAILURE_EVENT,is_failure onset or future failure within K controlled_degradation_states,trajectory_ground_truth_sequence,False,,,,,0.8775,0.8174,0.5915,0.8306,0.8306,0.12312541934502753,,,,,,NORMAL,True,True,True,True,False,False,False,True,False,1,6,1,
3e5941e4451672a1e6c570e7,TEMPORAL_GOVERNANCE,Modules_12_13_EarlyWarning,examples/sample_temporal_trajectory.csv,7120aaaf6df305220183e04d8365ce38dddbf592cd3b523a8e49b9386625bf8b,synthetic_degradation_v1,sample_temporal_trajectory,synthetic_degradation_trajectory,42,4,8,5,2026-09-02T20:45:00Z,1.2.0,62e10bc07ec9873f,CONTROLLED_FAILURE_EVENT,is_failure onset or future failure within K controlled_degradation_states,trajectory_ground_truth_sequence,False,,,,,0.8775,0.8174,0.5915,0.8306,0.8306,0.12312541934502753,,,,,,NORMAL,True,True,True,True,False,False,False,True,False,1,6,1,
a96eb26bf8f18f036b5462d9,TEMPORAL_GOVERNANCE,Modules_12_13_EarlyWarning,examples/sample_temporal_trajectory.csv,7120aaaf6df305220183e04d8365ce38dddbf592cd3b523a8e49b9386625bf8b,synthetic_degradation_v1,sample_temporal_trajectory,synthetic_degradation_trajectory,42,4,9,1,2026-09-02T20:45:00Z,1.2.0,62e10bc07ec9873f,CONTROLLED_FAILURE_EVENT,is_failure onset or future failure within K controlled_degradation_states,trajectory_ground_truth_sequence,False,,,,,0.9125,0.9172,0.6649,0.8886,0.8886,0.11784318204951677,,,,,,NORMAL,True,True,True,True,False,False,False,True,False,1,6,0,
55a57e94ea2596fe125bbb32,TEMPORAL_GOVERNANCE,Modules_12_13_EarlyWarning,examples/sample_temporal_trajectory.csv,7120aaaf6df305220183e04d8365ce38dddbf592cd3b523a8e49b9386625bf8b,synthetic_degradation_v1,sample_temporal_trajectory,synthetic_degradation_trajectory,42,4,9,2,2026-09-02T20:45:00Z,1.2.0,62e10bc07ec9873f,CONTROLLED_FAILURE_EVENT,is_failure onset or future failure within K controlled_degradation_states,trajectory_ground_truth_sequence,False,,,,,0.9125,0.9172,0.6649,0.8886,0.8886,0.11784318204951677,,,,,,NORMAL,True,True,True,True,False,False,False,True,False,1,6,0,
0a9b2c8e64b763fbe14cbfb1,TEMPORAL_GOVERNANCE,Modules_12_13_EarlyWarning,examples/sample_temporal_trajectory.csv,7120aaaf6df305220183e04d8365ce38dddbf592cd3b523a8e49b9386625bf8b,synthetic_degradation_v1,sample_temporal_trajectory,synthetic_degradation_trajectory,42,4,9,3,2026-09-02T20:45:00Z,1.2.0,62e10bc07ec9873f,CONTROLLED_FAILURE_EVENT,is_failure onset or future failure within K controlled_degradation_states,trajectory_ground_truth_sequence,False,,,,,0.9125,0.9172,0.6649,0.8886,0.8886,0.11784318204951677,,,,,,NORMAL,True,True,True,True,False,False,False,True,False,1,6,0,
32cab3b43f755ebf4faedeae,TEMPORAL_GOVERNANCE,Modules_12_13_EarlyWarning,examples/sample_temporal_trajectory.csv,7120aaaf6df305220183e04d8365ce38dddbf592cd3b523a8e49b9386625bf8b,synthetic_degradation_v1,sample_temporal_trajectory,synthetic_degradation_trajectory,42,4,9,5,2026-09-02T20:45:00Z,1.2.0,62e10bc07ec9873f,CONTROLLED_FAILURE_EVENT,is_failure onset or future failure within K controlled_degradation_states,trajectory_ground_truth_sequence,False,,,,,0.9125,0.9172,0.6649,0.8886,0.8886,0.11784318204951677,,,,,,NORMAL,True,True,True,True,False,False,False,True,False,1,6,0,
5bf55acfd51a4e26c01e6754,TEMPORAL_GOVERNANCE,Modules_12_13_EarlyWarning,examples/sample_temporal_trajectory.csv,7120aaaf6df305220183e04d8365ce38dddbf592cd3b523a8e49b9386625bf8b,synthetic_degradation_v1,sample_temporal_trajectory,synthetic_degradation_trajectory,42,5,0,1,2026-09-02T20:45:00Z,1.2.0,62e10bc07ec9873f,CONTROLLED_FAILURE_EVENT,is_failure onset or future failure within K controlled_degradation_states,trajectory_ground_truth_sequence,False,,,,,0.1036,0.1257,0.0431,0.1027,0.1027,0.03491484879913798,,,,,,NORMAL,True,True,True,True,False,False,False,True,False,1,6,0,6.0
050c80aa54785d5e9cf9d1d5,TEMPORAL_GOVERNANCE,Modules_12_13_EarlyWarning,examples/sample_temporal_trajectory.csv,7120aaaf6df305220183e04d8365ce38dddbf592cd3b523a8e49b9386625bf8b,synthetic_degradation_v1,sample_temporal_trajectory,synthetic_degradation_trajectory,42,5,0,2,2026-09-02T20:45:00Z,1.2.0,62e10bc07ec9873f,CONTROLLED_FAILURE_EVENT,is_failure onset or future failure within K controlled_degradation_states,trajectory_ground_truth_sequence,False,,,,,0.1036,0.1257,0.0431,0.1027,0.1027,0.03491484879913798,,,,,,NORMAL,True,True,True,True,False,False,False,True,False,1,6,0,6.0
54625ea62730de1d32bdab7a,TEMPORAL_GOVERNANCE,Modules_12_13_EarlyWarning,examples/sample_temporal_trajectory.csv,7120aaaf6df305220183e04d8365ce38dddbf592cd3b523a8e49b9386625bf8b,synthetic_degradation_v1,sample_temporal_trajectory,synthetic_degradation_trajectory,42,5,0,3,2026-09-02T20:45:00Z,1.2.0,62e10bc07ec9873f,CONTROLLED_FAILURE_EVENT,is_failure onset or future failure within K controlled_degradation_states,trajectory_ground_truth_sequence,False,,,,,0.1036,0.1257,0.0431,0.1027,0.1027,0.03491484879913798,,,,,,NORMAL,True,True,True,True,False,False,False,True,False,1,6,0,6.0
757eecd51e9fb836c8ebf62b,TEMPORAL_GOVERNANCE,Modules_12_13_EarlyWarning,examples/sample_temporal_trajectory.csv,7120aaaf6df305220183e04d8365ce38dddbf592cd3b523a8e49b9386625bf8b,synthetic_degradation_v1,sample_temporal_trajectory,synthetic_degradation_trajectory,42,5,0,5,2026-09-02T20:45:00Z,1.2.0,62e10bc07ec9873f,CONTROLLED_FAILURE_EVENT,is_failure onset or future failure within K controlled_degradation_states,trajectory_ground_truth_sequence,False,,,,,0.1036,0.1257,0.0431,0.1027,0.1027,0.03491484879913798,,,,,,NORMAL,True,True,True,True,False,False,False,True,False,1,6,0,6.0
ea838ea6f39f1fc87f602dd7,TEMPORAL_GOVERNANCE,Modules_12_13_EarlyWarning,examples/sample_temporal_trajectory.csv,7120aaaf6df305220183e04d8365ce38dddbf592cd3b523a8e49b9386625bf8b,synthetic_degradation_v1,sample_temporal_trajectory,synthetic_degradation_trajectory,42,5,1,1,2026-09-02T20:45:00Z,1.2.0,62e10bc07ec9873f,CONTROLLED_FAILURE_EVENT,is_failure onset or future failure within K controlled_degradation_states,trajectory_ground_truth_sequence,False,,,,,0.1256,0.1514,0.0213,0.1322,0.1322,0.056243656432427014,,,,,,NORMAL,True,True,True,True,False,False,False,True,False,1,6,0,5.0
70669f0b6a0be848fbd9d2ab,TEMPORAL_GOVERNANCE,Modules_12_13_EarlyWarning,examples/sample_temporal_trajectory.csv,7120aaaf6df305220183e04d8365ce38dddbf592cd3b523a8e49b9386625bf8b,synthetic_degradation_v1,sample_temporal_trajectory,synthetic_degradation_trajectory,42,5,1,2,2026-09-02T20:45:00Z,1.2.0,62e10bc07ec9873f,CONTROLLED_FAILURE_EVENT,is_failure onset or future failure within K controlled_degradation_states,trajectory_ground_truth_sequence,False,,,,,0.1256,0.1514,0.0213,0.1322,0.1322,0.056243656432427014,,,,,,NORMAL,True,True,True,True,False,False,False,True,False,1,6,0,5.0
581398ddf622c73efd855c51,TEMPORAL_GOVERNANCE,Modules_12_13_EarlyWarning,examples/sample_temporal_trajectory.csv,7120aaaf6df305220183e04d8365ce38dddbf592cd3b523a8e49b9386625bf8b,synthetic_degradation_v1,sample_temporal_trajectory,synthetic_degradation_trajectory,42,5,1,3,2026-09-02T20:45:00Z,1.2.0,62e10bc07ec9873f,CONTROLLED_FAILURE_EVENT,is_failure onset or future failure within K controlled_degradation_states,trajectory_ground_truth_sequence,False,,,,,0.1256,0.1514,0.0213,0.1322,0.1322,0.056243656432427014,,,,,,NORMAL,True,True,True,True,False,False,False,True,False,1,6,0,5.0
48c871077f25e9b44dbaf20f,TEMPORAL_GOVERNANCE,Modules_12_13_EarlyWarning,examples/sample_temporal_trajectory.csv,7120aaaf6df305220183e04d8365ce38dddbf592cd3b523a8e49b9386625bf8b,synthetic_degradation_v1,sample_temporal_trajectory,synthetic_degradation_trajectory,42,5,1,5,2026-09-02T20:45:00Z,1.2.0,62e10bc07ec9873f,CONTROLLED_FAILURE_EVENT,is_failure onset or future failure within K controlled_degradation_states,trajectory_ground_truth_sequence,False,,,,,0.1256,0.1514,0.0213,0.1322,0.1322,0.056243656432427014,,,,,,NORMAL,True,True,True,True,False,False,False,True,False,1,6,1,5.0
47093048966c905340f84260,TEMPORAL_GOVERNANCE,Modules_12_13_EarlyWarning,examples/sample_temporal_trajectory.csv,7120aaaf6df305220183e04d8365ce38dddbf592cd3b523a8e49b9386625bf8b,synthetic_degradation_v1,sample_temporal_trajectory,synthetic_degradation_trajectory,42,5,2,1,2026-09-02T20:45:00Z,1.2.0,62e10bc07ec9873f,CONTROLLED_FAILURE_EVENT,is_failure onset or future failure within K controlled_degradation_states,trajectory_ground_truth_sequence,False,,,,,0.1608,0.1695,0.0569,0.1505,0.1505,0.05115299491612284,,,,,,NORMAL,True,True,True,True,False,False,False,True,False,1,6,0,4.0
3a3742fca5c2d60f2e304c05,TEMPORAL_GOVERNANCE,Modules_12_13_EarlyWarning,examples/sample_temporal_trajectory.csv,7120aaaf6df305220183e04d8365ce38dddbf592cd3b523a8e49b9386625bf8b,synthetic_degradation_v1,sample_temporal_trajectory,synthetic_degradation_trajectory,42,5,2,2,2026-09-02T20:45:00Z,1.2.0,62e10bc07ec9873f,CONTROLLED_FAILURE_EVENT,is_failure onset or future failure within K controlled_degradation_states,trajectory_ground_truth_sequence,False,,,,,0.1608,0.1695,0.0569,0.1505,0.1505,0.05115299491612284,,,,,,NORMAL,True,True,True,True,False,False,False,True,False,1,6,0,4.0
b35d8ff954e55f8c0cb463a9,TEMPORAL_GOVERNANCE,Modules_12_13_EarlyWarning,examples/sample_temporal_trajectory.csv,7120aaaf6df305220183e04d8365ce38dddbf592cd3b523a8e49b9386625bf8b,synthetic_degradation_v1,sample_temporal_trajectory,synthetic_degradation_trajectory,42,5,2,3,2026-09-02T20:45:00Z,1.2.0,62e10bc07ec9873f,CONTROLLED_FAILURE_EVENT,is_failure onset or future failure within K controlled_degradation_states,trajectory_ground_truth_sequence,False,,,,,0.1608,0.1695,0.0569,0.1505,0.1505,0.05115299491612284,,,,,,NORMAL,True,True,True,True,False,False,False,True,False,1,6,0,4.0
b6fc1df3f11aa9d3ff9f7253,TEMPORAL_GOVERNANCE,Modules_12_13_EarlyWarning,examples/sample_temporal_trajectory.csv,7120aaaf6df305220183e04d8365ce38dddbf592cd3b523a8e49b9386625bf8b,synthetic_degradation_v1,sample_temporal_trajectory,synthetic_degradation_trajectory,42,5,2,5,2026-09-02T20:45:00Z,1.2.0,62e10bc07ec9873f,CONTROLLED_FAILURE_EVENT,is_failure onset or future failure within K controlled_degradation_states,trajectory_ground_truth_sequence,False,,,,,0.1608,0.1695,0.0569,0.1505,0.1505,0.05115299491612284,,,,,,NORMAL,True,True,True,True,False,False,False,True,False,1,6,1,4.0
349987ebf7fbd1cab143ea34,TEMPORAL_GOVERNANCE,Modules_12_13_EarlyWarning,examples/sample_temporal_trajectory.csv,7120aaaf6df305220183e04d8365ce38dddbf592cd3b523a8e49b9386625bf8b,synthetic_degradation_v1,sample_temporal_trajectory,synthetic_degradation_trajectory,42,5,3,1,2026-09-02T20:45:00Z,1.2.0,62e10bc07ec9873f,CONTROLLED_FAILURE_EVENT,is_failure onset or future failure within K controlled_degradation_states,trajectory_ground_truth_sequence,False,,,,,0.1905,0.2065,0.0639,0.1835,0.1835,0.06378637959801624,,,,,,NORMAL,True,True,True,True,False,False,False,True,False,1,6,0,3.0
dee82079400e4c105bb5b189,TEMPORAL_GOVERNANCE,Modules_12_13_EarlyWarning,examples/sample_temporal_trajectory.csv,7120aaaf6df305220183e04d8365ce38dddbf592cd3b523a8e49b9386625bf8b,synthetic_degradation_v1,sample_temporal_trajectory,synthetic_degradation_trajectory,42,5,3,2,2026-09-02T20:45:00Z,1.2.0,62e10bc07ec9873f,CONTROLLED_FAILURE_EVENT,is_failure onset or future failure within K controlled_degradation_states,trajectory_ground_truth_sequence,False,,,,,0.1905,0.2065,0.0639,0.1835,0.1835,0.06378637959801624,,,,,,NORMAL,True,True,True,True,False,False,False,True,False,1,6,0,3.0
c31b493ddc225585e71b7a71,TEMPORAL_GOVERNANCE,Modules_12_13_EarlyWarning,examples/sample_temporal_trajectory.csv,7120aaaf6df305220183e04d8365ce38dddbf592cd3b523a8e49b9386625bf8b,synthetic_degradation_v1,sample_temporal_trajectory,synthetic_degradation_trajectory,42,5,3,3,2026-09-02T20:45:00Z,1.2.0,62e10bc07ec9873f,CONTROLLED_FAILURE_EVENT,is_failure onset or future failure within K controlled_degradation_states,trajectory_ground_truth_sequence,False,,,,,0.1905,0.2065,0.0639,0.1835,0.1835,0.06378637959801624,,,,,,NORMAL,True,True,True,True,False,False,False,True,False,1,6,1,3.0
b6a01a3e09de963a28dfd6e6,TEMPORAL_GOVERNANCE,Modules_12_13_EarlyWarning,examples/sample_temporal_trajectory.csv,7120aaaf6df305220183e04d8365ce38dddbf592cd3b523a8e49b9386625bf8b,synthetic_degradation_v1,sample_temporal_trajectory,synthetic_degradation_trajectory,42,5,3,5,2026-09-02T20:45:00Z,1.2.0,62e10bc07ec9873f,CONTROLLED_FAILURE_EVENT,is_failure onset or future failure within K controlled_degradation_states,trajectory_ground_truth_sequence,False,,,,,0.1905,0.2065,0.0639,0.1835,0.1835,0.06378637959801624,,,,,,NORMAL,True,True,True,True,False,False,False,True,False,1,6,1,3.0
559028ef33a38c2bffa5b818,TEMPORAL_GOVERNANCE,Modules_12_13_EarlyWarning,examples/sample_temporal_trajectory.csv,7120aaaf6df305220183e04d8365ce38dddbf592cd3b523a8e49b9386625bf8b,synthetic_degradation_v1,sample_temporal_trajectory,synthetic_degradation_trajectory,42,5,4,1,2026-09-02T20:45:00Z,1.2.0,62e10bc07ec9873f,CONTROLLED_FAILURE_EVENT,is_failure onset or future failure within K controlled_degradation_states,trajectory_ground_truth_sequence,False,,,,,0.2062,0.2368,0.0953,0.2514,0.2514,0.0607887233694613,,,,,,NORMAL,True,True,True,True,False,False,False,True,False,1,6,0,2.0
588018efc42badfdcff71b97,TEMPORAL_GOVERNANCE,Modules_12_13_EarlyWarning,examples/sample_temporal_trajectory.csv,7120aaaf6df305220183e04d8365ce38dddbf592cd3b523a8e49b9386625bf8b,synthetic_degradation_v1,sample_temporal_trajectory,synthetic_degradation_trajectory,42,5,4,2,2026-09-02T20:45:00Z,1.2.0,62e10bc07ec9873f,CONTROLLED_FAILURE_EVENT,is_failure onset or future failure within K controlled_degradation_states,trajectory_ground_truth_sequence,False,,,,,0.2062,0.2368,0.0953,0.2514,0.2514,0.0607887233694613,,,,,,NORMAL,True,True,True,True,False,False,False,True,False,1,6,1,2.0
9632b61676841a7d3846f5af,TEMPORAL_GOVERNANCE,Modules_12_13_EarlyWarning,examples/sample_temporal_trajectory.csv,7120aaaf6df305220183e04d8365ce38dddbf592cd3b523a8e49b9386625bf8b,synthetic_degradation_v1,sample_temporal_trajectory,synthetic_degradation_trajectory,42,5,4,3,2026-09-02T20:45:00Z,1.2.0,62e10bc07ec9873f,CONTROLLED_FAILURE_EVENT,is_failure onset or future failure within K controlled_degradation_states,trajectory_ground_truth_sequence,False,,,,,0.2062,0.2368,0.0953,0.2514,0.2514,0.0607887233694613,,,,,,NORMAL,True,True,True,True,False,False,False,True,False,1,6,1,2.0
949850c62cee13af8241b999,TEMPORAL_GOVERNANCE,Modules_12_13_EarlyWarning,examples/sample_temporal_trajectory.csv,7120aaaf6df305220183e04d8365ce38dddbf592cd3b523a8e49b9386625bf8b,synthetic_degradation_v1,sample_temporal_trajectory,synthetic_degradation_trajectory,42,5,4,5,2026-09-02T20:45:00Z,1.2.0,62e10bc07ec9873f,CONTROLLED_FAILURE_EVENT,is_failure onset or future failure within K controlled_degradation_states,trajectory_ground_truth_sequence,False,,,,,0.2062,0.2368,0.0953,0.2514,0.2514,0.0607887233694613,,,,,,NORMAL,True,True,True,True,False,False,False,True,False,1,6,1,2.0
9fc3ae6e34df7efa0a7a926b,TEMPORAL_GOVERNANCE,Modules_12_13_EarlyWarning,examples/sample_temporal_trajectory.csv,7120aaaf6df305220183e04d8365ce38dddbf592cd3b523a8e49b9386625bf8b,synthetic_degradation_v1,sample_temporal_trajectory,synthetic_degradation_trajectory,42,5,5,1,2026-09-02T20:45:00Z,1.2.0,62e10bc07ec9873f,CONTROLLED_FAILURE_EVENT,is_failure onset or future failure within K controlled_degradation_states,trajectory_ground_truth_sequence,False,,,,,0.2406,0.2876,0.1309,0.2663,0.2663,0.06565734282368324,,,,,,NORMAL,True,True,True,True,False,False,False,True,False,1,6,1,1.0
95c9a2f2cc6b517075e2e898,TEMPORAL_GOVERNANCE,Modules_12_13_EarlyWarning,examples/sample_temporal_trajectory.csv,7120aaaf6df305220183e04d8365ce38dddbf592cd3b523a8e49b9386625bf8b,synthetic_degradation_v1,sample_temporal_trajectory,synthetic_degradation_trajectory,42,5,5,2,2026-09-02T20:45:00Z,1.2.0,62e10bc07ec9873f,CONTROLLED_FAILURE_EVENT,is_failure onset or future failure within K controlled_degradation_states,trajectory_ground_truth_sequence,False,,,,,0.2406,0.2876,0.1309,0.2663,0.2663,0.06565734282368324,,,,,,NORMAL,True,True,True,True,False,False,False,True,False,1,6,1,1.0
aa774eeb0cfa373ee06185cd,TEMPORAL_GOVERNANCE,Modules_12_13_EarlyWarning,examples/sample_temporal_trajectory.csv,7120aaaf6df305220183e04d8365ce38dddbf592cd3b523a8e49b9386625bf8b,synthetic_degradation_v1,sample_temporal_trajectory,synthetic_degradation_trajectory,42,5,5,3,2026-09-02T20:45:00Z,1.2.0,62e10bc07ec9873f,CONTROLLED_FAILURE_EVENT,is_failure onset or future failure within K controlled_degradation_states,trajectory_ground_truth_sequence,False,,,,,0.2406,0.2876,0.1309,0.2663,0.2663,0.06565734282368324,,,,,,NORMAL,True,True,True,True,False,False,False,True,False,1,6,1,1.0
871b753bc791ae487af4f725,TEMPORAL_GOVERNANCE,Modules_12_13_EarlyWarning,examples/sample_temporal_trajectory.csv,7120aaaf6df305220183e04d8365ce38dddbf592cd3b523a8e49b9386625bf8b,synthetic_degradation_v1,sample_temporal_trajectory,synthetic_degradation_trajectory,42,5,5,5,2026-09-02T20:45:00Z,1.2.0,62e10bc07ec9873f,CONTROLLED_FAILURE_EVENT,is_failure onset or future failure within K controlled_degradation_states,trajectory_ground_truth_sequence,False,,,,,0.2406,0.2876,0.1309,0.2663,0.2663,0.06565734282368324,,,,,,NORMAL,True,True,True,True,False,False,False,True,False,1,6,1,1.0
07f8dd3d826aa97ab32ad308,TEMPORAL_GOVERNANCE,Modules_12_13_EarlyWarning,examples/sample_temporal_trajectory.csv,7120aaaf6df305220183e04d8365ce38dddbf592cd3b523a8e49b9386625bf8b,synthetic_degradation_v1,sample_temporal_trajectory,synthetic_degradation_trajectory,42,5,6,1,2026-09-02T20:45:00Z,1.2.0,62e10bc07ec9873f,CONTROLLED_FAILURE_EVENT,is_failure onset or future failure within K controlled_degradation_states,trajectory_ground_truth_sequence,False,,,,,0.7252,0.6423,0.4006,0.6397,0.6397,0.13770195673587535,,,,,,NORMAL,True,True,True,True,False,False,False,True,False,1,6,1,0.0
c88af6c4dc5c15e4034c09cf,TEMPORAL_GOVERNANCE,Modules_12_13_EarlyWarning,examples/sample_temporal_trajectory.csv,7120aaaf6df305220183e04d8365ce38dddbf592cd3b523a8e49b9386625bf8b,synthetic_degradation_v1,sample_temporal_trajectory,synthetic_degradation_trajectory,42,5,6,2,2026-09-02T20:45:00Z,1.2.0,62e10bc07ec9873f,CONTROLLED_FAILURE_EVENT,is_failure onset or future failure within K controlled_degradation_states,trajectory_ground_truth_sequence,False,,,,,0.7252,0.6423,0.4006,0.6397,0.6397,0.13770195673587535,,,,,,NORMAL,True,True,True,True,False,False,False,True,False,1,6,1,0.0
a05a6f9028c1d177569466ce,TEMPORAL_GOVERNANCE,Modules_12_13_EarlyWarning,examples/sample_temporal_trajectory.csv,7120aaaf6df305220183e04d8365ce38dddbf592cd3b523a8e49b9386625bf8b,synthetic_degradation_v1,sample_temporal_trajectory,synthetic_degradation_trajectory,42,5,6,3,2026-09-02T20:45:00Z,1.2.0,62e10bc07ec9873f,CONTROLLED_FAILURE_EVENT,is_failure onset or future failure within K controlled_degradation_states,trajectory_ground_truth_sequence,False,,,,,0.7252,0.6423,0.4006,0.6397,0.6397,0.13770195673587535,,,,,,NORMAL,True,True,True,True,False,False,False,True,False,1,6,1,0.0
ea8827b0865a3e59d21b8b3a,TEMPORAL_GOVERNANCE,Modules_12_13_EarlyWarning,examples/sample_temporal_trajectory.csv,7120aaaf6df305220183e04d8365ce38dddbf592cd3b523a8e49b9386625bf8b,synthetic_degradation_v1,sample_temporal_trajectory,synthetic_degradation_trajectory,42,5,6,5,2026-09-02T20:45:00Z,1.2.0,62e10bc07ec9873f,CONTROLLED_FAILURE_EVENT,is_failure onset or future failure within K controlled_degradation_states,trajectory_ground_truth_sequence,False,,,,,0.7252,0.6423,0.4006,0.6397,0.6397,0.13770195673587535,,,,,,NORMAL,True,True,True,True,False,False,False,True,False,1,6,1,0.0
6f562551e282e5c25249c30f,TEMPORAL_GOVERNANCE,Modules_12_13_EarlyWarning,examples/sample_temporal_trajectory.csv,7120aaaf6df305220183e04d8365ce38dddbf592cd3b523a8e49b9386625bf8b,synthetic_degradation_v1,sample_temporal_trajectory,synthetic_degradation_trajectory,42,5,7,1,2026-09-02T20:45:00Z,1.2.0,62e10bc07ec9873f,CONTROLLED_FAILURE_EVENT,is_failure onset or future failure within K controlled_degradation_states,trajectory_ground_truth_sequence,False,,,,,0.8151,0.7476,0.5092,0.7619,0.7619,0.13121890954516513,,,,,,NORMAL,True,True,True,True,False,False,False,True,False,1,6,1,
5d9d92329cfa6a9527f81f3e,TEMPORAL_GOVERNANCE,Modules_12_13_EarlyWarning,examples/sample_temporal_trajectory.csv,7120aaaf6df305220183e04d8365ce38dddbf592cd3b523a8e49b9386625bf8b,synthetic_degradation_v1,sample_temporal_trajectory,synthetic_degradation_trajectory,42,5,7,2,2026-09-02T20:45:00Z,1.2.0,62e10bc07ec9873f,CONTROLLED_FAILURE_EVENT,is_failure onset or future failure within K controlled_degradation_states,trajectory_ground_truth_sequence,False,,,,,0.8151,0.7476,0.5092,0.7619,0.7619,0.13121890954516513,,,,,,NORMAL,True,True,True,True,False,False,False,True,False,1,6,1,
36de528ee65ab45b5848dd9c,TEMPORAL_GOVERNANCE,Modules_12_13_EarlyWarning,examples/sample_temporal_trajectory.csv,7120aaaf6df305220183e04d8365ce38dddbf592cd3b523a8e49b9386625bf8b,synthetic_degradation_v1,sample_temporal_trajectory,synthetic_degradation_trajectory,42,5,7,3,2026-09-02T20:45:00Z,1.2.0,62e10bc07ec9873f,CONTROLLED_FAILURE_EVENT,is_failure onset or future failure within K controlled_degradation_states,trajectory_ground_truth_sequence,False,,,,,0.8151,0.7476,0.5092,0.7619,0.7619,0.13121890954516513,,,,,,NORMAL,True,True,True,True,False,False,False,True,False,1,6,1,
0cb004c2901a3146bb077dac,TEMPORAL_GOVERNANCE,Modules_12_13_EarlyWarning,examples/sample_temporal_trajectory.csv,7120aaaf6df305220183e04d8365ce38dddbf592cd3b523a8e49b9386625bf8b,synthetic_degradation_v1,sample_temporal_trajectory,synthetic_degradation_trajectory,42,5,7,5,2026-09-02T20:45:00Z,1.2.0,62e10bc07ec9873f,CONTROLLED_FAILURE_EVENT,is_failure onset or future failure within K controlled_degradation_states,trajectory_ground_truth_sequence,False,,,,,0.8151,0.7476,0.5092,0.7619,0.7619,0.13121890954516513,,,,,,NORMAL,True,True,True,True,False,False,False,True,False,1,6,1,
18c2376b5304d45afd0aaabb,TEMPORAL_GOVERNANCE,Modules_12_13_EarlyWarning,examples/sample_temporal_trajectory.csv,7120aaaf6df305220183e04d8365ce38dddbf592cd3b523a8e49b9386625bf8b,synthetic_degradation_v1,sample_temporal_trajectory,synthetic_degradation_trajectory,42,5,8,1,2026-09-02T20:45:00Z,1.2.0,62e10bc07ec9873f,CONTROLLED_FAILURE_EVENT,is_failure onset or future failure within K controlled_degradation_states,trajectory_ground_truth_sequence,False,,,,,0.8852,0.8151,0.5928,0.8234,0.8234,0.12464574690787578,,,,,,NORMAL,True,True,True,True,False,False,False,True,False,1,6,1,
fbb1e7bda4e325921f176572,TEMPORAL_GOVERNANCE,Modules_12_13_EarlyWarning,examples/sample_temporal_trajectory.csv,7120aaaf6df305220183e04d8365ce38dddbf592cd3b523a8e49b9386625bf8b,synthetic_degradation_v1,sample_temporal_trajectory,synthetic_degradation_trajectory,42,5,8,2,2026-09-02T20:45:00Z,1.2.0,62e10bc07ec9873f,CONTROLLED_FAILURE_EVENT,is_failure onset or future failure within K controlled_degradation_states,trajectory_ground_truth_sequence,False,,,,,0.8852,0.8151,0.5928,0.8234,0.8234,0.12464574690787578,,,,,,NORMAL,True,True,True,True,False,False,False,True,False,1,6,1,
11d50ab450a1e0fe093e7dae,TEMPORAL_GOVERNANCE,Modules_12_13_EarlyWarning,examples/sample_temporal_trajectory.csv,7120aaaf6df305220183e04d8365ce38dddbf592cd3b523a8e49b9386625bf8b,synthetic_degradation_v1,sample_temporal_trajectory,synthetic_degradation_trajectory,42,5,8,3,2026-09-02T20:45:00Z,1.2.0,62e10bc07ec9873f,CONTROLLED_FAILURE_EVENT,is_failure onset or future failure within K controlled_degradation_states,trajectory_ground_truth_sequence,False,,,,,0.8852,0.8151,0.5928,0.8234,0.8234,0.12464574690787578,,,,,,NORMAL,True,True,True,True,False,False,False,True,False,1,6,1,
32887d5b5af01b8d9ed76373,TEMPORAL_GOVERNANCE,Modules_12_13_EarlyWarning,examples/sample_temporal_trajectory.csv,7120aaaf6df305220183e04d8365ce38dddbf592cd3b523a8e49b9386625bf8b,synthetic_degradation_v1,sample_temporal_trajectory,synthetic_degradation_trajectory,42,5,8,5,2026-09-02T20:45:00Z,1.2.0,62e10bc07ec9873f,CONTROLLED_FAILURE_EVENT,is_failure onset or future failure within K controlled_degradation_states,trajectory_ground_truth_sequence,False,,,,,0.8852,0.8151,0.5928,0.8234,0.8234,0.12464574690787578,,,,,,NORMAL,True,True,True,True,False,False,False,True,False,1,6,1,
3764e641491d42af4621fbbc,TEMPORAL_GOVERNANCE,Modules_12_13_EarlyWarning,examples/sample_temporal_trajectory.csv,7120aaaf6df305220183e04d8365ce38dddbf592cd3b523a8e49b9386625bf8b,synthetic_degradation_v1,sample_temporal_trajectory,synthetic_degradation_trajectory,42,5,9,1,2026-09-02T20:45:00Z,1.2.0,62e10bc07ec9873f,CONTROLLED_FAILURE_EVENT,is_failure onset or future failure within K controlled_degradation_states,trajectory_ground_truth_sequence,False,,,,,0.9585,0.8908,0.6868,0.9085,0.9085,0.11547976253679933,,,,,,NORMAL,True,True,True,True,False,False,False,True,False,1,6,0,
1618b8add252a3e9ca7440ce,TEMPORAL_GOVERNANCE,Modules_12_13_EarlyWarning,examples/sample_temporal_trajectory.csv,7120aaaf6df305220183e04d8365ce38dddbf592cd3b523a8e49b9386625bf8b,synthetic_degradation_v1,sample_temporal_trajectory,synthetic_degradation_trajectory,42,5,9,2,2026-09-02T20:45:00Z,1.2.0,62e10bc07ec9873f,CONTROLLED_FAILURE_EVENT,is_failure onset or future failure within K controlled_degradation_states,trajectory_ground_truth_sequence,False,,,,,0.9585,0.8908,0.6868,0.9085,0.9085,0.11547976253679933,,,,,,NORMAL,True,True,True,True,False,False,False,True,False,1,6,0,
a1e4f472f1817016cd9c564d,TEMPORAL_GOVERNANCE,Modules_12_13_EarlyWarning,examples/sample_temporal_trajectory.csv,7120aaaf6df305220183e04d8365ce38dddbf592cd3b523a8e49b9386625bf8b,synthetic_degradation_v1,sample_temporal_trajectory,synthetic_degradation_trajectory,42,5,9,3,2026-09-02T20:45:00Z,1.2.0,62e10bc07ec9873f,CONTROLLED_FAILURE_EVENT,is_failure onset or future failure within K controlled_degradation_states,trajectory_ground_truth_sequence,False,,,,,0.9585,0.8908,0.6868,0.9085,0.9085,0.11547976253679933,,,,,,NORMAL,True,True,True,True,False,False,False,True,False,1,6,0,
040792e1512553cfba342c85,TEMPORAL_GOVERNANCE,Modules_12_13_EarlyWarning,examples/sample_temporal_trajectory.csv,7120aaaf6df305220183e04d8365ce38dddbf592cd3b523a8e49b9386625bf8b,synthetic_degradation_v1,sample_temporal_trajectory,synthetic_degradation_trajectory,42,5,9,5,2026-09-02T20:45:00Z,1.2.0,62e10bc07ec9873f,CONTROLLED_FAILURE_EVENT,is_failure onset or future failure within K controlled_degradation_states,trajectory_ground_truth_sequence,False,,,,,0.9585,0.8908,0.6868,0.9085,0.9085,0.11547976253679933,,,,,,NORMAL,True,True,True,True,False,False,False,True,False,1,6,0,
