row_id,task_type,source_module,source_artifact_path,source_artifact_hash,model_id,dataset_id,domain_id,seed,trajectory_id,state_index,prediction_horizon,extraction_timestamp,builder_version,config_hash,outcome_semantics,failure_definition,label_source,label_available_at_runtime,true_class,predicted_class,prediction_correct,prediction_error,ood_score,uncertainty_score,drift_score,fused_risk,stress_robust_fused_risk,signal_disagreement,ood_drift_redundancy,stress_robustness,fault_sensitivity,memory_similarity,temporal_failure_probability,early_warning_state,has_ood,has_uncertainty,has_drift,has_fused_risk,has_memory,has_temporal,has_early_warning,has_ground_truth,is_censored,eventual_failure,failure_event_index,failure_within_horizon,states_remaining_before_failure
843c16f1806e7b6627713ec8,STATIC_SELECTIVE_RISK,Module_12_CrossDomain,sklearn_fixture,29993fa5a07111060fb234185b682f6717de16a4d2e1350bc14293597f01621f,rf_digits_parity_v1,digits_parity,digits_parity,42,,,,2026-09-02T20:45:00Z,1.2.0,62e10bc07ec9873f,SAMPLE_PREDICTION_ERROR,prediction_error == 1 when model prediction != true target,model_prediction_versus_ground_truth,False,1,1,True,0,0.12,0.2,0.05,0.15,0.15,0.061282587702834124,,,,,,NORMAL,True,True,True,True,False,False,False,True,False,,,,
7bf67ea6b98be2600fb912ac,STATIC_SELECTIVE_RISK,Module_12_CrossDomain,sklearn_fixture,29993fa5a07111060fb234185b682f6717de16a4d2e1350bc14293597f01621f,rf_digits_parity_v1,digits_parity,digits_parity,42,,,,2026-09-02T20:45:00Z,1.2.0,62e10bc07ec9873f,SAMPLE_PREDICTION_ERROR,prediction_error == 1 when model prediction != true target,model_prediction_versus_ground_truth,False,0,0,True,0,0.12,0.2,0.05,0.15,0.15,0.061282587702834124,,,,,,NORMAL,True,True,True,True,False,False,False,True,False,,,,
99bac24de73298f31449a8df,STATIC_SELECTIVE_RISK,Module_12_CrossDomain,sklearn_fixture,29993fa5a07111060fb234185b682f6717de16a4d2e1350bc14293597f01621f,rf_digits_parity_v1,digits_parity,digits_parity,42,,,,2026-09-02T20:45:00Z,1.2.0,62e10bc07ec9873f,SAMPLE_PREDICTION_ERROR,prediction_error == 1 when model prediction != true target,model_prediction_versus_ground_truth,False,1,1,True,0,0.12,0.2,0.05,0.15,0.15,0.061282587702834124,,,,,,NORMAL,True,True,True,True,False,False,False,True,False,,,,
f6ae34b75a875eaf85c4dd16,STATIC_SELECTIVE_RISK,Module_12_CrossDomain,sklearn_fixture,29993fa5a07111060fb234185b682f6717de16a4d2e1350bc14293597f01621f,rf_digits_parity_v1,digits_parity,digits_parity,42,,,,2026-09-02T20:45:00Z,1.2.0,62e10bc07ec9873f,SAMPLE_PREDICTION_ERROR,prediction_error == 1 when model prediction != true target,model_prediction_versus_ground_truth,False,0,0,True,0,0.12,0.2,0.05,0.15,0.15,0.061282587702834124,,,,,,NORMAL,True,True,True,True,False,False,False,True,False,,,,
8eb5a6be0e2b270d5424e493,STATIC_SELECTIVE_RISK,Module_12_CrossDomain,sklearn_fixture,29993fa5a07111060fb234185b682f6717de16a4d2e1350bc14293597f01621f,rf_digits_parity_v1,digits_parity,digits_parity,42,,,,2026-09-02T20:45:00Z,1.2.0,62e10bc07ec9873f,SAMPLE_PREDICTION_ERROR,prediction_error == 1 when model prediction != true target,model_prediction_versus_ground_truth,False,1,1,True,0,0.12,0.2,0.05,0.15,0.15,0.061282587702834124,,,,,,NORMAL,True,True,True,True,False,False,False,True,False,,,,
e0704a069f0ebe9cbf7c7186,STATIC_SELECTIVE_RISK,Module_12_CrossDomain,sklearn_fixture,29993fa5a07111060fb234185b682f6717de16a4d2e1350bc14293597f01621f,rf_digits_parity_v1,digits_parity,digits_parity,42,,,,2026-09-02T20:45:00Z,1.2.0,62e10bc07ec9873f,SAMPLE_PREDICTION_ERROR,prediction_error == 1 when model prediction != true target,model_prediction_versus_ground_truth,False,0,0,True,0,0.12,0.2,0.05,0.15,0.15,0.061282587702834124,,,,,,NORMAL,True,True,True,True,False,False,False,True,False,,,,
e9813b23668c106e8c7016be,STATIC_SELECTIVE_RISK,Module_12_CrossDomain,sklearn_fixture,29993fa5a07111060fb234185b682f6717de16a4d2e1350bc14293597f01621f,rf_digits_parity_v1,digits_parity,digits_parity,42,,,,2026-09-02T20:45:00Z,1.2.0,62e10bc07ec9873f,SAMPLE_PREDICTION_ERROR,prediction_error == 1 when model prediction != true target,model_prediction_versus_ground_truth,False,1,1,True,0,0.12,0.2,0.05,0.15,0.15,0.061282587702834124,,,,,,NORMAL,True,True,True,True,False,False,False,True,False,,,,
93a3935b78c0672c1f31de94,STATIC_SELECTIVE_RISK,Module_12_CrossDomain,sklearn_fixture,29993fa5a07111060fb234185b682f6717de16a4d2e1350bc14293597f01621f,rf_digits_parity_v1,digits_parity,digits_parity,42,,,,2026-09-02T20:45:00Z,1.2.0,62e10bc07ec9873f,SAMPLE_PREDICTION_ERROR,prediction_error == 1 when model prediction != true target,model_prediction_versus_ground_truth,False,0,0,True,0,0.12,0.2,0.05,0.15,0.15,0.061282587702834124,,,,,,NORMAL,True,True,True,True,False,False,False,True,False,,,,
c41d371d594c6bc058f5383e,STATIC_SELECTIVE_RISK,Module_12_CrossDomain,sklearn_fixture,29993fa5a07111060fb234185b682f6717de16a4d2e1350bc14293597f01621f,rf_digits_parity_v1,digits_parity,digits_parity,42,,,,2026-09-02T20:45:00Z,1.2.0,62e10bc07ec9873f,SAMPLE_PREDICTION_ERROR,prediction_error == 1 when model prediction != true target,model_prediction_versus_ground_truth,False,1,1,True,0,0.12,0.2,0.05,0.15,0.15,0.061282587702834124,,,,,,NORMAL,True,True,True,True,False,False,False,True,False,,,,
8b8c5044125c4f38d89fed4c,STATIC_SELECTIVE_RISK,Module_12_CrossDomain,sklearn_fixture,29993fa5a07111060fb234185b682f6717de16a4d2e1350bc14293597f01621f,rf_digits_parity_v1,digits_parity,digits_parity,42,,,,2026-09-02T20:45:00Z,1.2.0,62e10bc07ec9873f,SAMPLE_PREDICTION_ERROR,prediction_error == 1 when model prediction != true target,model_prediction_versus_ground_truth,False,0,0,True,0,0.12,0.2,0.05,0.15,0.15,0.061282587702834124,,,,,,NORMAL,True,True,True,True,False,False,False,True,False,,,,
2ee6c87a61808107c9d75100,STATIC_SELECTIVE_RISK,Module_12_CrossDomain,sklearn_fixture,29993fa5a07111060fb234185b682f6717de16a4d2e1350bc14293597f01621f,rf_digits_parity_v1,digits_parity,digits_parity,42,,,,2026-09-02T20:45:00Z,1.2.0,62e10bc07ec9873f,SAMPLE_PREDICTION_ERROR,prediction_error == 1 when model prediction != true target,model_prediction_versus_ground_truth,False,1,1,True,0,0.12,0.2,0.05,0.15,0.15,0.061282587702834124,,,,,,NORMAL,True,True,True,True,False,False,False,True,False,,,,
6b22e0cf4d07bc661978a1c0,STATIC_SELECTIVE_RISK,Module_12_CrossDomain,sklearn_fixture,29993fa5a07111060fb234185b682f6717de16a4d2e1350bc14293597f01621f,rf_digits_parity_v1,digits_parity,digits_parity,42,,,,2026-09-02T20:45:00Z,1.2.0,62e10bc07ec9873f,SAMPLE_PREDICTION_ERROR,prediction_error == 1 when model prediction != true target,model_prediction_versus_ground_truth,False,0,0,True,0,0.12,0.2,0.05,0.15,0.15,0.061282587702834124,,,,,,NORMAL,True,True,True,True,False,False,False,True,False,,,,
f996847a1f87e0f777e86122,STATIC_SELECTIVE_RISK,Module_12_CrossDomain,sklearn_fixture,29993fa5a07111060fb234185b682f6717de16a4d2e1350bc14293597f01621f,rf_digits_parity_v1,digits_parity,digits_parity,42,,,,2026-09-02T20:45:00Z,1.2.0,62e10bc07ec9873f,SAMPLE_PREDICTION_ERROR,prediction_error == 1 when model prediction != true target,model_prediction_versus_ground_truth,False,1,1,True,0,0.12,0.2,0.05,0.15,0.15,0.061282587702834124,,,,,,NORMAL,True,True,True,True,False,False,False,True,False,,,,
380d9639230db2f2ab598b3c,STATIC_SELECTIVE_RISK,Module_12_CrossDomain,sklearn_fixture,29993fa5a07111060fb234185b682f6717de16a4d2e1350bc14293597f01621f,rf_digits_parity_v1,digits_parity,digits_parity,42,,,,2026-09-02T20:45:00Z,1.2.0,62e10bc07ec9873f,SAMPLE_PREDICTION_ERROR,prediction_error == 1 when model prediction != true target,model_prediction_versus_ground_truth,False,0,0,True,0,0.12,0.2,0.05,0.15,0.15,0.061282587702834124,,,,,,NORMAL,True,True,True,True,False,False,False,True,False,,,,
1642650d1bb350dfb26aed50,STATIC_SELECTIVE_RISK,Module_12_CrossDomain,sklearn_fixture,29993fa5a07111060fb234185b682f6717de16a4d2e1350bc14293597f01621f,rf_digits_parity_v1,digits_parity,digits_parity,42,,,,2026-09-02T20:45:00Z,1.2.0,62e10bc07ec9873f,SAMPLE_PREDICTION_ERROR,prediction_error == 1 when model prediction != true target,model_prediction_versus_ground_truth,False,1,1,True,0,0.12,0.2,0.05,0.15,0.15,0.061282587702834124,,,,,,NORMAL,True,True,True,True,False,False,False,True,False,,,,
3c397c04eefb1fdbddc02527,STATIC_SELECTIVE_RISK,Module_12_CrossDomain,sklearn_fixture,29993fa5a07111060fb234185b682f6717de16a4d2e1350bc14293597f01621f,rf_digits_parity_v1,digits_parity,digits_parity,42,,,,2026-09-02T20:45:00Z,1.2.0,62e10bc07ec9873f,SAMPLE_PREDICTION_ERROR,prediction_error == 1 when model prediction != true target,model_prediction_versus_ground_truth,False,0,0,True,0,0.12,0.2,0.05,0.15,0.15,0.061282587702834124,,,,,,NORMAL,True,True,True,True,False,False,False,True,False,,,,
6334cd3a0dbb9eb8ae11a398,STATIC_SELECTIVE_RISK,Module_12_CrossDomain,sklearn_fixture,29993fa5a07111060fb234185b682f6717de16a4d2e1350bc14293597f01621f,rf_digits_parity_v1,digits_parity,digits_parity,42,,,,2026-09-02T20:45:00Z,1.2.0,62e10bc07ec9873f,SAMPLE_PREDICTION_ERROR,prediction_error == 1 when model prediction != true target,model_prediction_versus_ground_truth,False,1,1,True,0,0.12,0.2,0.05,0.15,0.15,0.061282587702834124,,,,,,NORMAL,True,True,True,True,False,False,False,True,False,,,,
6ee7b154c9c8b74910ba158c,STATIC_SELECTIVE_RISK,Module_12_CrossDomain,sklearn_fixture,29993fa5a07111060fb234185b682f6717de16a4d2e1350bc14293597f01621f,rf_digits_parity_v1,digits_parity,digits_parity,42,,,,2026-09-02T20:45:00Z,1.2.0,62e10bc07ec9873f,SAMPLE_PREDICTION_ERROR,prediction_error == 1 when model prediction != true target,model_prediction_versus_ground_truth,False,0,0,True,0,0.12,0.2,0.05,0.15,0.15,0.061282587702834124,,,,,,NORMAL,True,True,True,True,False,False,False,True,False,,,,
7c25902b812701daab2c194d,STATIC_SELECTIVE_RISK,Module_12_CrossDomain,sklearn_fixture,29993fa5a07111060fb234185b682f6717de16a4d2e1350bc14293597f01621f,rf_digits_parity_v1,digits_parity,digits_parity,42,,,,2026-09-02T20:45:00Z,1.2.0,62e10bc07ec9873f,SAMPLE_PREDICTION_ERROR,prediction_error == 1 when model prediction != true target,model_prediction_versus_ground_truth,False,1,1,True,0,0.12,0.2,0.05,0.15,0.15,0.061282587702834124,,,,,,NORMAL,True,True,True,True,False,False,False,True,False,,,,
51d0c51e911e74ec1a0dc059,STATIC_SELECTIVE_RISK,Module_12_CrossDomain,sklearn_fixture,29993fa5a07111060fb234185b682f6717de16a4d2e1350bc14293597f01621f,rf_digits_parity_v1,digits_parity,digits_parity,42,,,,2026-09-02T20:45:00Z,1.2.0,62e10bc07ec9873f,SAMPLE_PREDICTION_ERROR,prediction_error == 1 when model prediction != true target,model_prediction_versus_ground_truth,False,0,0,True,0,0.12,0.2,0.05,0.15,0.15,0.061282587702834124,,,,,,NORMAL,True,True,True,True,False,False,False,True,False,,,,
ee924c2488e06483a5e365e5,STATIC_SELECTIVE_RISK,Module_12_CrossDomain,sklearn_fixture,29993fa5a07111060fb234185b682f6717de16a4d2e1350bc14293597f01621f,rf_digits_parity_v1,digits_parity,digits_parity,42,,,,2026-09-02T20:45:00Z,1.2.0,62e10bc07ec9873f,SAMPLE_PREDICTION_ERROR,prediction_error == 1 when model prediction != true target,model_prediction_versus_ground_truth,False,1,1,True,0,0.12,0.2,0.05,0.15,0.15,0.061282587702834124,,,,,,NORMAL,True,True,True,True,False,False,False,True,False,,,,
8c41adbce4f071cf124a335e,STATIC_SELECTIVE_RISK,Module_12_CrossDomain,sklearn_fixture,29993fa5a07111060fb234185b682f6717de16a4d2e1350bc14293597f01621f,rf_digits_parity_v1,digits_parity,digits_parity,42,,,,2026-09-02T20:45:00Z,1.2.0,62e10bc07ec9873f,SAMPLE_PREDICTION_ERROR,prediction_error == 1 when model prediction != true target,model_prediction_versus_ground_truth,False,0,0,True,0,0.12,0.2,0.05,0.15,0.15,0.061282587702834124,,,,,,NORMAL,True,True,True,True,False,False,False,True,False,,,,
4ca79e0e2624aaaeb3ae508c,STATIC_SELECTIVE_RISK,Module_12_CrossDomain,sklearn_fixture,29993fa5a07111060fb234185b682f6717de16a4d2e1350bc14293597f01621f,rf_digits_parity_v1,digits_parity,digits_parity,42,,,,2026-09-02T20:45:00Z,1.2.0,62e10bc07ec9873f,SAMPLE_PREDICTION_ERROR,prediction_error == 1 when model prediction != true target,model_prediction_versus_ground_truth,False,1,1,True,0,0.12,0.2,0.05,0.15,0.15,0.061282587702834124,,,,,,NORMAL,True,True,True,True,False,False,False,True,False,,,,
f70df5996a1d0d6ca5b63ca0,STATIC_SELECTIVE_RISK,Module_12_CrossDomain,sklearn_fixture,29993fa5a07111060fb234185b682f6717de16a4d2e1350bc14293597f01621f,rf_digits_parity_v1,digits_parity,digits_parity,42,,,,2026-09-02T20:45:00Z,1.2.0,62e10bc07ec9873f,SAMPLE_PREDICTION_ERROR,prediction_error == 1 when model prediction != true target,model_prediction_versus_ground_truth,False,0,0,True,0,0.12,0.2,0.05,0.15,0.15,0.061282587702834124,,,,,,NORMAL,True,True,True,True,False,False,False,True,False,,,,
2a8958413123e9707e7572b6,STATIC_SELECTIVE_RISK,Module_12_CrossDomain,sklearn_fixture,29993fa5a07111060fb234185b682f6717de16a4d2e1350bc14293597f01621f,rf_digits_parity_v1,digits_parity,digits_parity,42,,,,2026-09-02T20:45:00Z,1.2.0,62e10bc07ec9873f,SAMPLE_PREDICTION_ERROR,prediction_error == 1 when model prediction != true target,model_prediction_versus_ground_truth,False,1,1,True,0,0.12,0.2,0.05,0.15,0.15,0.061282587702834124,,,,,,NORMAL,True,True,True,True,False,False,False,True,False,,,,
778603b2860ec075accdecd9,STATIC_SELECTIVE_RISK,Module_12_CrossDomain,sklearn_fixture,29993fa5a07111060fb234185b682f6717de16a4d2e1350bc14293597f01621f,rf_digits_parity_v1,digits_parity,digits_parity,42,,,,2026-09-02T20:45:00Z,1.2.0,62e10bc07ec9873f,SAMPLE_PREDICTION_ERROR,prediction_error == 1 when model prediction != true target,model_prediction_versus_ground_truth,False,0,0,True,0,0.12,0.2,0.05,0.15,0.15,0.061282587702834124,,,,,,NORMAL,True,True,True,True,False,False,False,True,False,,,,
5ef03fdf56a1422ef87171d7,STATIC_SELECTIVE_RISK,Module_12_CrossDomain,sklearn_fixture,29993fa5a07111060fb234185b682f6717de16a4d2e1350bc14293597f01621f,rf_digits_parity_v1,digits_parity,digits_parity,42,,,,2026-09-02T20:45:00Z,1.2.0,62e10bc07ec9873f,SAMPLE_PREDICTION_ERROR,prediction_error == 1 when model prediction != true target,model_prediction_versus_ground_truth,False,1,1,True,0,0.12,0.2,0.05,0.15,0.15,0.061282587702834124,,,,,,NORMAL,True,True,True,True,False,False,False,True,False,,,,
7f68caa2ddffd8135e63cffc,STATIC_SELECTIVE_RISK,Module_12_CrossDomain,sklearn_fixture,29993fa5a07111060fb234185b682f6717de16a4d2e1350bc14293597f01621f,rf_digits_parity_v1,digits_parity,digits_parity,42,,,,2026-09-02T20:45:00Z,1.2.0,62e10bc07ec9873f,SAMPLE_PREDICTION_ERROR,prediction_error == 1 when model prediction != true target,model_prediction_versus_ground_truth,False,0,0,True,0,0.12,0.2,0.05,0.15,0.15,0.061282587702834124,,,,,,NORMAL,True,True,True,True,False,False,False,True,False,,,,
9fcc20973b4a8c8deba813fe,STATIC_SELECTIVE_RISK,Module_12_CrossDomain,sklearn_fixture,29993fa5a07111060fb234185b682f6717de16a4d2e1350bc14293597f01621f,rf_digits_parity_v1,digits_parity,digits_parity,42,,,,2026-09-02T20:45:00Z,1.2.0,62e10bc07ec9873f,SAMPLE_PREDICTION_ERROR,prediction_error == 1 when model prediction != true target,model_prediction_versus_ground_truth,False,1,1,True,0,0.12,0.2,0.05,0.15,0.15,0.061282587702834124,,,,,,NORMAL,True,True,True,True,False,False,False,True,False,,,,
a4fa7d45fe8ed3f9f15f01d3,STATIC_SELECTIVE_RISK,Module_12_CrossDomain,sklearn_fixture,29993fa5a07111060fb234185b682f6717de16a4d2e1350bc14293597f01621f,rf_digits_parity_v1,digits_parity,digits_parity,42,,,,2026-09-02T20:45:00Z,1.2.0,62e10bc07ec9873f,SAMPLE_PREDICTION_ERROR,prediction_error == 1 when model prediction != true target,model_prediction_versus_ground_truth,False,0,0,True,0,0.12,0.2,0.05,0.15,0.15,0.061282587702834124,,,,,,NORMAL,True,True,True,True,False,False,False,True,False,,,,
3905701978d9ae18a8ba6512,STATIC_SELECTIVE_RISK,Module_12_CrossDomain,sklearn_fixture,29993fa5a07111060fb234185b682f6717de16a4d2e1350bc14293597f01621f,rf_digits_parity_v1,digits_parity,digits_parity,42,,,,2026-09-02T20:45:00Z,1.2.0,62e10bc07ec9873f,SAMPLE_PREDICTION_ERROR,prediction_error == 1 when model prediction != true target,model_prediction_versus_ground_truth,False,1,1,True,0,0.12,0.2,0.05,0.15,0.15,0.061282587702834124,,,,,,NORMAL,True,True,True,True,False,False,False,True,False,,,,
e4a5b8b5796ebeef1fcf34c5,STATIC_SELECTIVE_RISK,Module_12_CrossDomain,sklearn_fixture,29993fa5a07111060fb234185b682f6717de16a4d2e1350bc14293597f01621f,rf_digits_parity_v1,digits_parity,digits_parity,42,,,,2026-09-02T20:45:00Z,1.2.0,62e10bc07ec9873f,SAMPLE_PREDICTION_ERROR,prediction_error == 1 when model prediction != true target,model_prediction_versus_ground_truth,False,0,0,True,0,0.12,0.2,0.05,0.15,0.15,0.061282587702834124,,,,,,NORMAL,True,True,True,True,False,False,False,True,False,,,,
0d92f7ce64af16e95b9cd3ff,STATIC_SELECTIVE_RISK,Module_12_CrossDomain,sklearn_fixture,29993fa5a07111060fb234185b682f6717de16a4d2e1350bc14293597f01621f,rf_digits_parity_v1,digits_parity,digits_parity,42,,,,2026-09-02T20:45:00Z,1.2.0,62e10bc07ec9873f,SAMPLE_PREDICTION_ERROR,prediction_error == 1 when model prediction != true target,model_prediction_versus_ground_truth,False,0,0,True,0,0.12,0.2,0.05,0.15,0.15,0.061282587702834124,,,,,,NORMAL,True,True,True,True,False,False,False,True,False,,,,
fa184a2226bc9d9f403ee0f5,STATIC_SELECTIVE_RISK,Module_12_CrossDomain,sklearn_fixture,29993fa5a07111060fb234185b682f6717de16a4d2e1350bc14293597f01621f,rf_digits_parity_v1,digits_parity,digits_parity,42,,,,2026-09-02T20:45:00Z,1.2.0,62e10bc07ec9873f,SAMPLE_PREDICTION_ERROR,prediction_error == 1 when model prediction != true target,model_prediction_versus_ground_truth,False,0,0,True,0,0.12,0.2,0.05,0.15,0.15,0.061282587702834124,,,,,,NORMAL,True,True,True,True,False,False,False,True,False,,,,
34366dec0c9b3f10e66e71ae,STATIC_SELECTIVE_RISK,Module_12_CrossDomain,sklearn_fixture,29993fa5a07111060fb234185b682f6717de16a4d2e1350bc14293597f01621f,rf_digits_parity_v1,digits_parity,digits_parity,42,,,,2026-09-02T20:45:00Z,1.2.0,62e10bc07ec9873f,SAMPLE_PREDICTION_ERROR,prediction_error == 1 when model prediction != true target,model_prediction_versus_ground_truth,False,1,1,True,0,0.12,0.2,0.05,0.15,0.15,0.061282587702834124,,,,,,NORMAL,True,True,True,True,False,False,False,True,False,,,,
935f7f3672f043e779f4f6b9,STATIC_SELECTIVE_RISK,Module_12_CrossDomain,sklearn_fixture,29993fa5a07111060fb234185b682f6717de16a4d2e1350bc14293597f01621f,rf_digits_parity_v1,digits_parity,digits_parity,42,,,,2026-09-02T20:45:00Z,1.2.0,62e10bc07ec9873f,SAMPLE_PREDICTION_ERROR,prediction_error == 1 when model prediction != true target,model_prediction_versus_ground_truth,False,0,0,True,0,0.12,0.2,0.05,0.15,0.15,0.061282587702834124,,,,,,NORMAL,True,True,True,True,False,False,False,True,False,,,,
418534acc2c34e5a59e4f9e4,STATIC_SELECTIVE_RISK,Module_12_CrossDomain,sklearn_fixture,29993fa5a07111060fb234185b682f6717de16a4d2e1350bc14293597f01621f,rf_digits_parity_v1,digits_parity,digits_parity,42,,,,2026-09-02T20:45:00Z,1.2.0,62e10bc07ec9873f,SAMPLE_PREDICTION_ERROR,prediction_error == 1 when model prediction != true target,model_prediction_versus_ground_truth,False,1,1,True,0,0.12,0.2,0.05,0.15,0.15,0.061282587702834124,,,,,,NORMAL,True,True,True,True,False,False,False,True,False,,,,
a7bb6b40aaf3a64a3210c9cf,STATIC_SELECTIVE_RISK,Module_12_CrossDomain,sklearn_fixture,29993fa5a07111060fb234185b682f6717de16a4d2e1350bc14293597f01621f,rf_digits_parity_v1,digits_parity,digits_parity,42,,,,2026-09-02T20:45:00Z,1.2.0,62e10bc07ec9873f,SAMPLE_PREDICTION_ERROR,prediction_error == 1 when model prediction != true target,model_prediction_versus_ground_truth,False,0,0,True,0,0.12,0.2,0.05,0.15,0.15,0.061282587702834124,,,,,,NORMAL,True,True,True,True,False,False,False,True,False,,,,
7c2d896d209b2bc5a23c6f63,STATIC_SELECTIVE_RISK,Module_12_CrossDomain,sklearn_fixture,29993fa5a07111060fb234185b682f6717de16a4d2e1350bc14293597f01621f,rf_digits_parity_v1,digits_parity,digits_parity,42,,,,2026-09-02T20:45:00Z,1.2.0,62e10bc07ec9873f,SAMPLE_PREDICTION_ERROR,prediction_error == 1 when model prediction != true target,model_prediction_versus_ground_truth,False,1,1,True,0,0.12,0.2,0.05,0.15,0.15,0.061282587702834124,,,,,,NORMAL,True,True,True,True,False,False,False,True,False,,,,
314933a53a075a64d6586d75,STATIC_SELECTIVE_RISK,Module_12_CrossDomain,sklearn_fixture,29993fa5a07111060fb234185b682f6717de16a4d2e1350bc14293597f01621f,rf_digits_parity_v1,digits_parity,digits_parity,42,,,,2026-09-02T20:45:00Z,1.2.0,62e10bc07ec9873f,SAMPLE_PREDICTION_ERROR,prediction_error == 1 when model prediction != true target,model_prediction_versus_ground_truth,False,0,0,True,0,0.12,0.2,0.05,0.15,0.15,0.061282587702834124,,,,,,NORMAL,True,True,True,True,False,False,False,True,False,,,,
cbbf7fb0715090f7d01e747c,STATIC_SELECTIVE_RISK,Module_12_CrossDomain,sklearn_fixture,29993fa5a07111060fb234185b682f6717de16a4d2e1350bc14293597f01621f,rf_digits_parity_v1,digits_parity,digits_parity,42,,,,2026-09-02T20:45:00Z,1.2.0,62e10bc07ec9873f,SAMPLE_PREDICTION_ERROR,prediction_error == 1 when model prediction != true target,model_prediction_versus_ground_truth,False,1,1,True,0,0.12,0.2,0.05,0.15,0.15,0.061282587702834124,,,,,,NORMAL,True,True,True,True,False,False,False,True,False,,,,
6ddb665126aecd88633dfd4d,STATIC_SELECTIVE_RISK,Module_12_CrossDomain,sklearn_fixture,29993fa5a07111060fb234185b682f6717de16a4d2e1350bc14293597f01621f,rf_digits_parity_v1,digits_parity,digits_parity,42,,,,2026-09-02T20:45:00Z,1.2.0,62e10bc07ec9873f,SAMPLE_PREDICTION_ERROR,prediction_error == 1 when model prediction != true target,model_prediction_versus_ground_truth,False,1,1,True,0,0.12,0.2,0.05,0.15,0.15,0.061282587702834124,,,,,,NORMAL,True,True,True,True,False,False,False,True,False,,,,
dfe0318badb587bf64711a6d,STATIC_SELECTIVE_RISK,Module_12_CrossDomain,sklearn_fixture,29993fa5a07111060fb234185b682f6717de16a4d2e1350bc14293597f01621f,rf_digits_parity_v1,digits_parity,digits_parity,42,,,,2026-09-02T20:45:00Z,1.2.0,62e10bc07ec9873f,SAMPLE_PREDICTION_ERROR,prediction_error == 1 when model prediction != true target,model_prediction_versus_ground_truth,False,0,0,True,0,0.12,0.2,0.05,0.15,0.15,0.061282587702834124,,,,,,NORMAL,True,True,True,True,False,False,False,True,False,,,,
5705df1c573eb620f0d85d1e,STATIC_SELECTIVE_RISK,Module_12_CrossDomain,sklearn_fixture,29993fa5a07111060fb234185b682f6717de16a4d2e1350bc14293597f01621f,rf_digits_parity_v1,digits_parity,digits_parity,42,,,,2026-09-02T20:45:00Z,1.2.0,62e10bc07ec9873f,SAMPLE_PREDICTION_ERROR,prediction_error == 1 when model prediction != true target,model_prediction_versus_ground_truth,False,0,0,True,0,0.12,0.2,0.05,0.15,0.15,0.061282587702834124,,,,,,NORMAL,True,True,True,True,False,False,False,True,False,,,,
528f8e5082d4a2bbcaf7b639,STATIC_SELECTIVE_RISK,Module_12_CrossDomain,sklearn_fixture,29993fa5a07111060fb234185b682f6717de16a4d2e1350bc14293597f01621f,rf_digits_parity_v1,digits_parity,digits_parity,42,,,,2026-09-02T20:45:00Z,1.2.0,62e10bc07ec9873f,SAMPLE_PREDICTION_ERROR,prediction_error == 1 when model prediction != true target,model_prediction_versus_ground_truth,False,0,0,True,0,0.12,0.2,0.05,0.15,0.15,0.061282587702834124,,,,,,NORMAL,True,True,True,True,False,False,False,True,False,,,,
c295ea9ea6dd9e90ba024cee,STATIC_SELECTIVE_RISK,Module_12_CrossDomain,sklearn_fixture,29993fa5a07111060fb234185b682f6717de16a4d2e1350bc14293597f01621f,rf_digits_parity_v1,digits_parity,digits_parity,42,,,,2026-09-02T20:45:00Z,1.2.0,62e10bc07ec9873f,SAMPLE_PREDICTION_ERROR,prediction_error == 1 when model prediction != true target,model_prediction_versus_ground_truth,False,0,0,True,0,0.12,0.2,0.05,0.15,0.15,0.061282587702834124,,,,,,NORMAL,True,True,True,True,False,False,False,True,False,,,,
1fc33d6f4f0ad268ff82cc26,STATIC_SELECTIVE_RISK,Module_12_CrossDomain,sklearn_fixture,29993fa5a07111060fb234185b682f6717de16a4d2e1350bc14293597f01621f,rf_digits_parity_v1,digits_parity,digits_parity,42,,,,2026-09-02T20:45:00Z,1.2.0,62e10bc07ec9873f,SAMPLE_PREDICTION_ERROR,prediction_error == 1 when model prediction != true target,model_prediction_versus_ground_truth,False,0,0,True,0,0.12,0.2,0.05,0.15,0.15,0.061282587702834124,,,,,,NORMAL,True,True,True,True,False,False,False,True,False,,,,
b60643c759a8a02c3b0a98e1,STATIC_SELECTIVE_RISK,Module_12_CrossDomain,sklearn_fixture,29993fa5a07111060fb234185b682f6717de16a4d2e1350bc14293597f01621f,rf_digits_parity_v1,digits_parity,digits_parity,42,,,,2026-09-02T20:45:00Z,1.2.0,62e10bc07ec9873f,SAMPLE_PREDICTION_ERROR,prediction_error == 1 when model prediction != true target,model_prediction_versus_ground_truth,False,0,0,True,0,0.12,0.2,0.05,0.15,0.15,0.061282587702834124,,,,,,NORMAL,True,True,True,True,False,False,False,True,False,,,,
3dd29d07f2943bca2097a73b,STATIC_SELECTIVE_RISK,Module_12_CrossDomain,sklearn_fixture,29993fa5a07111060fb234185b682f6717de16a4d2e1350bc14293597f01621f,rf_digits_parity_v1,digits_parity,digits_parity,42,,,,2026-09-02T20:45:00Z,1.2.0,62e10bc07ec9873f,SAMPLE_PREDICTION_ERROR,prediction_error == 1 when model prediction != true target,model_prediction_versus_ground_truth,False,1,1,True,0,0.12,0.2,0.05,0.15,0.15,0.061282587702834124,,,,,,NORMAL,True,True,True,True,False,False,False,True,False,,,,
d8dcf68696e20c6a1c9f2122,STATIC_SELECTIVE_RISK,Module_12_CrossDomain,sklearn_fixture,29993fa5a07111060fb234185b682f6717de16a4d2e1350bc14293597f01621f,rf_digits_parity_v1,digits_parity,digits_parity,42,,,,2026-09-02T20:45:00Z,1.2.0,62e10bc07ec9873f,SAMPLE_PREDICTION_ERROR,prediction_error == 1 when model prediction != true target,model_prediction_versus_ground_truth,False,1,1,True,0,0.12,0.2,0.05,0.15,0.15,0.061282587702834124,,,,,,NORMAL,True,True,True,True,False,False,False,True,False,,,,
2a1d2abe23fae154410bade7,STATIC_SELECTIVE_RISK,Module_12_CrossDomain,sklearn_fixture,29993fa5a07111060fb234185b682f6717de16a4d2e1350bc14293597f01621f,rf_digits_parity_v1,digits_parity,digits_parity,42,,,,2026-09-02T20:45:00Z,1.2.0,62e10bc07ec9873f,SAMPLE_PREDICTION_ERROR,prediction_error == 1 when model prediction != true target,model_prediction_versus_ground_truth,False,1,1,True,0,0.12,0.2,0.05,0.15,0.15,0.061282587702834124,,,,,,NORMAL,True,True,True,True,False,False,False,True,False,,,,
5b25d88ce24156c3dbade06e,STATIC_SELECTIVE_RISK,Module_12_CrossDomain,sklearn_fixture,29993fa5a07111060fb234185b682f6717de16a4d2e1350bc14293597f01621f,rf_digits_parity_v1,digits_parity,digits_parity,42,,,,2026-09-02T20:45:00Z,1.2.0,62e10bc07ec9873f,SAMPLE_PREDICTION_ERROR,prediction_error == 1 when model prediction != true target,model_prediction_versus_ground_truth,False,1,1,True,0,0.12,0.2,0.05,0.15,0.15,0.061282587702834124,,,,,,NORMAL,True,True,True,True,False,False,False,True,False,,,,
baba4b79fd65d8d1693a8e50,STATIC_SELECTIVE_RISK,Module_12_CrossDomain,sklearn_fixture,29993fa5a07111060fb234185b682f6717de16a4d2e1350bc14293597f01621f,rf_digits_parity_v1,digits_parity,digits_parity,42,,,,2026-09-02T20:45:00Z,1.2.0,62e10bc07ec9873f,SAMPLE_PREDICTION_ERROR,prediction_error == 1 when model prediction != true target,model_prediction_versus_ground_truth,False,0,0,True,0,0.12,0.2,0.05,0.15,0.15,0.061282587702834124,,,,,,NORMAL,True,True,True,True,False,False,False,True,False,,,,
5203a13880dbbb61c00b5f29,STATIC_SELECTIVE_RISK,Module_12_CrossDomain,sklearn_fixture,29993fa5a07111060fb234185b682f6717de16a4d2e1350bc14293597f01621f,rf_digits_parity_v1,digits_parity,digits_parity,42,,,,2026-09-02T20:45:00Z,1.2.0,62e10bc07ec9873f,SAMPLE_PREDICTION_ERROR,prediction_error == 1 when model prediction != true target,model_prediction_versus_ground_truth,False,1,1,True,0,0.12,0.2,0.05,0.15,0.15,0.061282587702834124,,,,,,NORMAL,True,True,True,True,False,False,False,True,False,,,,
36ff399fb580a670e7231a92,STATIC_SELECTIVE_RISK,Module_12_CrossDomain,sklearn_fixture,29993fa5a07111060fb234185b682f6717de16a4d2e1350bc14293597f01621f,rf_digits_parity_v1,digits_parity,digits_parity,42,,,,2026-09-02T20:45:00Z,1.2.0,62e10bc07ec9873f,SAMPLE_PREDICTION_ERROR,prediction_error == 1 when model prediction != true target,model_prediction_versus_ground_truth,False,1,1,True,0,0.12,0.2,0.05,0.15,0.15,0.061282587702834124,,,,,,NORMAL,True,True,True,True,False,False,False,True,False,,,,
5b16636248faef62895756f1,STATIC_SELECTIVE_RISK,Module_12_CrossDomain,sklearn_fixture,29993fa5a07111060fb234185b682f6717de16a4d2e1350bc14293597f01621f,rf_digits_parity_v1,digits_parity,digits_parity,42,,,,2026-09-02T20:45:00Z,1.2.0,62e10bc07ec9873f,SAMPLE_PREDICTION_ERROR,prediction_error == 1 when model prediction != true target,model_prediction_versus_ground_truth,False,1,1,True,0,0.12,0.2,0.05,0.15,0.15,0.061282587702834124,,,,,,NORMAL,True,True,True,True,False,False,False,True,False,,,,
e88c687d28b2d21435f3e1a6,STATIC_SELECTIVE_RISK,Module_12_CrossDomain,sklearn_fixture,29993fa5a07111060fb234185b682f6717de16a4d2e1350bc14293597f01621f,rf_digits_parity_v1,digits_parity,digits_parity,42,,,,2026-09-02T20:45:00Z,1.2.0,62e10bc07ec9873f,SAMPLE_PREDICTION_ERROR,prediction_error == 1 when model prediction != true target,model_prediction_versus_ground_truth,False,0,0,True,0,0.12,0.2,0.05,0.15,0.15,0.061282587702834124,,,,,,NORMAL,True,True,True,True,False,False,False,True,False,,,,
1a1f2a12090a65b9b078a5f9,STATIC_SELECTIVE_RISK,Module_12_CrossDomain,sklearn_fixture,29993fa5a07111060fb234185b682f6717de16a4d2e1350bc14293597f01621f,rf_digits_parity_v1,digits_parity,digits_parity,42,,,,2026-09-02T20:45:00Z,1.2.0,62e10bc07ec9873f,SAMPLE_PREDICTION_ERROR,prediction_error == 1 when model prediction != true target,model_prediction_versus_ground_truth,False,1,1,True,0,0.12,0.2,0.05,0.15,0.15,0.061282587702834124,,,,,,NORMAL,True,True,True,True,False,False,False,True,False,,,,
387f831e29efa88ce8117c2e,STATIC_SELECTIVE_RISK,Module_12_CrossDomain,sklearn_fixture,29993fa5a07111060fb234185b682f6717de16a4d2e1350bc14293597f01621f,rf_digits_parity_v1,digits_parity,digits_parity,42,,,,2026-09-02T20:45:00Z,1.2.0,62e10bc07ec9873f,SAMPLE_PREDICTION_ERROR,prediction_error == 1 when model prediction != true target,model_prediction_versus_ground_truth,False,1,1,True,0,0.12,0.2,0.05,0.15,0.15,0.061282587702834124,,,,,,NORMAL,True,True,True,True,False,False,False,True,False,,,,
c0e574856154179bced65dc1,STATIC_SELECTIVE_RISK,Module_12_CrossDomain,sklearn_fixture,29993fa5a07111060fb234185b682f6717de16a4d2e1350bc14293597f01621f,rf_digits_parity_v1,digits_parity,digits_parity,42,,,,2026-09-02T20:45:00Z,1.2.0,62e10bc07ec9873f,SAMPLE_PREDICTION_ERROR,prediction_error == 1 when model prediction != true target,model_prediction_versus_ground_truth,False,0,0,True,0,0.12,0.2,0.05,0.15,0.15,0.061282587702834124,,,,,,NORMAL,True,True,True,True,False,False,False,True,False,,,,
a2aa07c21447dce1e1475874,STATIC_SELECTIVE_RISK,Module_12_CrossDomain,sklearn_fixture,29993fa5a07111060fb234185b682f6717de16a4d2e1350bc14293597f01621f,rf_digits_parity_v1,digits_parity,digits_parity,42,,,,2026-09-02T20:45:00Z,1.2.0,62e10bc07ec9873f,SAMPLE_PREDICTION_ERROR,prediction_error == 1 when model prediction != true target,model_prediction_versus_ground_truth,False,0,0,True,0,0.12,0.2,0.05,0.15,0.15,0.061282587702834124,,,,,,NORMAL,True,True,True,True,False,False,False,True,False,,,,
aaef5dc4c9da6b887f7ab74f,STATIC_SELECTIVE_RISK,Module_12_CrossDomain,sklearn_fixture,29993fa5a07111060fb234185b682f6717de16a4d2e1350bc14293597f01621f,rf_digits_parity_v1,digits_parity,digits_parity,42,,,,2026-09-02T20:45:00Z,1.2.0,62e10bc07ec9873f,SAMPLE_PREDICTION_ERROR,prediction_error == 1 when model prediction != true target,model_prediction_versus_ground_truth,False,0,0,True,0,0.12,0.2,0.05,0.15,0.15,0.061282587702834124,,,,,,NORMAL,True,True,True,True,False,False,False,True,False,,,,
1680060299dcce0a42a345c3,STATIC_SELECTIVE_RISK,Module_12_CrossDomain,sklearn_fixture,29993fa5a07111060fb234185b682f6717de16a4d2e1350bc14293597f01621f,rf_digits_parity_v1,digits_parity,digits_parity,42,,,,2026-09-02T20:45:00Z,1.2.0,62e10bc07ec9873f,SAMPLE_PREDICTION_ERROR,prediction_error == 1 when model prediction != true target,model_prediction_versus_ground_truth,False,0,0,True,0,0.12,0.2,0.05,0.15,0.15,0.061282587702834124,,,,,,NORMAL,True,True,True,True,False,False,False,True,False,,,,
7f1f55ebb576bb97524da1d1,STATIC_SELECTIVE_RISK,Module_12_CrossDomain,sklearn_fixture,29993fa5a07111060fb234185b682f6717de16a4d2e1350bc14293597f01621f,rf_digits_parity_v1,digits_parity,digits_parity,42,,,,2026-09-02T20:45:00Z,1.2.0,62e10bc07ec9873f,SAMPLE_PREDICTION_ERROR,prediction_error == 1 when model prediction != true target,model_prediction_versus_ground_truth,False,0,0,True,0,0.12,0.2,0.05,0.15,0.15,0.061282587702834124,,,,,,NORMAL,True,True,True,True,False,False,False,True,False,,,,
3373f8aff444f25e9ab770d6,STATIC_SELECTIVE_RISK,Module_12_CrossDomain,sklearn_fixture,29993fa5a07111060fb234185b682f6717de16a4d2e1350bc14293597f01621f,rf_digits_parity_v1,digits_parity,digits_parity,42,,,,2026-09-02T20:45:00Z,1.2.0,62e10bc07ec9873f,SAMPLE_PREDICTION_ERROR,prediction_error == 1 when model prediction != true target,model_prediction_versus_ground_truth,False,1,1,True,0,0.12,0.2,0.05,0.15,0.15,0.061282587702834124,,,,,,NORMAL,True,True,True,True,False,False,False,True,False,,,,
1379fb498213d6491341e0a8,STATIC_SELECTIVE_RISK,Module_12_CrossDomain,sklearn_fixture,29993fa5a07111060fb234185b682f6717de16a4d2e1350bc14293597f01621f,rf_digits_parity_v1,digits_parity,digits_parity,42,,,,2026-09-02T20:45:00Z,1.2.0,62e10bc07ec9873f,SAMPLE_PREDICTION_ERROR,prediction_error == 1 when model prediction != true target,model_prediction_versus_ground_truth,False,1,1,True,0,0.12,0.2,0.05,0.15,0.15,0.061282587702834124,,,,,,NORMAL,True,True,True,True,False,False,False,True,False,,,,
f2fa76f6fcce4a1d807f6a33,STATIC_SELECTIVE_RISK,Module_12_CrossDomain,sklearn_fixture,29993fa5a07111060fb234185b682f6717de16a4d2e1350bc14293597f01621f,rf_digits_parity_v1,digits_parity,digits_parity,42,,,,2026-09-02T20:45:00Z,1.2.0,62e10bc07ec9873f,SAMPLE_PREDICTION_ERROR,prediction_error == 1 when model prediction != true target,model_prediction_versus_ground_truth,False,1,1,True,0,0.12,0.2,0.05,0.15,0.15,0.061282587702834124,,,,,,NORMAL,True,True,True,True,False,False,False,True,False,,,,
d9b91d5700c5001b5824fe7a,STATIC_SELECTIVE_RISK,Module_12_CrossDomain,sklearn_fixture,29993fa5a07111060fb234185b682f6717de16a4d2e1350bc14293597f01621f,rf_digits_parity_v1,digits_parity,digits_parity,42,,,,2026-09-02T20:45:00Z,1.2.0,62e10bc07ec9873f,SAMPLE_PREDICTION_ERROR,prediction_error == 1 when model prediction != true target,model_prediction_versus_ground_truth,False,1,1,True,0,0.12,0.2,0.05,0.15,0.15,0.061282587702834124,,,,,,NORMAL,True,True,True,True,False,False,False,True,False,,,,
f223831026f3ca63c628ca35,STATIC_SELECTIVE_RISK,Module_12_CrossDomain,sklearn_fixture,29993fa5a07111060fb234185b682f6717de16a4d2e1350bc14293597f01621f,rf_digits_parity_v1,digits_parity,digits_parity,42,,,,2026-09-02T20:45:00Z,1.2.0,62e10bc07ec9873f,SAMPLE_PREDICTION_ERROR,prediction_error == 1 when model prediction != true target,model_prediction_versus_ground_truth,False,1,1,True,0,0.12,0.2,0.05,0.15,0.15,0.061282587702834124,,,,,,NORMAL,True,True,True,True,False,False,False,True,False,,,,
2c1239343889c28436edc67c,STATIC_SELECTIVE_RISK,Module_12_CrossDomain,sklearn_fixture,29993fa5a07111060fb234185b682f6717de16a4d2e1350bc14293597f01621f,rf_digits_parity_v1,digits_parity,digits_parity,42,,,,2026-09-02T20:45:00Z,1.2.0,62e10bc07ec9873f,SAMPLE_PREDICTION_ERROR,prediction_error == 1 when model prediction != true target,model_prediction_versus_ground_truth,False,0,0,True,0,0.12,0.2,0.05,0.15,0.15,0.061282587702834124,,,,,,NORMAL,True,True,True,True,False,False,False,True,False,,,,
449532b2da25d491939d04f2,STATIC_SELECTIVE_RISK,Module_12_CrossDomain,sklearn_fixture,29993fa5a07111060fb234185b682f6717de16a4d2e1350bc14293597f01621f,rf_digits_parity_v1,digits_parity,digits_parity,42,,,,2026-09-02T20:45:00Z,1.2.0,62e10bc07ec9873f,SAMPLE_PREDICTION_ERROR,prediction_error == 1 when model prediction != true target,model_prediction_versus_ground_truth,False,0,0,True,0,0.12,0.2,0.05,0.15,0.15,0.061282587702834124,,,,,,NORMAL,True,True,True,True,False,False,False,True,False,,,,
af327f29fbdef6084225f681,STATIC_SELECTIVE_RISK,Module_12_CrossDomain,sklearn_fixture,29993fa5a07111060fb234185b682f6717de16a4d2e1350bc14293597f01621f,rf_digits_parity_v1,digits_parity,digits_parity,42,,,,2026-09-02T20:45:00Z,1.2.0,62e10bc07ec9873f,SAMPLE_PREDICTION_ERROR,prediction_error == 1 when model prediction != true target,model_prediction_versus_ground_truth,False,0,0,True,0,0.12,0.2,0.05,0.15,0.15,0.061282587702834124,,,,,,NORMAL,True,True,True,True,False,False,False,True,False,,,,
71301dfb8c66508a74fd65a4,STATIC_SELECTIVE_RISK,Module_12_CrossDomain,sklearn_fixture,29993fa5a07111060fb234185b682f6717de16a4d2e1350bc14293597f01621f,rf_digits_parity_v1,digits_parity,digits_parity,42,,,,2026-09-02T20:45:00Z,1.2.0,62e10bc07ec9873f,SAMPLE_PREDICTION_ERROR,prediction_error == 1 when model prediction != true target,model_prediction_versus_ground_truth,False,1,1,True,0,0.12,0.2,0.05,0.15,0.15,0.061282587702834124,,,,,,NORMAL,True,True,True,True,False,False,False,True,False,,,,
c983f05f18f0e58f580c407a,STATIC_SELECTIVE_RISK,Module_12_CrossDomain,sklearn_fixture,29993fa5a07111060fb234185b682f6717de16a4d2e1350bc14293597f01621f,rf_digits_parity_v1,digits_parity,digits_parity,42,,,,2026-09-02T20:45:00Z,1.2.0,62e10bc07ec9873f,SAMPLE_PREDICTION_ERROR,prediction_error == 1 when model prediction != true target,model_prediction_versus_ground_truth,False,0,0,True,0,0.12,0.2,0.05,0.15,0.15,0.061282587702834124,,,,,,NORMAL,True,True,True,True,False,False,False,True,False,,,,
9930ca4e56df66c3bdf22bb9,STATIC_SELECTIVE_RISK,Module_12_CrossDomain,sklearn_fixture,29993fa5a07111060fb234185b682f6717de16a4d2e1350bc14293597f01621f,rf_digits_parity_v1,digits_parity,digits_parity,42,,,,2026-09-02T20:45:00Z,1.2.0,62e10bc07ec9873f,SAMPLE_PREDICTION_ERROR,prediction_error == 1 when model prediction != true target,model_prediction_versus_ground_truth,False,0,0,True,0,0.12,0.2,0.05,0.15,0.15,0.061282587702834124,,,,,,NORMAL,True,True,True,True,False,False,False,True,False,,,,
72da16661da89afa322f554b,STATIC_SELECTIVE_RISK,Module_12_CrossDomain,sklearn_fixture,29993fa5a07111060fb234185b682f6717de16a4d2e1350bc14293597f01621f,rf_digits_parity_v1,digits_parity,digits_parity,42,,,,2026-09-02T20:45:00Z,1.2.0,62e10bc07ec9873f,SAMPLE_PREDICTION_ERROR,prediction_error == 1 when model prediction != true target,model_prediction_versus_ground_truth,False,1,1,True,0,0.12,0.2,0.05,0.15,0.15,0.061282587702834124,,,,,,NORMAL,True,True,True,True,False,False,False,True,False,,,,
586c4817e06641c218b63e7b,STATIC_SELECTIVE_RISK,Module_12_CrossDomain,sklearn_fixture,29993fa5a07111060fb234185b682f6717de16a4d2e1350bc14293597f01621f,rf_digits_parity_v1,digits_parity,digits_parity,42,,,,2026-09-02T20:45:00Z,1.2.0,62e10bc07ec9873f,SAMPLE_PREDICTION_ERROR,prediction_error == 1 when model prediction != true target,model_prediction_versus_ground_truth,False,1,1,True,0,0.12,0.2,0.05,0.15,0.15,0.061282587702834124,,,,,,NORMAL,True,True,True,True,False,False,False,True,False,,,,
74a0c367120e376f05b2d5ae,STATIC_SELECTIVE_RISK,Module_12_CrossDomain,sklearn_fixture,29993fa5a07111060fb234185b682f6717de16a4d2e1350bc14293597f01621f,rf_digits_parity_v1,digits_parity,digits_parity,42,,,,2026-09-02T20:45:00Z,1.2.0,62e10bc07ec9873f,SAMPLE_PREDICTION_ERROR,prediction_error == 1 when model prediction != true target,model_prediction_versus_ground_truth,False,1,1,True,0,0.12,0.2,0.05,0.15,0.15,0.061282587702834124,,,,,,NORMAL,True,True,True,True,False,False,False,True,False,,,,
9c32a012e10d0bf756e7c60a,STATIC_SELECTIVE_RISK,Module_12_CrossDomain,sklearn_fixture,29993fa5a07111060fb234185b682f6717de16a4d2e1350bc14293597f01621f,rf_digits_parity_v1,digits_parity,digits_parity,42,,,,2026-09-02T20:45:00Z,1.2.0,62e10bc07ec9873f,SAMPLE_PREDICTION_ERROR,prediction_error == 1 when model prediction != true target,model_prediction_versus_ground_truth,False,1,1,True,0,0.12,0.2,0.05,0.15,0.15,0.061282587702834124,,,,,,NORMAL,True,True,True,True,False,False,False,True,False,,,,
a11986a009a8b72345e84c41,STATIC_SELECTIVE_RISK,Module_12_CrossDomain,sklearn_fixture,29993fa5a07111060fb234185b682f6717de16a4d2e1350bc14293597f01621f,rf_digits_parity_v1,digits_parity,digits_parity,42,,,,2026-09-02T20:45:00Z,1.2.0,62e10bc07ec9873f,SAMPLE_PREDICTION_ERROR,prediction_error == 1 when model prediction != true target,model_prediction_versus_ground_truth,False,1,1,True,0,0.12,0.2,0.05,0.15,0.15,0.061282587702834124,,,,,,NORMAL,True,True,True,True,False,False,False,True,False,,,,
903b88781491660705c253a9,STATIC_SELECTIVE_RISK,Module_12_CrossDomain,sklearn_fixture,29993fa5a07111060fb234185b682f6717de16a4d2e1350bc14293597f01621f,rf_digits_parity_v1,digits_parity,digits_parity,42,,,,2026-09-02T20:45:00Z,1.2.0,62e10bc07ec9873f,SAMPLE_PREDICTION_ERROR,prediction_error == 1 when model prediction != true target,model_prediction_versus_ground_truth,False,0,0,True,0,0.12,0.2,0.05,0.15,0.15,0.061282587702834124,,,,,,NORMAL,True,True,True,True,False,False,False,True,False,,,,
383c598af192b5f8291806a1,STATIC_SELECTIVE_RISK,Module_12_CrossDomain,sklearn_fixture,29993fa5a07111060fb234185b682f6717de16a4d2e1350bc14293597f01621f,rf_digits_parity_v1,digits_parity,digits_parity,42,,,,2026-09-02T20:45:00Z,1.2.0,62e10bc07ec9873f,SAMPLE_PREDICTION_ERROR,prediction_error == 1 when model prediction != true target,model_prediction_versus_ground_truth,False,0,0,True,0,0.12,0.2,0.05,0.15,0.15,0.061282587702834124,,,,,,NORMAL,True,True,True,True,False,False,False,True,False,,,,
dabc849af88a7ebcaba8b192,STATIC_SELECTIVE_RISK,Module_12_CrossDomain,sklearn_fixture,29993fa5a07111060fb234185b682f6717de16a4d2e1350bc14293597f01621f,rf_digits_parity_v1,digits_parity,digits_parity,42,,,,2026-09-02T20:45:00Z,1.2.0,62e10bc07ec9873f,SAMPLE_PREDICTION_ERROR,prediction_error == 1 when model prediction != true target,model_prediction_versus_ground_truth,False,1,1,True,0,0.12,0.2,0.05,0.15,0.15,0.061282587702834124,,,,,,NORMAL,True,True,True,True,False,False,False,True,False,,,,
39b992be67ddca5cde8e2b59,STATIC_SELECTIVE_RISK,Module_12_CrossDomain,sklearn_fixture,29993fa5a07111060fb234185b682f6717de16a4d2e1350bc14293597f01621f,rf_digits_parity_v1,digits_parity,digits_parity,42,,,,2026-09-02T20:45:00Z,1.2.0,62e10bc07ec9873f,SAMPLE_PREDICTION_ERROR,prediction_error == 1 when model prediction != true target,model_prediction_versus_ground_truth,False,0,0,True,0,0.12,0.2,0.05,0.15,0.15,0.061282587702834124,,,,,,NORMAL,True,True,True,True,False,False,False,True,False,,,,
e10a6a6ad7b7df4c6e65b359,STATIC_SELECTIVE_RISK,Module_12_CrossDomain,sklearn_fixture,29993fa5a07111060fb234185b682f6717de16a4d2e1350bc14293597f01621f,rf_digits_parity_v1,digits_parity,digits_parity,42,,,,2026-09-02T20:45:00Z,1.2.0,62e10bc07ec9873f,SAMPLE_PREDICTION_ERROR,prediction_error == 1 when model prediction != true target,model_prediction_versus_ground_truth,False,1,1,True,0,0.12,0.2,0.05,0.15,0.15,0.061282587702834124,,,,,,NORMAL,True,True,True,True,False,False,False,True,False,,,,
d480c428dea6ff5b778799f4,STATIC_SELECTIVE_RISK,Module_12_CrossDomain,sklearn_fixture,29993fa5a07111060fb234185b682f6717de16a4d2e1350bc14293597f01621f,rf_digits_parity_v1,digits_parity,digits_parity,42,,,,2026-09-02T20:45:00Z,1.2.0,62e10bc07ec9873f,SAMPLE_PREDICTION_ERROR,prediction_error == 1 when model prediction != true target,model_prediction_versus_ground_truth,False,0,0,True,0,0.12,0.2,0.05,0.15,0.15,0.061282587702834124,,,,,,NORMAL,True,True,True,True,False,False,False,True,False,,,,
c8bc63e03104ec8a8801e7f8,STATIC_SELECTIVE_RISK,Module_12_CrossDomain,sklearn_fixture,29993fa5a07111060fb234185b682f6717de16a4d2e1350bc14293597f01621f,rf_digits_parity_v1,digits_parity,digits_parity,42,,,,2026-09-02T20:45:00Z,1.2.0,62e10bc07ec9873f,SAMPLE_PREDICTION_ERROR,prediction_error == 1 when model prediction != true target,model_prediction_versus_ground_truth,False,0,0,True,0,0.12,0.2,0.05,0.15,0.15,0.061282587702834124,,,,,,NORMAL,True,True,True,True,False,False,False,True,False,,,,
5d077a692a05e44b8a5619aa,STATIC_SELECTIVE_RISK,Module_12_CrossDomain,sklearn_fixture,29993fa5a07111060fb234185b682f6717de16a4d2e1350bc14293597f01621f,rf_digits_parity_v1,digits_parity,digits_parity,42,,,,2026-09-02T20:45:00Z,1.2.0,62e10bc07ec9873f,SAMPLE_PREDICTION_ERROR,prediction_error == 1 when model prediction != true target,model_prediction_versus_ground_truth,False,1,1,True,0,0.12,0.2,0.05,0.15,0.15,0.061282587702834124,,,,,,NORMAL,True,True,True,True,False,False,False,True,False,,,,
c856f83b20002f22837f4676,STATIC_SELECTIVE_RISK,Module_12_CrossDomain,sklearn_fixture,29993fa5a07111060fb234185b682f6717de16a4d2e1350bc14293597f01621f,rf_digits_parity_v1,digits_parity,digits_parity,42,,,,2026-09-02T20:45:00Z,1.2.0,62e10bc07ec9873f,SAMPLE_PREDICTION_ERROR,prediction_error == 1 when model prediction != true target,model_prediction_versus_ground_truth,False,1,1,True,0,0.12,0.2,0.05,0.15,0.15,0.061282587702834124,,,,,,NORMAL,True,True,True,True,False,False,False,True,False,,,,
607b1e61eb630ca21ef2d617,STATIC_SELECTIVE_RISK,Module_12_CrossDomain,sklearn_fixture,29993fa5a07111060fb234185b682f6717de16a4d2e1350bc14293597f01621f,rf_digits_parity_v1,digits_parity,digits_parity,42,,,,2026-09-02T20:45:00Z,1.2.0,62e10bc07ec9873f,SAMPLE_PREDICTION_ERROR,prediction_error == 1 when model prediction != true target,model_prediction_versus_ground_truth,False,0,0,True,0,0.12,0.2,0.05,0.15,0.15,0.061282587702834124,,,,,,NORMAL,True,True,True,True,False,False,False,True,False,,,,
3f85f7210c76d4cf15b6ea39,STATIC_SELECTIVE_RISK,Module_12_CrossDomain,sklearn_fixture,29993fa5a07111060fb234185b682f6717de16a4d2e1350bc14293597f01621f,rf_digits_parity_v1,digits_parity,digits_parity,42,,,,2026-09-02T20:45:00Z,1.2.0,62e10bc07ec9873f,SAMPLE_PREDICTION_ERROR,prediction_error == 1 when model prediction != true target,model_prediction_versus_ground_truth,False,0,0,True,0,0.12,0.2,0.05,0.15,0.15,0.061282587702834124,,,,,,NORMAL,True,True,True,True,False,False,False,True,False,,,,
fb346496536fb66d690d57e2,STATIC_SELECTIVE_RISK,Module_12_CrossDomain,sklearn_fixture,29993fa5a07111060fb234185b682f6717de16a4d2e1350bc14293597f01621f,rf_digits_parity_v1,digits_parity,digits_parity,42,,,,2026-09-02T20:45:00Z,1.2.0,62e10bc07ec9873f,SAMPLE_PREDICTION_ERROR,prediction_error == 1 when model prediction != true target,model_prediction_versus_ground_truth,False,0,0,True,0,0.12,0.2,0.05,0.15,0.15,0.061282587702834124,,,,,,NORMAL,True,True,True,True,False,False,False,True,False,,,,
6e7c369003c1a272d3e31404,STATIC_SELECTIVE_RISK,Module_12_CrossDomain,sklearn_fixture,29993fa5a07111060fb234185b682f6717de16a4d2e1350bc14293597f01621f,rf_digits_parity_v1,digits_parity,digits_parity,42,,,,2026-09-02T20:45:00Z,1.2.0,62e10bc07ec9873f,SAMPLE_PREDICTION_ERROR,prediction_error == 1 when model prediction != true target,model_prediction_versus_ground_truth,False,0,0,True,0,0.12,0.2,0.05,0.15,0.15,0.061282587702834124,,,,,,NORMAL,True,True,True,True,False,False,False,True,False,,,,
c9452e1e3fc2fd716cade57f,STATIC_SELECTIVE_RISK,Module_12_CrossDomain,sklearn_fixture,29993fa5a07111060fb234185b682f6717de16a4d2e1350bc14293597f01621f,rf_digits_parity_v1,digits_parity,digits_parity,42,,,,2026-09-02T20:45:00Z,1.2.0,62e10bc07ec9873f,SAMPLE_PREDICTION_ERROR,prediction_error == 1 when model prediction != true target,model_prediction_versus_ground_truth,False,0,0,True,0,0.12,0.2,0.05,0.15,0.15,0.061282587702834124,,,,,,NORMAL,True,True,True,True,False,False,False,True,False,,,,
a4cf0f59140f666a6e46df4b,STATIC_SELECTIVE_RISK,Module_12_CrossDomain,sklearn_fixture,29993fa5a07111060fb234185b682f6717de16a4d2e1350bc14293597f01621f,rf_digits_parity_v1,digits_parity,digits_parity,42,,,,2026-09-02T20:45:00Z,1.2.0,62e10bc07ec9873f,SAMPLE_PREDICTION_ERROR,prediction_error == 1 when model prediction != true target,model_prediction_versus_ground_truth,False,0,0,True,0,0.12,0.2,0.05,0.15,0.15,0.061282587702834124,,,,,,NORMAL,True,True,True,True,False,False,False,True,False,,,,
6dc231c10c9e2c23a0b9f4b3,STATIC_SELECTIVE_RISK,Module_12_CrossDomain,sklearn_fixture,29993fa5a07111060fb234185b682f6717de16a4d2e1350bc14293597f01621f,rf_digits_parity_v1,digits_parity,digits_parity,42,,,,2026-09-02T20:45:00Z,1.2.0,62e10bc07ec9873f,SAMPLE_PREDICTION_ERROR,prediction_error == 1 when model prediction != true target,model_prediction_versus_ground_truth,False,1,1,True,0,0.12,0.2,0.05,0.15,0.15,0.061282587702834124,,,,,,NORMAL,True,True,True,True,False,False,False,True,False,,,,
a99be93c80c3bc0d25006e4d,STATIC_SELECTIVE_RISK,Module_12_CrossDomain,sklearn_fixture,29993fa5a07111060fb234185b682f6717de16a4d2e1350bc14293597f01621f,rf_digits_parity_v1,digits_parity,digits_parity,42,,,,2026-09-02T20:45:00Z,1.2.0,62e10bc07ec9873f,SAMPLE_PREDICTION_ERROR,prediction_error == 1 when model prediction != true target,model_prediction_versus_ground_truth,False,1,1,True,0,0.12,0.2,0.05,0.15,0.15,0.061282587702834124,,,,,,NORMAL,True,True,True,True,False,False,False,True,False,,,,
d7d090278dcc16621ea9992f,STATIC_SELECTIVE_RISK,Module_12_CrossDomain,sklearn_fixture,29993fa5a07111060fb234185b682f6717de16a4d2e1350bc14293597f01621f,rf_digits_parity_v1,digits_parity,digits_parity,42,,,,2026-09-02T20:45:00Z,1.2.0,62e10bc07ec9873f,SAMPLE_PREDICTION_ERROR,prediction_error == 1 when model prediction != true target,model_prediction_versus_ground_truth,False,1,1,True,0,0.12,0.2,0.05,0.15,0.15,0.061282587702834124,,,,,,NORMAL,True,True,True,True,False,False,False,True,False,,,,
f64d89c82d2936951d58dfec,STATIC_SELECTIVE_RISK,Module_12_CrossDomain,sklearn_fixture,29993fa5a07111060fb234185b682f6717de16a4d2e1350bc14293597f01621f,rf_digits_parity_v1,digits_parity,digits_parity,42,,,,2026-09-02T20:45:00Z,1.2.0,62e10bc07ec9873f,SAMPLE_PREDICTION_ERROR,prediction_error == 1 when model prediction != true target,model_prediction_versus_ground_truth,False,0,0,True,0,0.12,0.2,0.05,0.15,0.15,0.061282587702834124,,,,,,NORMAL,True,True,True,True,False,False,False,True,False,,,,
00a4c1dd845cf5fb5b15906a,STATIC_SELECTIVE_RISK,Module_12_CrossDomain,sklearn_fixture,29993fa5a07111060fb234185b682f6717de16a4d2e1350bc14293597f01621f,rf_digits_parity_v1,digits_parity,digits_parity,42,,,,2026-09-02T20:45:00Z,1.2.0,62e10bc07ec9873f,SAMPLE_PREDICTION_ERROR,prediction_error == 1 when model prediction != true target,model_prediction_versus_ground_truth,False,0,0,True,0,0.12,0.2,0.05,0.15,0.15,0.061282587702834124,,,,,,NORMAL,True,True,True,True,False,False,False,True,False,,,,
3a58a366cc094afea4c78b7b,STATIC_SELECTIVE_RISK,Module_12_CrossDomain,sklearn_fixture,29993fa5a07111060fb234185b682f6717de16a4d2e1350bc14293597f01621f,rf_digits_parity_v1,digits_parity,digits_parity,42,,,,2026-09-02T20:45:00Z,1.2.0,62e10bc07ec9873f,SAMPLE_PREDICTION_ERROR,prediction_error == 1 when model prediction != true target,model_prediction_versus_ground_truth,False,1,1,True,0,0.12,0.2,0.05,0.15,0.15,0.061282587702834124,,,,,,NORMAL,True,True,True,True,False,False,False,True,False,,,,
73f37a9b7301d0eabbc80703,STATIC_SELECTIVE_RISK,Module_12_CrossDomain,sklearn_fixture,29993fa5a07111060fb234185b682f6717de16a4d2e1350bc14293597f01621f,rf_digits_parity_v1,digits_parity,digits_parity,42,,,,2026-09-02T20:45:00Z,1.2.0,62e10bc07ec9873f,SAMPLE_PREDICTION_ERROR,prediction_error == 1 when model prediction != true target,model_prediction_versus_ground_truth,False,1,1,True,0,0.12,0.2,0.05,0.15,0.15,0.061282587702834124,,,,,,NORMAL,True,True,True,True,False,False,False,True,False,,,,
66603f93de17861aaa259253,STATIC_SELECTIVE_RISK,Module_12_CrossDomain,sklearn_fixture,29993fa5a07111060fb234185b682f6717de16a4d2e1350bc14293597f01621f,rf_digits_parity_v1,digits_parity,digits_parity,42,,,,2026-09-02T20:45:00Z,1.2.0,62e10bc07ec9873f,SAMPLE_PREDICTION_ERROR,prediction_error == 1 when model prediction != true target,model_prediction_versus_ground_truth,False,0,0,True,0,0.12,0.2,0.05,0.15,0.15,0.061282587702834124,,,,,,NORMAL,True,True,True,True,False,False,False,True,False,,,,
618e93616ea4929889c39ad6,STATIC_SELECTIVE_RISK,Module_12_CrossDomain,sklearn_fixture,29993fa5a07111060fb234185b682f6717de16a4d2e1350bc14293597f01621f,rf_digits_parity_v1,digits_parity,digits_parity,42,,,,2026-09-02T20:45:00Z,1.2.0,62e10bc07ec9873f,SAMPLE_PREDICTION_ERROR,prediction_error == 1 when model prediction != true target,model_prediction_versus_ground_truth,False,0,0,True,0,0.12,0.2,0.05,0.15,0.15,0.061282587702834124,,,,,,NORMAL,True,True,True,True,False,False,False,True,False,,,,
3fda100e4448ae895b1d9431,STATIC_SELECTIVE_RISK,Module_12_CrossDomain,sklearn_fixture,29993fa5a07111060fb234185b682f6717de16a4d2e1350bc14293597f01621f,rf_digits_parity_v1,digits_parity,digits_parity,42,,,,2026-09-02T20:45:00Z,1.2.0,62e10bc07ec9873f,SAMPLE_PREDICTION_ERROR,prediction_error == 1 when model prediction != true target,model_prediction_versus_ground_truth,False,1,1,True,0,0.12,0.2,0.05,0.15,0.15,0.061282587702834124,,,,,,NORMAL,True,True,True,True,False,False,False,True,False,,,,
50d0e7f84c729d58ddd1a3bd,STATIC_SELECTIVE_RISK,Module_12_CrossDomain,sklearn_fixture,29993fa5a07111060fb234185b682f6717de16a4d2e1350bc14293597f01621f,rf_digits_parity_v1,digits_parity,digits_parity,42,,,,2026-09-02T20:45:00Z,1.2.0,62e10bc07ec9873f,SAMPLE_PREDICTION_ERROR,prediction_error == 1 when model prediction != true target,model_prediction_versus_ground_truth,False,0,0,True,0,0.12,0.2,0.05,0.15,0.15,0.061282587702834124,,,,,,NORMAL,True,True,True,True,False,False,False,True,False,,,,
18db6e0a9822b15449209d9b,STATIC_SELECTIVE_RISK,Module_12_CrossDomain,sklearn_fixture,29993fa5a07111060fb234185b682f6717de16a4d2e1350bc14293597f01621f,rf_digits_parity_v1,digits_parity,digits_parity,42,,,,2026-09-02T20:45:00Z,1.2.0,62e10bc07ec9873f,SAMPLE_PREDICTION_ERROR,prediction_error == 1 when model prediction != true target,model_prediction_versus_ground_truth,False,1,1,True,0,0.12,0.2,0.05,0.15,0.15,0.061282587702834124,,,,,,NORMAL,True,True,True,True,False,False,False,True,False,,,,
93faa102f6b3fd3afc7c004a,STATIC_SELECTIVE_RISK,Module_12_CrossDomain,sklearn_fixture,29993fa5a07111060fb234185b682f6717de16a4d2e1350bc14293597f01621f,rf_digits_parity_v1,digits_parity,digits_parity,42,,,,2026-09-02T20:45:00Z,1.2.0,62e10bc07ec9873f,SAMPLE_PREDICTION_ERROR,prediction_error == 1 when model prediction != true target,model_prediction_versus_ground_truth,False,0,0,True,0,0.12,0.2,0.05,0.15,0.15,0.061282587702834124,,,,,,NORMAL,True,True,True,True,False,False,False,True,False,,,,
4f48fb529dbadbbcf0d8c400,STATIC_SELECTIVE_RISK,Module_12_CrossDomain,sklearn_fixture,29993fa5a07111060fb234185b682f6717de16a4d2e1350bc14293597f01621f,rf_digits_parity_v1,digits_parity,digits_parity,42,,,,2026-09-02T20:45:00Z,1.2.0,62e10bc07ec9873f,SAMPLE_PREDICTION_ERROR,prediction_error == 1 when model prediction != true target,model_prediction_versus_ground_truth,False,0,0,True,0,0.12,0.2,0.05,0.15,0.15,0.061282587702834124,,,,,,NORMAL,True,True,True,True,False,False,False,True,False,,,,
ec7055a03322a75ae8a992aa,STATIC_SELECTIVE_RISK,Module_12_CrossDomain,sklearn_fixture,29993fa5a07111060fb234185b682f6717de16a4d2e1350bc14293597f01621f,rf_digits_parity_v1,digits_parity,digits_parity,42,,,,2026-09-02T20:45:00Z,1.2.0,62e10bc07ec9873f,SAMPLE_PREDICTION_ERROR,prediction_error == 1 when model prediction != true target,model_prediction_versus_ground_truth,False,0,0,True,0,0.12,0.2,0.05,0.15,0.15,0.061282587702834124,,,,,,NORMAL,True,True,True,True,False,False,False,True,False,,,,
e3f51bfd012ecd58c5caaa17,STATIC_SELECTIVE_RISK,Module_12_CrossDomain,sklearn_fixture,29993fa5a07111060fb234185b682f6717de16a4d2e1350bc14293597f01621f,rf_digits_parity_v1,digits_parity,digits_parity,42,,,,2026-09-02T20:45:00Z,1.2.0,62e10bc07ec9873f,SAMPLE_PREDICTION_ERROR,prediction_error == 1 when model prediction != true target,model_prediction_versus_ground_truth,False,1,1,True,0,0.12,0.2,0.05,0.15,0.15,0.061282587702834124,,,,,,NORMAL,True,True,True,True,False,False,False,True,False,,,,
6defd719d7bc2c401a29d7a1,STATIC_SELECTIVE_RISK,Module_12_CrossDomain,sklearn_fixture,29993fa5a07111060fb234185b682f6717de16a4d2e1350bc14293597f01621f,rf_digits_parity_v1,digits_parity,digits_parity,42,,,,2026-09-02T20:45:00Z,1.2.0,62e10bc07ec9873f,SAMPLE_PREDICTION_ERROR,prediction_error == 1 when model prediction != true target,model_prediction_versus_ground_truth,False,1,1,True,0,0.12,0.2,0.05,0.15,0.15,0.061282587702834124,,,,,,NORMAL,True,True,True,True,False,False,False,True,False,,,,
d2d93d9ed73081c089bcdf92,STATIC_SELECTIVE_RISK,Module_12_CrossDomain,sklearn_fixture,29993fa5a07111060fb234185b682f6717de16a4d2e1350bc14293597f01621f,rf_digits_parity_v1,digits_parity,digits_parity,42,,,,2026-09-02T20:45:00Z,1.2.0,62e10bc07ec9873f,SAMPLE_PREDICTION_ERROR,prediction_error == 1 when model prediction != true target,model_prediction_versus_ground_truth,False,0,0,True,0,0.12,0.2,0.05,0.15,0.15,0.061282587702834124,,,,,,NORMAL,True,True,True,True,False,False,False,True,False,,,,
0d0afe94b8e0eae0127bac62,STATIC_SELECTIVE_RISK,Module_12_CrossDomain,sklearn_fixture,29993fa5a07111060fb234185b682f6717de16a4d2e1350bc14293597f01621f,rf_digits_parity_v1,digits_parity,digits_parity,42,,,,2026-09-02T20:45:00Z,1.2.0,62e10bc07ec9873f,SAMPLE_PREDICTION_ERROR,prediction_error == 1 when model prediction != true target,model_prediction_versus_ground_truth,False,1,1,True,0,0.12,0.2,0.05,0.15,0.15,0.061282587702834124,,,,,,NORMAL,True,True,True,True,False,False,False,True,False,,,,
a02d84e599051f2032b8e341,STATIC_SELECTIVE_RISK,Module_12_CrossDomain,sklearn_fixture,29993fa5a07111060fb234185b682f6717de16a4d2e1350bc14293597f01621f,rf_digits_parity_v1,digits_parity,digits_parity,42,,,,2026-09-02T20:45:00Z,1.2.0,62e10bc07ec9873f,SAMPLE_PREDICTION_ERROR,prediction_error == 1 when model prediction != true target,model_prediction_versus_ground_truth,False,1,1,True,0,0.12,0.2,0.05,0.15,0.15,0.061282587702834124,,,,,,NORMAL,True,True,True,True,False,False,False,True,False,,,,
a6dbb4e44dfaf67a1be2b67e,STATIC_SELECTIVE_RISK,Module_12_CrossDomain,sklearn_fixture,29993fa5a07111060fb234185b682f6717de16a4d2e1350bc14293597f01621f,rf_digits_parity_v1,digits_parity,digits_parity,42,,,,2026-09-02T20:45:00Z,1.2.0,62e10bc07ec9873f,SAMPLE_PREDICTION_ERROR,prediction_error == 1 when model prediction != true target,model_prediction_versus_ground_truth,False,1,1,True,0,0.12,0.2,0.05,0.15,0.15,0.061282587702834124,,,,,,NORMAL,True,True,True,True,False,False,False,True,False,,,,
bd20675b5c93abba8d1feca4,STATIC_SELECTIVE_RISK,Module_12_CrossDomain,sklearn_fixture,29993fa5a07111060fb234185b682f6717de16a4d2e1350bc14293597f01621f,rf_digits_parity_v1,digits_parity,digits_parity,42,,,,2026-09-02T20:45:00Z,1.2.0,62e10bc07ec9873f,SAMPLE_PREDICTION_ERROR,prediction_error == 1 when model prediction != true target,model_prediction_versus_ground_truth,False,1,1,True,0,0.12,0.2,0.05,0.15,0.15,0.061282587702834124,,,,,,NORMAL,True,True,True,True,False,False,False,True,False,,,,
e5ff20dba80811420404c22b,STATIC_SELECTIVE_RISK,Module_12_CrossDomain,sklearn_fixture,29993fa5a07111060fb234185b682f6717de16a4d2e1350bc14293597f01621f,rf_digits_parity_v1,digits_parity,digits_parity,42,,,,2026-09-02T20:45:00Z,1.2.0,62e10bc07ec9873f,SAMPLE_PREDICTION_ERROR,prediction_error == 1 when model prediction != true target,model_prediction_versus_ground_truth,False,0,0,True,0,0.12,0.2,0.05,0.15,0.15,0.061282587702834124,,,,,,NORMAL,True,True,True,True,False,False,False,True,False,,,,
bd0c80b87e975bdce6dcc941,STATIC_SELECTIVE_RISK,Module_12_CrossDomain,sklearn_fixture,29993fa5a07111060fb234185b682f6717de16a4d2e1350bc14293597f01621f,rf_digits_parity_v1,digits_parity,digits_parity,42,,,,2026-09-02T20:45:00Z,1.2.0,62e10bc07ec9873f,SAMPLE_PREDICTION_ERROR,prediction_error == 1 when model prediction != true target,model_prediction_versus_ground_truth,False,0,0,True,0,0.12,0.2,0.05,0.15,0.15,0.061282587702834124,,,,,,NORMAL,True,True,True,True,False,False,False,True,False,,,,
76f2efa200ce245ed18abb9e,STATIC_SELECTIVE_RISK,Module_12_CrossDomain,sklearn_fixture,29993fa5a07111060fb234185b682f6717de16a4d2e1350bc14293597f01621f,rf_digits_parity_v1,digits_parity,digits_parity,42,,,,2026-09-02T20:45:00Z,1.2.0,62e10bc07ec9873f,SAMPLE_PREDICTION_ERROR,prediction_error == 1 when model prediction != true target,model_prediction_versus_ground_truth,False,0,0,True,0,0.12,0.2,0.05,0.15,0.15,0.061282587702834124,,,,,,NORMAL,True,True,True,True,False,False,False,True,False,,,,
25d7cbac504720f2add9f28b,STATIC_SELECTIVE_RISK,Module_12_CrossDomain,sklearn_fixture,29993fa5a07111060fb234185b682f6717de16a4d2e1350bc14293597f01621f,rf_digits_parity_v1,digits_parity,digits_parity,42,,,,2026-09-02T20:45:00Z,1.2.0,62e10bc07ec9873f,SAMPLE_PREDICTION_ERROR,prediction_error == 1 when model prediction != true target,model_prediction_versus_ground_truth,False,0,0,True,0,0.12,0.2,0.05,0.15,0.15,0.061282587702834124,,,,,,NORMAL,True,True,True,True,False,False,False,True,False,,,,
088ec673d4789675f2203a17,STATIC_SELECTIVE_RISK,Module_12_CrossDomain,sklearn_fixture,29993fa5a07111060fb234185b682f6717de16a4d2e1350bc14293597f01621f,rf_digits_parity_v1,digits_parity,digits_parity,42,,,,2026-09-02T20:45:00Z,1.2.0,62e10bc07ec9873f,SAMPLE_PREDICTION_ERROR,prediction_error == 1 when model prediction != true target,model_prediction_versus_ground_truth,False,1,1,True,0,0.12,0.2,0.05,0.15,0.15,0.061282587702834124,,,,,,NORMAL,True,True,True,True,False,False,False,True,False,,,,
459410c57f727e4cf9922e88,STATIC_SELECTIVE_RISK,Module_12_CrossDomain,sklearn_fixture,29993fa5a07111060fb234185b682f6717de16a4d2e1350bc14293597f01621f,rf_digits_parity_v1,digits_parity,digits_parity,42,,,,2026-09-02T20:45:00Z,1.2.0,62e10bc07ec9873f,SAMPLE_PREDICTION_ERROR,prediction_error == 1 when model prediction != true target,model_prediction_versus_ground_truth,False,1,1,True,0,0.12,0.2,0.05,0.15,0.15,0.061282587702834124,,,,,,NORMAL,True,True,True,True,False,False,False,True,False,,,,
37f165a5a8d9adb7e6f2a29c,STATIC_SELECTIVE_RISK,Module_12_CrossDomain,sklearn_fixture,29993fa5a07111060fb234185b682f6717de16a4d2e1350bc14293597f01621f,rf_digits_parity_v1,digits_parity,digits_parity,42,,,,2026-09-02T20:45:00Z,1.2.0,62e10bc07ec9873f,SAMPLE_PREDICTION_ERROR,prediction_error == 1 when model prediction != true target,model_prediction_versus_ground_truth,False,1,1,True,0,0.12,0.2,0.05,0.15,0.15,0.061282587702834124,,,,,,NORMAL,True,True,True,True,False,False,False,True,False,,,,
406be057e538ef0f52825416,STATIC_SELECTIVE_RISK,Module_12_CrossDomain,sklearn_fixture,29993fa5a07111060fb234185b682f6717de16a4d2e1350bc14293597f01621f,rf_digits_parity_v1,digits_parity,digits_parity,42,,,,2026-09-02T20:45:00Z,1.2.0,62e10bc07ec9873f,SAMPLE_PREDICTION_ERROR,prediction_error == 1 when model prediction != true target,model_prediction_versus_ground_truth,False,1,1,True,0,0.12,0.2,0.05,0.15,0.15,0.061282587702834124,,,,,,NORMAL,True,True,True,True,False,False,False,True,False,,,,
dbd741a6348eb71d4a38bc32,STATIC_SELECTIVE_RISK,Module_12_CrossDomain,sklearn_fixture,29993fa5a07111060fb234185b682f6717de16a4d2e1350bc14293597f01621f,rf_digits_parity_v1,digits_parity,digits_parity,42,,,,2026-09-02T20:45:00Z,1.2.0,62e10bc07ec9873f,SAMPLE_PREDICTION_ERROR,prediction_error == 1 when model prediction != true target,model_prediction_versus_ground_truth,False,0,0,True,0,0.12,0.2,0.05,0.15,0.15,0.061282587702834124,,,,,,NORMAL,True,True,True,True,False,False,False,True,False,,,,
09538524774ddabf13639643,STATIC_SELECTIVE_RISK,Module_12_CrossDomain,sklearn_fixture,29993fa5a07111060fb234185b682f6717de16a4d2e1350bc14293597f01621f,rf_digits_parity_v1,digits_parity,digits_parity,42,,,,2026-09-02T20:45:00Z,1.2.0,62e10bc07ec9873f,SAMPLE_PREDICTION_ERROR,prediction_error == 1 when model prediction != true target,model_prediction_versus_ground_truth,False,1,1,True,0,0.12,0.2,0.05,0.15,0.15,0.061282587702834124,,,,,,NORMAL,True,True,True,True,False,False,False,True,False,,,,
1fff01913a6cb093600c2a13,STATIC_SELECTIVE_RISK,Module_12_CrossDomain,sklearn_fixture,29993fa5a07111060fb234185b682f6717de16a4d2e1350bc14293597f01621f,rf_digits_parity_v1,digits_parity,digits_parity,42,,,,2026-09-02T20:45:00Z,1.2.0,62e10bc07ec9873f,SAMPLE_PREDICTION_ERROR,prediction_error == 1 when model prediction != true target,model_prediction_versus_ground_truth,False,1,1,True,0,0.12,0.2,0.05,0.15,0.15,0.061282587702834124,,,,,,NORMAL,True,True,True,True,False,False,False,True,False,,,,
55bb5d217079af2bba252dfb,STATIC_SELECTIVE_RISK,Module_12_CrossDomain,sklearn_fixture,29993fa5a07111060fb234185b682f6717de16a4d2e1350bc14293597f01621f,rf_digits_parity_v1,digits_parity,digits_parity,42,,,,2026-09-02T20:45:00Z,1.2.0,62e10bc07ec9873f,SAMPLE_PREDICTION_ERROR,prediction_error == 1 when model prediction != true target,model_prediction_versus_ground_truth,False,0,0,True,0,0.12,0.2,0.05,0.15,0.15,0.061282587702834124,,,,,,NORMAL,True,True,True,True,False,False,False,True,False,,,,
936c7dc47ce922789778259d,STATIC_SELECTIVE_RISK,Module_12_CrossDomain,sklearn_fixture,29993fa5a07111060fb234185b682f6717de16a4d2e1350bc14293597f01621f,rf_digits_parity_v1,digits_parity,digits_parity,42,,,,2026-09-02T20:45:00Z,1.2.0,62e10bc07ec9873f,SAMPLE_PREDICTION_ERROR,prediction_error == 1 when model prediction != true target,model_prediction_versus_ground_truth,False,1,1,True,0,0.12,0.2,0.05,0.15,0.15,0.061282587702834124,,,,,,NORMAL,True,True,True,True,False,False,False,True,False,,,,
102df7e14fbee5302a7dd7d2,STATIC_SELECTIVE_RISK,Module_12_CrossDomain,sklearn_fixture,29993fa5a07111060fb234185b682f6717de16a4d2e1350bc14293597f01621f,rf_digits_parity_v1,digits_parity,digits_parity,42,,,,2026-09-02T20:45:00Z,1.2.0,62e10bc07ec9873f,SAMPLE_PREDICTION_ERROR,prediction_error == 1 when model prediction != true target,model_prediction_versus_ground_truth,False,1,1,True,0,0.12,0.2,0.05,0.15,0.15,0.061282587702834124,,,,,,NORMAL,True,True,True,True,False,False,False,True,False,,,,
487061bc8f3561b76f088c9e,STATIC_SELECTIVE_RISK,Module_12_CrossDomain,sklearn_fixture,29993fa5a07111060fb234185b682f6717de16a4d2e1350bc14293597f01621f,rf_digits_parity_v1,digits_parity,digits_parity,42,,,,2026-09-02T20:45:00Z,1.2.0,62e10bc07ec9873f,SAMPLE_PREDICTION_ERROR,prediction_error == 1 when model prediction != true target,model_prediction_versus_ground_truth,False,0,0,True,0,0.12,0.2,0.05,0.15,0.15,0.061282587702834124,,,,,,NORMAL,True,True,True,True,False,False,False,True,False,,,,
c64b02637013acbe183f2ea6,STATIC_SELECTIVE_RISK,Module_12_CrossDomain,sklearn_fixture,29993fa5a07111060fb234185b682f6717de16a4d2e1350bc14293597f01621f,rf_digits_parity_v1,digits_parity,digits_parity,42,,,,2026-09-02T20:45:00Z,1.2.0,62e10bc07ec9873f,SAMPLE_PREDICTION_ERROR,prediction_error == 1 when model prediction != true target,model_prediction_versus_ground_truth,False,1,1,True,0,0.12,0.2,0.05,0.15,0.15,0.061282587702834124,,,,,,NORMAL,True,True,True,True,False,False,False,True,False,,,,
a987d17145fa16485793f586,STATIC_SELECTIVE_RISK,Module_12_CrossDomain,sklearn_fixture,29993fa5a07111060fb234185b682f6717de16a4d2e1350bc14293597f01621f,rf_digits_parity_v1,digits_parity,digits_parity,42,,,,2026-09-02T20:45:00Z,1.2.0,62e10bc07ec9873f,SAMPLE_PREDICTION_ERROR,prediction_error == 1 when model prediction != true target,model_prediction_versus_ground_truth,False,0,0,True,0,0.12,0.2,0.05,0.15,0.15,0.061282587702834124,,,,,,NORMAL,True,True,True,True,False,False,False,True,False,,,,
6e8db6fd00db3c7323cbdc6a,STATIC_SELECTIVE_RISK,Module_12_CrossDomain,sklearn_fixture,29993fa5a07111060fb234185b682f6717de16a4d2e1350bc14293597f01621f,rf_digits_parity_v1,digits_parity,digits_parity,42,,,,2026-09-02T20:45:00Z,1.2.0,62e10bc07ec9873f,SAMPLE_PREDICTION_ERROR,prediction_error == 1 when model prediction != true target,model_prediction_versus_ground_truth,False,1,1,True,0,0.12,0.2,0.05,0.15,0.15,0.061282587702834124,,,,,,NORMAL,True,True,True,True,False,False,False,True,False,,,,
883311b3abd3158a1ab6e3b2,STATIC_SELECTIVE_RISK,Module_12_CrossDomain,sklearn_fixture,29993fa5a07111060fb234185b682f6717de16a4d2e1350bc14293597f01621f,rf_digits_parity_v1,digits_parity,digits_parity,42,,,,2026-09-02T20:45:00Z,1.2.0,62e10bc07ec9873f,SAMPLE_PREDICTION_ERROR,prediction_error == 1 when model prediction != true target,model_prediction_versus_ground_truth,False,0,0,True,0,0.12,0.2,0.05,0.15,0.15,0.061282587702834124,,,,,,NORMAL,True,True,True,True,False,False,False,True,False,,,,
846664d69335e9f503d58231,STATIC_SELECTIVE_RISK,Module_12_CrossDomain,sklearn_fixture,29993fa5a07111060fb234185b682f6717de16a4d2e1350bc14293597f01621f,rf_digits_parity_v1,digits_parity,digits_parity,42,,,,2026-09-02T20:45:00Z,1.2.0,62e10bc07ec9873f,SAMPLE_PREDICTION_ERROR,prediction_error == 1 when model prediction != true target,model_prediction_versus_ground_truth,False,1,1,True,0,0.12,0.2,0.05,0.15,0.15,0.061282587702834124,,,,,,NORMAL,True,True,True,True,False,False,False,True,False,,,,
a08294a96c40513ab63ab3d4,STATIC_SELECTIVE_RISK,Module_12_CrossDomain,sklearn_fixture,29993fa5a07111060fb234185b682f6717de16a4d2e1350bc14293597f01621f,rf_digits_parity_v1,digits_parity,digits_parity,42,,,,2026-09-02T20:45:00Z,1.2.0,62e10bc07ec9873f,SAMPLE_PREDICTION_ERROR,prediction_error == 1 when model prediction != true target,model_prediction_versus_ground_truth,False,0,0,True,0,0.12,0.2,0.05,0.15,0.15,0.061282587702834124,,,,,,NORMAL,True,True,True,True,False,False,False,True,False,,,,
7f8e3cdf3dc307b25cdf9135,STATIC_SELECTIVE_RISK,Module_12_CrossDomain,sklearn_fixture,29993fa5a07111060fb234185b682f6717de16a4d2e1350bc14293597f01621f,rf_digits_parity_v1,digits_parity,digits_parity,42,,,,2026-09-02T20:45:00Z,1.2.0,62e10bc07ec9873f,SAMPLE_PREDICTION_ERROR,prediction_error == 1 when model prediction != true target,model_prediction_versus_ground_truth,False,1,1,True,0,0.12,0.2,0.05,0.15,0.15,0.061282587702834124,,,,,,NORMAL,True,True,True,True,False,False,False,True,False,,,,
6ce638848af8fc807e07d392,STATIC_SELECTIVE_RISK,Module_12_CrossDomain,sklearn_fixture,29993fa5a07111060fb234185b682f6717de16a4d2e1350bc14293597f01621f,rf_digits_parity_v1,digits_parity,digits_parity,42,,,,2026-09-02T20:45:00Z,1.2.0,62e10bc07ec9873f,SAMPLE_PREDICTION_ERROR,prediction_error == 1 when model prediction != true target,model_prediction_versus_ground_truth,False,0,0,True,0,0.12,0.2,0.05,0.15,0.15,0.061282587702834124,,,,,,NORMAL,True,True,True,True,False,False,False,True,False,,,,
071549ceedb312add98ce09c,STATIC_SELECTIVE_RISK,Module_12_CrossDomain,sklearn_fixture,29993fa5a07111060fb234185b682f6717de16a4d2e1350bc14293597f01621f,rf_digits_parity_v1,digits_parity,digits_parity,42,,,,2026-09-02T20:45:00Z,1.2.0,62e10bc07ec9873f,SAMPLE_PREDICTION_ERROR,prediction_error == 1 when model prediction != true target,model_prediction_versus_ground_truth,False,1,1,True,0,0.12,0.2,0.05,0.15,0.15,0.061282587702834124,,,,,,NORMAL,True,True,True,True,False,False,False,True,False,,,,
24ebab62b4ef7567f8492ca0,STATIC_SELECTIVE_RISK,Module_12_CrossDomain,sklearn_fixture,29993fa5a07111060fb234185b682f6717de16a4d2e1350bc14293597f01621f,rf_digits_parity_v1,digits_parity,digits_parity,42,,,,2026-09-02T20:45:00Z,1.2.0,62e10bc07ec9873f,SAMPLE_PREDICTION_ERROR,prediction_error == 1 when model prediction != true target,model_prediction_versus_ground_truth,False,0,0,True,0,0.12,0.2,0.05,0.15,0.15,0.061282587702834124,,,,,,NORMAL,True,True,True,True,False,False,False,True,False,,,,
383e297e0be250fef2ebeecc,STATIC_SELECTIVE_RISK,Module_12_CrossDomain,sklearn_fixture,29993fa5a07111060fb234185b682f6717de16a4d2e1350bc14293597f01621f,rf_digits_parity_v1,digits_parity,digits_parity,42,,,,2026-09-02T20:45:00Z,1.2.0,62e10bc07ec9873f,SAMPLE_PREDICTION_ERROR,prediction_error == 1 when model prediction != true target,model_prediction_versus_ground_truth,False,1,1,True,0,0.12,0.2,0.05,0.15,0.15,0.061282587702834124,,,,,,NORMAL,True,True,True,True,False,False,False,True,False,,,,
243a5527fc59b9ad1f9aa67a,STATIC_SELECTIVE_RISK,Module_12_CrossDomain,sklearn_fixture,29993fa5a07111060fb234185b682f6717de16a4d2e1350bc14293597f01621f,rf_digits_parity_v1,digits_parity,digits_parity,42,,,,2026-09-02T20:45:00Z,1.2.0,62e10bc07ec9873f,SAMPLE_PREDICTION_ERROR,prediction_error == 1 when model prediction != true target,model_prediction_versus_ground_truth,False,0,0,True,0,0.12,0.2,0.05,0.15,0.15,0.061282587702834124,,,,,,NORMAL,True,True,True,True,False,False,False,True,False,,,,
0eba5aaa32039253e505a601,STATIC_SELECTIVE_RISK,Module_12_CrossDomain,sklearn_fixture,29993fa5a07111060fb234185b682f6717de16a4d2e1350bc14293597f01621f,rf_digits_parity_v1,digits_parity,digits_parity,42,,,,2026-09-02T20:45:00Z,1.2.0,62e10bc07ec9873f,SAMPLE_PREDICTION_ERROR,prediction_error == 1 when model prediction != true target,model_prediction_versus_ground_truth,False,1,1,True,0,0.12,0.2,0.05,0.15,0.15,0.061282587702834124,,,,,,NORMAL,True,True,True,True,False,False,False,True,False,,,,
689388265d1b76da255b1197,STATIC_SELECTIVE_RISK,Module_12_CrossDomain,sklearn_fixture,29993fa5a07111060fb234185b682f6717de16a4d2e1350bc14293597f01621f,rf_digits_parity_v1,digits_parity,digits_parity,42,,,,2026-09-02T20:45:00Z,1.2.0,62e10bc07ec9873f,SAMPLE_PREDICTION_ERROR,prediction_error == 1 when model prediction != true target,model_prediction_versus_ground_truth,False,0,0,True,0,0.12,0.2,0.05,0.15,0.15,0.061282587702834124,,,,,,NORMAL,True,True,True,True,False,False,False,True,False,,,,
1bcf78294c21bab642937c76,STATIC_SELECTIVE_RISK,Module_12_CrossDomain,sklearn_fixture,29993fa5a07111060fb234185b682f6717de16a4d2e1350bc14293597f01621f,rf_digits_parity_v1,digits_parity,digits_parity,42,,,,2026-09-02T20:45:00Z,1.2.0,62e10bc07ec9873f,SAMPLE_PREDICTION_ERROR,prediction_error == 1 when model prediction != true target,model_prediction_versus_ground_truth,False,1,1,True,0,0.12,0.2,0.05,0.15,0.15,0.061282587702834124,,,,,,NORMAL,True,True,True,True,False,False,False,True,False,,,,
0abffd7df5d75c754f9bb849,STATIC_SELECTIVE_RISK,Module_12_CrossDomain,sklearn_fixture,29993fa5a07111060fb234185b682f6717de16a4d2e1350bc14293597f01621f,rf_digits_parity_v1,digits_parity,digits_parity,42,,,,2026-09-02T20:45:00Z,1.2.0,62e10bc07ec9873f,SAMPLE_PREDICTION_ERROR,prediction_error == 1 when model prediction != true target,model_prediction_versus_ground_truth,False,0,0,True,0,0.12,0.2,0.05,0.15,0.15,0.061282587702834124,,,,,,NORMAL,True,True,True,True,False,False,False,True,False,,,,
38a509dd698f7d024a765bfb,STATIC_SELECTIVE_RISK,Module_12_CrossDomain,sklearn_fixture,29993fa5a07111060fb234185b682f6717de16a4d2e1350bc14293597f01621f,rf_digits_parity_v1,digits_parity,digits_parity,42,,,,2026-09-02T20:45:00Z,1.2.0,62e10bc07ec9873f,SAMPLE_PREDICTION_ERROR,prediction_error == 1 when model prediction != true target,model_prediction_versus_ground_truth,False,1,1,True,0,0.12,0.2,0.05,0.15,0.15,0.061282587702834124,,,,,,NORMAL,True,True,True,True,False,False,False,True,False,,,,
1b25410ce03e825b9637dab8,STATIC_SELECTIVE_RISK,Module_12_CrossDomain,sklearn_fixture,29993fa5a07111060fb234185b682f6717de16a4d2e1350bc14293597f01621f,rf_digits_parity_v1,digits_parity,digits_parity,42,,,,2026-09-02T20:45:00Z,1.2.0,62e10bc07ec9873f,SAMPLE_PREDICTION_ERROR,prediction_error == 1 when model prediction != true target,model_prediction_versus_ground_truth,False,0,0,True,0,0.12,0.2,0.05,0.15,0.15,0.061282587702834124,,,,,,NORMAL,True,True,True,True,False,False,False,True,False,,,,
6a6b8b77e388804917ee7475,STATIC_SELECTIVE_RISK,Module_12_CrossDomain,sklearn_fixture,29993fa5a07111060fb234185b682f6717de16a4d2e1350bc14293597f01621f,rf_digits_parity_v1,digits_parity,digits_parity,42,,,,2026-09-02T20:45:00Z,1.2.0,62e10bc07ec9873f,SAMPLE_PREDICTION_ERROR,prediction_error == 1 when model prediction != true target,model_prediction_versus_ground_truth,False,1,1,True,0,0.12,0.2,0.05,0.15,0.15,0.061282587702834124,,,,,,NORMAL,True,True,True,True,False,False,False,True,False,,,,
faad73a66acf4f9cf5d93f08,STATIC_SELECTIVE_RISK,Module_12_CrossDomain,sklearn_fixture,29993fa5a07111060fb234185b682f6717de16a4d2e1350bc14293597f01621f,rf_digits_parity_v1,digits_parity,digits_parity,42,,,,2026-09-02T20:45:00Z,1.2.0,62e10bc07ec9873f,SAMPLE_PREDICTION_ERROR,prediction_error == 1 when model prediction != true target,model_prediction_versus_ground_truth,False,0,0,True,0,0.12,0.2,0.05,0.15,0.15,0.061282587702834124,,,,,,NORMAL,True,True,True,True,False,False,False,True,False,,,,
b61d458293b84ad82a4a994e,STATIC_SELECTIVE_RISK,Module_12_CrossDomain,sklearn_fixture,29993fa5a07111060fb234185b682f6717de16a4d2e1350bc14293597f01621f,rf_digits_parity_v1,digits_parity,digits_parity,42,,,,2026-09-02T20:45:00Z,1.2.0,62e10bc07ec9873f,SAMPLE_PREDICTION_ERROR,prediction_error == 1 when model prediction != true target,model_prediction_versus_ground_truth,False,1,1,True,0,0.12,0.2,0.05,0.15,0.15,0.061282587702834124,,,,,,NORMAL,True,True,True,True,False,False,False,True,False,,,,
4b07a06e952bee1427c6d192,STATIC_SELECTIVE_RISK,Module_12_CrossDomain,sklearn_fixture,29993fa5a07111060fb234185b682f6717de16a4d2e1350bc14293597f01621f,rf_digits_parity_v1,digits_parity,digits_parity,42,,,,2026-09-02T20:45:00Z,1.2.0,62e10bc07ec9873f,SAMPLE_PREDICTION_ERROR,prediction_error == 1 when model prediction != true target,model_prediction_versus_ground_truth,False,0,0,True,0,0.12,0.2,0.05,0.15,0.15,0.061282587702834124,,,,,,NORMAL,True,True,True,True,False,False,False,True,False,,,,
c774bfd4c4fc42892beed18b,STATIC_SELECTIVE_RISK,Module_12_CrossDomain,sklearn_fixture,29993fa5a07111060fb234185b682f6717de16a4d2e1350bc14293597f01621f,rf_digits_parity_v1,digits_parity,digits_parity,42,,,,2026-09-02T20:45:00Z,1.2.0,62e10bc07ec9873f,SAMPLE_PREDICTION_ERROR,prediction_error == 1 when model prediction != true target,model_prediction_versus_ground_truth,False,1,1,True,0,0.12,0.2,0.05,0.15,0.15,0.061282587702834124,,,,,,NORMAL,True,True,True,True,False,False,False,True,False,,,,
1fe30114b12b7e4d34730880,STATIC_SELECTIVE_RISK,Module_12_CrossDomain,sklearn_fixture,29993fa5a07111060fb234185b682f6717de16a4d2e1350bc14293597f01621f,rf_digits_parity_v1,digits_parity,digits_parity,42,,,,2026-09-02T20:45:00Z,1.2.0,62e10bc07ec9873f,SAMPLE_PREDICTION_ERROR,prediction_error == 1 when model prediction != true target,model_prediction_versus_ground_truth,False,0,0,True,0,0.12,0.2,0.05,0.15,0.15,0.061282587702834124,,,,,,NORMAL,True,True,True,True,False,False,False,True,False,,,,
3873058e27adb72ec74a3c37,STATIC_SELECTIVE_RISK,Module_12_CrossDomain,sklearn_fixture,29993fa5a07111060fb234185b682f6717de16a4d2e1350bc14293597f01621f,rf_digits_parity_v1,digits_parity,digits_parity,42,,,,2026-09-02T20:45:00Z,1.2.0,62e10bc07ec9873f,SAMPLE_PREDICTION_ERROR,prediction_error == 1 when model prediction != true target,model_prediction_versus_ground_truth,False,1,1,True,0,0.12,0.2,0.05,0.15,0.15,0.061282587702834124,,,,,,NORMAL,True,True,True,True,False,False,False,True,False,,,,
59cd04199a290fc7be65369e,STATIC_SELECTIVE_RISK,Module_12_CrossDomain,sklearn_fixture,29993fa5a07111060fb234185b682f6717de16a4d2e1350bc14293597f01621f,rf_digits_parity_v1,digits_parity,digits_parity,42,,,,2026-09-02T20:45:00Z,1.2.0,62e10bc07ec9873f,SAMPLE_PREDICTION_ERROR,prediction_error == 1 when model prediction != true target,model_prediction_versus_ground_truth,False,0,0,True,0,0.12,0.2,0.05,0.15,0.15,0.061282587702834124,,,,,,NORMAL,True,True,True,True,False,False,False,True,False,,,,
8b9ce104b664c2af993aa270,STATIC_SELECTIVE_RISK,Module_12_CrossDomain,sklearn_fixture,29993fa5a07111060fb234185b682f6717de16a4d2e1350bc14293597f01621f,rf_digits_parity_v1,digits_parity,digits_parity,42,,,,2026-09-02T20:45:00Z,1.2.0,62e10bc07ec9873f,SAMPLE_PREDICTION_ERROR,prediction_error == 1 when model prediction != true target,model_prediction_versus_ground_truth,False,1,1,True,0,0.12,0.2,0.05,0.15,0.15,0.061282587702834124,,,,,,NORMAL,True,True,True,True,False,False,False,True,False,,,,
9ffd116dbfa9e33d5e072c5d,STATIC_SELECTIVE_RISK,Module_12_CrossDomain,sklearn_fixture,29993fa5a07111060fb234185b682f6717de16a4d2e1350bc14293597f01621f,rf_digits_parity_v1,digits_parity,digits_parity,42,,,,2026-09-02T20:45:00Z,1.2.0,62e10bc07ec9873f,SAMPLE_PREDICTION_ERROR,prediction_error == 1 when model prediction != true target,model_prediction_versus_ground_truth,False,0,0,True,0,0.12,0.2,0.05,0.15,0.15,0.061282587702834124,,,,,,NORMAL,True,True,True,True,False,False,False,True,False,,,,
172652cb384a9f936bcbbb76,STATIC_SELECTIVE_RISK,Module_12_CrossDomain,sklearn_fixture,29993fa5a07111060fb234185b682f6717de16a4d2e1350bc14293597f01621f,rf_digits_parity_v1,digits_parity,digits_parity,42,,,,2026-09-02T20:45:00Z,1.2.0,62e10bc07ec9873f,SAMPLE_PREDICTION_ERROR,prediction_error == 1 when model prediction != true target,model_prediction_versus_ground_truth,False,1,1,True,0,0.12,0.2,0.05,0.15,0.15,0.061282587702834124,,,,,,NORMAL,True,True,True,True,False,False,False,True,False,,,,
c4162b0363cee567ee46dfb2,STATIC_SELECTIVE_RISK,Module_12_CrossDomain,sklearn_fixture,29993fa5a07111060fb234185b682f6717de16a4d2e1350bc14293597f01621f,rf_digits_parity_v1,digits_parity,digits_parity,42,,,,2026-09-02T20:45:00Z,1.2.0,62e10bc07ec9873f,SAMPLE_PREDICTION_ERROR,prediction_error == 1 when model prediction != true target,model_prediction_versus_ground_truth,False,0,0,True,0,0.12,0.2,0.05,0.15,0.15,0.061282587702834124,,,,,,NORMAL,True,True,True,True,False,False,False,True,False,,,,
8df889a6d327db3a930b6cd7,STATIC_SELECTIVE_RISK,Module_12_CrossDomain,sklearn_fixture,29993fa5a07111060fb234185b682f6717de16a4d2e1350bc14293597f01621f,rf_digits_parity_v1,digits_parity,digits_parity,42,,,,2026-09-02T20:45:00Z,1.2.0,62e10bc07ec9873f,SAMPLE_PREDICTION_ERROR,prediction_error == 1 when model prediction != true target,model_prediction_versus_ground_truth,False,0,0,True,0,0.12,0.2,0.05,0.15,0.15,0.061282587702834124,,,,,,NORMAL,True,True,True,True,False,False,False,True,False,,,,
c45be790e0fa413cff1ee9ec,STATIC_SELECTIVE_RISK,Module_12_CrossDomain,sklearn_fixture,29993fa5a07111060fb234185b682f6717de16a4d2e1350bc14293597f01621f,rf_digits_parity_v1,digits_parity,digits_parity,42,,,,2026-09-02T20:45:00Z,1.2.0,62e10bc07ec9873f,SAMPLE_PREDICTION_ERROR,prediction_error == 1 when model prediction != true target,model_prediction_versus_ground_truth,False,0,0,True,0,0.12,0.2,0.05,0.15,0.15,0.061282587702834124,,,,,,NORMAL,True,True,True,True,False,False,False,True,False,,,,
50990ddb7031dc68fbe40054,STATIC_SELECTIVE_RISK,Module_12_CrossDomain,sklearn_fixture,29993fa5a07111060fb234185b682f6717de16a4d2e1350bc14293597f01621f,rf_digits_parity_v1,digits_parity,digits_parity,42,,,,2026-09-02T20:45:00Z,1.2.0,62e10bc07ec9873f,SAMPLE_PREDICTION_ERROR,prediction_error == 1 when model prediction != true target,model_prediction_versus_ground_truth,False,1,1,True,0,0.12,0.2,0.05,0.15,0.15,0.061282587702834124,,,,,,NORMAL,True,True,True,True,False,False,False,True,False,,,,
54af2fe9e4bbc97c18ffb594,STATIC_SELECTIVE_RISK,Module_12_CrossDomain,sklearn_fixture,29993fa5a07111060fb234185b682f6717de16a4d2e1350bc14293597f01621f,rf_digits_parity_v1,digits_parity,digits_parity,42,,,,2026-09-02T20:45:00Z,1.2.0,62e10bc07ec9873f,SAMPLE_PREDICTION_ERROR,prediction_error == 1 when model prediction != true target,model_prediction_versus_ground_truth,False,0,0,True,0,0.12,0.2,0.05,0.15,0.15,0.061282587702834124,,,,,,NORMAL,True,True,True,True,False,False,False,True,False,,,,
0b2a67030676d20ed0ec7555,STATIC_SELECTIVE_RISK,Module_12_CrossDomain,sklearn_fixture,29993fa5a07111060fb234185b682f6717de16a4d2e1350bc14293597f01621f,rf_digits_parity_v1,digits_parity,digits_parity,42,,,,2026-09-02T20:45:00Z,1.2.0,62e10bc07ec9873f,SAMPLE_PREDICTION_ERROR,prediction_error == 1 when model prediction != true target,model_prediction_versus_ground_truth,False,1,1,True,0,0.12,0.2,0.05,0.15,0.15,0.061282587702834124,,,,,,NORMAL,True,True,True,True,False,False,False,True,False,,,,
62f042d7fd3c6bec0e11d5ac,STATIC_SELECTIVE_RISK,Module_12_CrossDomain,sklearn_fixture,29993fa5a07111060fb234185b682f6717de16a4d2e1350bc14293597f01621f,rf_digits_parity_v1,digits_parity,digits_parity,42,,,,2026-09-02T20:45:00Z,1.2.0,62e10bc07ec9873f,SAMPLE_PREDICTION_ERROR,prediction_error == 1 when model prediction != true target,model_prediction_versus_ground_truth,False,0,0,True,0,0.12,0.2,0.05,0.15,0.15,0.061282587702834124,,,,,,NORMAL,True,True,True,True,False,False,False,True,False,,,,
2c7902bb12ef70a55612589e,STATIC_SELECTIVE_RISK,Module_12_CrossDomain,sklearn_fixture,29993fa5a07111060fb234185b682f6717de16a4d2e1350bc14293597f01621f,rf_digits_parity_v1,digits_parity,digits_parity,42,,,,2026-09-02T20:45:00Z,1.2.0,62e10bc07ec9873f,SAMPLE_PREDICTION_ERROR,prediction_error == 1 when model prediction != true target,model_prediction_versus_ground_truth,False,1,1,True,0,0.12,0.2,0.05,0.15,0.15,0.061282587702834124,,,,,,NORMAL,True,True,True,True,False,False,False,True,False,,,,
f005ab1e8785714cd6d23b3f,STATIC_SELECTIVE_RISK,Module_12_CrossDomain,sklearn_fixture,29993fa5a07111060fb234185b682f6717de16a4d2e1350bc14293597f01621f,rf_digits_parity_v1,digits_parity,digits_parity,42,,,,2026-09-02T20:45:00Z,1.2.0,62e10bc07ec9873f,SAMPLE_PREDICTION_ERROR,prediction_error == 1 when model prediction != true target,model_prediction_versus_ground_truth,False,0,0,True,0,0.12,0.2,0.05,0.15,0.15,0.061282587702834124,,,,,,NORMAL,True,True,True,True,False,False,False,True,False,,,,
6a56e51d7384870bcfb0931b,STATIC_SELECTIVE_RISK,Module_12_CrossDomain,sklearn_fixture,29993fa5a07111060fb234185b682f6717de16a4d2e1350bc14293597f01621f,rf_digits_parity_v1,digits_parity,digits_parity,42,,,,2026-09-02T20:45:00Z,1.2.0,62e10bc07ec9873f,SAMPLE_PREDICTION_ERROR,prediction_error == 1 when model prediction != true target,model_prediction_versus_ground_truth,False,1,1,True,0,0.12,0.2,0.05,0.15,0.15,0.061282587702834124,,,,,,NORMAL,True,True,True,True,False,False,False,True,False,,,,
2cad170f8dec039f1982cdab,STATIC_SELECTIVE_RISK,Module_12_CrossDomain,sklearn_fixture,29993fa5a07111060fb234185b682f6717de16a4d2e1350bc14293597f01621f,rf_digits_parity_v1,digits_parity,digits_parity,42,,,,2026-09-02T20:45:00Z,1.2.0,62e10bc07ec9873f,SAMPLE_PREDICTION_ERROR,prediction_error == 1 when model prediction != true target,model_prediction_versus_ground_truth,False,1,1,True,0,0.12,0.2,0.05,0.15,0.15,0.061282587702834124,,,,,,NORMAL,True,True,True,True,False,False,False,True,False,,,,
81c7e655960e85bc4b71fb63,STATIC_SELECTIVE_RISK,Module_12_CrossDomain,sklearn_fixture,29993fa5a07111060fb234185b682f6717de16a4d2e1350bc14293597f01621f,rf_digits_parity_v1,digits_parity,digits_parity,42,,,,2026-09-02T20:45:00Z,1.2.0,62e10bc07ec9873f,SAMPLE_PREDICTION_ERROR,prediction_error == 1 when model prediction != true target,model_prediction_versus_ground_truth,False,0,0,True,0,0.12,0.2,0.05,0.15,0.15,0.061282587702834124,,,,,,NORMAL,True,True,True,True,False,False,False,True,False,,,,
0995817ebf37469f90658e1b,STATIC_SELECTIVE_RISK,Module_12_CrossDomain,sklearn_fixture,29993fa5a07111060fb234185b682f6717de16a4d2e1350bc14293597f01621f,rf_digits_parity_v1,digits_parity,digits_parity,42,,,,2026-09-02T20:45:00Z,1.2.0,62e10bc07ec9873f,SAMPLE_PREDICTION_ERROR,prediction_error == 1 when model prediction != true target,model_prediction_versus_ground_truth,False,0,0,True,0,0.12,0.2,0.05,0.15,0.15,0.061282587702834124,,,,,,NORMAL,True,True,True,True,False,False,False,True,False,,,,
c4a93b427cea3695dee3da50,STATIC_SELECTIVE_RISK,Module_12_CrossDomain,sklearn_fixture,29993fa5a07111060fb234185b682f6717de16a4d2e1350bc14293597f01621f,rf_digits_parity_v1,digits_parity,digits_parity,42,,,,2026-09-02T20:45:00Z,1.2.0,62e10bc07ec9873f,SAMPLE_PREDICTION_ERROR,prediction_error == 1 when model prediction != true target,model_prediction_versus_ground_truth,False,0,0,True,0,0.12,0.2,0.05,0.15,0.15,0.061282587702834124,,,,,,NORMAL,True,True,True,True,False,False,False,True,False,,,,
c233d6950b7971b969663507,STATIC_SELECTIVE_RISK,Module_12_CrossDomain,sklearn_fixture,29993fa5a07111060fb234185b682f6717de16a4d2e1350bc14293597f01621f,rf_digits_parity_v1,digits_parity,digits_parity,42,,,,2026-09-02T20:45:00Z,1.2.0,62e10bc07ec9873f,SAMPLE_PREDICTION_ERROR,prediction_error == 1 when model prediction != true target,model_prediction_versus_ground_truth,False,0,0,True,0,0.12,0.2,0.05,0.15,0.15,0.061282587702834124,,,,,,NORMAL,True,True,True,True,False,False,False,True,False,,,,
28af7070ecb1fc807e5b8e3b,STATIC_SELECTIVE_RISK,Module_12_CrossDomain,sklearn_fixture,29993fa5a07111060fb234185b682f6717de16a4d2e1350bc14293597f01621f,rf_digits_parity_v1,digits_parity,digits_parity,42,,,,2026-09-02T20:45:00Z,1.2.0,62e10bc07ec9873f,SAMPLE_PREDICTION_ERROR,prediction_error == 1 when model prediction != true target,model_prediction_versus_ground_truth,False,0,0,True,0,0.12,0.2,0.05,0.15,0.15,0.061282587702834124,,,,,,NORMAL,True,True,True,True,False,False,False,True,False,,,,
19b8775bd94aa2a1afc5f301,STATIC_SELECTIVE_RISK,Module_12_CrossDomain,sklearn_fixture,29993fa5a07111060fb234185b682f6717de16a4d2e1350bc14293597f01621f,rf_digits_parity_v1,digits_parity,digits_parity,42,,,,2026-09-02T20:45:00Z,1.2.0,62e10bc07ec9873f,SAMPLE_PREDICTION_ERROR,prediction_error == 1 when model prediction != true target,model_prediction_versus_ground_truth,False,0,0,True,0,0.12,0.2,0.05,0.15,0.15,0.061282587702834124,,,,,,NORMAL,True,True,True,True,False,False,False,True,False,,,,
44eea33b516e215c54fffe15,STATIC_SELECTIVE_RISK,Module_12_CrossDomain,sklearn_fixture,29993fa5a07111060fb234185b682f6717de16a4d2e1350bc14293597f01621f,rf_digits_parity_v1,digits_parity,digits_parity,42,,,,2026-09-02T20:45:00Z,1.2.0,62e10bc07ec9873f,SAMPLE_PREDICTION_ERROR,prediction_error == 1 when model prediction != true target,model_prediction_versus_ground_truth,False,1,1,True,0,0.12,0.2,0.05,0.15,0.15,0.061282587702834124,,,,,,NORMAL,True,True,True,True,False,False,False,True,False,,,,
35bd9950115c7299791254c4,STATIC_SELECTIVE_RISK,Module_12_CrossDomain,sklearn_fixture,29993fa5a07111060fb234185b682f6717de16a4d2e1350bc14293597f01621f,rf_digits_parity_v1,digits_parity,digits_parity,42,,,,2026-09-02T20:45:00Z,1.2.0,62e10bc07ec9873f,SAMPLE_PREDICTION_ERROR,prediction_error == 1 when model prediction != true target,model_prediction_versus_ground_truth,False,1,1,True,0,0.12,0.2,0.05,0.15,0.15,0.061282587702834124,,,,,,NORMAL,True,True,True,True,False,False,False,True,False,,,,
91dee3c033dfc0ab3353a0a9,STATIC_SELECTIVE_RISK,Module_12_CrossDomain,sklearn_fixture,29993fa5a07111060fb234185b682f6717de16a4d2e1350bc14293597f01621f,rf_digits_parity_v1,digits_parity,digits_parity,42,,,,2026-09-02T20:45:00Z,1.2.0,62e10bc07ec9873f,SAMPLE_PREDICTION_ERROR,prediction_error == 1 when model prediction != true target,model_prediction_versus_ground_truth,False,1,1,True,0,0.12,0.2,0.05,0.15,0.15,0.061282587702834124,,,,,,NORMAL,True,True,True,True,False,False,False,True,False,,,,
42f360e148366c71d595a0af,STATIC_SELECTIVE_RISK,Module_12_CrossDomain,sklearn_fixture,29993fa5a07111060fb234185b682f6717de16a4d2e1350bc14293597f01621f,rf_digits_parity_v1,digits_parity,digits_parity,42,,,,2026-09-02T20:45:00Z,1.2.0,62e10bc07ec9873f,SAMPLE_PREDICTION_ERROR,prediction_error == 1 when model prediction != true target,model_prediction_versus_ground_truth,False,1,1,True,0,0.12,0.2,0.05,0.15,0.15,0.061282587702834124,,,,,,NORMAL,True,True,True,True,False,False,False,True,False,,,,
119b3894cd0a0de3fed6a724,STATIC_SELECTIVE_RISK,Module_12_CrossDomain,sklearn_fixture,29993fa5a07111060fb234185b682f6717de16a4d2e1350bc14293597f01621f,rf_digits_parity_v1,digits_parity,digits_parity,42,,,,2026-09-02T20:45:00Z,1.2.0,62e10bc07ec9873f,SAMPLE_PREDICTION_ERROR,prediction_error == 1 when model prediction != true target,model_prediction_versus_ground_truth,False,0,0,True,0,0.12,0.2,0.05,0.15,0.15,0.061282587702834124,,,,,,NORMAL,True,True,True,True,False,False,False,True,False,,,,
0aa8fe16da3f57ba5283a48b,STATIC_SELECTIVE_RISK,Module_12_CrossDomain,sklearn_fixture,29993fa5a07111060fb234185b682f6717de16a4d2e1350bc14293597f01621f,rf_digits_parity_v1,digits_parity,digits_parity,42,,,,2026-09-02T20:45:00Z,1.2.0,62e10bc07ec9873f,SAMPLE_PREDICTION_ERROR,prediction_error == 1 when model prediction != true target,model_prediction_versus_ground_truth,False,1,1,True,0,0.12,0.2,0.05,0.15,0.15,0.061282587702834124,,,,,,NORMAL,True,True,True,True,False,False,False,True,False,,,,
ec59e835150c981119bb4161,STATIC_SELECTIVE_RISK,Module_12_CrossDomain,sklearn_fixture,29993fa5a07111060fb234185b682f6717de16a4d2e1350bc14293597f01621f,rf_digits_parity_v1,digits_parity,digits_parity,42,,,,2026-09-02T20:45:00Z,1.2.0,62e10bc07ec9873f,SAMPLE_PREDICTION_ERROR,prediction_error == 1 when model prediction != true target,model_prediction_versus_ground_truth,False,1,1,True,0,0.12,0.2,0.05,0.15,0.15,0.061282587702834124,,,,,,NORMAL,True,True,True,True,False,False,False,True,False,,,,
5f5a01f67ced75bbfd0e9443,STATIC_SELECTIVE_RISK,Module_12_CrossDomain,sklearn_fixture,29993fa5a07111060fb234185b682f6717de16a4d2e1350bc14293597f01621f,rf_digits_parity_v1,digits_parity,digits_parity,42,,,,2026-09-02T20:45:00Z,1.2.0,62e10bc07ec9873f,SAMPLE_PREDICTION_ERROR,prediction_error == 1 when model prediction != true target,model_prediction_versus_ground_truth,False,1,1,True,0,0.12,0.2,0.05,0.15,0.15,0.061282587702834124,,,,,,NORMAL,True,True,True,True,False,False,False,True,False,,,,
617ad6d37bc4ec7c2b688c96,STATIC_SELECTIVE_RISK,Module_12_CrossDomain,sklearn_fixture,29993fa5a07111060fb234185b682f6717de16a4d2e1350bc14293597f01621f,rf_digits_parity_v1,digits_parity,digits_parity,42,,,,2026-09-02T20:45:00Z,1.2.0,62e10bc07ec9873f,SAMPLE_PREDICTION_ERROR,prediction_error == 1 when model prediction != true target,model_prediction_versus_ground_truth,False,0,0,True,0,0.12,0.2,0.05,0.15,0.15,0.061282587702834124,,,,,,NORMAL,True,True,True,True,False,False,False,True,False,,,,
de7592ce33fecd55cce2e952,STATIC_SELECTIVE_RISK,Module_12_CrossDomain,sklearn_fixture,29993fa5a07111060fb234185b682f6717de16a4d2e1350bc14293597f01621f,rf_digits_parity_v1,digits_parity,digits_parity,42,,,,2026-09-02T20:45:00Z,1.2.0,62e10bc07ec9873f,SAMPLE_PREDICTION_ERROR,prediction_error == 1 when model prediction != true target,model_prediction_versus_ground_truth,False,1,1,True,0,0.12,0.2,0.05,0.15,0.15,0.061282587702834124,,,,,,NORMAL,True,True,True,True,False,False,False,True,False,,,,
c00564687711c4cb02f73c43,STATIC_SELECTIVE_RISK,Module_12_CrossDomain,sklearn_fixture,29993fa5a07111060fb234185b682f6717de16a4d2e1350bc14293597f01621f,rf_digits_parity_v1,digits_parity,digits_parity,42,,,,2026-09-02T20:45:00Z,1.2.0,62e10bc07ec9873f,SAMPLE_PREDICTION_ERROR,prediction_error == 1 when model prediction != true target,model_prediction_versus_ground_truth,False,1,1,True,0,0.12,0.2,0.05,0.15,0.15,0.061282587702834124,,,,,,NORMAL,True,True,True,True,False,False,False,True,False,,,,
fd8d2375eb43dba454b748ab,STATIC_SELECTIVE_RISK,Module_12_CrossDomain,sklearn_fixture,29993fa5a07111060fb234185b682f6717de16a4d2e1350bc14293597f01621f,rf_digits_parity_v1,digits_parity,digits_parity,42,,,,2026-09-02T20:45:00Z,1.2.0,62e10bc07ec9873f,SAMPLE_PREDICTION_ERROR,prediction_error == 1 when model prediction != true target,model_prediction_versus_ground_truth,False,0,0,True,0,0.12,0.2,0.05,0.15,0.15,0.061282587702834124,,,,,,NORMAL,True,True,True,True,False,False,False,True,False,,,,
4f44857eb3d537ab66e300ed,STATIC_SELECTIVE_RISK,Module_12_CrossDomain,sklearn_fixture,29993fa5a07111060fb234185b682f6717de16a4d2e1350bc14293597f01621f,rf_digits_parity_v1,digits_parity,digits_parity,42,,,,2026-09-02T20:45:00Z,1.2.0,62e10bc07ec9873f,SAMPLE_PREDICTION_ERROR,prediction_error == 1 when model prediction != true target,model_prediction_versus_ground_truth,False,0,0,True,0,0.12,0.2,0.05,0.15,0.15,0.061282587702834124,,,,,,NORMAL,True,True,True,True,False,False,False,True,False,,,,
a8df602469d54f96c655594e,STATIC_SELECTIVE_RISK,Module_12_CrossDomain,sklearn_fixture,29993fa5a07111060fb234185b682f6717de16a4d2e1350bc14293597f01621f,rf_digits_parity_v1,digits_parity,digits_parity,42,,,,2026-09-02T20:45:00Z,1.2.0,62e10bc07ec9873f,SAMPLE_PREDICTION_ERROR,prediction_error == 1 when model prediction != true target,model_prediction_versus_ground_truth,False,0,0,True,0,0.12,0.2,0.05,0.15,0.15,0.061282587702834124,,,,,,NORMAL,True,True,True,True,False,False,False,True,False,,,,
e9df03a0aa4de890a3aaa964,STATIC_SELECTIVE_RISK,Module_12_CrossDomain,sklearn_fixture,29993fa5a07111060fb234185b682f6717de16a4d2e1350bc14293597f01621f,rf_digits_parity_v1,digits_parity,digits_parity,42,,,,2026-09-02T20:45:00Z,1.2.0,62e10bc07ec9873f,SAMPLE_PREDICTION_ERROR,prediction_error == 1 when model prediction != true target,model_prediction_versus_ground_truth,False,0,0,True,0,0.12,0.2,0.05,0.15,0.15,0.061282587702834124,,,,,,NORMAL,True,True,True,True,False,False,False,True,False,,,,
6892f51336018d699b738a9e,STATIC_SELECTIVE_RISK,Module_12_CrossDomain,sklearn_fixture,29993fa5a07111060fb234185b682f6717de16a4d2e1350bc14293597f01621f,rf_digits_parity_v1,digits_parity,digits_parity,42,,,,2026-09-02T20:45:00Z,1.2.0,62e10bc07ec9873f,SAMPLE_PREDICTION_ERROR,prediction_error == 1 when model prediction != true target,model_prediction_versus_ground_truth,False,0,0,True,0,0.12,0.2,0.05,0.15,0.15,0.061282587702834124,,,,,,NORMAL,True,True,True,True,False,False,False,True,False,,,,
ce73d8d0c7363f31c5aa7474,STATIC_SELECTIVE_RISK,Module_12_CrossDomain,sklearn_fixture,29993fa5a07111060fb234185b682f6717de16a4d2e1350bc14293597f01621f,rf_digits_parity_v1,digits_parity,digits_parity,42,,,,2026-09-02T20:45:00Z,1.2.0,62e10bc07ec9873f,SAMPLE_PREDICTION_ERROR,prediction_error == 1 when model prediction != true target,model_prediction_versus_ground_truth,False,1,1,True,0,0.12,0.2,0.05,0.15,0.15,0.061282587702834124,,,,,,NORMAL,True,True,True,True,False,False,False,True,False,,,,
00f86eac34baecad6fd477d4,STATIC_SELECTIVE_RISK,Module_12_CrossDomain,sklearn_fixture,29993fa5a07111060fb234185b682f6717de16a4d2e1350bc14293597f01621f,rf_digits_parity_v1,digits_parity,digits_parity,42,,,,2026-09-02T20:45:00Z,1.2.0,62e10bc07ec9873f,SAMPLE_PREDICTION_ERROR,prediction_error == 1 when model prediction != true target,model_prediction_versus_ground_truth,False,1,1,True,0,0.12,0.2,0.05,0.15,0.15,0.061282587702834124,,,,,,NORMAL,True,True,True,True,False,False,False,True,False,,,,
f6229b243ab05adf69cfbcd1,STATIC_SELECTIVE_RISK,Module_12_CrossDomain,sklearn_fixture,29993fa5a07111060fb234185b682f6717de16a4d2e1350bc14293597f01621f,rf_digits_parity_v1,digits_parity,digits_parity,42,,,,2026-09-02T20:45:00Z,1.2.0,62e10bc07ec9873f,SAMPLE_PREDICTION_ERROR,prediction_error == 1 when model prediction != true target,model_prediction_versus_ground_truth,False,1,1,True,0,0.12,0.2,0.05,0.15,0.15,0.061282587702834124,,,,,,NORMAL,True,True,True,True,False,False,False,True,False,,,,
f5c0da1867794f2021de6e06,STATIC_SELECTIVE_RISK,Module_12_CrossDomain,sklearn_fixture,29993fa5a07111060fb234185b682f6717de16a4d2e1350bc14293597f01621f,rf_digits_parity_v1,digits_parity,digits_parity,42,,,,2026-09-02T20:45:00Z,1.2.0,62e10bc07ec9873f,SAMPLE_PREDICTION_ERROR,prediction_error == 1 when model prediction != true target,model_prediction_versus_ground_truth,False,1,1,True,0,0.12,0.2,0.05,0.15,0.15,0.061282587702834124,,,,,,NORMAL,True,True,True,True,False,False,False,True,False,,,,
7f430e1bc221a6d8eaee470f,STATIC_SELECTIVE_RISK,Module_12_CrossDomain,sklearn_fixture,29993fa5a07111060fb234185b682f6717de16a4d2e1350bc14293597f01621f,rf_digits_parity_v1,digits_parity,digits_parity,42,,,,2026-09-02T20:45:00Z,1.2.0,62e10bc07ec9873f,SAMPLE_PREDICTION_ERROR,prediction_error == 1 when model prediction != true target,model_prediction_versus_ground_truth,False,1,1,True,0,0.12,0.2,0.05,0.15,0.15,0.061282587702834124,,,,,,NORMAL,True,True,True,True,False,False,False,True,False,,,,
189f2534ca8e95f3766e04c4,STATIC_SELECTIVE_RISK,Module_12_CrossDomain,sklearn_fixture,29993fa5a07111060fb234185b682f6717de16a4d2e1350bc14293597f01621f,rf_digits_parity_v1,digits_parity,digits_parity,42,,,,2026-09-02T20:45:00Z,1.2.0,62e10bc07ec9873f,SAMPLE_PREDICTION_ERROR,prediction_error == 1 when model prediction != true target,model_prediction_versus_ground_truth,False,0,0,True,0,0.12,0.2,0.05,0.15,0.15,0.061282587702834124,,,,,,NORMAL,True,True,True,True,False,False,False,True,False,,,,
055ac80681b2b07820455617,STATIC_SELECTIVE_RISK,Module_12_CrossDomain,sklearn_fixture,29993fa5a07111060fb234185b682f6717de16a4d2e1350bc14293597f01621f,rf_digits_parity_v1,digits_parity,digits_parity,42,,,,2026-09-02T20:45:00Z,1.2.0,62e10bc07ec9873f,SAMPLE_PREDICTION_ERROR,prediction_error == 1 when model prediction != true target,model_prediction_versus_ground_truth,False,0,0,True,0,0.12,0.2,0.05,0.15,0.15,0.061282587702834124,,,,,,NORMAL,True,True,True,True,False,False,False,True,False,,,,
31327046e5ebc6a9102bcf4e,STATIC_SELECTIVE_RISK,Module_12_CrossDomain,sklearn_fixture,29993fa5a07111060fb234185b682f6717de16a4d2e1350bc14293597f01621f,rf_digits_parity_v1,digits_parity,digits_parity,42,,,,2026-09-02T20:45:00Z,1.2.0,62e10bc07ec9873f,SAMPLE_PREDICTION_ERROR,prediction_error == 1 when model prediction != true target,model_prediction_versus_ground_truth,False,0,0,True,0,0.12,0.2,0.05,0.15,0.15,0.061282587702834124,,,,,,NORMAL,True,True,True,True,False,False,False,True,False,,,,
35da6aa584d06d73bb03eccc,STATIC_SELECTIVE_RISK,Module_12_CrossDomain,sklearn_fixture,29993fa5a07111060fb234185b682f6717de16a4d2e1350bc14293597f01621f,rf_digits_parity_v1,digits_parity,digits_parity,42,,,,2026-09-02T20:45:00Z,1.2.0,62e10bc07ec9873f,SAMPLE_PREDICTION_ERROR,prediction_error == 1 when model prediction != true target,model_prediction_versus_ground_truth,False,1,1,True,0,0.12,0.2,0.05,0.15,0.15,0.061282587702834124,,,,,,NORMAL,True,True,True,True,False,False,False,True,False,,,,
15098eb0f7c7d06aad16743b,STATIC_SELECTIVE_RISK,Module_12_CrossDomain,sklearn_fixture,29993fa5a07111060fb234185b682f6717de16a4d2e1350bc14293597f01621f,rf_digits_parity_v1,digits_parity,digits_parity,42,,,,2026-09-02T20:45:00Z,1.2.0,62e10bc07ec9873f,SAMPLE_PREDICTION_ERROR,prediction_error == 1 when model prediction != true target,model_prediction_versus_ground_truth,False,0,0,True,0,0.12,0.2,0.05,0.15,0.15,0.061282587702834124,,,,,,NORMAL,True,True,True,True,False,False,False,True,False,,,,
250352f6011819e37b59ef51,STATIC_SELECTIVE_RISK,Module_12_CrossDomain,sklearn_fixture,29993fa5a07111060fb234185b682f6717de16a4d2e1350bc14293597f01621f,rf_digits_parity_v1,digits_parity,digits_parity,42,,,,2026-09-02T20:45:00Z,1.2.0,62e10bc07ec9873f,SAMPLE_PREDICTION_ERROR,prediction_error == 1 when model prediction != true target,model_prediction_versus_ground_truth,False,0,0,True,0,0.12,0.2,0.05,0.15,0.15,0.061282587702834124,,,,,,NORMAL,True,True,True,True,False,False,False,True,False,,,,
6867f7cc2a5ed627d4fe4ca2,STATIC_SELECTIVE_RISK,Module_12_CrossDomain,sklearn_fixture,29993fa5a07111060fb234185b682f6717de16a4d2e1350bc14293597f01621f,rf_digits_parity_v1,digits_parity,digits_parity,42,,,,2026-09-02T20:45:00Z,1.2.0,62e10bc07ec9873f,SAMPLE_PREDICTION_ERROR,prediction_error == 1 when model prediction != true target,model_prediction_versus_ground_truth,False,1,1,True,0,0.12,0.2,0.05,0.15,0.15,0.061282587702834124,,,,,,NORMAL,True,True,True,True,False,False,False,True,False,,,,
f9dfedacacc081f93a7fc5ed,STATIC_SELECTIVE_RISK,Module_12_CrossDomain,sklearn_fixture,29993fa5a07111060fb234185b682f6717de16a4d2e1350bc14293597f01621f,rf_digits_parity_v1,digits_parity,digits_parity,42,,,,2026-09-02T20:45:00Z,1.2.0,62e10bc07ec9873f,SAMPLE_PREDICTION_ERROR,prediction_error == 1 when model prediction != true target,model_prediction_versus_ground_truth,False,1,1,True,0,0.12,0.2,0.05,0.15,0.15,0.061282587702834124,,,,,,NORMAL,True,True,True,True,False,False,False,True,False,,,,
cfde5676b335641a8c6dcc6c,STATIC_SELECTIVE_RISK,Module_12_CrossDomain,sklearn_fixture,29993fa5a07111060fb234185b682f6717de16a4d2e1350bc14293597f01621f,rf_digits_parity_v1,digits_parity,digits_parity,42,,,,2026-09-02T20:45:00Z,1.2.0,62e10bc07ec9873f,SAMPLE_PREDICTION_ERROR,prediction_error == 1 when model prediction != true target,model_prediction_versus_ground_truth,False,1,1,True,0,0.12,0.2,0.05,0.15,0.15,0.061282587702834124,,,,,,NORMAL,True,True,True,True,False,False,False,True,False,,,,
4fc39947c0d0c341a903f7e7,STATIC_SELECTIVE_RISK,Module_12_CrossDomain,sklearn_fixture,29993fa5a07111060fb234185b682f6717de16a4d2e1350bc14293597f01621f,rf_digits_parity_v1,digits_parity,digits_parity,42,,,,2026-09-02T20:45:00Z,1.2.0,62e10bc07ec9873f,SAMPLE_PREDICTION_ERROR,prediction_error == 1 when model prediction != true target,model_prediction_versus_ground_truth,False,1,1,True,0,0.12,0.2,0.05,0.15,0.15,0.061282587702834124,,,,,,NORMAL,True,True,True,True,False,False,False,True,False,,,,
5312037a139ae2d5626dc41b,STATIC_SELECTIVE_RISK,Module_12_CrossDomain,sklearn_fixture,29993fa5a07111060fb234185b682f6717de16a4d2e1350bc14293597f01621f,rf_digits_parity_v1,digits_parity,digits_parity,42,,,,2026-09-02T20:45:00Z,1.2.0,62e10bc07ec9873f,SAMPLE_PREDICTION_ERROR,prediction_error == 1 when model prediction != true target,model_prediction_versus_ground_truth,False,1,1,True,0,0.12,0.2,0.05,0.15,0.15,0.061282587702834124,,,,,,NORMAL,True,True,True,True,False,False,False,True,False,,,,
bf244543e28cc27e2d0864d4,STATIC_SELECTIVE_RISK,Module_12_CrossDomain,sklearn_fixture,29993fa5a07111060fb234185b682f6717de16a4d2e1350bc14293597f01621f,rf_digits_parity_v1,digits_parity,digits_parity,42,,,,2026-09-02T20:45:00Z,1.2.0,62e10bc07ec9873f,SAMPLE_PREDICTION_ERROR,prediction_error == 1 when model prediction != true target,model_prediction_versus_ground_truth,False,0,0,True,0,0.12,0.2,0.05,0.15,0.15,0.061282587702834124,,,,,,NORMAL,True,True,True,True,False,False,False,True,False,,,,
99f462ce4ce607590dbc7ffc,STATIC_SELECTIVE_RISK,Module_12_CrossDomain,sklearn_fixture,29993fa5a07111060fb234185b682f6717de16a4d2e1350bc14293597f01621f,rf_digits_parity_v1,digits_parity,digits_parity,42,,,,2026-09-02T20:45:00Z,1.2.0,62e10bc07ec9873f,SAMPLE_PREDICTION_ERROR,prediction_error == 1 when model prediction != true target,model_prediction_versus_ground_truth,False,0,0,True,0,0.12,0.2,0.05,0.15,0.15,0.061282587702834124,,,,,,NORMAL,True,True,True,True,False,False,False,True,False,,,,
55c590d5cf43f6c3cd3b5e0d,STATIC_SELECTIVE_RISK,Module_12_CrossDomain,sklearn_fixture,29993fa5a07111060fb234185b682f6717de16a4d2e1350bc14293597f01621f,rf_digits_parity_v1,digits_parity,digits_parity,42,,,,2026-09-02T20:45:00Z,1.2.0,62e10bc07ec9873f,SAMPLE_PREDICTION_ERROR,prediction_error == 1 when model prediction != true target,model_prediction_versus_ground_truth,False,1,1,True,0,0.12,0.2,0.05,0.15,0.15,0.061282587702834124,,,,,,NORMAL,True,True,True,True,False,False,False,True,False,,,,
015a90c5c7e2936c74196358,STATIC_SELECTIVE_RISK,Module_12_CrossDomain,sklearn_fixture,29993fa5a07111060fb234185b682f6717de16a4d2e1350bc14293597f01621f,rf_digits_parity_v1,digits_parity,digits_parity,42,,,,2026-09-02T20:45:00Z,1.2.0,62e10bc07ec9873f,SAMPLE_PREDICTION_ERROR,prediction_error == 1 when model prediction != true target,model_prediction_versus_ground_truth,False,0,0,True,0,0.12,0.2,0.05,0.15,0.15,0.061282587702834124,,,,,,NORMAL,True,True,True,True,False,False,False,True,False,,,,
5246b85bc540fc8d3b9f50a7,STATIC_SELECTIVE_RISK,Module_12_CrossDomain,sklearn_fixture,29993fa5a07111060fb234185b682f6717de16a4d2e1350bc14293597f01621f,rf_digits_parity_v1,digits_parity,digits_parity,42,,,,2026-09-02T20:45:00Z,1.2.0,62e10bc07ec9873f,SAMPLE_PREDICTION_ERROR,prediction_error == 1 when model prediction != true target,model_prediction_versus_ground_truth,False,1,1,True,0,0.12,0.2,0.05,0.15,0.15,0.061282587702834124,,,,,,NORMAL,True,True,True,True,False,False,False,True,False,,,,
3f2919e0b71d47b994586301,STATIC_SELECTIVE_RISK,Module_12_CrossDomain,sklearn_fixture,29993fa5a07111060fb234185b682f6717de16a4d2e1350bc14293597f01621f,rf_digits_parity_v1,digits_parity,digits_parity,42,,,,2026-09-02T20:45:00Z,1.2.0,62e10bc07ec9873f,SAMPLE_PREDICTION_ERROR,prediction_error == 1 when model prediction != true target,model_prediction_versus_ground_truth,False,0,0,True,0,0.12,0.2,0.05,0.15,0.15,0.061282587702834124,,,,,,NORMAL,True,True,True,True,False,False,False,True,False,,,,
c2902378b92c604f94cdad94,STATIC_SELECTIVE_RISK,Module_12_CrossDomain,sklearn_fixture,29993fa5a07111060fb234185b682f6717de16a4d2e1350bc14293597f01621f,rf_digits_parity_v1,digits_parity,digits_parity,42,,,,2026-09-02T20:45:00Z,1.2.0,62e10bc07ec9873f,SAMPLE_PREDICTION_ERROR,prediction_error == 1 when model prediction != true target,model_prediction_versus_ground_truth,False,0,0,True,0,0.12,0.2,0.05,0.15,0.15,0.061282587702834124,,,,,,NORMAL,True,True,True,True,False,False,False,True,False,,,,
43726a6798a18e9f2c7472ba,STATIC_SELECTIVE_RISK,Module_12_CrossDomain,sklearn_fixture,29993fa5a07111060fb234185b682f6717de16a4d2e1350bc14293597f01621f,rf_digits_parity_v1,digits_parity,digits_parity,42,,,,2026-09-02T20:45:00Z,1.2.0,62e10bc07ec9873f,SAMPLE_PREDICTION_ERROR,prediction_error == 1 when model prediction != true target,model_prediction_versus_ground_truth,False,0,0,True,0,0.12,0.2,0.05,0.15,0.15,0.061282587702834124,,,,,,NORMAL,True,True,True,True,False,False,False,True,False,,,,
eb0721411a522202be65afa2,STATIC_SELECTIVE_RISK,Module_12_CrossDomain,sklearn_fixture,29993fa5a07111060fb234185b682f6717de16a4d2e1350bc14293597f01621f,rf_digits_parity_v1,digits_parity,digits_parity,42,,,,2026-09-02T20:45:00Z,1.2.0,62e10bc07ec9873f,SAMPLE_PREDICTION_ERROR,prediction_error == 1 when model prediction != true target,model_prediction_versus_ground_truth,False,0,0,True,0,0.12,0.2,0.05,0.15,0.15,0.061282587702834124,,,,,,NORMAL,True,True,True,True,False,False,False,True,False,,,,
cf7481a61d27b3e2fda363f6,STATIC_SELECTIVE_RISK,Module_12_CrossDomain,sklearn_fixture,29993fa5a07111060fb234185b682f6717de16a4d2e1350bc14293597f01621f,rf_digits_parity_v1,digits_parity,digits_parity,42,,,,2026-09-02T20:45:00Z,1.2.0,62e10bc07ec9873f,SAMPLE_PREDICTION_ERROR,prediction_error == 1 when model prediction != true target,model_prediction_versus_ground_truth,False,0,0,True,0,0.12,0.2,0.05,0.15,0.15,0.061282587702834124,,,,,,NORMAL,True,True,True,True,False,False,False,True,False,,,,
14a486c6a1997f4622b5cda1,STATIC_SELECTIVE_RISK,Module_12_CrossDomain,sklearn_fixture,29993fa5a07111060fb234185b682f6717de16a4d2e1350bc14293597f01621f,rf_digits_parity_v1,digits_parity,digits_parity,42,,,,2026-09-02T20:45:00Z,1.2.0,62e10bc07ec9873f,SAMPLE_PREDICTION_ERROR,prediction_error == 1 when model prediction != true target,model_prediction_versus_ground_truth,False,0,0,True,0,0.12,0.2,0.05,0.15,0.15,0.061282587702834124,,,,,,NORMAL,True,True,True,True,False,False,False,True,False,,,,
93ca77f32e0d9c304fad7036,STATIC_SELECTIVE_RISK,Module_12_CrossDomain,sklearn_fixture,29993fa5a07111060fb234185b682f6717de16a4d2e1350bc14293597f01621f,rf_digits_parity_v1,digits_parity,digits_parity,42,,,,2026-09-02T20:45:00Z,1.2.0,62e10bc07ec9873f,SAMPLE_PREDICTION_ERROR,prediction_error == 1 when model prediction != true target,model_prediction_versus_ground_truth,False,0,0,True,0,0.12,0.2,0.05,0.15,0.15,0.061282587702834124,,,,,,NORMAL,True,True,True,True,False,False,False,True,False,,,,
8a337b6e88e31b326e0e751e,STATIC_SELECTIVE_RISK,Module_12_CrossDomain,sklearn_fixture,29993fa5a07111060fb234185b682f6717de16a4d2e1350bc14293597f01621f,rf_digits_parity_v1,digits_parity,digits_parity,42,,,,2026-09-02T20:45:00Z,1.2.0,62e10bc07ec9873f,SAMPLE_PREDICTION_ERROR,prediction_error == 1 when model prediction != true target,model_prediction_versus_ground_truth,False,0,0,True,0,0.12,0.2,0.05,0.15,0.15,0.061282587702834124,,,,,,NORMAL,True,True,True,True,False,False,False,True,False,,,,
684adc00e058ba94ee96a8ba,STATIC_SELECTIVE_RISK,Module_12_CrossDomain,sklearn_fixture,29993fa5a07111060fb234185b682f6717de16a4d2e1350bc14293597f01621f,rf_digits_parity_v1,digits_parity,digits_parity,42,,,,2026-09-02T20:45:00Z,1.2.0,62e10bc07ec9873f,SAMPLE_PREDICTION_ERROR,prediction_error == 1 when model prediction != true target,model_prediction_versus_ground_truth,False,1,1,True,0,0.12,0.2,0.05,0.15,0.15,0.061282587702834124,,,,,,NORMAL,True,True,True,True,False,False,False,True,False,,,,
1999c7b79c6d053aa2682200,STATIC_SELECTIVE_RISK,Module_12_CrossDomain,sklearn_fixture,29993fa5a07111060fb234185b682f6717de16a4d2e1350bc14293597f01621f,rf_digits_parity_v1,digits_parity,digits_parity,42,,,,2026-09-02T20:45:00Z,1.2.0,62e10bc07ec9873f,SAMPLE_PREDICTION_ERROR,prediction_error == 1 when model prediction != true target,model_prediction_versus_ground_truth,False,1,1,True,0,0.12,0.2,0.05,0.15,0.15,0.061282587702834124,,,,,,NORMAL,True,True,True,True,False,False,False,True,False,,,,
981d01f6880650a12330510c,STATIC_SELECTIVE_RISK,Module_12_CrossDomain,sklearn_fixture,29993fa5a07111060fb234185b682f6717de16a4d2e1350bc14293597f01621f,rf_digits_parity_v1,digits_parity,digits_parity,42,,,,2026-09-02T20:45:00Z,1.2.0,62e10bc07ec9873f,SAMPLE_PREDICTION_ERROR,prediction_error == 1 when model prediction != true target,model_prediction_versus_ground_truth,False,1,1,True,0,0.12,0.2,0.05,0.15,0.15,0.061282587702834124,,,,,,NORMAL,True,True,True,True,False,False,False,True,False,,,,
9582c659c5e137d44e951c54,STATIC_SELECTIVE_RISK,Module_12_CrossDomain,sklearn_fixture,29993fa5a07111060fb234185b682f6717de16a4d2e1350bc14293597f01621f,rf_digits_parity_v1,digits_parity,digits_parity,42,,,,2026-09-02T20:45:00Z,1.2.0,62e10bc07ec9873f,SAMPLE_PREDICTION_ERROR,prediction_error == 1 when model prediction != true target,model_prediction_versus_ground_truth,False,0,0,True,0,0.12,0.2,0.05,0.15,0.15,0.061282587702834124,,,,,,NORMAL,True,True,True,True,False,False,False,True,False,,,,
43efce7ebc9cb356348f4de1,STATIC_SELECTIVE_RISK,Module_12_CrossDomain,sklearn_fixture,29993fa5a07111060fb234185b682f6717de16a4d2e1350bc14293597f01621f,rf_digits_parity_v1,digits_parity,digits_parity,42,,,,2026-09-02T20:45:00Z,1.2.0,62e10bc07ec9873f,SAMPLE_PREDICTION_ERROR,prediction_error == 1 when model prediction != true target,model_prediction_versus_ground_truth,False,0,0,True,0,0.12,0.2,0.05,0.15,0.15,0.061282587702834124,,,,,,NORMAL,True,True,True,True,False,False,False,True,False,,,,
705a2fcfc44898ce6d94970d,STATIC_SELECTIVE_RISK,Module_12_CrossDomain,sklearn_fixture,29993fa5a07111060fb234185b682f6717de16a4d2e1350bc14293597f01621f,rf_digits_parity_v1,digits_parity,digits_parity,42,,,,2026-09-02T20:45:00Z,1.2.0,62e10bc07ec9873f,SAMPLE_PREDICTION_ERROR,prediction_error == 1 when model prediction != true target,model_prediction_versus_ground_truth,False,1,1,True,0,0.12,0.2,0.05,0.15,0.15,0.061282587702834124,,,,,,NORMAL,True,True,True,True,False,False,False,True,False,,,,
ae55a397875f98671f8e23d3,STATIC_SELECTIVE_RISK,Module_12_CrossDomain,sklearn_fixture,29993fa5a07111060fb234185b682f6717de16a4d2e1350bc14293597f01621f,rf_digits_parity_v1,digits_parity,digits_parity,42,,,,2026-09-02T20:45:00Z,1.2.0,62e10bc07ec9873f,SAMPLE_PREDICTION_ERROR,prediction_error == 1 when model prediction != true target,model_prediction_versus_ground_truth,False,1,1,True,0,0.12,0.2,0.05,0.15,0.15,0.061282587702834124,,,,,,NORMAL,True,True,True,True,False,False,False,True,False,,,,
53abef1cc75addc8fd142ec0,STATIC_SELECTIVE_RISK,Module_12_CrossDomain,sklearn_fixture,29993fa5a07111060fb234185b682f6717de16a4d2e1350bc14293597f01621f,rf_digits_parity_v1,digits_parity,digits_parity,42,,,,2026-09-02T20:45:00Z,1.2.0,62e10bc07ec9873f,SAMPLE_PREDICTION_ERROR,prediction_error == 1 when model prediction != true target,model_prediction_versus_ground_truth,False,0,0,True,0,0.12,0.2,0.05,0.15,0.15,0.061282587702834124,,,,,,NORMAL,True,True,True,True,False,False,False,True,False,,,,
ef3133192baa625e0748df63,STATIC_SELECTIVE_RISK,Module_12_CrossDomain,sklearn_fixture,29993fa5a07111060fb234185b682f6717de16a4d2e1350bc14293597f01621f,rf_digits_parity_v1,digits_parity,digits_parity,42,,,,2026-09-02T20:45:00Z,1.2.0,62e10bc07ec9873f,SAMPLE_PREDICTION_ERROR,prediction_error == 1 when model prediction != true target,model_prediction_versus_ground_truth,False,0,0,True,0,0.12,0.2,0.05,0.15,0.15,0.061282587702834124,,,,,,NORMAL,True,True,True,True,False,False,False,True,False,,,,
95d2729f44b4d62c74f7e368,STATIC_SELECTIVE_RISK,Module_12_CrossDomain,sklearn_fixture,29993fa5a07111060fb234185b682f6717de16a4d2e1350bc14293597f01621f,rf_digits_parity_v1,digits_parity,digits_parity,42,,,,2026-09-02T20:45:00Z,1.2.0,62e10bc07ec9873f,SAMPLE_PREDICTION_ERROR,prediction_error == 1 when model prediction != true target,model_prediction_versus_ground_truth,False,1,1,True,0,0.12,0.2,0.05,0.15,0.15,0.061282587702834124,,,,,,NORMAL,True,True,True,True,False,False,False,True,False,,,,
637bea84a8cf3ebc37229983,STATIC_SELECTIVE_RISK,Module_12_CrossDomain,sklearn_fixture,29993fa5a07111060fb234185b682f6717de16a4d2e1350bc14293597f01621f,rf_digits_parity_v1,digits_parity,digits_parity,42,,,,2026-09-02T20:45:00Z,1.2.0,62e10bc07ec9873f,SAMPLE_PREDICTION_ERROR,prediction_error == 1 when model prediction != true target,model_prediction_versus_ground_truth,False,0,0,True,0,0.12,0.2,0.05,0.15,0.15,0.061282587702834124,,,,,,NORMAL,True,True,True,True,False,False,False,True,False,,,,
7e8a71629ca19f5528086921,STATIC_SELECTIVE_RISK,Module_12_CrossDomain,sklearn_fixture,29993fa5a07111060fb234185b682f6717de16a4d2e1350bc14293597f01621f,rf_digits_parity_v1,digits_parity,digits_parity,42,,,,2026-09-02T20:45:00Z,1.2.0,62e10bc07ec9873f,SAMPLE_PREDICTION_ERROR,prediction_error == 1 when model prediction != true target,model_prediction_versus_ground_truth,False,1,1,True,0,0.12,0.2,0.05,0.15,0.15,0.061282587702834124,,,,,,NORMAL,True,True,True,True,False,False,False,True,False,,,,
9002d9dbe434212f11638b2c,STATIC_SELECTIVE_RISK,Module_12_CrossDomain,sklearn_fixture,29993fa5a07111060fb234185b682f6717de16a4d2e1350bc14293597f01621f,rf_digits_parity_v1,digits_parity,digits_parity,42,,,,2026-09-02T20:45:00Z,1.2.0,62e10bc07ec9873f,SAMPLE_PREDICTION_ERROR,prediction_error == 1 when model prediction != true target,model_prediction_versus_ground_truth,False,0,0,True,0,0.12,0.2,0.05,0.15,0.15,0.061282587702834124,,,,,,NORMAL,True,True,True,True,False,False,False,True,False,,,,
e4d2777c4281ac797e068dde,STATIC_SELECTIVE_RISK,Module_12_CrossDomain,sklearn_fixture,29993fa5a07111060fb234185b682f6717de16a4d2e1350bc14293597f01621f,rf_digits_parity_v1,digits_parity,digits_parity,42,,,,2026-09-02T20:45:00Z,1.2.0,62e10bc07ec9873f,SAMPLE_PREDICTION_ERROR,prediction_error == 1 when model prediction != true target,model_prediction_versus_ground_truth,False,0,0,True,0,0.12,0.2,0.05,0.15,0.15,0.061282587702834124,,,,,,NORMAL,True,True,True,True,False,False,False,True,False,,,,
9871b2066a5440c5c7f0400b,STATIC_SELECTIVE_RISK,Module_12_CrossDomain,sklearn_fixture,29993fa5a07111060fb234185b682f6717de16a4d2e1350bc14293597f01621f,rf_digits_parity_v1,digits_parity,digits_parity,42,,,,2026-09-02T20:45:00Z,1.2.0,62e10bc07ec9873f,SAMPLE_PREDICTION_ERROR,prediction_error == 1 when model prediction != true target,model_prediction_versus_ground_truth,False,0,0,True,0,0.12,0.2,0.05,0.15,0.15,0.061282587702834124,,,,,,NORMAL,True,True,True,True,False,False,False,True,False,,,,
c04051fa296aac413ee1d284,STATIC_SELECTIVE_RISK,Module_12_CrossDomain,sklearn_fixture,29993fa5a07111060fb234185b682f6717de16a4d2e1350bc14293597f01621f,rf_digits_parity_v1,digits_parity,digits_parity,42,,,,2026-09-02T20:45:00Z,1.2.0,62e10bc07ec9873f,SAMPLE_PREDICTION_ERROR,prediction_error == 1 when model prediction != true target,model_prediction_versus_ground_truth,False,1,1,True,0,0.12,0.2,0.05,0.15,0.15,0.061282587702834124,,,,,,NORMAL,True,True,True,True,False,False,False,True,False,,,,
9309c4b8aa6252c0b544c185,STATIC_SELECTIVE_RISK,Module_12_CrossDomain,sklearn_fixture,29993fa5a07111060fb234185b682f6717de16a4d2e1350bc14293597f01621f,rf_digits_parity_v1,digits_parity,digits_parity,42,,,,2026-09-02T20:45:00Z,1.2.0,62e10bc07ec9873f,SAMPLE_PREDICTION_ERROR,prediction_error == 1 when model prediction != true target,model_prediction_versus_ground_truth,False,1,1,True,0,0.12,0.2,0.05,0.15,0.15,0.061282587702834124,,,,,,NORMAL,True,True,True,True,False,False,False,True,False,,,,
d62307c7faf39c807ee0f831,STATIC_SELECTIVE_RISK,Module_12_CrossDomain,sklearn_fixture,29993fa5a07111060fb234185b682f6717de16a4d2e1350bc14293597f01621f,rf_digits_parity_v1,digits_parity,digits_parity,42,,,,2026-09-02T20:45:00Z,1.2.0,62e10bc07ec9873f,SAMPLE_PREDICTION_ERROR,prediction_error == 1 when model prediction != true target,model_prediction_versus_ground_truth,False,0,0,True,0,0.12,0.2,0.05,0.15,0.15,0.061282587702834124,,,,,,NORMAL,True,True,True,True,False,False,False,True,False,,,,
b626a52623e90464e1094261,STATIC_SELECTIVE_RISK,Module_12_CrossDomain,sklearn_fixture,29993fa5a07111060fb234185b682f6717de16a4d2e1350bc14293597f01621f,rf_digits_parity_v1,digits_parity,digits_parity,42,,,,2026-09-02T20:45:00Z,1.2.0,62e10bc07ec9873f,SAMPLE_PREDICTION_ERROR,prediction_error == 1 when model prediction != true target,model_prediction_versus_ground_truth,False,1,1,True,0,0.12,0.2,0.05,0.15,0.15,0.061282587702834124,,,,,,NORMAL,True,True,True,True,False,False,False,True,False,,,,
888c0da85a48958d78e05834,STATIC_SELECTIVE_RISK,Module_12_CrossDomain,sklearn_fixture,29993fa5a07111060fb234185b682f6717de16a4d2e1350bc14293597f01621f,rf_digits_parity_v1,digits_parity,digits_parity,42,,,,2026-09-02T20:45:00Z,1.2.0,62e10bc07ec9873f,SAMPLE_PREDICTION_ERROR,prediction_error == 1 when model prediction != true target,model_prediction_versus_ground_truth,False,1,1,True,0,0.12,0.2,0.05,0.15,0.15,0.061282587702834124,,,,,,NORMAL,True,True,True,True,False,False,False,True,False,,,,
ab0325d4d5f5163cf3ecd9eb,STATIC_SELECTIVE_RISK,Module_12_CrossDomain,sklearn_fixture,29993fa5a07111060fb234185b682f6717de16a4d2e1350bc14293597f01621f,rf_digits_parity_v1,digits_parity,digits_parity,42,,,,2026-09-02T20:45:00Z,1.2.0,62e10bc07ec9873f,SAMPLE_PREDICTION_ERROR,prediction_error == 1 when model prediction != true target,model_prediction_versus_ground_truth,False,1,1,True,0,0.12,0.2,0.05,0.15,0.15,0.061282587702834124,,,,,,NORMAL,True,True,True,True,False,False,False,True,False,,,,
dbcaf4572861cfb3f35a0ec8,STATIC_SELECTIVE_RISK,Module_12_CrossDomain,sklearn_fixture,29993fa5a07111060fb234185b682f6717de16a4d2e1350bc14293597f01621f,rf_digits_parity_v1,digits_parity,digits_parity,42,,,,2026-09-02T20:45:00Z,1.2.0,62e10bc07ec9873f,SAMPLE_PREDICTION_ERROR,prediction_error == 1 when model prediction != true target,model_prediction_versus_ground_truth,False,1,1,True,0,0.12,0.2,0.05,0.15,0.15,0.061282587702834124,,,,,,NORMAL,True,True,True,True,False,False,False,True,False,,,,
a5519a85696c171c9d404ad4,STATIC_SELECTIVE_RISK,Module_12_CrossDomain,sklearn_fixture,29993fa5a07111060fb234185b682f6717de16a4d2e1350bc14293597f01621f,rf_digits_parity_v1,digits_parity,digits_parity,42,,,,2026-09-02T20:45:00Z,1.2.0,62e10bc07ec9873f,SAMPLE_PREDICTION_ERROR,prediction_error == 1 when model prediction != true target,model_prediction_versus_ground_truth,False,0,0,True,0,0.12,0.2,0.05,0.15,0.15,0.061282587702834124,,,,,,NORMAL,True,True,True,True,False,False,False,True,False,,,,
8effee9f3c84340b22e598a0,STATIC_SELECTIVE_RISK,Module_12_CrossDomain,sklearn_fixture,29993fa5a07111060fb234185b682f6717de16a4d2e1350bc14293597f01621f,rf_digits_parity_v1,digits_parity,digits_parity,42,,,,2026-09-02T20:45:00Z,1.2.0,62e10bc07ec9873f,SAMPLE_PREDICTION_ERROR,prediction_error == 1 when model prediction != true target,model_prediction_versus_ground_truth,False,0,0,True,0,0.12,0.2,0.05,0.15,0.15,0.061282587702834124,,,,,,NORMAL,True,True,True,True,False,False,False,True,False,,,,
3ff97cd50590c470646e47ac,STATIC_SELECTIVE_RISK,Module_12_CrossDomain,sklearn_fixture,29993fa5a07111060fb234185b682f6717de16a4d2e1350bc14293597f01621f,rf_digits_parity_v1,digits_parity,digits_parity,42,,,,2026-09-02T20:45:00Z,1.2.0,62e10bc07ec9873f,SAMPLE_PREDICTION_ERROR,prediction_error == 1 when model prediction != true target,model_prediction_versus_ground_truth,False,1,1,True,0,0.12,0.2,0.05,0.15,0.15,0.061282587702834124,,,,,,NORMAL,True,True,True,True,False,False,False,True,False,,,,
f3f082fe44891d0902ff46d8,STATIC_SELECTIVE_RISK,Module_12_CrossDomain,sklearn_fixture,29993fa5a07111060fb234185b682f6717de16a4d2e1350bc14293597f01621f,rf_digits_parity_v1,digits_parity,digits_parity,42,,,,2026-09-02T20:45:00Z,1.2.0,62e10bc07ec9873f,SAMPLE_PREDICTION_ERROR,prediction_error == 1 when model prediction != true target,model_prediction_versus_ground_truth,False,1,1,True,0,0.12,0.2,0.05,0.15,0.15,0.061282587702834124,,,,,,NORMAL,True,True,True,True,False,False,False,True,False,,,,
d23921c74283e50cca942b6d,STATIC_SELECTIVE_RISK,Module_12_CrossDomain,sklearn_fixture,29993fa5a07111060fb234185b682f6717de16a4d2e1350bc14293597f01621f,rf_digits_parity_v1,digits_parity,digits_parity,42,,,,2026-09-02T20:45:00Z,1.2.0,62e10bc07ec9873f,SAMPLE_PREDICTION_ERROR,prediction_error == 1 when model prediction != true target,model_prediction_versus_ground_truth,False,1,1,True,0,0.12,0.2,0.05,0.15,0.15,0.061282587702834124,,,,,,NORMAL,True,True,True,True,False,False,False,True,False,,,,
a0fd5b682b12d77f783a8874,STATIC_SELECTIVE_RISK,Module_12_CrossDomain,sklearn_fixture,29993fa5a07111060fb234185b682f6717de16a4d2e1350bc14293597f01621f,rf_digits_parity_v1,digits_parity,digits_parity,42,,,,2026-09-02T20:45:00Z,1.2.0,62e10bc07ec9873f,SAMPLE_PREDICTION_ERROR,prediction_error == 1 when model prediction != true target,model_prediction_versus_ground_truth,False,1,1,True,0,0.12,0.2,0.05,0.15,0.15,0.061282587702834124,,,,,,NORMAL,True,True,True,True,False,False,False,True,False,,,,
e3a6ff7a4577d317c736e975,STATIC_SELECTIVE_RISK,Module_12_CrossDomain,sklearn_fixture,29993fa5a07111060fb234185b682f6717de16a4d2e1350bc14293597f01621f,rf_digits_parity_v1,digits_parity,digits_parity,42,,,,2026-09-02T20:45:00Z,1.2.0,62e10bc07ec9873f,SAMPLE_PREDICTION_ERROR,prediction_error == 1 when model prediction != true target,model_prediction_versus_ground_truth,False,0,0,True,0,0.12,0.2,0.05,0.15,0.15,0.061282587702834124,,,,,,NORMAL,True,True,True,True,False,False,False,True,False,,,,
b7803eaa2404089195b464b1,STATIC_SELECTIVE_RISK,Module_12_CrossDomain,sklearn_fixture,29993fa5a07111060fb234185b682f6717de16a4d2e1350bc14293597f01621f,rf_digits_parity_v1,digits_parity,digits_parity,42,,,,2026-09-02T20:45:00Z,1.2.0,62e10bc07ec9873f,SAMPLE_PREDICTION_ERROR,prediction_error == 1 when model prediction != true target,model_prediction_versus_ground_truth,False,1,1,True,0,0.12,0.2,0.05,0.15,0.15,0.061282587702834124,,,,,,NORMAL,True,True,True,True,False,False,False,True,False,,,,
3a7adf207912c47004cc2f75,STATIC_SELECTIVE_RISK,Module_12_CrossDomain,sklearn_fixture,29993fa5a07111060fb234185b682f6717de16a4d2e1350bc14293597f01621f,rf_digits_parity_v1,digits_parity,digits_parity,42,,,,2026-09-02T20:45:00Z,1.2.0,62e10bc07ec9873f,SAMPLE_PREDICTION_ERROR,prediction_error == 1 when model prediction != true target,model_prediction_versus_ground_truth,False,1,1,True,0,0.12,0.2,0.05,0.15,0.15,0.061282587702834124,,,,,,NORMAL,True,True,True,True,False,False,False,True,False,,,,
b6eb610e50f0c904f0bda8f7,STATIC_SELECTIVE_RISK,Module_12_CrossDomain,sklearn_fixture,29993fa5a07111060fb234185b682f6717de16a4d2e1350bc14293597f01621f,rf_digits_parity_v1,digits_parity,digits_parity,42,,,,2026-09-02T20:45:00Z,1.2.0,62e10bc07ec9873f,SAMPLE_PREDICTION_ERROR,prediction_error == 1 when model prediction != true target,model_prediction_versus_ground_truth,False,0,0,True,0,0.12,0.2,0.05,0.15,0.15,0.061282587702834124,,,,,,NORMAL,True,True,True,True,False,False,False,True,False,,,,
6a2faec72384777d92731ae4,STATIC_SELECTIVE_RISK,Module_12_CrossDomain,sklearn_fixture,29993fa5a07111060fb234185b682f6717de16a4d2e1350bc14293597f01621f,rf_digits_parity_v1,digits_parity,digits_parity,42,,,,2026-09-02T20:45:00Z,1.2.0,62e10bc07ec9873f,SAMPLE_PREDICTION_ERROR,prediction_error == 1 when model prediction != true target,model_prediction_versus_ground_truth,False,1,1,True,0,0.12,0.2,0.05,0.15,0.15,0.061282587702834124,,,,,,NORMAL,True,True,True,True,False,False,False,True,False,,,,
8b535aa87b5626e21b45ba33,STATIC_SELECTIVE_RISK,Module_12_CrossDomain,sklearn_fixture,29993fa5a07111060fb234185b682f6717de16a4d2e1350bc14293597f01621f,rf_digits_parity_v1,digits_parity,digits_parity,42,,,,2026-09-02T20:45:00Z,1.2.0,62e10bc07ec9873f,SAMPLE_PREDICTION_ERROR,prediction_error == 1 when model prediction != true target,model_prediction_versus_ground_truth,False,1,1,True,0,0.12,0.2,0.05,0.15,0.15,0.061282587702834124,,,,,,NORMAL,True,True,True,True,False,False,False,True,False,,,,
d7f98bc04a1b4cf9d2d5457c,STATIC_SELECTIVE_RISK,Module_12_CrossDomain,sklearn_fixture,29993fa5a07111060fb234185b682f6717de16a4d2e1350bc14293597f01621f,rf_digits_parity_v1,digits_parity,digits_parity,42,,,,2026-09-02T20:45:00Z,1.2.0,62e10bc07ec9873f,SAMPLE_PREDICTION_ERROR,prediction_error == 1 when model prediction != true target,model_prediction_versus_ground_truth,False,0,0,True,0,0.12,0.2,0.05,0.15,0.15,0.061282587702834124,,,,,,NORMAL,True,True,True,True,False,False,False,True,False,,,,
0f453415cd5b5f2bfaa469b2,STATIC_SELECTIVE_RISK,Module_12_CrossDomain,sklearn_fixture,29993fa5a07111060fb234185b682f6717de16a4d2e1350bc14293597f01621f,rf_digits_parity_v1,digits_parity,digits_parity,42,,,,2026-09-02T20:45:00Z,1.2.0,62e10bc07ec9873f,SAMPLE_PREDICTION_ERROR,prediction_error == 1 when model prediction != true target,model_prediction_versus_ground_truth,False,1,1,True,0,0.12,0.2,0.05,0.15,0.15,0.061282587702834124,,,,,,NORMAL,True,True,True,True,False,False,False,True,False,,,,
3d592e3a249d3ed1410f9522,STATIC_SELECTIVE_RISK,Module_12_CrossDomain,sklearn_fixture,29993fa5a07111060fb234185b682f6717de16a4d2e1350bc14293597f01621f,rf_digits_parity_v1,digits_parity,digits_parity,42,,,,2026-09-02T20:45:00Z,1.2.0,62e10bc07ec9873f,SAMPLE_PREDICTION_ERROR,prediction_error == 1 when model prediction != true target,model_prediction_versus_ground_truth,False,0,0,True,0,0.12,0.2,0.05,0.15,0.15,0.061282587702834124,,,,,,NORMAL,True,True,True,True,False,False,False,True,False,,,,
da085b640ce0321d09fe3d14,STATIC_SELECTIVE_RISK,Module_12_CrossDomain,sklearn_fixture,29993fa5a07111060fb234185b682f6717de16a4d2e1350bc14293597f01621f,rf_digits_parity_v1,digits_parity,digits_parity,42,,,,2026-09-02T20:45:00Z,1.2.0,62e10bc07ec9873f,SAMPLE_PREDICTION_ERROR,prediction_error == 1 when model prediction != true target,model_prediction_versus_ground_truth,False,1,1,True,0,0.12,0.2,0.05,0.15,0.15,0.061282587702834124,,,,,,NORMAL,True,True,True,True,False,False,False,True,False,,,,
bfe68d6fc091b84f80bc9000,STATIC_SELECTIVE_RISK,Module_12_CrossDomain,sklearn_fixture,29993fa5a07111060fb234185b682f6717de16a4d2e1350bc14293597f01621f,rf_digits_parity_v1,digits_parity,digits_parity,42,,,,2026-09-02T20:45:00Z,1.2.0,62e10bc07ec9873f,SAMPLE_PREDICTION_ERROR,prediction_error == 1 when model prediction != true target,model_prediction_versus_ground_truth,False,0,0,True,0,0.12,0.2,0.05,0.15,0.15,0.061282587702834124,,,,,,NORMAL,True,True,True,True,False,False,False,True,False,,,,
a289c732d7a5fa93c3b265d5,STATIC_SELECTIVE_RISK,Module_12_CrossDomain,sklearn_fixture,29993fa5a07111060fb234185b682f6717de16a4d2e1350bc14293597f01621f,rf_digits_parity_v1,digits_parity,digits_parity,42,,,,2026-09-02T20:45:00Z,1.2.0,62e10bc07ec9873f,SAMPLE_PREDICTION_ERROR,prediction_error == 1 when model prediction != true target,model_prediction_versus_ground_truth,False,1,1,True,0,0.12,0.2,0.05,0.15,0.15,0.061282587702834124,,,,,,NORMAL,True,True,True,True,False,False,False,True,False,,,,
9201b4b61098476798009921,STATIC_SELECTIVE_RISK,Module_12_CrossDomain,sklearn_fixture,29993fa5a07111060fb234185b682f6717de16a4d2e1350bc14293597f01621f,rf_digits_parity_v1,digits_parity,digits_parity,42,,,,2026-09-02T20:45:00Z,1.2.0,62e10bc07ec9873f,SAMPLE_PREDICTION_ERROR,prediction_error == 1 when model prediction != true target,model_prediction_versus_ground_truth,False,0,0,True,0,0.12,0.2,0.05,0.15,0.15,0.061282587702834124,,,,,,NORMAL,True,True,True,True,False,False,False,True,False,,,,
2fccd1b8b4b50e71a958d610,STATIC_SELECTIVE_RISK,Module_12_CrossDomain,sklearn_fixture,29993fa5a07111060fb234185b682f6717de16a4d2e1350bc14293597f01621f,rf_digits_parity_v1,digits_parity,digits_parity,42,,,,2026-09-02T20:45:00Z,1.2.0,62e10bc07ec9873f,SAMPLE_PREDICTION_ERROR,prediction_error == 1 when model prediction != true target,model_prediction_versus_ground_truth,False,1,1,True,0,0.12,0.2,0.05,0.15,0.15,0.061282587702834124,,,,,,NORMAL,True,True,True,True,False,False,False,True,False,,,,
e9b419bdfc80917ce9e3da23,STATIC_SELECTIVE_RISK,Module_12_CrossDomain,sklearn_fixture,29993fa5a07111060fb234185b682f6717de16a4d2e1350bc14293597f01621f,rf_digits_parity_v1,digits_parity,digits_parity,42,,,,2026-09-02T20:45:00Z,1.2.0,62e10bc07ec9873f,SAMPLE_PREDICTION_ERROR,prediction_error == 1 when model prediction != true target,model_prediction_versus_ground_truth,False,0,0,True,0,0.12,0.2,0.05,0.15,0.15,0.061282587702834124,,,,,,NORMAL,True,True,True,True,False,False,False,True,False,,,,
b9a976974fb84ef31efe4c1c,STATIC_SELECTIVE_RISK,Module_12_CrossDomain,sklearn_fixture,29993fa5a07111060fb234185b682f6717de16a4d2e1350bc14293597f01621f,rf_digits_parity_v1,digits_parity,digits_parity,42,,,,2026-09-02T20:45:00Z,1.2.0,62e10bc07ec9873f,SAMPLE_PREDICTION_ERROR,prediction_error == 1 when model prediction != true target,model_prediction_versus_ground_truth,False,1,1,True,0,0.12,0.2,0.05,0.15,0.15,0.061282587702834124,,,,,,NORMAL,True,True,True,True,False,False,False,True,False,,,,
e785ab642708b8d7c13cb48f,STATIC_SELECTIVE_RISK,Module_12_CrossDomain,sklearn_fixture,29993fa5a07111060fb234185b682f6717de16a4d2e1350bc14293597f01621f,rf_digits_parity_v1,digits_parity,digits_parity,42,,,,2026-09-02T20:45:00Z,1.2.0,62e10bc07ec9873f,SAMPLE_PREDICTION_ERROR,prediction_error == 1 when model prediction != true target,model_prediction_versus_ground_truth,False,0,0,True,0,0.12,0.2,0.05,0.15,0.15,0.061282587702834124,,,,,,NORMAL,True,True,True,True,False,False,False,True,False,,,,
61bd4df18c40407b515cc08e,STATIC_SELECTIVE_RISK,Module_12_CrossDomain,sklearn_fixture,29993fa5a07111060fb234185b682f6717de16a4d2e1350bc14293597f01621f,rf_digits_parity_v1,digits_parity,digits_parity,42,,,,2026-09-02T20:45:00Z,1.2.0,62e10bc07ec9873f,SAMPLE_PREDICTION_ERROR,prediction_error == 1 when model prediction != true target,model_prediction_versus_ground_truth,False,1,1,True,0,0.12,0.2,0.05,0.15,0.15,0.061282587702834124,,,,,,NORMAL,True,True,True,True,False,False,False,True,False,,,,
cba265cfd470cd3ec9020520,STATIC_SELECTIVE_RISK,Module_12_CrossDomain,sklearn_fixture,29993fa5a07111060fb234185b682f6717de16a4d2e1350bc14293597f01621f,rf_digits_parity_v1,digits_parity,digits_parity,42,,,,2026-09-02T20:45:00Z,1.2.0,62e10bc07ec9873f,SAMPLE_PREDICTION_ERROR,prediction_error == 1 when model prediction != true target,model_prediction_versus_ground_truth,False,0,0,True,0,0.12,0.2,0.05,0.15,0.15,0.061282587702834124,,,,,,NORMAL,True,True,True,True,False,False,False,True,False,,,,
f2caf6736f2809c6cfd71b05,STATIC_SELECTIVE_RISK,Module_12_CrossDomain,sklearn_fixture,29993fa5a07111060fb234185b682f6717de16a4d2e1350bc14293597f01621f,rf_digits_parity_v1,digits_parity,digits_parity,42,,,,2026-09-02T20:45:00Z,1.2.0,62e10bc07ec9873f,SAMPLE_PREDICTION_ERROR,prediction_error == 1 when model prediction != true target,model_prediction_versus_ground_truth,False,1,1,True,0,0.12,0.2,0.05,0.15,0.15,0.061282587702834124,,,,,,NORMAL,True,True,True,True,False,False,False,True,False,,,,
21f5be44b5bf3fdb2e33b9af,STATIC_SELECTIVE_RISK,Module_12_CrossDomain,sklearn_fixture,29993fa5a07111060fb234185b682f6717de16a4d2e1350bc14293597f01621f,rf_digits_parity_v1,digits_parity,digits_parity,42,,,,2026-09-02T20:45:00Z,1.2.0,62e10bc07ec9873f,SAMPLE_PREDICTION_ERROR,prediction_error == 1 when model prediction != true target,model_prediction_versus_ground_truth,False,0,0,True,0,0.12,0.2,0.05,0.15,0.15,0.061282587702834124,,,,,,NORMAL,True,True,True,True,False,False,False,True,False,,,,
ac5c92e97f8c385876e93f0c,STATIC_SELECTIVE_RISK,Module_12_CrossDomain,sklearn_fixture,29993fa5a07111060fb234185b682f6717de16a4d2e1350bc14293597f01621f,rf_digits_parity_v1,digits_parity,digits_parity,42,,,,2026-09-02T20:45:00Z,1.2.0,62e10bc07ec9873f,SAMPLE_PREDICTION_ERROR,prediction_error == 1 when model prediction != true target,model_prediction_versus_ground_truth,False,1,1,True,0,0.12,0.2,0.05,0.15,0.15,0.061282587702834124,,,,,,NORMAL,True,True,True,True,False,False,False,True,False,,,,
a54bf8b60e71a05d3d482ae0,STATIC_SELECTIVE_RISK,Module_12_CrossDomain,sklearn_fixture,29993fa5a07111060fb234185b682f6717de16a4d2e1350bc14293597f01621f,rf_digits_parity_v1,digits_parity,digits_parity,42,,,,2026-09-02T20:45:00Z,1.2.0,62e10bc07ec9873f,SAMPLE_PREDICTION_ERROR,prediction_error == 1 when model prediction != true target,model_prediction_versus_ground_truth,False,0,0,True,0,0.12,0.2,0.05,0.15,0.15,0.061282587702834124,,,,,,NORMAL,True,True,True,True,False,False,False,True,False,,,,
befe8fb3c8d25d558dff71e8,STATIC_SELECTIVE_RISK,Module_12_CrossDomain,sklearn_fixture,29993fa5a07111060fb234185b682f6717de16a4d2e1350bc14293597f01621f,rf_digits_parity_v1,digits_parity,digits_parity,42,,,,2026-09-02T20:45:00Z,1.2.0,62e10bc07ec9873f,SAMPLE_PREDICTION_ERROR,prediction_error == 1 when model prediction != true target,model_prediction_versus_ground_truth,False,1,1,True,0,0.12,0.2,0.05,0.15,0.15,0.061282587702834124,,,,,,NORMAL,True,True,True,True,False,False,False,True,False,,,,
9c62f5f8da1fcf9c7cf0f846,STATIC_SELECTIVE_RISK,Module_12_CrossDomain,sklearn_fixture,29993fa5a07111060fb234185b682f6717de16a4d2e1350bc14293597f01621f,rf_digits_parity_v1,digits_parity,digits_parity,42,,,,2026-09-02T20:45:00Z,1.2.0,62e10bc07ec9873f,SAMPLE_PREDICTION_ERROR,prediction_error == 1 when model prediction != true target,model_prediction_versus_ground_truth,False,0,0,True,0,0.12,0.2,0.05,0.15,0.15,0.061282587702834124,,,,,,NORMAL,True,True,True,True,False,False,False,True,False,,,,
8156e32497111c8a04d1e956,STATIC_SELECTIVE_RISK,Module_12_CrossDomain,sklearn_fixture,29993fa5a07111060fb234185b682f6717de16a4d2e1350bc14293597f01621f,rf_digits_parity_v1,digits_parity,digits_parity,42,,,,2026-09-02T20:45:00Z,1.2.0,62e10bc07ec9873f,SAMPLE_PREDICTION_ERROR,prediction_error == 1 when model prediction != true target,model_prediction_versus_ground_truth,False,1,1,True,0,0.12,0.2,0.05,0.15,0.15,0.061282587702834124,,,,,,NORMAL,True,True,True,True,False,False,False,True,False,,,,
2d32ef438f7c28eaa4b87e3f,STATIC_SELECTIVE_RISK,Module_12_CrossDomain,sklearn_fixture,29993fa5a07111060fb234185b682f6717de16a4d2e1350bc14293597f01621f,rf_digits_parity_v1,digits_parity,digits_parity,42,,,,2026-09-02T20:45:00Z,1.2.0,62e10bc07ec9873f,SAMPLE_PREDICTION_ERROR,prediction_error == 1 when model prediction != true target,model_prediction_versus_ground_truth,False,0,0,True,0,0.12,0.2,0.05,0.15,0.15,0.061282587702834124,,,,,,NORMAL,True,True,True,True,False,False,False,True,False,,,,
91c2fb55c2b5c1953d21ecc6,STATIC_SELECTIVE_RISK,Module_12_CrossDomain,sklearn_fixture,29993fa5a07111060fb234185b682f6717de16a4d2e1350bc14293597f01621f,rf_digits_parity_v1,digits_parity,digits_parity,42,,,,2026-09-02T20:45:00Z,1.2.0,62e10bc07ec9873f,SAMPLE_PREDICTION_ERROR,prediction_error == 1 when model prediction != true target,model_prediction_versus_ground_truth,False,1,1,True,0,0.12,0.2,0.05,0.15,0.15,0.061282587702834124,,,,,,NORMAL,True,True,True,True,False,False,False,True,False,,,,
9f008abd4f32eac0fc844df4,STATIC_SELECTIVE_RISK,Module_12_CrossDomain,sklearn_fixture,29993fa5a07111060fb234185b682f6717de16a4d2e1350bc14293597f01621f,rf_digits_parity_v1,digits_parity,digits_parity,42,,,,2026-09-02T20:45:00Z,1.2.0,62e10bc07ec9873f,SAMPLE_PREDICTION_ERROR,prediction_error == 1 when model prediction != true target,model_prediction_versus_ground_truth,False,0,0,True,0,0.12,0.2,0.05,0.15,0.15,0.061282587702834124,,,,,,NORMAL,True,True,True,True,False,False,False,True,False,,,,
7ac78f86fe7413e23d1f3243,STATIC_SELECTIVE_RISK,Module_12_CrossDomain,sklearn_fixture,29993fa5a07111060fb234185b682f6717de16a4d2e1350bc14293597f01621f,rf_digits_parity_v1,digits_parity,digits_parity,42,,,,2026-09-02T20:45:00Z,1.2.0,62e10bc07ec9873f,SAMPLE_PREDICTION_ERROR,prediction_error == 1 when model prediction != true target,model_prediction_versus_ground_truth,False,1,1,True,0,0.12,0.2,0.05,0.15,0.15,0.061282587702834124,,,,,,NORMAL,True,True,True,True,False,False,False,True,False,,,,
137ad4ecd5580c3575e2646a,STATIC_SELECTIVE_RISK,Module_12_CrossDomain,sklearn_fixture,29993fa5a07111060fb234185b682f6717de16a4d2e1350bc14293597f01621f,rf_digits_parity_v1,digits_parity,digits_parity,42,,,,2026-09-02T20:45:00Z,1.2.0,62e10bc07ec9873f,SAMPLE_PREDICTION_ERROR,prediction_error == 1 when model prediction != true target,model_prediction_versus_ground_truth,False,0,0,True,0,0.12,0.2,0.05,0.15,0.15,0.061282587702834124,,,,,,NORMAL,True,True,True,True,False,False,False,True,False,,,,
a41b19d27d79d1c83315eb0b,STATIC_SELECTIVE_RISK,Module_12_CrossDomain,sklearn_fixture,29993fa5a07111060fb234185b682f6717de16a4d2e1350bc14293597f01621f,rf_digits_parity_v1,digits_parity,digits_parity,42,,,,2026-09-02T20:45:00Z,1.2.0,62e10bc07ec9873f,SAMPLE_PREDICTION_ERROR,prediction_error == 1 when model prediction != true target,model_prediction_versus_ground_truth,False,1,1,True,0,0.12,0.2,0.05,0.15,0.15,0.061282587702834124,,,,,,NORMAL,True,True,True,True,False,False,False,True,False,,,,
2e9a7bd5c582baf20df3b45b,STATIC_SELECTIVE_RISK,Module_12_CrossDomain,sklearn_fixture,29993fa5a07111060fb234185b682f6717de16a4d2e1350bc14293597f01621f,rf_digits_parity_v1,digits_parity,digits_parity,42,,,,2026-09-02T20:45:00Z,1.2.0,62e10bc07ec9873f,SAMPLE_PREDICTION_ERROR,prediction_error == 1 when model prediction != true target,model_prediction_versus_ground_truth,False,0,0,True,0,0.12,0.2,0.05,0.15,0.15,0.061282587702834124,,,,,,NORMAL,True,True,True,True,False,False,False,True,False,,,,
e5d521bb309d6a685a91f777,STATIC_SELECTIVE_RISK,Module_12_CrossDomain,sklearn_fixture,29993fa5a07111060fb234185b682f6717de16a4d2e1350bc14293597f01621f,rf_digits_parity_v1,digits_parity,digits_parity,42,,,,2026-09-02T20:45:00Z,1.2.0,62e10bc07ec9873f,SAMPLE_PREDICTION_ERROR,prediction_error == 1 when model prediction != true target,model_prediction_versus_ground_truth,False,1,1,True,0,0.12,0.2,0.05,0.15,0.15,0.061282587702834124,,,,,,NORMAL,True,True,True,True,False,False,False,True,False,,,,
086ce254fe4d2280469ba213,STATIC_SELECTIVE_RISK,Module_12_CrossDomain,sklearn_fixture,29993fa5a07111060fb234185b682f6717de16a4d2e1350bc14293597f01621f,rf_digits_parity_v1,digits_parity,digits_parity,42,,,,2026-09-02T20:45:00Z,1.2.0,62e10bc07ec9873f,SAMPLE_PREDICTION_ERROR,prediction_error == 1 when model prediction != true target,model_prediction_versus_ground_truth,False,0,0,True,0,0.12,0.2,0.05,0.15,0.15,0.061282587702834124,,,,,,NORMAL,True,True,True,True,False,False,False,True,False,,,,
f93aff7f29d8a05ab4260c5f,STATIC_SELECTIVE_RISK,Module_12_CrossDomain,sklearn_fixture,29993fa5a07111060fb234185b682f6717de16a4d2e1350bc14293597f01621f,rf_digits_parity_v1,digits_parity,digits_parity,42,,,,2026-09-02T20:45:00Z,1.2.0,62e10bc07ec9873f,SAMPLE_PREDICTION_ERROR,prediction_error == 1 when model prediction != true target,model_prediction_versus_ground_truth,False,1,1,True,0,0.12,0.2,0.05,0.15,0.15,0.061282587702834124,,,,,,NORMAL,True,True,True,True,False,False,False,True,False,,,,
ebe473f646f3448d03958981,STATIC_SELECTIVE_RISK,Module_12_CrossDomain,sklearn_fixture,29993fa5a07111060fb234185b682f6717de16a4d2e1350bc14293597f01621f,rf_digits_parity_v1,digits_parity,digits_parity,42,,,,2026-09-02T20:45:00Z,1.2.0,62e10bc07ec9873f,SAMPLE_PREDICTION_ERROR,prediction_error == 1 when model prediction != true target,model_prediction_versus_ground_truth,False,0,0,True,0,0.12,0.2,0.05,0.15,0.15,0.061282587702834124,,,,,,NORMAL,True,True,True,True,False,False,False,True,False,,,,
4cfab0bf332a582e15af5933,STATIC_SELECTIVE_RISK,Module_12_CrossDomain,sklearn_fixture,29993fa5a07111060fb234185b682f6717de16a4d2e1350bc14293597f01621f,rf_digits_parity_v1,digits_parity,digits_parity,42,,,,2026-09-02T20:45:00Z,1.2.0,62e10bc07ec9873f,SAMPLE_PREDICTION_ERROR,prediction_error == 1 when model prediction != true target,model_prediction_versus_ground_truth,False,0,0,True,0,0.12,0.2,0.05,0.15,0.15,0.061282587702834124,,,,,,NORMAL,True,True,True,True,False,False,False,True,False,,,,
46c151fbfb653adf16520091,STATIC_SELECTIVE_RISK,Module_12_CrossDomain,sklearn_fixture,29993fa5a07111060fb234185b682f6717de16a4d2e1350bc14293597f01621f,rf_digits_parity_v1,digits_parity,digits_parity,42,,,,2026-09-02T20:45:00Z,1.2.0,62e10bc07ec9873f,SAMPLE_PREDICTION_ERROR,prediction_error == 1 when model prediction != true target,model_prediction_versus_ground_truth,False,0,0,True,0,0.12,0.2,0.05,0.15,0.15,0.061282587702834124,,,,,,NORMAL,True,True,True,True,False,False,False,True,False,,,,
22f427107539faa3c98d0575,STATIC_SELECTIVE_RISK,Module_12_CrossDomain,sklearn_fixture,29993fa5a07111060fb234185b682f6717de16a4d2e1350bc14293597f01621f,rf_digits_parity_v1,digits_parity,digits_parity,42,,,,2026-09-02T20:45:00Z,1.2.0,62e10bc07ec9873f,SAMPLE_PREDICTION_ERROR,prediction_error == 1 when model prediction != true target,model_prediction_versus_ground_truth,False,1,1,True,0,0.12,0.2,0.05,0.15,0.15,0.061282587702834124,,,,,,NORMAL,True,True,True,True,False,False,False,True,False,,,,
3f57aff556e1cf79d4584b2e,STATIC_SELECTIVE_RISK,Module_12_CrossDomain,sklearn_fixture,29993fa5a07111060fb234185b682f6717de16a4d2e1350bc14293597f01621f,rf_digits_parity_v1,digits_parity,digits_parity,42,,,,2026-09-02T20:45:00Z,1.2.0,62e10bc07ec9873f,SAMPLE_PREDICTION_ERROR,prediction_error == 1 when model prediction != true target,model_prediction_versus_ground_truth,False,0,0,True,0,0.12,0.2,0.05,0.15,0.15,0.061282587702834124,,,,,,NORMAL,True,True,True,True,False,False,False,True,False,,,,
f8b0a2c09f5416fa30e9615d,STATIC_SELECTIVE_RISK,Module_12_CrossDomain,sklearn_fixture,29993fa5a07111060fb234185b682f6717de16a4d2e1350bc14293597f01621f,rf_digits_parity_v1,digits_parity,digits_parity,42,,,,2026-09-02T20:45:00Z,1.2.0,62e10bc07ec9873f,SAMPLE_PREDICTION_ERROR,prediction_error == 1 when model prediction != true target,model_prediction_versus_ground_truth,False,1,1,True,0,0.12,0.2,0.05,0.15,0.15,0.061282587702834124,,,,,,NORMAL,True,True,True,True,False,False,False,True,False,,,,
76646cbf3a8a877cea20a164,STATIC_SELECTIVE_RISK,Module_12_CrossDomain,sklearn_fixture,29993fa5a07111060fb234185b682f6717de16a4d2e1350bc14293597f01621f,rf_digits_parity_v1,digits_parity,digits_parity,42,,,,2026-09-02T20:45:00Z,1.2.0,62e10bc07ec9873f,SAMPLE_PREDICTION_ERROR,prediction_error == 1 when model prediction != true target,model_prediction_versus_ground_truth,False,0,0,True,0,0.12,0.2,0.05,0.15,0.15,0.061282587702834124,,,,,,NORMAL,True,True,True,True,False,False,False,True,False,,,,
8e7f961df6eaeef3e8972d74,STATIC_SELECTIVE_RISK,Module_12_CrossDomain,sklearn_fixture,29993fa5a07111060fb234185b682f6717de16a4d2e1350bc14293597f01621f,rf_digits_parity_v1,digits_parity,digits_parity,42,,,,2026-09-02T20:45:00Z,1.2.0,62e10bc07ec9873f,SAMPLE_PREDICTION_ERROR,prediction_error == 1 when model prediction != true target,model_prediction_versus_ground_truth,False,1,1,True,0,0.12,0.2,0.05,0.15,0.15,0.061282587702834124,,,,,,NORMAL,True,True,True,True,False,False,False,True,False,,,,
cb96396945c9a1c77b9b2297,STATIC_SELECTIVE_RISK,Module_12_CrossDomain,sklearn_fixture,29993fa5a07111060fb234185b682f6717de16a4d2e1350bc14293597f01621f,rf_digits_parity_v1,digits_parity,digits_parity,42,,,,2026-09-02T20:45:00Z,1.2.0,62e10bc07ec9873f,SAMPLE_PREDICTION_ERROR,prediction_error == 1 when model prediction != true target,model_prediction_versus_ground_truth,False,0,0,True,0,0.12,0.2,0.05,0.15,0.15,0.061282587702834124,,,,,,NORMAL,True,True,True,True,False,False,False,True,False,,,,
a37a6b7bb579958915db4d02,STATIC_SELECTIVE_RISK,Module_12_CrossDomain,sklearn_fixture,29993fa5a07111060fb234185b682f6717de16a4d2e1350bc14293597f01621f,rf_digits_parity_v1,digits_parity,digits_parity,42,,,,2026-09-02T20:45:00Z,1.2.0,62e10bc07ec9873f,SAMPLE_PREDICTION_ERROR,prediction_error == 1 when model prediction != true target,model_prediction_versus_ground_truth,False,1,1,True,0,0.12,0.2,0.05,0.15,0.15,0.061282587702834124,,,,,,NORMAL,True,True,True,True,False,False,False,True,False,,,,
46954051afee85908857b80f,STATIC_SELECTIVE_RISK,Module_12_CrossDomain,sklearn_fixture,29993fa5a07111060fb234185b682f6717de16a4d2e1350bc14293597f01621f,rf_digits_parity_v1,digits_parity,digits_parity,42,,,,2026-09-02T20:45:00Z,1.2.0,62e10bc07ec9873f,SAMPLE_PREDICTION_ERROR,prediction_error == 1 when model prediction != true target,model_prediction_versus_ground_truth,False,1,1,True,0,0.12,0.2,0.05,0.15,0.15,0.061282587702834124,,,,,,NORMAL,True,True,True,True,False,False,False,True,False,,,,
80c3fe2c2f75dfd5485f3a33,STATIC_SELECTIVE_RISK,Module_12_CrossDomain,sklearn_fixture,29993fa5a07111060fb234185b682f6717de16a4d2e1350bc14293597f01621f,rf_digits_parity_v1,digits_parity,digits_parity,42,,,,2026-09-02T20:45:00Z,1.2.0,62e10bc07ec9873f,SAMPLE_PREDICTION_ERROR,prediction_error == 1 when model prediction != true target,model_prediction_versus_ground_truth,False,0,0,True,0,0.12,0.2,0.05,0.15,0.15,0.061282587702834124,,,,,,NORMAL,True,True,True,True,False,False,False,True,False,,,,
33cc2a4387ece3344bd3d12e,STATIC_SELECTIVE_RISK,Module_12_CrossDomain,sklearn_fixture,29993fa5a07111060fb234185b682f6717de16a4d2e1350bc14293597f01621f,rf_digits_parity_v1,digits_parity,digits_parity,42,,,,2026-09-02T20:45:00Z,1.2.0,62e10bc07ec9873f,SAMPLE_PREDICTION_ERROR,prediction_error == 1 when model prediction != true target,model_prediction_versus_ground_truth,False,0,0,True,0,0.12,0.2,0.05,0.15,0.15,0.061282587702834124,,,,,,NORMAL,True,True,True,True,False,False,False,True,False,,,,
173b353ad2917865481e1bc5,STATIC_SELECTIVE_RISK,Module_12_CrossDomain,sklearn_fixture,29993fa5a07111060fb234185b682f6717de16a4d2e1350bc14293597f01621f,rf_digits_parity_v1,digits_parity,digits_parity,42,,,,2026-09-02T20:45:00Z,1.2.0,62e10bc07ec9873f,SAMPLE_PREDICTION_ERROR,prediction_error == 1 when model prediction != true target,model_prediction_versus_ground_truth,False,0,0,True,0,0.12,0.2,0.05,0.15,0.15,0.061282587702834124,,,,,,NORMAL,True,True,True,True,False,False,False,True,False,,,,
a5e83f06f987fffd7eefe141,STATIC_SELECTIVE_RISK,Module_12_CrossDomain,sklearn_fixture,29993fa5a07111060fb234185b682f6717de16a4d2e1350bc14293597f01621f,rf_digits_parity_v1,digits_parity,digits_parity,42,,,,2026-09-02T20:45:00Z,1.2.0,62e10bc07ec9873f,SAMPLE_PREDICTION_ERROR,prediction_error == 1 when model prediction != true target,model_prediction_versus_ground_truth,False,0,0,True,0,0.12,0.2,0.05,0.15,0.15,0.061282587702834124,,,,,,NORMAL,True,True,True,True,False,False,False,True,False,,,,
bc6f2fba57d32a351694a61d,STATIC_SELECTIVE_RISK,Module_12_CrossDomain,sklearn_fixture,29993fa5a07111060fb234185b682f6717de16a4d2e1350bc14293597f01621f,rf_digits_parity_v1,digits_parity,digits_parity,42,,,,2026-09-02T20:45:00Z,1.2.0,62e10bc07ec9873f,SAMPLE_PREDICTION_ERROR,prediction_error == 1 when model prediction != true target,model_prediction_versus_ground_truth,False,0,0,True,0,0.12,0.2,0.05,0.15,0.15,0.061282587702834124,,,,,,NORMAL,True,True,True,True,False,False,False,True,False,,,,
3f47c0fdbfb6502e314cfaf5,STATIC_SELECTIVE_RISK,Module_12_CrossDomain,sklearn_fixture,29993fa5a07111060fb234185b682f6717de16a4d2e1350bc14293597f01621f,rf_digits_parity_v1,digits_parity,digits_parity,42,,,,2026-09-02T20:45:00Z,1.2.0,62e10bc07ec9873f,SAMPLE_PREDICTION_ERROR,prediction_error == 1 when model prediction != true target,model_prediction_versus_ground_truth,False,0,0,True,0,0.12,0.2,0.05,0.15,0.15,0.061282587702834124,,,,,,NORMAL,True,True,True,True,False,False,False,True,False,,,,
659cee6b8297ee131e73ac1b,STATIC_SELECTIVE_RISK,Module_12_CrossDomain,sklearn_fixture,29993fa5a07111060fb234185b682f6717de16a4d2e1350bc14293597f01621f,rf_digits_parity_v1,digits_parity,digits_parity,42,,,,2026-09-02T20:45:00Z,1.2.0,62e10bc07ec9873f,SAMPLE_PREDICTION_ERROR,prediction_error == 1 when model prediction != true target,model_prediction_versus_ground_truth,False,1,1,True,0,0.12,0.2,0.05,0.15,0.15,0.061282587702834124,,,,,,NORMAL,True,True,True,True,False,False,False,True,False,,,,
9c2e121099d040648c25dd03,STATIC_SELECTIVE_RISK,Module_12_CrossDomain,sklearn_fixture,29993fa5a07111060fb234185b682f6717de16a4d2e1350bc14293597f01621f,rf_digits_parity_v1,digits_parity,digits_parity,42,,,,2026-09-02T20:45:00Z,1.2.0,62e10bc07ec9873f,SAMPLE_PREDICTION_ERROR,prediction_error == 1 when model prediction != true target,model_prediction_versus_ground_truth,False,1,1,True,0,0.12,0.2,0.05,0.15,0.15,0.061282587702834124,,,,,,NORMAL,True,True,True,True,False,False,False,True,False,,,,
ccb53c55cf9380bf43a6406d,STATIC_SELECTIVE_RISK,Module_12_CrossDomain,sklearn_fixture,29993fa5a07111060fb234185b682f6717de16a4d2e1350bc14293597f01621f,rf_digits_parity_v1,digits_parity,digits_parity,42,,,,2026-09-02T20:45:00Z,1.2.0,62e10bc07ec9873f,SAMPLE_PREDICTION_ERROR,prediction_error == 1 when model prediction != true target,model_prediction_versus_ground_truth,False,1,1,True,0,0.12,0.2,0.05,0.15,0.15,0.061282587702834124,,,,,,NORMAL,True,True,True,True,False,False,False,True,False,,,,
3153ba3f00988efa1866904c,STATIC_SELECTIVE_RISK,Module_12_CrossDomain,sklearn_fixture,29993fa5a07111060fb234185b682f6717de16a4d2e1350bc14293597f01621f,rf_digits_parity_v1,digits_parity,digits_parity,42,,,,2026-09-02T20:45:00Z,1.2.0,62e10bc07ec9873f,SAMPLE_PREDICTION_ERROR,prediction_error == 1 when model prediction != true target,model_prediction_versus_ground_truth,False,1,1,True,0,0.12,0.2,0.05,0.15,0.15,0.061282587702834124,,,,,,NORMAL,True,True,True,True,False,False,False,True,False,,,,
43d05cf6d6c849108c5371f4,STATIC_SELECTIVE_RISK,Module_12_CrossDomain,sklearn_fixture,29993fa5a07111060fb234185b682f6717de16a4d2e1350bc14293597f01621f,rf_digits_parity_v1,digits_parity,digits_parity,42,,,,2026-09-02T20:45:00Z,1.2.0,62e10bc07ec9873f,SAMPLE_PREDICTION_ERROR,prediction_error == 1 when model prediction != true target,model_prediction_versus_ground_truth,False,0,0,True,0,0.12,0.2,0.05,0.15,0.15,0.061282587702834124,,,,,,NORMAL,True,True,True,True,False,False,False,True,False,,,,
f7c6955d70546daa1fbbf06b,STATIC_SELECTIVE_RISK,Module_12_CrossDomain,sklearn_fixture,29993fa5a07111060fb234185b682f6717de16a4d2e1350bc14293597f01621f,rf_digits_parity_v1,digits_parity,digits_parity,42,,,,2026-09-02T20:45:00Z,1.2.0,62e10bc07ec9873f,SAMPLE_PREDICTION_ERROR,prediction_error == 1 when model prediction != true target,model_prediction_versus_ground_truth,False,1,1,True,0,0.12,0.2,0.05,0.15,0.15,0.061282587702834124,,,,,,NORMAL,True,True,True,True,False,False,False,True,False,,,,
fcafff29ffec2154366f2391,STATIC_SELECTIVE_RISK,Module_12_CrossDomain,sklearn_fixture,29993fa5a07111060fb234185b682f6717de16a4d2e1350bc14293597f01621f,rf_digits_parity_v1,digits_parity,digits_parity,42,,,,2026-09-02T20:45:00Z,1.2.0,62e10bc07ec9873f,SAMPLE_PREDICTION_ERROR,prediction_error == 1 when model prediction != true target,model_prediction_versus_ground_truth,False,1,1,True,0,0.12,0.2,0.05,0.15,0.15,0.061282587702834124,,,,,,NORMAL,True,True,True,True,False,False,False,True,False,,,,
36c91cf9f7afd3e330040c87,STATIC_SELECTIVE_RISK,Module_12_CrossDomain,sklearn_fixture,29993fa5a07111060fb234185b682f6717de16a4d2e1350bc14293597f01621f,rf_digits_parity_v1,digits_parity,digits_parity,42,,,,2026-09-02T20:45:00Z,1.2.0,62e10bc07ec9873f,SAMPLE_PREDICTION_ERROR,prediction_error == 1 when model prediction != true target,model_prediction_versus_ground_truth,False,1,1,True,0,0.12,0.2,0.05,0.15,0.15,0.061282587702834124,,,,,,NORMAL,True,True,True,True,False,False,False,True,False,,,,
e1123c82657f17db7b952e21,STATIC_SELECTIVE_RISK,Module_12_CrossDomain,sklearn_fixture,29993fa5a07111060fb234185b682f6717de16a4d2e1350bc14293597f01621f,rf_digits_parity_v1,digits_parity,digits_parity,42,,,,2026-09-02T20:45:00Z,1.2.0,62e10bc07ec9873f,SAMPLE_PREDICTION_ERROR,prediction_error == 1 when model prediction != true target,model_prediction_versus_ground_truth,False,0,0,True,0,0.12,0.2,0.05,0.15,0.15,0.061282587702834124,,,,,,NORMAL,True,True,True,True,False,False,False,True,False,,,,
eb3a67097cc47e8dee4f01ca,STATIC_SELECTIVE_RISK,Module_12_CrossDomain,sklearn_fixture,29993fa5a07111060fb234185b682f6717de16a4d2e1350bc14293597f01621f,rf_digits_parity_v1,digits_parity,digits_parity,42,,,,2026-09-02T20:45:00Z,1.2.0,62e10bc07ec9873f,SAMPLE_PREDICTION_ERROR,prediction_error == 1 when model prediction != true target,model_prediction_versus_ground_truth,False,1,1,True,0,0.12,0.2,0.05,0.15,0.15,0.061282587702834124,,,,,,NORMAL,True,True,True,True,False,False,False,True,False,,,,
b133f8332e5c010e17444ca3,STATIC_SELECTIVE_RISK,Module_12_CrossDomain,sklearn_fixture,29993fa5a07111060fb234185b682f6717de16a4d2e1350bc14293597f01621f,rf_digits_parity_v1,digits_parity,digits_parity,42,,,,2026-09-02T20:45:00Z,1.2.0,62e10bc07ec9873f,SAMPLE_PREDICTION_ERROR,prediction_error == 1 when model prediction != true target,model_prediction_versus_ground_truth,False,1,1,True,0,0.12,0.2,0.05,0.15,0.15,0.061282587702834124,,,,,,NORMAL,True,True,True,True,False,False,False,True,False,,,,
0f966294e9aa82bfeb7c0ef4,STATIC_SELECTIVE_RISK,Module_12_CrossDomain,sklearn_fixture,29993fa5a07111060fb234185b682f6717de16a4d2e1350bc14293597f01621f,rf_digits_parity_v1,digits_parity,digits_parity,42,,,,2026-09-02T20:45:00Z,1.2.0,62e10bc07ec9873f,SAMPLE_PREDICTION_ERROR,prediction_error == 1 when model prediction != true target,model_prediction_versus_ground_truth,False,0,0,True,0,0.12,0.2,0.05,0.15,0.15,0.061282587702834124,,,,,,NORMAL,True,True,True,True,False,False,False,True,False,,,,
38454d91ae0619078a55ae39,STATIC_SELECTIVE_RISK,Module_12_CrossDomain,sklearn_fixture,29993fa5a07111060fb234185b682f6717de16a4d2e1350bc14293597f01621f,rf_digits_parity_v1,digits_parity,digits_parity,42,,,,2026-09-02T20:45:00Z,1.2.0,62e10bc07ec9873f,SAMPLE_PREDICTION_ERROR,prediction_error == 1 when model prediction != true target,model_prediction_versus_ground_truth,False,0,0,True,0,0.12,0.2,0.05,0.15,0.15,0.061282587702834124,,,,,,NORMAL,True,True,True,True,False,False,False,True,False,,,,
962ad1dd105e39b538c13c64,STATIC_SELECTIVE_RISK,Module_12_CrossDomain,sklearn_fixture,29993fa5a07111060fb234185b682f6717de16a4d2e1350bc14293597f01621f,rf_digits_parity_v1,digits_parity,digits_parity,42,,,,2026-09-02T20:45:00Z,1.2.0,62e10bc07ec9873f,SAMPLE_PREDICTION_ERROR,prediction_error == 1 when model prediction != true target,model_prediction_versus_ground_truth,False,0,0,True,0,0.12,0.2,0.05,0.15,0.15,0.061282587702834124,,,,,,NORMAL,True,True,True,True,False,False,False,True,False,,,,
5f90d3c98dbc403019cfcc9a,STATIC_SELECTIVE_RISK,Module_12_CrossDomain,sklearn_fixture,29993fa5a07111060fb234185b682f6717de16a4d2e1350bc14293597f01621f,rf_digits_parity_v1,digits_parity,digits_parity,42,,,,2026-09-02T20:45:00Z,1.2.0,62e10bc07ec9873f,SAMPLE_PREDICTION_ERROR,prediction_error == 1 when model prediction != true target,model_prediction_versus_ground_truth,False,0,0,True,0,0.12,0.2,0.05,0.15,0.15,0.061282587702834124,,,,,,NORMAL,True,True,True,True,False,False,False,True,False,,,,
6a566c06d64acc5b10b3e234,STATIC_SELECTIVE_RISK,Module_12_CrossDomain,sklearn_fixture,29993fa5a07111060fb234185b682f6717de16a4d2e1350bc14293597f01621f,rf_digits_parity_v1,digits_parity,digits_parity,42,,,,2026-09-02T20:45:00Z,1.2.0,62e10bc07ec9873f,SAMPLE_PREDICTION_ERROR,prediction_error == 1 when model prediction != true target,model_prediction_versus_ground_truth,False,0,0,True,0,0.12,0.2,0.05,0.15,0.15,0.061282587702834124,,,,,,NORMAL,True,True,True,True,False,False,False,True,False,,,,
62518e59ef912279e4d17d48,STATIC_SELECTIVE_RISK,Module_12_CrossDomain,sklearn_fixture,29993fa5a07111060fb234185b682f6717de16a4d2e1350bc14293597f01621f,rf_digits_parity_v1,digits_parity,digits_parity,42,,,,2026-09-02T20:45:00Z,1.2.0,62e10bc07ec9873f,SAMPLE_PREDICTION_ERROR,prediction_error == 1 when model prediction != true target,model_prediction_versus_ground_truth,False,1,1,True,0,0.12,0.2,0.05,0.15,0.15,0.061282587702834124,,,,,,NORMAL,True,True,True,True,False,False,False,True,False,,,,
a1fd22795745d52ec20604f9,STATIC_SELECTIVE_RISK,Module_12_CrossDomain,sklearn_fixture,29993fa5a07111060fb234185b682f6717de16a4d2e1350bc14293597f01621f,rf_digits_parity_v1,digits_parity,digits_parity,42,,,,2026-09-02T20:45:00Z,1.2.0,62e10bc07ec9873f,SAMPLE_PREDICTION_ERROR,prediction_error == 1 when model prediction != true target,model_prediction_versus_ground_truth,False,1,1,True,0,0.12,0.2,0.05,0.15,0.15,0.061282587702834124,,,,,,NORMAL,True,True,True,True,False,False,False,True,False,,,,
9f5485ff9591724883c486ad,STATIC_SELECTIVE_RISK,Module_12_CrossDomain,sklearn_fixture,29993fa5a07111060fb234185b682f6717de16a4d2e1350bc14293597f01621f,rf_digits_parity_v1,digits_parity,digits_parity,42,,,,2026-09-02T20:45:00Z,1.2.0,62e10bc07ec9873f,SAMPLE_PREDICTION_ERROR,prediction_error == 1 when model prediction != true target,model_prediction_versus_ground_truth,False,1,1,True,0,0.12,0.2,0.05,0.15,0.15,0.061282587702834124,,,,,,NORMAL,True,True,True,True,False,False,False,True,False,,,,
2aad064708c41b4895e4dcb2,STATIC_SELECTIVE_RISK,Module_12_CrossDomain,sklearn_fixture,29993fa5a07111060fb234185b682f6717de16a4d2e1350bc14293597f01621f,rf_digits_parity_v1,digits_parity,digits_parity,42,,,,2026-09-02T20:45:00Z,1.2.0,62e10bc07ec9873f,SAMPLE_PREDICTION_ERROR,prediction_error == 1 when model prediction != true target,model_prediction_versus_ground_truth,False,1,1,True,0,0.12,0.2,0.05,0.15,0.15,0.061282587702834124,,,,,,NORMAL,True,True,True,True,False,False,False,True,False,,,,
4240ec35a977c7cbc377aad9,STATIC_SELECTIVE_RISK,Module_12_CrossDomain,sklearn_fixture,29993fa5a07111060fb234185b682f6717de16a4d2e1350bc14293597f01621f,rf_digits_parity_v1,digits_parity,digits_parity,42,,,,2026-09-02T20:45:00Z,1.2.0,62e10bc07ec9873f,SAMPLE_PREDICTION_ERROR,prediction_error == 1 when model prediction != true target,model_prediction_versus_ground_truth,False,1,1,True,0,0.12,0.2,0.05,0.15,0.15,0.061282587702834124,,,,,,NORMAL,True,True,True,True,False,False,False,True,False,,,,
c2e5ddb9f7b8e0e7ad15d65c,STATIC_SELECTIVE_RISK,Module_12_CrossDomain,sklearn_fixture,29993fa5a07111060fb234185b682f6717de16a4d2e1350bc14293597f01621f,rf_digits_parity_v1,digits_parity,digits_parity,42,,,,2026-09-02T20:45:00Z,1.2.0,62e10bc07ec9873f,SAMPLE_PREDICTION_ERROR,prediction_error == 1 when model prediction != true target,model_prediction_versus_ground_truth,False,0,0,True,0,0.12,0.2,0.05,0.15,0.15,0.061282587702834124,,,,,,NORMAL,True,True,True,True,False,False,False,True,False,,,,
eea996856bee197b6a7ff928,STATIC_SELECTIVE_RISK,Module_12_CrossDomain,sklearn_fixture,29993fa5a07111060fb234185b682f6717de16a4d2e1350bc14293597f01621f,rf_digits_parity_v1,digits_parity,digits_parity,42,,,,2026-09-02T20:45:00Z,1.2.0,62e10bc07ec9873f,SAMPLE_PREDICTION_ERROR,prediction_error == 1 when model prediction != true target,model_prediction_versus_ground_truth,False,0,0,True,0,0.12,0.2,0.05,0.15,0.15,0.061282587702834124,,,,,,NORMAL,True,True,True,True,False,False,False,True,False,,,,
824d1c7ddd55b24b2e5711cf,STATIC_SELECTIVE_RISK,Module_12_CrossDomain,sklearn_fixture,29993fa5a07111060fb234185b682f6717de16a4d2e1350bc14293597f01621f,rf_digits_parity_v1,digits_parity,digits_parity,42,,,,2026-09-02T20:45:00Z,1.2.0,62e10bc07ec9873f,SAMPLE_PREDICTION_ERROR,prediction_error == 1 when model prediction != true target,model_prediction_versus_ground_truth,False,0,0,True,0,0.12,0.2,0.05,0.15,0.15,0.061282587702834124,,,,,,NORMAL,True,True,True,True,False,False,False,True,False,,,,
cc6a3acec33ca9ed22f5147d,STATIC_SELECTIVE_RISK,Module_12_CrossDomain,sklearn_fixture,29993fa5a07111060fb234185b682f6717de16a4d2e1350bc14293597f01621f,rf_digits_parity_v1,digits_parity,digits_parity,42,,,,2026-09-02T20:45:00Z,1.2.0,62e10bc07ec9873f,SAMPLE_PREDICTION_ERROR,prediction_error == 1 when model prediction != true target,model_prediction_versus_ground_truth,False,1,1,True,0,0.12,0.2,0.05,0.15,0.15,0.061282587702834124,,,,,,NORMAL,True,True,True,True,False,False,False,True,False,,,,
f98310609077ffdefc5074be,STATIC_SELECTIVE_RISK,Module_12_CrossDomain,sklearn_fixture,29993fa5a07111060fb234185b682f6717de16a4d2e1350bc14293597f01621f,rf_digits_parity_v1,digits_parity,digits_parity,42,,,,2026-09-02T20:45:00Z,1.2.0,62e10bc07ec9873f,SAMPLE_PREDICTION_ERROR,prediction_error == 1 when model prediction != true target,model_prediction_versus_ground_truth,False,0,0,True,0,0.12,0.2,0.05,0.15,0.15,0.061282587702834124,,,,,,NORMAL,True,True,True,True,False,False,False,True,False,,,,
c901eef84088e8470a748d24,STATIC_SELECTIVE_RISK,Module_12_CrossDomain,sklearn_fixture,29993fa5a07111060fb234185b682f6717de16a4d2e1350bc14293597f01621f,rf_digits_parity_v1,digits_parity,digits_parity,42,,,,2026-09-02T20:45:00Z,1.2.0,62e10bc07ec9873f,SAMPLE_PREDICTION_ERROR,prediction_error == 1 when model prediction != true target,model_prediction_versus_ground_truth,False,0,0,True,0,0.12,0.2,0.05,0.15,0.15,0.061282587702834124,,,,,,NORMAL,True,True,True,True,False,False,False,True,False,,,,
9c898c29db01bb3490df3115,STATIC_SELECTIVE_RISK,Module_12_CrossDomain,sklearn_fixture,29993fa5a07111060fb234185b682f6717de16a4d2e1350bc14293597f01621f,rf_digits_parity_v1,digits_parity,digits_parity,42,,,,2026-09-02T20:45:00Z,1.2.0,62e10bc07ec9873f,SAMPLE_PREDICTION_ERROR,prediction_error == 1 when model prediction != true target,model_prediction_versus_ground_truth,False,1,1,True,0,0.12,0.2,0.05,0.15,0.15,0.061282587702834124,,,,,,NORMAL,True,True,True,True,False,False,False,True,False,,,,
6dfd21c2637a963034a866a6,STATIC_SELECTIVE_RISK,Module_12_CrossDomain,sklearn_fixture,29993fa5a07111060fb234185b682f6717de16a4d2e1350bc14293597f01621f,rf_digits_parity_v1,digits_parity,digits_parity,42,,,,2026-09-02T20:45:00Z,1.2.0,62e10bc07ec9873f,SAMPLE_PREDICTION_ERROR,prediction_error == 1 when model prediction != true target,model_prediction_versus_ground_truth,False,1,1,True,0,0.12,0.2,0.05,0.15,0.15,0.061282587702834124,,,,,,NORMAL,True,True,True,True,False,False,False,True,False,,,,
e1980cfe841590095283b666,STATIC_SELECTIVE_RISK,Module_12_CrossDomain,sklearn_fixture,29993fa5a07111060fb234185b682f6717de16a4d2e1350bc14293597f01621f,rf_digits_parity_v1,digits_parity,digits_parity,42,,,,2026-09-02T20:45:00Z,1.2.0,62e10bc07ec9873f,SAMPLE_PREDICTION_ERROR,prediction_error == 1 when model prediction != true target,model_prediction_versus_ground_truth,False,1,1,True,0,0.12,0.2,0.05,0.15,0.15,0.061282587702834124,,,,,,NORMAL,True,True,True,True,False,False,False,True,False,,,,
63fee5e0419c20efaaa72a24,STATIC_SELECTIVE_RISK,Module_12_CrossDomain,sklearn_fixture,29993fa5a07111060fb234185b682f6717de16a4d2e1350bc14293597f01621f,rf_digits_parity_v1,digits_parity,digits_parity,42,,,,2026-09-02T20:45:00Z,1.2.0,62e10bc07ec9873f,SAMPLE_PREDICTION_ERROR,prediction_error == 1 when model prediction != true target,model_prediction_versus_ground_truth,False,1,1,True,0,0.12,0.2,0.05,0.15,0.15,0.061282587702834124,,,,,,NORMAL,True,True,True,True,False,False,False,True,False,,,,
ac94a760ba9421fb99c51d4e,STATIC_SELECTIVE_RISK,Module_12_CrossDomain,sklearn_fixture,29993fa5a07111060fb234185b682f6717de16a4d2e1350bc14293597f01621f,rf_digits_parity_v1,digits_parity,digits_parity,42,,,,2026-09-02T20:45:00Z,1.2.0,62e10bc07ec9873f,SAMPLE_PREDICTION_ERROR,prediction_error == 1 when model prediction != true target,model_prediction_versus_ground_truth,False,1,1,True,0,0.12,0.2,0.05,0.15,0.15,0.061282587702834124,,,,,,NORMAL,True,True,True,True,False,False,False,True,False,,,,
866423a55c3ced64dc1d7de8,STATIC_SELECTIVE_RISK,Module_12_CrossDomain,sklearn_fixture,29993fa5a07111060fb234185b682f6717de16a4d2e1350bc14293597f01621f,rf_digits_parity_v1,digits_parity,digits_parity,42,,,,2026-09-02T20:45:00Z,1.2.0,62e10bc07ec9873f,SAMPLE_PREDICTION_ERROR,prediction_error == 1 when model prediction != true target,model_prediction_versus_ground_truth,False,0,0,True,0,0.12,0.2,0.05,0.15,0.15,0.061282587702834124,,,,,,NORMAL,True,True,True,True,False,False,False,True,False,,,,
a9630871f44d35d9988b466f,STATIC_SELECTIVE_RISK,Module_12_CrossDomain,sklearn_fixture,29993fa5a07111060fb234185b682f6717de16a4d2e1350bc14293597f01621f,rf_digits_parity_v1,digits_parity,digits_parity,42,,,,2026-09-02T20:45:00Z,1.2.0,62e10bc07ec9873f,SAMPLE_PREDICTION_ERROR,prediction_error == 1 when model prediction != true target,model_prediction_versus_ground_truth,False,0,0,True,0,0.12,0.2,0.05,0.15,0.15,0.061282587702834124,,,,,,NORMAL,True,True,True,True,False,False,False,True,False,,,,
c797808800a877be825af341,STATIC_SELECTIVE_RISK,Module_12_CrossDomain,sklearn_fixture,29993fa5a07111060fb234185b682f6717de16a4d2e1350bc14293597f01621f,rf_digits_parity_v1,digits_parity,digits_parity,42,,,,2026-09-02T20:45:00Z,1.2.0,62e10bc07ec9873f,SAMPLE_PREDICTION_ERROR,prediction_error == 1 when model prediction != true target,model_prediction_versus_ground_truth,False,1,1,True,0,0.12,0.2,0.05,0.15,0.15,0.061282587702834124,,,,,,NORMAL,True,True,True,True,False,False,False,True,False,,,,
19cba8237de0a8fab62770d9,STATIC_SELECTIVE_RISK,Module_12_CrossDomain,sklearn_fixture,29993fa5a07111060fb234185b682f6717de16a4d2e1350bc14293597f01621f,rf_digits_parity_v1,digits_parity,digits_parity,42,,,,2026-09-02T20:45:00Z,1.2.0,62e10bc07ec9873f,SAMPLE_PREDICTION_ERROR,prediction_error == 1 when model prediction != true target,model_prediction_versus_ground_truth,False,0,0,True,0,0.12,0.2,0.05,0.15,0.15,0.061282587702834124,,,,,,NORMAL,True,True,True,True,False,False,False,True,False,,,,
e2250ec52d5f0cf299fbbc54,STATIC_SELECTIVE_RISK,Module_12_CrossDomain,sklearn_fixture,29993fa5a07111060fb234185b682f6717de16a4d2e1350bc14293597f01621f,rf_digits_parity_v1,digits_parity,digits_parity,42,,,,2026-09-02T20:45:00Z,1.2.0,62e10bc07ec9873f,SAMPLE_PREDICTION_ERROR,prediction_error == 1 when model prediction != true target,model_prediction_versus_ground_truth,False,1,1,True,0,0.12,0.2,0.05,0.15,0.15,0.061282587702834124,,,,,,NORMAL,True,True,True,True,False,False,False,True,False,,,,
0ca052ad5878420022de2940,STATIC_SELECTIVE_RISK,Module_12_CrossDomain,sklearn_fixture,29993fa5a07111060fb234185b682f6717de16a4d2e1350bc14293597f01621f,rf_digits_parity_v1,digits_parity,digits_parity,42,,,,2026-09-02T20:45:00Z,1.2.0,62e10bc07ec9873f,SAMPLE_PREDICTION_ERROR,prediction_error == 1 when model prediction != true target,model_prediction_versus_ground_truth,False,0,0,True,0,0.12,0.2,0.05,0.15,0.15,0.061282587702834124,,,,,,NORMAL,True,True,True,True,False,False,False,True,False,,,,
5674a065b6181e35e738b4d1,STATIC_SELECTIVE_RISK,Module_12_CrossDomain,sklearn_fixture,29993fa5a07111060fb234185b682f6717de16a4d2e1350bc14293597f01621f,rf_digits_parity_v1,digits_parity,digits_parity,42,,,,2026-09-02T20:45:00Z,1.2.0,62e10bc07ec9873f,SAMPLE_PREDICTION_ERROR,prediction_error == 1 when model prediction != true target,model_prediction_versus_ground_truth,False,0,0,True,0,0.12,0.2,0.05,0.15,0.15,0.061282587702834124,,,,,,NORMAL,True,True,True,True,False,False,False,True,False,,,,
38d752119a4e312fac1622af,STATIC_SELECTIVE_RISK,Module_12_CrossDomain,sklearn_fixture,29993fa5a07111060fb234185b682f6717de16a4d2e1350bc14293597f01621f,rf_digits_parity_v1,digits_parity,digits_parity,42,,,,2026-09-02T20:45:00Z,1.2.0,62e10bc07ec9873f,SAMPLE_PREDICTION_ERROR,prediction_error == 1 when model prediction != true target,model_prediction_versus_ground_truth,False,1,1,True,0,0.12,0.2,0.05,0.15,0.15,0.061282587702834124,,,,,,NORMAL,True,True,True,True,False,False,False,True,False,,,,
543bf75ba6dd68e4f6fcd1f3,STATIC_SELECTIVE_RISK,Module_12_CrossDomain,sklearn_fixture,29993fa5a07111060fb234185b682f6717de16a4d2e1350bc14293597f01621f,rf_digits_parity_v1,digits_parity,digits_parity,42,,,,2026-09-02T20:45:00Z,1.2.0,62e10bc07ec9873f,SAMPLE_PREDICTION_ERROR,prediction_error == 1 when model prediction != true target,model_prediction_versus_ground_truth,False,1,1,True,0,0.12,0.2,0.05,0.15,0.15,0.061282587702834124,,,,,,NORMAL,True,True,True,True,False,False,False,True,False,,,,
adc75bd5c043de4274a905a6,STATIC_SELECTIVE_RISK,Module_12_CrossDomain,sklearn_fixture,29993fa5a07111060fb234185b682f6717de16a4d2e1350bc14293597f01621f,rf_digits_parity_v1,digits_parity,digits_parity,42,,,,2026-09-02T20:45:00Z,1.2.0,62e10bc07ec9873f,SAMPLE_PREDICTION_ERROR,prediction_error == 1 when model prediction != true target,model_prediction_versus_ground_truth,False,0,0,True,0,0.12,0.2,0.05,0.15,0.15,0.061282587702834124,,,,,,NORMAL,True,True,True,True,False,False,False,True,False,,,,
13f2915653eed2d6896ca7df,STATIC_SELECTIVE_RISK,Module_12_CrossDomain,sklearn_fixture,29993fa5a07111060fb234185b682f6717de16a4d2e1350bc14293597f01621f,rf_digits_parity_v1,digits_parity,digits_parity,42,,,,2026-09-02T20:45:00Z,1.2.0,62e10bc07ec9873f,SAMPLE_PREDICTION_ERROR,prediction_error == 1 when model prediction != true target,model_prediction_versus_ground_truth,False,0,0,True,0,0.12,0.2,0.05,0.15,0.15,0.061282587702834124,,,,,,NORMAL,True,True,True,True,False,False,False,True,False,,,,
830f76b61a151d6aeb89bd50,STATIC_SELECTIVE_RISK,Module_12_CrossDomain,sklearn_fixture,29993fa5a07111060fb234185b682f6717de16a4d2e1350bc14293597f01621f,rf_digits_parity_v1,digits_parity,digits_parity,42,,,,2026-09-02T20:45:00Z,1.2.0,62e10bc07ec9873f,SAMPLE_PREDICTION_ERROR,prediction_error == 1 when model prediction != true target,model_prediction_versus_ground_truth,False,0,0,True,0,0.12,0.2,0.05,0.15,0.15,0.061282587702834124,,,,,,NORMAL,True,True,True,True,False,False,False,True,False,,,,
c538b1118b4ab2010c5ea5e4,STATIC_SELECTIVE_RISK,Module_12_CrossDomain,sklearn_fixture,29993fa5a07111060fb234185b682f6717de16a4d2e1350bc14293597f01621f,rf_digits_parity_v1,digits_parity,digits_parity,42,,,,2026-09-02T20:45:00Z,1.2.0,62e10bc07ec9873f,SAMPLE_PREDICTION_ERROR,prediction_error == 1 when model prediction != true target,model_prediction_versus_ground_truth,False,0,0,True,0,0.12,0.2,0.05,0.15,0.15,0.061282587702834124,,,,,,NORMAL,True,True,True,True,False,False,False,True,False,,,,
9effb388a1450943b1b3bd06,STATIC_SELECTIVE_RISK,Module_12_CrossDomain,sklearn_fixture,29993fa5a07111060fb234185b682f6717de16a4d2e1350bc14293597f01621f,rf_digits_parity_v1,digits_parity,digits_parity,42,,,,2026-09-02T20:45:00Z,1.2.0,62e10bc07ec9873f,SAMPLE_PREDICTION_ERROR,prediction_error == 1 when model prediction != true target,model_prediction_versus_ground_truth,False,0,0,True,0,0.12,0.2,0.05,0.15,0.15,0.061282587702834124,,,,,,NORMAL,True,True,True,True,False,False,False,True,False,,,,
4bf49addc58348ccd011dfb6,STATIC_SELECTIVE_RISK,Module_12_CrossDomain,sklearn_fixture,29993fa5a07111060fb234185b682f6717de16a4d2e1350bc14293597f01621f,rf_digits_parity_v1,digits_parity,digits_parity,42,,,,2026-09-02T20:45:00Z,1.2.0,62e10bc07ec9873f,SAMPLE_PREDICTION_ERROR,prediction_error == 1 when model prediction != true target,model_prediction_versus_ground_truth,False,0,0,True,0,0.12,0.2,0.05,0.15,0.15,0.061282587702834124,,,,,,NORMAL,True,True,True,True,False,False,False,True,False,,,,
9827117a69cd51d79fd027c4,STATIC_SELECTIVE_RISK,Module_12_CrossDomain,sklearn_fixture,29993fa5a07111060fb234185b682f6717de16a4d2e1350bc14293597f01621f,rf_digits_parity_v1,digits_parity,digits_parity,42,,,,2026-09-02T20:45:00Z,1.2.0,62e10bc07ec9873f,SAMPLE_PREDICTION_ERROR,prediction_error == 1 when model prediction != true target,model_prediction_versus_ground_truth,False,1,1,True,0,0.12,0.2,0.05,0.15,0.15,0.061282587702834124,,,,,,NORMAL,True,True,True,True,False,False,False,True,False,,,,
c5dcf233d94c559977471dfd,STATIC_SELECTIVE_RISK,Module_12_CrossDomain,sklearn_fixture,29993fa5a07111060fb234185b682f6717de16a4d2e1350bc14293597f01621f,rf_digits_parity_v1,digits_parity,digits_parity,42,,,,2026-09-02T20:45:00Z,1.2.0,62e10bc07ec9873f,SAMPLE_PREDICTION_ERROR,prediction_error == 1 when model prediction != true target,model_prediction_versus_ground_truth,False,1,1,True,0,0.12,0.2,0.05,0.15,0.15,0.061282587702834124,,,,,,NORMAL,True,True,True,True,False,False,False,True,False,,,,
42210921b90946429c7ca148,STATIC_SELECTIVE_RISK,Module_12_CrossDomain,sklearn_fixture,29993fa5a07111060fb234185b682f6717de16a4d2e1350bc14293597f01621f,rf_digits_parity_v1,digits_parity,digits_parity,42,,,,2026-09-02T20:45:00Z,1.2.0,62e10bc07ec9873f,SAMPLE_PREDICTION_ERROR,prediction_error == 1 when model prediction != true target,model_prediction_versus_ground_truth,False,1,1,True,0,0.12,0.2,0.05,0.15,0.15,0.061282587702834124,,,,,,NORMAL,True,True,True,True,False,False,False,True,False,,,,
05ff94a87a7b4a0ef2d5eb55,STATIC_SELECTIVE_RISK,Module_12_CrossDomain,sklearn_fixture,29993fa5a07111060fb234185b682f6717de16a4d2e1350bc14293597f01621f,rf_digits_parity_v1,digits_parity,digits_parity,42,,,,2026-09-02T20:45:00Z,1.2.0,62e10bc07ec9873f,SAMPLE_PREDICTION_ERROR,prediction_error == 1 when model prediction != true target,model_prediction_versus_ground_truth,False,0,0,True,0,0.12,0.2,0.05,0.15,0.15,0.061282587702834124,,,,,,NORMAL,True,True,True,True,False,False,False,True,False,,,,
9cb424dfa741b708a77c810e,STATIC_SELECTIVE_RISK,Module_12_CrossDomain,sklearn_fixture,29993fa5a07111060fb234185b682f6717de16a4d2e1350bc14293597f01621f,rf_digits_parity_v1,digits_parity,digits_parity,42,,,,2026-09-02T20:45:00Z,1.2.0,62e10bc07ec9873f,SAMPLE_PREDICTION_ERROR,prediction_error == 1 when model prediction != true target,model_prediction_versus_ground_truth,False,0,0,True,0,0.12,0.2,0.05,0.15,0.15,0.061282587702834124,,,,,,NORMAL,True,True,True,True,False,False,False,True,False,,,,
9315bfc8cef29ab8d4677bc6,STATIC_SELECTIVE_RISK,Module_12_CrossDomain,sklearn_fixture,29993fa5a07111060fb234185b682f6717de16a4d2e1350bc14293597f01621f,rf_digits_parity_v1,digits_parity,digits_parity,42,,,,2026-09-02T20:45:00Z,1.2.0,62e10bc07ec9873f,SAMPLE_PREDICTION_ERROR,prediction_error == 1 when model prediction != true target,model_prediction_versus_ground_truth,False,1,1,True,0,0.12,0.2,0.05,0.15,0.15,0.061282587702834124,,,,,,NORMAL,True,True,True,True,False,False,False,True,False,,,,
cc6ed5df52803ad362648d6b,STATIC_SELECTIVE_RISK,Module_12_CrossDomain,sklearn_fixture,29993fa5a07111060fb234185b682f6717de16a4d2e1350bc14293597f01621f,rf_digits_parity_v1,digits_parity,digits_parity,42,,,,2026-09-02T20:45:00Z,1.2.0,62e10bc07ec9873f,SAMPLE_PREDICTION_ERROR,prediction_error == 1 when model prediction != true target,model_prediction_versus_ground_truth,False,1,1,True,0,0.12,0.2,0.05,0.15,0.15,0.061282587702834124,,,,,,NORMAL,True,True,True,True,False,False,False,True,False,,,,
a3c7f1757a8dc5b2744db06d,STATIC_SELECTIVE_RISK,Module_12_CrossDomain,sklearn_fixture,29993fa5a07111060fb234185b682f6717de16a4d2e1350bc14293597f01621f,rf_digits_parity_v1,digits_parity,digits_parity,42,,,,2026-09-02T20:45:00Z,1.2.0,62e10bc07ec9873f,SAMPLE_PREDICTION_ERROR,prediction_error == 1 when model prediction != true target,model_prediction_versus_ground_truth,False,0,0,True,0,0.12,0.2,0.05,0.15,0.15,0.061282587702834124,,,,,,NORMAL,True,True,True,True,False,False,False,True,False,,,,
2eb219fac5bcc145c8f75074,STATIC_SELECTIVE_RISK,Module_12_CrossDomain,sklearn_fixture,29993fa5a07111060fb234185b682f6717de16a4d2e1350bc14293597f01621f,rf_digits_parity_v1,digits_parity,digits_parity,42,,,,2026-09-02T20:45:00Z,1.2.0,62e10bc07ec9873f,SAMPLE_PREDICTION_ERROR,prediction_error == 1 when model prediction != true target,model_prediction_versus_ground_truth,False,0,0,True,0,0.12,0.2,0.05,0.15,0.15,0.061282587702834124,,,,,,NORMAL,True,True,True,True,False,False,False,True,False,,,,
b2850047fea4a566cecd730a,STATIC_SELECTIVE_RISK,Module_12_CrossDomain,sklearn_fixture,29993fa5a07111060fb234185b682f6717de16a4d2e1350bc14293597f01621f,rf_digits_parity_v1,digits_parity,digits_parity,42,,,,2026-09-02T20:45:00Z,1.2.0,62e10bc07ec9873f,SAMPLE_PREDICTION_ERROR,prediction_error == 1 when model prediction != true target,model_prediction_versus_ground_truth,False,1,1,True,0,0.12,0.2,0.05,0.15,0.15,0.061282587702834124,,,,,,NORMAL,True,True,True,True,False,False,False,True,False,,,,
95b65e94fa0cc5482ca4b597,STATIC_SELECTIVE_RISK,Module_12_CrossDomain,sklearn_fixture,29993fa5a07111060fb234185b682f6717de16a4d2e1350bc14293597f01621f,rf_digits_parity_v1,digits_parity,digits_parity,42,,,,2026-09-02T20:45:00Z,1.2.0,62e10bc07ec9873f,SAMPLE_PREDICTION_ERROR,prediction_error == 1 when model prediction != true target,model_prediction_versus_ground_truth,False,0,0,True,0,0.12,0.2,0.05,0.15,0.15,0.061282587702834124,,,,,,NORMAL,True,True,True,True,False,False,False,True,False,,,,
8d54a989a4d0d35b8d183177,STATIC_SELECTIVE_RISK,Module_12_CrossDomain,sklearn_fixture,29993fa5a07111060fb234185b682f6717de16a4d2e1350bc14293597f01621f,rf_digits_parity_v1,digits_parity,digits_parity,42,,,,2026-09-02T20:45:00Z,1.2.0,62e10bc07ec9873f,SAMPLE_PREDICTION_ERROR,prediction_error == 1 when model prediction != true target,model_prediction_versus_ground_truth,False,1,1,True,0,0.12,0.2,0.05,0.15,0.15,0.061282587702834124,,,,,,NORMAL,True,True,True,True,False,False,False,True,False,,,,
8266b8842041709cef8900b4,STATIC_SELECTIVE_RISK,Module_12_CrossDomain,sklearn_fixture,29993fa5a07111060fb234185b682f6717de16a4d2e1350bc14293597f01621f,rf_digits_parity_v1,digits_parity,digits_parity,42,,,,2026-09-02T20:45:00Z,1.2.0,62e10bc07ec9873f,SAMPLE_PREDICTION_ERROR,prediction_error == 1 when model prediction != true target,model_prediction_versus_ground_truth,False,0,0,True,0,0.12,0.2,0.05,0.15,0.15,0.061282587702834124,,,,,,NORMAL,True,True,True,True,False,False,False,True,False,,,,
e2f67e3faf59399dbbafbe69,STATIC_SELECTIVE_RISK,Module_12_CrossDomain,sklearn_fixture,29993fa5a07111060fb234185b682f6717de16a4d2e1350bc14293597f01621f,rf_digits_parity_v1,digits_parity,digits_parity,42,,,,2026-09-02T20:45:00Z,1.2.0,62e10bc07ec9873f,SAMPLE_PREDICTION_ERROR,prediction_error == 1 when model prediction != true target,model_prediction_versus_ground_truth,False,0,0,True,0,0.12,0.2,0.05,0.15,0.15,0.061282587702834124,,,,,,NORMAL,True,True,True,True,False,False,False,True,False,,,,
d194733b670222b66065997f,STATIC_SELECTIVE_RISK,Module_12_CrossDomain,sklearn_fixture,29993fa5a07111060fb234185b682f6717de16a4d2e1350bc14293597f01621f,rf_digits_parity_v1,digits_parity,digits_parity,42,,,,2026-09-02T20:45:00Z,1.2.0,62e10bc07ec9873f,SAMPLE_PREDICTION_ERROR,prediction_error == 1 when model prediction != true target,model_prediction_versus_ground_truth,False,0,0,True,0,0.12,0.2,0.05,0.15,0.15,0.061282587702834124,,,,,,NORMAL,True,True,True,True,False,False,False,True,False,,,,
757674d57eca5c9ac4b5a33f,STATIC_SELECTIVE_RISK,Module_12_CrossDomain,sklearn_fixture,29993fa5a07111060fb234185b682f6717de16a4d2e1350bc14293597f01621f,rf_digits_parity_v1,digits_parity,digits_parity,42,,,,2026-09-02T20:45:00Z,1.2.0,62e10bc07ec9873f,SAMPLE_PREDICTION_ERROR,prediction_error == 1 when model prediction != true target,model_prediction_versus_ground_truth,False,1,1,True,0,0.12,0.2,0.05,0.15,0.15,0.061282587702834124,,,,,,NORMAL,True,True,True,True,False,False,False,True,False,,,,
5e3d9991cbafe5996dd2581a,STATIC_SELECTIVE_RISK,Module_12_CrossDomain,sklearn_fixture,29993fa5a07111060fb234185b682f6717de16a4d2e1350bc14293597f01621f,rf_digits_parity_v1,digits_parity,digits_parity,42,,,,2026-09-02T20:45:00Z,1.2.0,62e10bc07ec9873f,SAMPLE_PREDICTION_ERROR,prediction_error == 1 when model prediction != true target,model_prediction_versus_ground_truth,False,1,1,True,0,0.12,0.2,0.05,0.15,0.15,0.061282587702834124,,,,,,NORMAL,True,True,True,True,False,False,False,True,False,,,,
af1acfd08918016b010f8a51,STATIC_SELECTIVE_RISK,Module_12_CrossDomain,sklearn_fixture,29993fa5a07111060fb234185b682f6717de16a4d2e1350bc14293597f01621f,rf_digits_parity_v1,digits_parity,digits_parity,42,,,,2026-09-02T20:45:00Z,1.2.0,62e10bc07ec9873f,SAMPLE_PREDICTION_ERROR,prediction_error == 1 when model prediction != true target,model_prediction_versus_ground_truth,False,0,0,True,0,0.12,0.2,0.05,0.15,0.15,0.061282587702834124,,,,,,NORMAL,True,True,True,True,False,False,False,True,False,,,,
3c9d056ac1272f66c4000ef2,STATIC_SELECTIVE_RISK,Module_12_CrossDomain,sklearn_fixture,29993fa5a07111060fb234185b682f6717de16a4d2e1350bc14293597f01621f,rf_digits_parity_v1,digits_parity,digits_parity,42,,,,2026-09-02T20:45:00Z,1.2.0,62e10bc07ec9873f,SAMPLE_PREDICTION_ERROR,prediction_error == 1 when model prediction != true target,model_prediction_versus_ground_truth,False,1,1,True,0,0.12,0.2,0.05,0.15,0.15,0.061282587702834124,,,,,,NORMAL,True,True,True,True,False,False,False,True,False,,,,
a3d519c79eed459677c4e322,STATIC_SELECTIVE_RISK,Module_12_CrossDomain,sklearn_fixture,29993fa5a07111060fb234185b682f6717de16a4d2e1350bc14293597f01621f,rf_digits_parity_v1,digits_parity,digits_parity,42,,,,2026-09-02T20:45:00Z,1.2.0,62e10bc07ec9873f,SAMPLE_PREDICTION_ERROR,prediction_error == 1 when model prediction != true target,model_prediction_versus_ground_truth,False,1,1,True,0,0.12,0.2,0.05,0.15,0.15,0.061282587702834124,,,,,,NORMAL,True,True,True,True,False,False,False,True,False,,,,
8cd9e47d3d282cd09878f331,STATIC_SELECTIVE_RISK,Module_12_CrossDomain,sklearn_fixture,29993fa5a07111060fb234185b682f6717de16a4d2e1350bc14293597f01621f,rf_digits_parity_v1,digits_parity,digits_parity,42,,,,2026-09-02T20:45:00Z,1.2.0,62e10bc07ec9873f,SAMPLE_PREDICTION_ERROR,prediction_error == 1 when model prediction != true target,model_prediction_versus_ground_truth,False,1,1,True,0,0.12,0.2,0.05,0.15,0.15,0.061282587702834124,,,,,,NORMAL,True,True,True,True,False,False,False,True,False,,,,
be1a8b19b7bda4b6c0c55189,STATIC_SELECTIVE_RISK,Module_12_CrossDomain,sklearn_fixture,29993fa5a07111060fb234185b682f6717de16a4d2e1350bc14293597f01621f,rf_digits_parity_v1,digits_parity,digits_parity,42,,,,2026-09-02T20:45:00Z,1.2.0,62e10bc07ec9873f,SAMPLE_PREDICTION_ERROR,prediction_error == 1 when model prediction != true target,model_prediction_versus_ground_truth,False,1,1,True,0,0.12,0.2,0.05,0.15,0.15,0.061282587702834124,,,,,,NORMAL,True,True,True,True,False,False,False,True,False,,,,
d7c1d66484d1a39ae090e34d,STATIC_SELECTIVE_RISK,Module_12_CrossDomain,sklearn_fixture,29993fa5a07111060fb234185b682f6717de16a4d2e1350bc14293597f01621f,rf_digits_parity_v1,digits_parity,digits_parity,42,,,,2026-09-02T20:45:00Z,1.2.0,62e10bc07ec9873f,SAMPLE_PREDICTION_ERROR,prediction_error == 1 when model prediction != true target,model_prediction_versus_ground_truth,False,0,0,True,0,0.12,0.2,0.05,0.15,0.15,0.061282587702834124,,,,,,NORMAL,True,True,True,True,False,False,False,True,False,,,,
89ad573baff4222c2eec64ec,STATIC_SELECTIVE_RISK,Module_12_CrossDomain,sklearn_fixture,29993fa5a07111060fb234185b682f6717de16a4d2e1350bc14293597f01621f,rf_digits_parity_v1,digits_parity,digits_parity,42,,,,2026-09-02T20:45:00Z,1.2.0,62e10bc07ec9873f,SAMPLE_PREDICTION_ERROR,prediction_error == 1 when model prediction != true target,model_prediction_versus_ground_truth,False,0,0,True,0,0.12,0.2,0.05,0.15,0.15,0.061282587702834124,,,,,,NORMAL,True,True,True,True,False,False,False,True,False,,,,
a7cd9e9502ebe06b0ffce1c8,STATIC_SELECTIVE_RISK,Module_12_CrossDomain,sklearn_fixture,29993fa5a07111060fb234185b682f6717de16a4d2e1350bc14293597f01621f,rf_digits_parity_v1,digits_parity,digits_parity,42,,,,2026-09-02T20:45:00Z,1.2.0,62e10bc07ec9873f,SAMPLE_PREDICTION_ERROR,prediction_error == 1 when model prediction != true target,model_prediction_versus_ground_truth,False,0,0,True,0,0.12,0.2,0.05,0.15,0.15,0.061282587702834124,,,,,,NORMAL,True,True,True,True,False,False,False,True,False,,,,
c9e05d564127bfafaa08b8c1,STATIC_SELECTIVE_RISK,Module_12_CrossDomain,sklearn_fixture,29993fa5a07111060fb234185b682f6717de16a4d2e1350bc14293597f01621f,rf_digits_parity_v1,digits_parity,digits_parity,42,,,,2026-09-02T20:45:00Z,1.2.0,62e10bc07ec9873f,SAMPLE_PREDICTION_ERROR,prediction_error == 1 when model prediction != true target,model_prediction_versus_ground_truth,False,0,0,True,0,0.12,0.2,0.05,0.15,0.15,0.061282587702834124,,,,,,NORMAL,True,True,True,True,False,False,False,True,False,,,,
5dc3814577fdfe4fdba05d80,STATIC_SELECTIVE_RISK,Module_12_CrossDomain,sklearn_fixture,29993fa5a07111060fb234185b682f6717de16a4d2e1350bc14293597f01621f,rf_digits_parity_v1,digits_parity,digits_parity,42,,,,2026-09-02T20:45:00Z,1.2.0,62e10bc07ec9873f,SAMPLE_PREDICTION_ERROR,prediction_error == 1 when model prediction != true target,model_prediction_versus_ground_truth,False,1,1,True,0,0.12,0.2,0.05,0.15,0.15,0.061282587702834124,,,,,,NORMAL,True,True,True,True,False,False,False,True,False,,,,
be70d38cad9230820e05b33a,STATIC_SELECTIVE_RISK,Module_12_CrossDomain,sklearn_fixture,29993fa5a07111060fb234185b682f6717de16a4d2e1350bc14293597f01621f,rf_digits_parity_v1,digits_parity,digits_parity,42,,,,2026-09-02T20:45:00Z,1.2.0,62e10bc07ec9873f,SAMPLE_PREDICTION_ERROR,prediction_error == 1 when model prediction != true target,model_prediction_versus_ground_truth,False,1,1,True,0,0.12,0.2,0.05,0.15,0.15,0.061282587702834124,,,,,,NORMAL,True,True,True,True,False,False,False,True,False,,,,
18b9cdd93c96db792f6f375c,STATIC_SELECTIVE_RISK,Module_12_CrossDomain,sklearn_fixture,29993fa5a07111060fb234185b682f6717de16a4d2e1350bc14293597f01621f,rf_digits_parity_v1,digits_parity,digits_parity,42,,,,2026-09-02T20:45:00Z,1.2.0,62e10bc07ec9873f,SAMPLE_PREDICTION_ERROR,prediction_error == 1 when model prediction != true target,model_prediction_versus_ground_truth,False,1,1,True,0,0.12,0.2,0.05,0.15,0.15,0.061282587702834124,,,,,,NORMAL,True,True,True,True,False,False,False,True,False,,,,
0c9b80bd0d598218964f83d0,STATIC_SELECTIVE_RISK,Module_12_CrossDomain,sklearn_fixture,29993fa5a07111060fb234185b682f6717de16a4d2e1350bc14293597f01621f,rf_digits_parity_v1,digits_parity,digits_parity,42,,,,2026-09-02T20:45:00Z,1.2.0,62e10bc07ec9873f,SAMPLE_PREDICTION_ERROR,prediction_error == 1 when model prediction != true target,model_prediction_versus_ground_truth,False,1,1,True,0,0.12,0.2,0.05,0.15,0.15,0.061282587702834124,,,,,,NORMAL,True,True,True,True,False,False,False,True,False,,,,
f41b6512629bb7553dd351d3,STATIC_SELECTIVE_RISK,Module_12_CrossDomain,sklearn_fixture,29993fa5a07111060fb234185b682f6717de16a4d2e1350bc14293597f01621f,rf_digits_parity_v1,digits_parity,digits_parity,42,,,,2026-09-02T20:45:00Z,1.2.0,62e10bc07ec9873f,SAMPLE_PREDICTION_ERROR,prediction_error == 1 when model prediction != true target,model_prediction_versus_ground_truth,False,0,0,True,0,0.12,0.2,0.05,0.15,0.15,0.061282587702834124,,,,,,NORMAL,True,True,True,True,False,False,False,True,False,,,,
196ecce9b9ce91b82096a089,STATIC_SELECTIVE_RISK,Module_12_CrossDomain,sklearn_fixture,29993fa5a07111060fb234185b682f6717de16a4d2e1350bc14293597f01621f,rf_digits_parity_v1,digits_parity,digits_parity,42,,,,2026-09-02T20:45:00Z,1.2.0,62e10bc07ec9873f,SAMPLE_PREDICTION_ERROR,prediction_error == 1 when model prediction != true target,model_prediction_versus_ground_truth,False,1,1,True,0,0.12,0.2,0.05,0.15,0.15,0.061282587702834124,,,,,,NORMAL,True,True,True,True,False,False,False,True,False,,,,
dc959d60afc6e65d16d2202b,STATIC_SELECTIVE_RISK,Module_12_CrossDomain,sklearn_fixture,29993fa5a07111060fb234185b682f6717de16a4d2e1350bc14293597f01621f,rf_digits_parity_v1,digits_parity,digits_parity,42,,,,2026-09-02T20:45:00Z,1.2.0,62e10bc07ec9873f,SAMPLE_PREDICTION_ERROR,prediction_error == 1 when model prediction != true target,model_prediction_versus_ground_truth,False,1,1,True,0,0.12,0.2,0.05,0.15,0.15,0.061282587702834124,,,,,,NORMAL,True,True,True,True,False,False,False,True,False,,,,
f96d7f1995fd7bfe53c6df66,STATIC_SELECTIVE_RISK,Module_12_CrossDomain,sklearn_fixture,29993fa5a07111060fb234185b682f6717de16a4d2e1350bc14293597f01621f,rf_digits_parity_v1,digits_parity,digits_parity,42,,,,2026-09-02T20:45:00Z,1.2.0,62e10bc07ec9873f,SAMPLE_PREDICTION_ERROR,prediction_error == 1 when model prediction != true target,model_prediction_versus_ground_truth,False,0,0,True,0,0.12,0.2,0.05,0.15,0.15,0.061282587702834124,,,,,,NORMAL,True,True,True,True,False,False,False,True,False,,,,
44bc6091739c5e399227293e,STATIC_SELECTIVE_RISK,Module_12_CrossDomain,sklearn_fixture,29993fa5a07111060fb234185b682f6717de16a4d2e1350bc14293597f01621f,rf_digits_parity_v1,digits_parity,digits_parity,42,,,,2026-09-02T20:45:00Z,1.2.0,62e10bc07ec9873f,SAMPLE_PREDICTION_ERROR,prediction_error == 1 when model prediction != true target,model_prediction_versus_ground_truth,False,0,0,True,0,0.12,0.2,0.05,0.15,0.15,0.061282587702834124,,,,,,NORMAL,True,True,True,True,False,False,False,True,False,,,,
a06e2b95bf2d152d5802ebba,STATIC_SELECTIVE_RISK,Module_12_CrossDomain,sklearn_fixture,29993fa5a07111060fb234185b682f6717de16a4d2e1350bc14293597f01621f,rf_digits_parity_v1,digits_parity,digits_parity,42,,,,2026-09-02T20:45:00Z,1.2.0,62e10bc07ec9873f,SAMPLE_PREDICTION_ERROR,prediction_error == 1 when model prediction != true target,model_prediction_versus_ground_truth,False,1,1,True,0,0.12,0.2,0.05,0.15,0.15,0.061282587702834124,,,,,,NORMAL,True,True,True,True,False,False,False,True,False,,,,
0b6fc4f63e3cf3176cd8dff9,STATIC_SELECTIVE_RISK,Module_12_CrossDomain,sklearn_fixture,29993fa5a07111060fb234185b682f6717de16a4d2e1350bc14293597f01621f,rf_digits_parity_v1,digits_parity,digits_parity,42,,,,2026-09-02T20:45:00Z,1.2.0,62e10bc07ec9873f,SAMPLE_PREDICTION_ERROR,prediction_error == 1 when model prediction != true target,model_prediction_versus_ground_truth,False,0,0,True,0,0.12,0.2,0.05,0.15,0.15,0.061282587702834124,,,,,,NORMAL,True,True,True,True,False,False,False,True,False,,,,
0f1f458bff0a363c736bc16d,STATIC_SELECTIVE_RISK,Module_12_CrossDomain,sklearn_fixture,29993fa5a07111060fb234185b682f6717de16a4d2e1350bc14293597f01621f,rf_digits_parity_v1,digits_parity,digits_parity,42,,,,2026-09-02T20:45:00Z,1.2.0,62e10bc07ec9873f,SAMPLE_PREDICTION_ERROR,prediction_error == 1 when model prediction != true target,model_prediction_versus_ground_truth,False,1,1,True,0,0.12,0.2,0.05,0.15,0.15,0.061282587702834124,,,,,,NORMAL,True,True,True,True,False,False,False,True,False,,,,
832c62fbbb75a7ff264bd644,STATIC_SELECTIVE_RISK,Module_12_CrossDomain,sklearn_fixture,29993fa5a07111060fb234185b682f6717de16a4d2e1350bc14293597f01621f,rf_digits_parity_v1,digits_parity,digits_parity,42,,,,2026-09-02T20:45:00Z,1.2.0,62e10bc07ec9873f,SAMPLE_PREDICTION_ERROR,prediction_error == 1 when model prediction != true target,model_prediction_versus_ground_truth,False,0,0,True,0,0.12,0.2,0.05,0.15,0.15,0.061282587702834124,,,,,,NORMAL,True,True,True,True,False,False,False,True,False,,,,
cd5c4c535445bb01e0ed55d9,STATIC_SELECTIVE_RISK,Module_12_CrossDomain,sklearn_fixture,29993fa5a07111060fb234185b682f6717de16a4d2e1350bc14293597f01621f,rf_digits_parity_v1,digits_parity,digits_parity,42,,,,2026-09-02T20:45:00Z,1.2.0,62e10bc07ec9873f,SAMPLE_PREDICTION_ERROR,prediction_error == 1 when model prediction != true target,model_prediction_versus_ground_truth,False,1,1,True,0,0.12,0.2,0.05,0.15,0.15,0.061282587702834124,,,,,,NORMAL,True,True,True,True,False,False,False,True,False,,,,
a8ba38f5ee16a51fdfb5c67c,STATIC_SELECTIVE_RISK,Module_12_CrossDomain,sklearn_fixture,29993fa5a07111060fb234185b682f6717de16a4d2e1350bc14293597f01621f,rf_digits_parity_v1,digits_parity,digits_parity,42,,,,2026-09-02T20:45:00Z,1.2.0,62e10bc07ec9873f,SAMPLE_PREDICTION_ERROR,prediction_error == 1 when model prediction != true target,model_prediction_versus_ground_truth,False,0,0,True,0,0.12,0.2,0.05,0.15,0.15,0.061282587702834124,,,,,,NORMAL,True,True,True,True,False,False,False,True,False,,,,
b518c125068acd464a09e941,STATIC_SELECTIVE_RISK,Module_12_CrossDomain,sklearn_fixture,29993fa5a07111060fb234185b682f6717de16a4d2e1350bc14293597f01621f,rf_digits_parity_v1,digits_parity,digits_parity,42,,,,2026-09-02T20:45:00Z,1.2.0,62e10bc07ec9873f,SAMPLE_PREDICTION_ERROR,prediction_error == 1 when model prediction != true target,model_prediction_versus_ground_truth,False,1,1,True,0,0.12,0.2,0.05,0.15,0.15,0.061282587702834124,,,,,,NORMAL,True,True,True,True,False,False,False,True,False,,,,
eda9c4e0d09db0f1bc933ea5,STATIC_SELECTIVE_RISK,Module_12_CrossDomain,sklearn_fixture,29993fa5a07111060fb234185b682f6717de16a4d2e1350bc14293597f01621f,rf_digits_parity_v1,digits_parity,digits_parity,42,,,,2026-09-02T20:45:00Z,1.2.0,62e10bc07ec9873f,SAMPLE_PREDICTION_ERROR,prediction_error == 1 when model prediction != true target,model_prediction_versus_ground_truth,False,0,0,True,0,0.12,0.2,0.05,0.15,0.15,0.061282587702834124,,,,,,NORMAL,True,True,True,True,False,False,False,True,False,,,,
d15a673abb9724a2c5598b0d,STATIC_SELECTIVE_RISK,Module_12_CrossDomain,sklearn_fixture,29993fa5a07111060fb234185b682f6717de16a4d2e1350bc14293597f01621f,rf_digits_parity_v1,digits_parity,digits_parity,42,,,,2026-09-02T20:45:00Z,1.2.0,62e10bc07ec9873f,SAMPLE_PREDICTION_ERROR,prediction_error == 1 when model prediction != true target,model_prediction_versus_ground_truth,False,1,1,True,0,0.12,0.2,0.05,0.15,0.15,0.061282587702834124,,,,,,NORMAL,True,True,True,True,False,False,False,True,False,,,,
81e4f3db71d9d2c5fe738773,STATIC_SELECTIVE_RISK,Module_12_CrossDomain,sklearn_fixture,29993fa5a07111060fb234185b682f6717de16a4d2e1350bc14293597f01621f,rf_digits_parity_v1,digits_parity,digits_parity,42,,,,2026-09-02T20:45:00Z,1.2.0,62e10bc07ec9873f,SAMPLE_PREDICTION_ERROR,prediction_error == 1 when model prediction != true target,model_prediction_versus_ground_truth,False,0,0,True,0,0.12,0.2,0.05,0.15,0.15,0.061282587702834124,,,,,,NORMAL,True,True,True,True,False,False,False,True,False,,,,
8aba10acafe028b8b9577dfc,STATIC_SELECTIVE_RISK,Module_12_CrossDomain,sklearn_fixture,29993fa5a07111060fb234185b682f6717de16a4d2e1350bc14293597f01621f,rf_digits_parity_v1,digits_parity,digits_parity,42,,,,2026-09-02T20:45:00Z,1.2.0,62e10bc07ec9873f,SAMPLE_PREDICTION_ERROR,prediction_error == 1 when model prediction != true target,model_prediction_versus_ground_truth,False,1,1,True,0,0.12,0.2,0.05,0.15,0.15,0.061282587702834124,,,,,,NORMAL,True,True,True,True,False,False,False,True,False,,,,
472d6243d56c45361e4ebcca,STATIC_SELECTIVE_RISK,Module_12_CrossDomain,sklearn_fixture,29993fa5a07111060fb234185b682f6717de16a4d2e1350bc14293597f01621f,rf_digits_parity_v1,digits_parity,digits_parity,42,,,,2026-09-02T20:45:00Z,1.2.0,62e10bc07ec9873f,SAMPLE_PREDICTION_ERROR,prediction_error == 1 when model prediction != true target,model_prediction_versus_ground_truth,False,0,0,True,0,0.12,0.2,0.05,0.15,0.15,0.061282587702834124,,,,,,NORMAL,True,True,True,True,False,False,False,True,False,,,,
2640e7b4bdd89f8a2b1bf5c8,STATIC_SELECTIVE_RISK,Module_12_CrossDomain,sklearn_fixture,29993fa5a07111060fb234185b682f6717de16a4d2e1350bc14293597f01621f,rf_digits_parity_v1,digits_parity,digits_parity,42,,,,2026-09-02T20:45:00Z,1.2.0,62e10bc07ec9873f,SAMPLE_PREDICTION_ERROR,prediction_error == 1 when model prediction != true target,model_prediction_versus_ground_truth,False,1,1,True,0,0.12,0.2,0.05,0.15,0.15,0.061282587702834124,,,,,,NORMAL,True,True,True,True,False,False,False,True,False,,,,
e657330cc81d57865d303da4,STATIC_SELECTIVE_RISK,Module_12_CrossDomain,sklearn_fixture,29993fa5a07111060fb234185b682f6717de16a4d2e1350bc14293597f01621f,rf_digits_parity_v1,digits_parity,digits_parity,42,,,,2026-09-02T20:45:00Z,1.2.0,62e10bc07ec9873f,SAMPLE_PREDICTION_ERROR,prediction_error == 1 when model prediction != true target,model_prediction_versus_ground_truth,False,0,0,True,0,0.12,0.2,0.05,0.15,0.15,0.061282587702834124,,,,,,NORMAL,True,True,True,True,False,False,False,True,False,,,,
7a37b79939c9e71445e4f2aa,STATIC_SELECTIVE_RISK,Module_12_CrossDomain,sklearn_fixture,29993fa5a07111060fb234185b682f6717de16a4d2e1350bc14293597f01621f,rf_digits_parity_v1,digits_parity,digits_parity,42,,,,2026-09-02T20:45:00Z,1.2.0,62e10bc07ec9873f,SAMPLE_PREDICTION_ERROR,prediction_error == 1 when model prediction != true target,model_prediction_versus_ground_truth,False,1,1,True,0,0.12,0.2,0.05,0.15,0.15,0.061282587702834124,,,,,,NORMAL,True,True,True,True,False,False,False,True,False,,,,
b4eedd7e94495390f19c3f2a,STATIC_SELECTIVE_RISK,Module_12_CrossDomain,sklearn_fixture,29993fa5a07111060fb234185b682f6717de16a4d2e1350bc14293597f01621f,rf_digits_parity_v1,digits_parity,digits_parity,42,,,,2026-09-02T20:45:00Z,1.2.0,62e10bc07ec9873f,SAMPLE_PREDICTION_ERROR,prediction_error == 1 when model prediction != true target,model_prediction_versus_ground_truth,False,0,0,True,0,0.12,0.2,0.05,0.15,0.15,0.061282587702834124,,,,,,NORMAL,True,True,True,True,False,False,False,True,False,,,,
27adfc53c8adda1f67f4e457,STATIC_SELECTIVE_RISK,Module_12_CrossDomain,sklearn_fixture,29993fa5a07111060fb234185b682f6717de16a4d2e1350bc14293597f01621f,rf_digits_parity_v1,digits_parity,digits_parity,42,,,,2026-09-02T20:45:00Z,1.2.0,62e10bc07ec9873f,SAMPLE_PREDICTION_ERROR,prediction_error == 1 when model prediction != true target,model_prediction_versus_ground_truth,False,1,1,True,0,0.12,0.2,0.05,0.15,0.15,0.061282587702834124,,,,,,NORMAL,True,True,True,True,False,False,False,True,False,,,,
51ecd9a5f8630bfcd789afe6,STATIC_SELECTIVE_RISK,Module_12_CrossDomain,sklearn_fixture,29993fa5a07111060fb234185b682f6717de16a4d2e1350bc14293597f01621f,rf_digits_parity_v1,digits_parity,digits_parity,42,,,,2026-09-02T20:45:00Z,1.2.0,62e10bc07ec9873f,SAMPLE_PREDICTION_ERROR,prediction_error == 1 when model prediction != true target,model_prediction_versus_ground_truth,False,0,0,True,0,0.12,0.2,0.05,0.15,0.15,0.061282587702834124,,,,,,NORMAL,True,True,True,True,False,False,False,True,False,,,,
e1686ee843477f660666bf73,STATIC_SELECTIVE_RISK,Module_12_CrossDomain,sklearn_fixture,29993fa5a07111060fb234185b682f6717de16a4d2e1350bc14293597f01621f,rf_digits_parity_v1,digits_parity,digits_parity,42,,,,2026-09-02T20:45:00Z,1.2.0,62e10bc07ec9873f,SAMPLE_PREDICTION_ERROR,prediction_error == 1 when model prediction != true target,model_prediction_versus_ground_truth,False,1,1,True,0,0.12,0.2,0.05,0.15,0.15,0.061282587702834124,,,,,,NORMAL,True,True,True,True,False,False,False,True,False,,,,
8d0f9812fa8304a616b1ecbf,STATIC_SELECTIVE_RISK,Module_12_CrossDomain,sklearn_fixture,29993fa5a07111060fb234185b682f6717de16a4d2e1350bc14293597f01621f,rf_digits_parity_v1,digits_parity,digits_parity,42,,,,2026-09-02T20:45:00Z,1.2.0,62e10bc07ec9873f,SAMPLE_PREDICTION_ERROR,prediction_error == 1 when model prediction != true target,model_prediction_versus_ground_truth,False,0,0,True,0,0.12,0.2,0.05,0.15,0.15,0.061282587702834124,,,,,,NORMAL,True,True,True,True,False,False,False,True,False,,,,
e657e25c643b63b3a28cb0a5,STATIC_SELECTIVE_RISK,Module_12_CrossDomain,sklearn_fixture,29993fa5a07111060fb234185b682f6717de16a4d2e1350bc14293597f01621f,rf_digits_parity_v1,digits_parity,digits_parity,42,,,,2026-09-02T20:45:00Z,1.2.0,62e10bc07ec9873f,SAMPLE_PREDICTION_ERROR,prediction_error == 1 when model prediction != true target,model_prediction_versus_ground_truth,False,1,1,True,0,0.12,0.2,0.05,0.15,0.15,0.061282587702834124,,,,,,NORMAL,True,True,True,True,False,False,False,True,False,,,,
d147a6ab49ba3ec56c325a65,STATIC_SELECTIVE_RISK,Module_12_CrossDomain,sklearn_fixture,29993fa5a07111060fb234185b682f6717de16a4d2e1350bc14293597f01621f,rf_digits_parity_v1,digits_parity,digits_parity,42,,,,2026-09-02T20:45:00Z,1.2.0,62e10bc07ec9873f,SAMPLE_PREDICTION_ERROR,prediction_error == 1 when model prediction != true target,model_prediction_versus_ground_truth,False,0,0,True,0,0.12,0.2,0.05,0.15,0.15,0.061282587702834124,,,,,,NORMAL,True,True,True,True,False,False,False,True,False,,,,
79127bbeb91e868ed08a8dfc,STATIC_SELECTIVE_RISK,Module_12_CrossDomain,sklearn_fixture,29993fa5a07111060fb234185b682f6717de16a4d2e1350bc14293597f01621f,rf_digits_parity_v1,digits_parity,digits_parity,42,,,,2026-09-02T20:45:00Z,1.2.0,62e10bc07ec9873f,SAMPLE_PREDICTION_ERROR,prediction_error == 1 when model prediction != true target,model_prediction_versus_ground_truth,False,1,1,True,0,0.12,0.2,0.05,0.15,0.15,0.061282587702834124,,,,,,NORMAL,True,True,True,True,False,False,False,True,False,,,,
db10e193d9d51c19b6150748,STATIC_SELECTIVE_RISK,Module_12_CrossDomain,sklearn_fixture,29993fa5a07111060fb234185b682f6717de16a4d2e1350bc14293597f01621f,rf_digits_parity_v1,digits_parity,digits_parity,42,,,,2026-09-02T20:45:00Z,1.2.0,62e10bc07ec9873f,SAMPLE_PREDICTION_ERROR,prediction_error == 1 when model prediction != true target,model_prediction_versus_ground_truth,False,0,0,True,0,0.12,0.2,0.05,0.15,0.15,0.061282587702834124,,,,,,NORMAL,True,True,True,True,False,False,False,True,False,,,,
1b2183a15f7e5326beee809c,STATIC_SELECTIVE_RISK,Module_12_CrossDomain,sklearn_fixture,29993fa5a07111060fb234185b682f6717de16a4d2e1350bc14293597f01621f,rf_digits_parity_v1,digits_parity,digits_parity,42,,,,2026-09-02T20:45:00Z,1.2.0,62e10bc07ec9873f,SAMPLE_PREDICTION_ERROR,prediction_error == 1 when model prediction != true target,model_prediction_versus_ground_truth,False,1,1,True,0,0.12,0.2,0.05,0.15,0.15,0.061282587702834124,,,,,,NORMAL,True,True,True,True,False,False,False,True,False,,,,
62aa9f99dfa48d5e8c62dbaa,STATIC_SELECTIVE_RISK,Module_12_CrossDomain,sklearn_fixture,29993fa5a07111060fb234185b682f6717de16a4d2e1350bc14293597f01621f,rf_digits_parity_v1,digits_parity,digits_parity,42,,,,2026-09-02T20:45:00Z,1.2.0,62e10bc07ec9873f,SAMPLE_PREDICTION_ERROR,prediction_error == 1 when model prediction != true target,model_prediction_versus_ground_truth,False,0,0,True,0,0.12,0.2,0.05,0.15,0.15,0.061282587702834124,,,,,,NORMAL,True,True,True,True,False,False,False,True,False,,,,
7059458556be31b68ad4e933,STATIC_SELECTIVE_RISK,Module_12_CrossDomain,sklearn_fixture,29993fa5a07111060fb234185b682f6717de16a4d2e1350bc14293597f01621f,rf_digits_parity_v1,digits_parity,digits_parity,42,,,,2026-09-02T20:45:00Z,1.2.0,62e10bc07ec9873f,SAMPLE_PREDICTION_ERROR,prediction_error == 1 when model prediction != true target,model_prediction_versus_ground_truth,False,1,1,True,0,0.12,0.2,0.05,0.15,0.15,0.061282587702834124,,,,,,NORMAL,True,True,True,True,False,False,False,True,False,,,,
0a142176a9746d0991e6b8d3,STATIC_SELECTIVE_RISK,Module_12_CrossDomain,sklearn_fixture,29993fa5a07111060fb234185b682f6717de16a4d2e1350bc14293597f01621f,rf_digits_parity_v1,digits_parity,digits_parity,42,,,,2026-09-02T20:45:00Z,1.2.0,62e10bc07ec9873f,SAMPLE_PREDICTION_ERROR,prediction_error == 1 when model prediction != true target,model_prediction_versus_ground_truth,False,0,0,True,0,0.12,0.2,0.05,0.15,0.15,0.061282587702834124,,,,,,NORMAL,True,True,True,True,False,False,False,True,False,,,,
a728c74f800c6e3e6a3fc163,STATIC_SELECTIVE_RISK,Module_12_CrossDomain,sklearn_fixture,29993fa5a07111060fb234185b682f6717de16a4d2e1350bc14293597f01621f,rf_digits_parity_v1,digits_parity,digits_parity,42,,,,2026-09-02T20:45:00Z,1.2.0,62e10bc07ec9873f,SAMPLE_PREDICTION_ERROR,prediction_error == 1 when model prediction != true target,model_prediction_versus_ground_truth,False,1,1,True,0,0.12,0.2,0.05,0.15,0.15,0.061282587702834124,,,,,,NORMAL,True,True,True,True,False,False,False,True,False,,,,
df7eddb1052f60fe8e393245,STATIC_SELECTIVE_RISK,Module_12_CrossDomain,sklearn_fixture,29993fa5a07111060fb234185b682f6717de16a4d2e1350bc14293597f01621f,rf_digits_parity_v1,digits_parity,digits_parity,42,,,,2026-09-02T20:45:00Z,1.2.0,62e10bc07ec9873f,SAMPLE_PREDICTION_ERROR,prediction_error == 1 when model prediction != true target,model_prediction_versus_ground_truth,False,0,0,True,0,0.12,0.2,0.05,0.15,0.15,0.061282587702834124,,,,,,NORMAL,True,True,True,True,False,False,False,True,False,,,,
109f640e5fcb1eabbff9c329,STATIC_SELECTIVE_RISK,Module_12_CrossDomain,sklearn_fixture,29993fa5a07111060fb234185b682f6717de16a4d2e1350bc14293597f01621f,rf_digits_parity_v1,digits_parity,digits_parity,42,,,,2026-09-02T20:45:00Z,1.2.0,62e10bc07ec9873f,SAMPLE_PREDICTION_ERROR,prediction_error == 1 when model prediction != true target,model_prediction_versus_ground_truth,False,1,1,True,0,0.12,0.2,0.05,0.15,0.15,0.061282587702834124,,,,,,NORMAL,True,True,True,True,False,False,False,True,False,,,,
5bcd83c9a14bdeb5e62b2b99,STATIC_SELECTIVE_RISK,Module_12_CrossDomain,sklearn_fixture,29993fa5a07111060fb234185b682f6717de16a4d2e1350bc14293597f01621f,rf_digits_parity_v1,digits_parity,digits_parity,42,,,,2026-09-02T20:45:00Z,1.2.0,62e10bc07ec9873f,SAMPLE_PREDICTION_ERROR,prediction_error == 1 when model prediction != true target,model_prediction_versus_ground_truth,False,0,0,True,0,0.12,0.2,0.05,0.15,0.15,0.061282587702834124,,,,,,NORMAL,True,True,True,True,False,False,False,True,False,,,,
964681f05a983fc78147f25a,STATIC_SELECTIVE_RISK,Module_12_CrossDomain,sklearn_fixture,29993fa5a07111060fb234185b682f6717de16a4d2e1350bc14293597f01621f,rf_digits_parity_v1,digits_parity,digits_parity,42,,,,2026-09-02T20:45:00Z,1.2.0,62e10bc07ec9873f,SAMPLE_PREDICTION_ERROR,prediction_error == 1 when model prediction != true target,model_prediction_versus_ground_truth,False,0,0,True,0,0.12,0.2,0.05,0.15,0.15,0.061282587702834124,,,,,,NORMAL,True,True,True,True,False,False,False,True,False,,,,
c9c12e2c54d561bb57d21115,STATIC_SELECTIVE_RISK,Module_12_CrossDomain,sklearn_fixture,29993fa5a07111060fb234185b682f6717de16a4d2e1350bc14293597f01621f,rf_digits_parity_v1,digits_parity,digits_parity,42,,,,2026-09-02T20:45:00Z,1.2.0,62e10bc07ec9873f,SAMPLE_PREDICTION_ERROR,prediction_error == 1 when model prediction != true target,model_prediction_versus_ground_truth,False,0,0,True,0,0.12,0.2,0.05,0.15,0.15,0.061282587702834124,,,,,,NORMAL,True,True,True,True,False,False,False,True,False,,,,
7df406a2be3f8834f3aee389,STATIC_SELECTIVE_RISK,Module_12_CrossDomain,sklearn_fixture,29993fa5a07111060fb234185b682f6717de16a4d2e1350bc14293597f01621f,rf_digits_parity_v1,digits_parity,digits_parity,42,,,,2026-09-02T20:45:00Z,1.2.0,62e10bc07ec9873f,SAMPLE_PREDICTION_ERROR,prediction_error == 1 when model prediction != true target,model_prediction_versus_ground_truth,False,1,1,True,0,0.12,0.2,0.05,0.15,0.15,0.061282587702834124,,,,,,NORMAL,True,True,True,True,False,False,False,True,False,,,,
025dfe4c9176a57fd334ce51,STATIC_SELECTIVE_RISK,Module_12_CrossDomain,sklearn_fixture,29993fa5a07111060fb234185b682f6717de16a4d2e1350bc14293597f01621f,rf_digits_parity_v1,digits_parity,digits_parity,42,,,,2026-09-02T20:45:00Z,1.2.0,62e10bc07ec9873f,SAMPLE_PREDICTION_ERROR,prediction_error == 1 when model prediction != true target,model_prediction_versus_ground_truth,False,0,0,True,0,0.12,0.2,0.05,0.15,0.15,0.061282587702834124,,,,,,NORMAL,True,True,True,True,False,False,False,True,False,,,,
6287a5a0e8bc84222a79f6ef,STATIC_SELECTIVE_RISK,Module_12_CrossDomain,sklearn_fixture,29993fa5a07111060fb234185b682f6717de16a4d2e1350bc14293597f01621f,rf_digits_parity_v1,digits_parity,digits_parity,42,,,,2026-09-02T20:45:00Z,1.2.0,62e10bc07ec9873f,SAMPLE_PREDICTION_ERROR,prediction_error == 1 when model prediction != true target,model_prediction_versus_ground_truth,False,1,1,True,0,0.12,0.2,0.05,0.15,0.15,0.061282587702834124,,,,,,NORMAL,True,True,True,True,False,False,False,True,False,,,,
8472542f81b5c93b57437377,STATIC_SELECTIVE_RISK,Module_12_CrossDomain,sklearn_fixture,29993fa5a07111060fb234185b682f6717de16a4d2e1350bc14293597f01621f,rf_digits_parity_v1,digits_parity,digits_parity,42,,,,2026-09-02T20:45:00Z,1.2.0,62e10bc07ec9873f,SAMPLE_PREDICTION_ERROR,prediction_error == 1 when model prediction != true target,model_prediction_versus_ground_truth,False,0,0,True,0,0.12,0.2,0.05,0.15,0.15,0.061282587702834124,,,,,,NORMAL,True,True,True,True,False,False,False,True,False,,,,
cc83a1b66af9e179c9a18d9b,STATIC_SELECTIVE_RISK,Module_12_CrossDomain,sklearn_fixture,29993fa5a07111060fb234185b682f6717de16a4d2e1350bc14293597f01621f,rf_digits_parity_v1,digits_parity,digits_parity,42,,,,2026-09-02T20:45:00Z,1.2.0,62e10bc07ec9873f,SAMPLE_PREDICTION_ERROR,prediction_error == 1 when model prediction != true target,model_prediction_versus_ground_truth,False,1,1,True,0,0.12,0.2,0.05,0.15,0.15,0.061282587702834124,,,,,,NORMAL,True,True,True,True,False,False,False,True,False,,,,
a3945c5c33dedb69456d83f2,STATIC_SELECTIVE_RISK,Module_12_CrossDomain,sklearn_fixture,29993fa5a07111060fb234185b682f6717de16a4d2e1350bc14293597f01621f,rf_digits_parity_v1,digits_parity,digits_parity,42,,,,2026-09-02T20:45:00Z,1.2.0,62e10bc07ec9873f,SAMPLE_PREDICTION_ERROR,prediction_error == 1 when model prediction != true target,model_prediction_versus_ground_truth,False,0,0,True,0,0.12,0.2,0.05,0.15,0.15,0.061282587702834124,,,,,,NORMAL,True,True,True,True,False,False,False,True,False,,,,
2ecde7cb2a5710aac7858fc3,STATIC_SELECTIVE_RISK,Module_12_CrossDomain,sklearn_fixture,29993fa5a07111060fb234185b682f6717de16a4d2e1350bc14293597f01621f,rf_digits_parity_v1,digits_parity,digits_parity,42,,,,2026-09-02T20:45:00Z,1.2.0,62e10bc07ec9873f,SAMPLE_PREDICTION_ERROR,prediction_error == 1 when model prediction != true target,model_prediction_versus_ground_truth,False,1,1,True,0,0.12,0.2,0.05,0.15,0.15,0.061282587702834124,,,,,,NORMAL,True,True,True,True,False,False,False,True,False,,,,
14c6a58595c50ba696bb7fb9,STATIC_SELECTIVE_RISK,Module_12_CrossDomain,sklearn_fixture,29993fa5a07111060fb234185b682f6717de16a4d2e1350bc14293597f01621f,rf_digits_parity_v1,digits_parity,digits_parity,42,,,,2026-09-02T20:45:00Z,1.2.0,62e10bc07ec9873f,SAMPLE_PREDICTION_ERROR,prediction_error == 1 when model prediction != true target,model_prediction_versus_ground_truth,False,1,1,True,0,0.12,0.2,0.05,0.15,0.15,0.061282587702834124,,,,,,NORMAL,True,True,True,True,False,False,False,True,False,,,,
5324eb1e5e4673815eac1552,STATIC_SELECTIVE_RISK,Module_12_CrossDomain,sklearn_fixture,29993fa5a07111060fb234185b682f6717de16a4d2e1350bc14293597f01621f,rf_digits_parity_v1,digits_parity,digits_parity,42,,,,2026-09-02T20:45:00Z,1.2.0,62e10bc07ec9873f,SAMPLE_PREDICTION_ERROR,prediction_error == 1 when model prediction != true target,model_prediction_versus_ground_truth,False,0,0,True,0,0.12,0.2,0.05,0.15,0.15,0.061282587702834124,,,,,,NORMAL,True,True,True,True,False,False,False,True,False,,,,
66f45f719596b66e38b49570,STATIC_SELECTIVE_RISK,Module_12_CrossDomain,sklearn_fixture,29993fa5a07111060fb234185b682f6717de16a4d2e1350bc14293597f01621f,rf_digits_parity_v1,digits_parity,digits_parity,42,,,,2026-09-02T20:45:00Z,1.2.0,62e10bc07ec9873f,SAMPLE_PREDICTION_ERROR,prediction_error == 1 when model prediction != true target,model_prediction_versus_ground_truth,False,0,0,True,0,0.12,0.2,0.05,0.15,0.15,0.061282587702834124,,,,,,NORMAL,True,True,True,True,False,False,False,True,False,,,,
26aee7bfb1f5427bcde8eaee,STATIC_SELECTIVE_RISK,Module_12_CrossDomain,sklearn_fixture,29993fa5a07111060fb234185b682f6717de16a4d2e1350bc14293597f01621f,rf_digits_parity_v1,digits_parity,digits_parity,42,,,,2026-09-02T20:45:00Z,1.2.0,62e10bc07ec9873f,SAMPLE_PREDICTION_ERROR,prediction_error == 1 when model prediction != true target,model_prediction_versus_ground_truth,False,0,0,True,0,0.12,0.2,0.05,0.15,0.15,0.061282587702834124,,,,,,NORMAL,True,True,True,True,False,False,False,True,False,,,,
ffca45ed848cfaf3b75f381c,STATIC_SELECTIVE_RISK,Module_12_CrossDomain,sklearn_fixture,29993fa5a07111060fb234185b682f6717de16a4d2e1350bc14293597f01621f,rf_digits_parity_v1,digits_parity,digits_parity,42,,,,2026-09-02T20:45:00Z,1.2.0,62e10bc07ec9873f,SAMPLE_PREDICTION_ERROR,prediction_error == 1 when model prediction != true target,model_prediction_versus_ground_truth,False,0,0,True,0,0.12,0.2,0.05,0.15,0.15,0.061282587702834124,,,,,,NORMAL,True,True,True,True,False,False,False,True,False,,,,
451b32873166a36a935a0073,STATIC_SELECTIVE_RISK,Module_12_CrossDomain,sklearn_fixture,29993fa5a07111060fb234185b682f6717de16a4d2e1350bc14293597f01621f,rf_digits_parity_v1,digits_parity,digits_parity,42,,,,2026-09-02T20:45:00Z,1.2.0,62e10bc07ec9873f,SAMPLE_PREDICTION_ERROR,prediction_error == 1 when model prediction != true target,model_prediction_versus_ground_truth,False,0,0,True,0,0.12,0.2,0.05,0.15,0.15,0.061282587702834124,,,,,,NORMAL,True,True,True,True,False,False,False,True,False,,,,
d2cbe51703d26a28eaeea8ac,STATIC_SELECTIVE_RISK,Module_12_CrossDomain,sklearn_fixture,29993fa5a07111060fb234185b682f6717de16a4d2e1350bc14293597f01621f,rf_digits_parity_v1,digits_parity,digits_parity,42,,,,2026-09-02T20:45:00Z,1.2.0,62e10bc07ec9873f,SAMPLE_PREDICTION_ERROR,prediction_error == 1 when model prediction != true target,model_prediction_versus_ground_truth,False,0,0,True,0,0.12,0.2,0.05,0.15,0.15,0.061282587702834124,,,,,,NORMAL,True,True,True,True,False,False,False,True,False,,,,
4b14e727ec65a2961afe7942,STATIC_SELECTIVE_RISK,Module_12_CrossDomain,sklearn_fixture,29993fa5a07111060fb234185b682f6717de16a4d2e1350bc14293597f01621f,rf_digits_parity_v1,digits_parity,digits_parity,42,,,,2026-09-02T20:45:00Z,1.2.0,62e10bc07ec9873f,SAMPLE_PREDICTION_ERROR,prediction_error == 1 when model prediction != true target,model_prediction_versus_ground_truth,False,1,1,True,0,0.12,0.2,0.05,0.15,0.15,0.061282587702834124,,,,,,NORMAL,True,True,True,True,False,False,False,True,False,,,,
b9ae2dde2c40c326578aeb82,STATIC_SELECTIVE_RISK,Module_12_CrossDomain,sklearn_fixture,29993fa5a07111060fb234185b682f6717de16a4d2e1350bc14293597f01621f,rf_digits_parity_v1,digits_parity,digits_parity,42,,,,2026-09-02T20:45:00Z,1.2.0,62e10bc07ec9873f,SAMPLE_PREDICTION_ERROR,prediction_error == 1 when model prediction != true target,model_prediction_versus_ground_truth,False,1,1,True,0,0.12,0.2,0.05,0.15,0.15,0.061282587702834124,,,,,,NORMAL,True,True,True,True,False,False,False,True,False,,,,
a5bfe4223c516fbbf662a42d,STATIC_SELECTIVE_RISK,Module_12_CrossDomain,sklearn_fixture,29993fa5a07111060fb234185b682f6717de16a4d2e1350bc14293597f01621f,rf_digits_parity_v1,digits_parity,digits_parity,42,,,,2026-09-02T20:45:00Z,1.2.0,62e10bc07ec9873f,SAMPLE_PREDICTION_ERROR,prediction_error == 1 when model prediction != true target,model_prediction_versus_ground_truth,False,1,1,True,0,0.12,0.2,0.05,0.15,0.15,0.061282587702834124,,,,,,NORMAL,True,True,True,True,False,False,False,True,False,,,,
84c74bd8ffd1571faf65ee54,STATIC_SELECTIVE_RISK,Module_12_CrossDomain,sklearn_fixture,29993fa5a07111060fb234185b682f6717de16a4d2e1350bc14293597f01621f,rf_digits_parity_v1,digits_parity,digits_parity,42,,,,2026-09-02T20:45:00Z,1.2.0,62e10bc07ec9873f,SAMPLE_PREDICTION_ERROR,prediction_error == 1 when model prediction != true target,model_prediction_versus_ground_truth,False,1,1,True,0,0.12,0.2,0.05,0.15,0.15,0.061282587702834124,,,,,,NORMAL,True,True,True,True,False,False,False,True,False,,,,
97580cfaacbcff250506d204,STATIC_SELECTIVE_RISK,Module_12_CrossDomain,sklearn_fixture,29993fa5a07111060fb234185b682f6717de16a4d2e1350bc14293597f01621f,rf_digits_parity_v1,digits_parity,digits_parity,42,,,,2026-09-02T20:45:00Z,1.2.0,62e10bc07ec9873f,SAMPLE_PREDICTION_ERROR,prediction_error == 1 when model prediction != true target,model_prediction_versus_ground_truth,False,0,0,True,0,0.12,0.2,0.05,0.15,0.15,0.061282587702834124,,,,,,NORMAL,True,True,True,True,False,False,False,True,False,,,,
1cb72f0b7fba87e31594f823,STATIC_SELECTIVE_RISK,Module_12_CrossDomain,sklearn_fixture,29993fa5a07111060fb234185b682f6717de16a4d2e1350bc14293597f01621f,rf_digits_parity_v1,digits_parity,digits_parity,42,,,,2026-09-02T20:45:00Z,1.2.0,62e10bc07ec9873f,SAMPLE_PREDICTION_ERROR,prediction_error == 1 when model prediction != true target,model_prediction_versus_ground_truth,False,1,1,True,0,0.12,0.2,0.05,0.15,0.15,0.061282587702834124,,,,,,NORMAL,True,True,True,True,False,False,False,True,False,,,,
593331faf6a45d7814d58383,STATIC_SELECTIVE_RISK,Module_12_CrossDomain,sklearn_fixture,29993fa5a07111060fb234185b682f6717de16a4d2e1350bc14293597f01621f,rf_digits_parity_v1,digits_parity,digits_parity,42,,,,2026-09-02T20:45:00Z,1.2.0,62e10bc07ec9873f,SAMPLE_PREDICTION_ERROR,prediction_error == 1 when model prediction != true target,model_prediction_versus_ground_truth,False,1,1,True,0,0.12,0.2,0.05,0.15,0.15,0.061282587702834124,,,,,,NORMAL,True,True,True,True,False,False,False,True,False,,,,
1f704985317b32e8ee75f1a9,STATIC_SELECTIVE_RISK,Module_12_CrossDomain,sklearn_fixture,29993fa5a07111060fb234185b682f6717de16a4d2e1350bc14293597f01621f,rf_digits_parity_v1,digits_parity,digits_parity,42,,,,2026-09-02T20:45:00Z,1.2.0,62e10bc07ec9873f,SAMPLE_PREDICTION_ERROR,prediction_error == 1 when model prediction != true target,model_prediction_versus_ground_truth,False,1,1,True,0,0.12,0.2,0.05,0.15,0.15,0.061282587702834124,,,,,,NORMAL,True,True,True,True,False,False,False,True,False,,,,
08b1820504d5be34c190e110,STATIC_SELECTIVE_RISK,Module_12_CrossDomain,sklearn_fixture,29993fa5a07111060fb234185b682f6717de16a4d2e1350bc14293597f01621f,rf_digits_parity_v1,digits_parity,digits_parity,42,,,,2026-09-02T20:45:00Z,1.2.0,62e10bc07ec9873f,SAMPLE_PREDICTION_ERROR,prediction_error == 1 when model prediction != true target,model_prediction_versus_ground_truth,False,0,0,True,0,0.12,0.2,0.05,0.15,0.15,0.061282587702834124,,,,,,NORMAL,True,True,True,True,False,False,False,True,False,,,,
6efd15bce1f4686e81e4a4c5,STATIC_SELECTIVE_RISK,Module_12_CrossDomain,sklearn_fixture,29993fa5a07111060fb234185b682f6717de16a4d2e1350bc14293597f01621f,rf_digits_parity_v1,digits_parity,digits_parity,42,,,,2026-09-02T20:45:00Z,1.2.0,62e10bc07ec9873f,SAMPLE_PREDICTION_ERROR,prediction_error == 1 when model prediction != true target,model_prediction_versus_ground_truth,False,1,1,True,0,0.12,0.2,0.05,0.15,0.15,0.061282587702834124,,,,,,NORMAL,True,True,True,True,False,False,False,True,False,,,,
4af44a60ffc2e2b602948212,STATIC_SELECTIVE_RISK,Module_12_CrossDomain,sklearn_fixture,29993fa5a07111060fb234185b682f6717de16a4d2e1350bc14293597f01621f,rf_digits_parity_v1,digits_parity,digits_parity,42,,,,2026-09-02T20:45:00Z,1.2.0,62e10bc07ec9873f,SAMPLE_PREDICTION_ERROR,prediction_error == 1 when model prediction != true target,model_prediction_versus_ground_truth,False,1,1,True,0,0.12,0.2,0.05,0.15,0.15,0.061282587702834124,,,,,,NORMAL,True,True,True,True,False,False,False,True,False,,,,
6b6b362414ca6258a89eca3a,STATIC_SELECTIVE_RISK,Module_12_CrossDomain,sklearn_fixture,29993fa5a07111060fb234185b682f6717de16a4d2e1350bc14293597f01621f,rf_digits_parity_v1,digits_parity,digits_parity,42,,,,2026-09-02T20:45:00Z,1.2.0,62e10bc07ec9873f,SAMPLE_PREDICTION_ERROR,prediction_error == 1 when model prediction != true target,model_prediction_versus_ground_truth,False,0,0,True,0,0.12,0.2,0.05,0.15,0.15,0.061282587702834124,,,,,,NORMAL,True,True,True,True,False,False,False,True,False,,,,
5fd81776bc8e4881b1695f2c,STATIC_SELECTIVE_RISK,Module_12_CrossDomain,sklearn_fixture,29993fa5a07111060fb234185b682f6717de16a4d2e1350bc14293597f01621f,rf_digits_parity_v1,digits_parity,digits_parity,42,,,,2026-09-02T20:45:00Z,1.2.0,62e10bc07ec9873f,SAMPLE_PREDICTION_ERROR,prediction_error == 1 when model prediction != true target,model_prediction_versus_ground_truth,False,0,0,True,0,0.12,0.2,0.05,0.15,0.15,0.061282587702834124,,,,,,NORMAL,True,True,True,True,False,False,False,True,False,,,,
28af72c3aa3bbaa87a723263,STATIC_SELECTIVE_RISK,Module_12_CrossDomain,sklearn_fixture,29993fa5a07111060fb234185b682f6717de16a4d2e1350bc14293597f01621f,rf_digits_parity_v1,digits_parity,digits_parity,42,,,,2026-09-02T20:45:00Z,1.2.0,62e10bc07ec9873f,SAMPLE_PREDICTION_ERROR,prediction_error == 1 when model prediction != true target,model_prediction_versus_ground_truth,False,0,0,True,0,0.12,0.2,0.05,0.15,0.15,0.061282587702834124,,,,,,NORMAL,True,True,True,True,False,False,False,True,False,,,,
70f2fcf00bbc2b53bfd92882,STATIC_SELECTIVE_RISK,Module_12_CrossDomain,sklearn_fixture,29993fa5a07111060fb234185b682f6717de16a4d2e1350bc14293597f01621f,rf_digits_parity_v1,digits_parity,digits_parity,42,,,,2026-09-02T20:45:00Z,1.2.0,62e10bc07ec9873f,SAMPLE_PREDICTION_ERROR,prediction_error == 1 when model prediction != true target,model_prediction_versus_ground_truth,False,0,0,True,0,0.12,0.2,0.05,0.15,0.15,0.061282587702834124,,,,,,NORMAL,True,True,True,True,False,False,False,True,False,,,,
574bea3f09b899a0e1eaf3f0,STATIC_SELECTIVE_RISK,Module_12_CrossDomain,sklearn_fixture,29993fa5a07111060fb234185b682f6717de16a4d2e1350bc14293597f01621f,rf_digits_parity_v1,digits_parity,digits_parity,42,,,,2026-09-02T20:45:00Z,1.2.0,62e10bc07ec9873f,SAMPLE_PREDICTION_ERROR,prediction_error == 1 when model prediction != true target,model_prediction_versus_ground_truth,False,0,0,True,0,0.12,0.2,0.05,0.15,0.15,0.061282587702834124,,,,,,NORMAL,True,True,True,True,False,False,False,True,False,,,,
cf558c706d07a1e68c631444,STATIC_SELECTIVE_RISK,Module_12_CrossDomain,sklearn_fixture,29993fa5a07111060fb234185b682f6717de16a4d2e1350bc14293597f01621f,rf_digits_parity_v1,digits_parity,digits_parity,42,,,,2026-09-02T20:45:00Z,1.2.0,62e10bc07ec9873f,SAMPLE_PREDICTION_ERROR,prediction_error == 1 when model prediction != true target,model_prediction_versus_ground_truth,False,1,1,True,0,0.12,0.2,0.05,0.15,0.15,0.061282587702834124,,,,,,NORMAL,True,True,True,True,False,False,False,True,False,,,,
f152005afbb691748c0e1375,STATIC_SELECTIVE_RISK,Module_12_CrossDomain,sklearn_fixture,29993fa5a07111060fb234185b682f6717de16a4d2e1350bc14293597f01621f,rf_digits_parity_v1,digits_parity,digits_parity,42,,,,2026-09-02T20:45:00Z,1.2.0,62e10bc07ec9873f,SAMPLE_PREDICTION_ERROR,prediction_error == 1 when model prediction != true target,model_prediction_versus_ground_truth,False,1,1,True,0,0.12,0.2,0.05,0.15,0.15,0.061282587702834124,,,,,,NORMAL,True,True,True,True,False,False,False,True,False,,,,
6d5079416a37f1d4bbf41756,STATIC_SELECTIVE_RISK,Module_12_CrossDomain,sklearn_fixture,29993fa5a07111060fb234185b682f6717de16a4d2e1350bc14293597f01621f,rf_digits_parity_v1,digits_parity,digits_parity,42,,,,2026-09-02T20:45:00Z,1.2.0,62e10bc07ec9873f,SAMPLE_PREDICTION_ERROR,prediction_error == 1 when model prediction != true target,model_prediction_versus_ground_truth,False,1,1,True,0,0.12,0.2,0.05,0.15,0.15,0.061282587702834124,,,,,,NORMAL,True,True,True,True,False,False,False,True,False,,,,
f8bd374799905b66ffe0bd87,STATIC_SELECTIVE_RISK,Module_12_CrossDomain,sklearn_fixture,29993fa5a07111060fb234185b682f6717de16a4d2e1350bc14293597f01621f,rf_digits_parity_v1,digits_parity,digits_parity,42,,,,2026-09-02T20:45:00Z,1.2.0,62e10bc07ec9873f,SAMPLE_PREDICTION_ERROR,prediction_error == 1 when model prediction != true target,model_prediction_versus_ground_truth,False,1,1,True,0,0.12,0.2,0.05,0.15,0.15,0.061282587702834124,,,,,,NORMAL,True,True,True,True,False,False,False,True,False,,,,
bafcd3a16fdea694d4316f9d,STATIC_SELECTIVE_RISK,Module_12_CrossDomain,sklearn_fixture,29993fa5a07111060fb234185b682f6717de16a4d2e1350bc14293597f01621f,rf_digits_parity_v1,digits_parity,digits_parity,42,,,,2026-09-02T20:45:00Z,1.2.0,62e10bc07ec9873f,SAMPLE_PREDICTION_ERROR,prediction_error == 1 when model prediction != true target,model_prediction_versus_ground_truth,False,1,1,True,0,0.12,0.2,0.05,0.15,0.15,0.061282587702834124,,,,,,NORMAL,True,True,True,True,False,False,False,True,False,,,,
38598d54e18585730bbec8e8,STATIC_SELECTIVE_RISK,Module_12_CrossDomain,sklearn_fixture,29993fa5a07111060fb234185b682f6717de16a4d2e1350bc14293597f01621f,rf_digits_parity_v1,digits_parity,digits_parity,42,,,,2026-09-02T20:45:00Z,1.2.0,62e10bc07ec9873f,SAMPLE_PREDICTION_ERROR,prediction_error == 1 when model prediction != true target,model_prediction_versus_ground_truth,False,0,0,True,0,0.12,0.2,0.05,0.15,0.15,0.061282587702834124,,,,,,NORMAL,True,True,True,True,False,False,False,True,False,,,,
1b2a7e765c89d6dec9f35425,STATIC_SELECTIVE_RISK,Module_12_CrossDomain,sklearn_fixture,29993fa5a07111060fb234185b682f6717de16a4d2e1350bc14293597f01621f,rf_digits_parity_v1,digits_parity,digits_parity,42,,,,2026-09-02T20:45:00Z,1.2.0,62e10bc07ec9873f,SAMPLE_PREDICTION_ERROR,prediction_error == 1 when model prediction != true target,model_prediction_versus_ground_truth,False,0,0,True,0,0.12,0.2,0.05,0.15,0.15,0.061282587702834124,,,,,,NORMAL,True,True,True,True,False,False,False,True,False,,,,
14d3e116ed057f9942d2f2c5,STATIC_SELECTIVE_RISK,Module_12_CrossDomain,sklearn_fixture,29993fa5a07111060fb234185b682f6717de16a4d2e1350bc14293597f01621f,rf_digits_parity_v1,digits_parity,digits_parity,42,,,,2026-09-02T20:45:00Z,1.2.0,62e10bc07ec9873f,SAMPLE_PREDICTION_ERROR,prediction_error == 1 when model prediction != true target,model_prediction_versus_ground_truth,False,0,0,True,0,0.12,0.2,0.05,0.15,0.15,0.061282587702834124,,,,,,NORMAL,True,True,True,True,False,False,False,True,False,,,,
e3f46eb7b58b1eee568007d8,STATIC_SELECTIVE_RISK,Module_12_CrossDomain,sklearn_fixture,29993fa5a07111060fb234185b682f6717de16a4d2e1350bc14293597f01621f,rf_digits_parity_v1,digits_parity,digits_parity,42,,,,2026-09-02T20:45:00Z,1.2.0,62e10bc07ec9873f,SAMPLE_PREDICTION_ERROR,prediction_error == 1 when model prediction != true target,model_prediction_versus_ground_truth,False,1,1,True,0,0.12,0.2,0.05,0.15,0.15,0.061282587702834124,,,,,,NORMAL,True,True,True,True,False,False,False,True,False,,,,
a488deecf0a0cb1c609c7621,STATIC_SELECTIVE_RISK,Module_12_CrossDomain,sklearn_fixture,29993fa5a07111060fb234185b682f6717de16a4d2e1350bc14293597f01621f,rf_digits_parity_v1,digits_parity,digits_parity,42,,,,2026-09-02T20:45:00Z,1.2.0,62e10bc07ec9873f,SAMPLE_PREDICTION_ERROR,prediction_error == 1 when model prediction != true target,model_prediction_versus_ground_truth,False,0,0,True,0,0.12,0.2,0.05,0.15,0.15,0.061282587702834124,,,,,,NORMAL,True,True,True,True,False,False,False,True,False,,,,
f83f3b27602b43012e01f9ea,STATIC_SELECTIVE_RISK,Module_12_CrossDomain,sklearn_fixture,29993fa5a07111060fb234185b682f6717de16a4d2e1350bc14293597f01621f,rf_digits_parity_v1,digits_parity,digits_parity,42,,,,2026-09-02T20:45:00Z,1.2.0,62e10bc07ec9873f,SAMPLE_PREDICTION_ERROR,prediction_error == 1 when model prediction != true target,model_prediction_versus_ground_truth,False,0,0,True,0,0.12,0.2,0.05,0.15,0.15,0.061282587702834124,,,,,,NORMAL,True,True,True,True,False,False,False,True,False,,,,
6ffea69c613f512304b30a2c,STATIC_SELECTIVE_RISK,Module_12_CrossDomain,sklearn_fixture,29993fa5a07111060fb234185b682f6717de16a4d2e1350bc14293597f01621f,rf_digits_parity_v1,digits_parity,digits_parity,42,,,,2026-09-02T20:45:00Z,1.2.0,62e10bc07ec9873f,SAMPLE_PREDICTION_ERROR,prediction_error == 1 when model prediction != true target,model_prediction_versus_ground_truth,False,1,1,True,0,0.12,0.2,0.05,0.15,0.15,0.061282587702834124,,,,,,NORMAL,True,True,True,True,False,False,False,True,False,,,,
aeb3b0a8f2b9f3d1261505e0,STATIC_SELECTIVE_RISK,Module_12_CrossDomain,sklearn_fixture,29993fa5a07111060fb234185b682f6717de16a4d2e1350bc14293597f01621f,rf_digits_parity_v1,digits_parity,digits_parity,42,,,,2026-09-02T20:45:00Z,1.2.0,62e10bc07ec9873f,SAMPLE_PREDICTION_ERROR,prediction_error == 1 when model prediction != true target,model_prediction_versus_ground_truth,False,1,1,True,0,0.12,0.2,0.05,0.15,0.15,0.061282587702834124,,,,,,NORMAL,True,True,True,True,False,False,False,True,False,,,,
03e6dc0bc6df0a4758a3acc5,STATIC_SELECTIVE_RISK,Module_12_CrossDomain,sklearn_fixture,29993fa5a07111060fb234185b682f6717de16a4d2e1350bc14293597f01621f,rf_digits_parity_v1,digits_parity,digits_parity,42,,,,2026-09-02T20:45:00Z,1.2.0,62e10bc07ec9873f,SAMPLE_PREDICTION_ERROR,prediction_error == 1 when model prediction != true target,model_prediction_versus_ground_truth,False,1,1,True,0,0.12,0.2,0.05,0.15,0.15,0.061282587702834124,,,,,,NORMAL,True,True,True,True,False,False,False,True,False,,,,
09672fbc49d290793908bacb,STATIC_SELECTIVE_RISK,Module_12_CrossDomain,sklearn_fixture,29993fa5a07111060fb234185b682f6717de16a4d2e1350bc14293597f01621f,rf_digits_parity_v1,digits_parity,digits_parity,42,,,,2026-09-02T20:45:00Z,1.2.0,62e10bc07ec9873f,SAMPLE_PREDICTION_ERROR,prediction_error == 1 when model prediction != true target,model_prediction_versus_ground_truth,False,1,1,True,0,0.12,0.2,0.05,0.15,0.15,0.061282587702834124,,,,,,NORMAL,True,True,True,True,False,False,False,True,False,,,,
ca3442dd03660866107aaa90,STATIC_SELECTIVE_RISK,Module_12_CrossDomain,sklearn_fixture,29993fa5a07111060fb234185b682f6717de16a4d2e1350bc14293597f01621f,rf_digits_parity_v1,digits_parity,digits_parity,42,,,,2026-09-02T20:45:00Z,1.2.0,62e10bc07ec9873f,SAMPLE_PREDICTION_ERROR,prediction_error == 1 when model prediction != true target,model_prediction_versus_ground_truth,False,1,1,True,0,0.12,0.2,0.05,0.15,0.15,0.061282587702834124,,,,,,NORMAL,True,True,True,True,False,False,False,True,False,,,,
e54276a3ff659fe76da68dc5,STATIC_SELECTIVE_RISK,Module_12_CrossDomain,sklearn_fixture,29993fa5a07111060fb234185b682f6717de16a4d2e1350bc14293597f01621f,rf_digits_parity_v1,digits_parity,digits_parity,42,,,,2026-09-02T20:45:00Z,1.2.0,62e10bc07ec9873f,SAMPLE_PREDICTION_ERROR,prediction_error == 1 when model prediction != true target,model_prediction_versus_ground_truth,False,0,0,True,0,0.12,0.2,0.05,0.15,0.15,0.061282587702834124,,,,,,NORMAL,True,True,True,True,False,False,False,True,False,,,,
cf89b8f39cb5b8e67503ce86,STATIC_SELECTIVE_RISK,Module_12_CrossDomain,sklearn_fixture,29993fa5a07111060fb234185b682f6717de16a4d2e1350bc14293597f01621f,rf_digits_parity_v1,digits_parity,digits_parity,42,,,,2026-09-02T20:45:00Z,1.2.0,62e10bc07ec9873f,SAMPLE_PREDICTION_ERROR,prediction_error == 1 when model prediction != true target,model_prediction_versus_ground_truth,False,0,0,True,0,0.12,0.2,0.05,0.15,0.15,0.061282587702834124,,,,,,NORMAL,True,True,True,True,False,False,False,True,False,,,,
7822a4fc6fdad1e9cfee65a9,STATIC_SELECTIVE_RISK,Module_12_CrossDomain,sklearn_fixture,29993fa5a07111060fb234185b682f6717de16a4d2e1350bc14293597f01621f,rf_digits_parity_v1,digits_parity,digits_parity,42,,,,2026-09-02T20:45:00Z,1.2.0,62e10bc07ec9873f,SAMPLE_PREDICTION_ERROR,prediction_error == 1 when model prediction != true target,model_prediction_versus_ground_truth,False,1,1,True,0,0.12,0.2,0.05,0.15,0.15,0.061282587702834124,,,,,,NORMAL,True,True,True,True,False,False,False,True,False,,,,
547e0067ec910e8ff036ac58,STATIC_SELECTIVE_RISK,Module_12_CrossDomain,sklearn_fixture,29993fa5a07111060fb234185b682f6717de16a4d2e1350bc14293597f01621f,rf_digits_parity_v1,digits_parity,digits_parity,42,,,,2026-09-02T20:45:00Z,1.2.0,62e10bc07ec9873f,SAMPLE_PREDICTION_ERROR,prediction_error == 1 when model prediction != true target,model_prediction_versus_ground_truth,False,0,0,True,0,0.12,0.2,0.05,0.15,0.15,0.061282587702834124,,,,,,NORMAL,True,True,True,True,False,False,False,True,False,,,,
ce43f3d3bf15f31e9af2431d,STATIC_SELECTIVE_RISK,Module_12_CrossDomain,sklearn_fixture,29993fa5a07111060fb234185b682f6717de16a4d2e1350bc14293597f01621f,rf_digits_parity_v1,digits_parity,digits_parity,42,,,,2026-09-02T20:45:00Z,1.2.0,62e10bc07ec9873f,SAMPLE_PREDICTION_ERROR,prediction_error == 1 when model prediction != true target,model_prediction_versus_ground_truth,False,1,1,True,0,0.12,0.2,0.05,0.15,0.15,0.061282587702834124,,,,,,NORMAL,True,True,True,True,False,False,False,True,False,,,,
5f36b8a1f91e2b4aaf2771b5,STATIC_SELECTIVE_RISK,Module_12_CrossDomain,sklearn_fixture,29993fa5a07111060fb234185b682f6717de16a4d2e1350bc14293597f01621f,rf_digits_parity_v1,digits_parity,digits_parity,42,,,,2026-09-02T20:45:00Z,1.2.0,62e10bc07ec9873f,SAMPLE_PREDICTION_ERROR,prediction_error == 1 when model prediction != true target,model_prediction_versus_ground_truth,False,0,0,True,0,0.12,0.2,0.05,0.15,0.15,0.061282587702834124,,,,,,NORMAL,True,True,True,True,False,False,False,True,False,,,,
97508f3bc34f329911d63928,STATIC_SELECTIVE_RISK,Module_12_CrossDomain,sklearn_fixture,29993fa5a07111060fb234185b682f6717de16a4d2e1350bc14293597f01621f,rf_digits_parity_v1,digits_parity,digits_parity,42,,,,2026-09-02T20:45:00Z,1.2.0,62e10bc07ec9873f,SAMPLE_PREDICTION_ERROR,prediction_error == 1 when model prediction != true target,model_prediction_versus_ground_truth,False,0,0,True,0,0.12,0.2,0.05,0.15,0.15,0.061282587702834124,,,,,,NORMAL,True,True,True,True,False,False,False,True,False,,,,
45e6a845edb29490fecb5d79,STATIC_SELECTIVE_RISK,Module_12_CrossDomain,sklearn_fixture,29993fa5a07111060fb234185b682f6717de16a4d2e1350bc14293597f01621f,rf_digits_parity_v1,digits_parity,digits_parity,42,,,,2026-09-02T20:45:00Z,1.2.0,62e10bc07ec9873f,SAMPLE_PREDICTION_ERROR,prediction_error == 1 when model prediction != true target,model_prediction_versus_ground_truth,False,1,1,True,0,0.12,0.2,0.05,0.15,0.15,0.061282587702834124,,,,,,NORMAL,True,True,True,True,False,False,False,True,False,,,,
250d1e3ee2cef04e8c1da061,STATIC_SELECTIVE_RISK,Module_12_CrossDomain,sklearn_fixture,29993fa5a07111060fb234185b682f6717de16a4d2e1350bc14293597f01621f,rf_digits_parity_v1,digits_parity,digits_parity,42,,,,2026-09-02T20:45:00Z,1.2.0,62e10bc07ec9873f,SAMPLE_PREDICTION_ERROR,prediction_error == 1 when model prediction != true target,model_prediction_versus_ground_truth,False,1,1,True,0,0.12,0.2,0.05,0.15,0.15,0.061282587702834124,,,,,,NORMAL,True,True,True,True,False,False,False,True,False,,,,
e44a5903543d3801f6245946,STATIC_SELECTIVE_RISK,Module_12_CrossDomain,sklearn_fixture,29993fa5a07111060fb234185b682f6717de16a4d2e1350bc14293597f01621f,rf_digits_parity_v1,digits_parity,digits_parity,42,,,,2026-09-02T20:45:00Z,1.2.0,62e10bc07ec9873f,SAMPLE_PREDICTION_ERROR,prediction_error == 1 when model prediction != true target,model_prediction_versus_ground_truth,False,0,0,True,0,0.12,0.2,0.05,0.15,0.15,0.061282587702834124,,,,,,NORMAL,True,True,True,True,False,False,False,True,False,,,,
47f9290a2f2c2bfd3df8244d,STATIC_SELECTIVE_RISK,Module_12_CrossDomain,sklearn_fixture,29993fa5a07111060fb234185b682f6717de16a4d2e1350bc14293597f01621f,rf_digits_parity_v1,digits_parity,digits_parity,42,,,,2026-09-02T20:45:00Z,1.2.0,62e10bc07ec9873f,SAMPLE_PREDICTION_ERROR,prediction_error == 1 when model prediction != true target,model_prediction_versus_ground_truth,False,0,0,True,0,0.12,0.2,0.05,0.15,0.15,0.061282587702834124,,,,,,NORMAL,True,True,True,True,False,False,False,True,False,,,,
c39ef02aae6300a79fdb6ca2,STATIC_SELECTIVE_RISK,Module_12_CrossDomain,sklearn_fixture,29993fa5a07111060fb234185b682f6717de16a4d2e1350bc14293597f01621f,rf_digits_parity_v1,digits_parity,digits_parity,42,,,,2026-09-02T20:45:00Z,1.2.0,62e10bc07ec9873f,SAMPLE_PREDICTION_ERROR,prediction_error == 1 when model prediction != true target,model_prediction_versus_ground_truth,False,0,0,True,0,0.12,0.2,0.05,0.15,0.15,0.061282587702834124,,,,,,NORMAL,True,True,True,True,False,False,False,True,False,,,,
9eb030fa6a9e392e9367b942,STATIC_SELECTIVE_RISK,Module_12_CrossDomain,sklearn_fixture,29993fa5a07111060fb234185b682f6717de16a4d2e1350bc14293597f01621f,rf_digits_parity_v1,digits_parity,digits_parity,42,,,,2026-09-02T20:45:00Z,1.2.0,62e10bc07ec9873f,SAMPLE_PREDICTION_ERROR,prediction_error == 1 when model prediction != true target,model_prediction_versus_ground_truth,False,0,0,True,0,0.12,0.2,0.05,0.15,0.15,0.061282587702834124,,,,,,NORMAL,True,True,True,True,False,False,False,True,False,,,,
f15f11db9df07d6c4a6c705e,STATIC_SELECTIVE_RISK,Module_12_CrossDomain,sklearn_fixture,29993fa5a07111060fb234185b682f6717de16a4d2e1350bc14293597f01621f,rf_digits_parity_v1,digits_parity,digits_parity,42,,,,2026-09-02T20:45:00Z,1.2.0,62e10bc07ec9873f,SAMPLE_PREDICTION_ERROR,prediction_error == 1 when model prediction != true target,model_prediction_versus_ground_truth,False,0,0,True,0,0.12,0.2,0.05,0.15,0.15,0.061282587702834124,,,,,,NORMAL,True,True,True,True,False,False,False,True,False,,,,
c870fb68d0eb274cfc058e70,STATIC_SELECTIVE_RISK,Module_12_CrossDomain,sklearn_fixture,29993fa5a07111060fb234185b682f6717de16a4d2e1350bc14293597f01621f,rf_digits_parity_v1,digits_parity,digits_parity,42,,,,2026-09-02T20:45:00Z,1.2.0,62e10bc07ec9873f,SAMPLE_PREDICTION_ERROR,prediction_error == 1 when model prediction != true target,model_prediction_versus_ground_truth,False,0,0,True,0,0.12,0.2,0.05,0.15,0.15,0.061282587702834124,,,,,,NORMAL,True,True,True,True,False,False,False,True,False,,,,
c124549bf429769dce3b0dce,STATIC_SELECTIVE_RISK,Module_12_CrossDomain,sklearn_fixture,29993fa5a07111060fb234185b682f6717de16a4d2e1350bc14293597f01621f,rf_digits_parity_v1,digits_parity,digits_parity,42,,,,2026-09-02T20:45:00Z,1.2.0,62e10bc07ec9873f,SAMPLE_PREDICTION_ERROR,prediction_error == 1 when model prediction != true target,model_prediction_versus_ground_truth,False,1,1,True,0,0.12,0.2,0.05,0.15,0.15,0.061282587702834124,,,,,,NORMAL,True,True,True,True,False,False,False,True,False,,,,
badf0d83c440ac362e6b6399,STATIC_SELECTIVE_RISK,Module_12_CrossDomain,sklearn_fixture,29993fa5a07111060fb234185b682f6717de16a4d2e1350bc14293597f01621f,rf_digits_parity_v1,digits_parity,digits_parity,42,,,,2026-09-02T20:45:00Z,1.2.0,62e10bc07ec9873f,SAMPLE_PREDICTION_ERROR,prediction_error == 1 when model prediction != true target,model_prediction_versus_ground_truth,False,1,1,True,0,0.12,0.2,0.05,0.15,0.15,0.061282587702834124,,,,,,NORMAL,True,True,True,True,False,False,False,True,False,,,,
2105af1169097906ef85b159,STATIC_SELECTIVE_RISK,Module_12_CrossDomain,sklearn_fixture,29993fa5a07111060fb234185b682f6717de16a4d2e1350bc14293597f01621f,rf_digits_parity_v1,digits_parity,digits_parity,42,,,,2026-09-02T20:45:00Z,1.2.0,62e10bc07ec9873f,SAMPLE_PREDICTION_ERROR,prediction_error == 1 when model prediction != true target,model_prediction_versus_ground_truth,False,1,1,True,0,0.12,0.2,0.05,0.15,0.15,0.061282587702834124,,,,,,NORMAL,True,True,True,True,False,False,False,True,False,,,,
a60b7d6a0172ae64fb806b95,STATIC_SELECTIVE_RISK,Module_12_CrossDomain,sklearn_fixture,29993fa5a07111060fb234185b682f6717de16a4d2e1350bc14293597f01621f,rf_digits_parity_v1,digits_parity,digits_parity,42,,,,2026-09-02T20:45:00Z,1.2.0,62e10bc07ec9873f,SAMPLE_PREDICTION_ERROR,prediction_error == 1 when model prediction != true target,model_prediction_versus_ground_truth,False,0,0,True,0,0.12,0.2,0.05,0.15,0.15,0.061282587702834124,,,,,,NORMAL,True,True,True,True,False,False,False,True,False,,,,
ae783ede51116b0596a0d599,STATIC_SELECTIVE_RISK,Module_12_CrossDomain,sklearn_fixture,29993fa5a07111060fb234185b682f6717de16a4d2e1350bc14293597f01621f,rf_digits_parity_v1,digits_parity,digits_parity,42,,,,2026-09-02T20:45:00Z,1.2.0,62e10bc07ec9873f,SAMPLE_PREDICTION_ERROR,prediction_error == 1 when model prediction != true target,model_prediction_versus_ground_truth,False,0,0,True,0,0.12,0.2,0.05,0.15,0.15,0.061282587702834124,,,,,,NORMAL,True,True,True,True,False,False,False,True,False,,,,
12375ff25caf9a6d89549d1e,STATIC_SELECTIVE_RISK,Module_12_CrossDomain,sklearn_fixture,29993fa5a07111060fb234185b682f6717de16a4d2e1350bc14293597f01621f,rf_digits_parity_v1,digits_parity,digits_parity,42,,,,2026-09-02T20:45:00Z,1.2.0,62e10bc07ec9873f,SAMPLE_PREDICTION_ERROR,prediction_error == 1 when model prediction != true target,model_prediction_versus_ground_truth,False,1,1,True,0,0.12,0.2,0.05,0.15,0.15,0.061282587702834124,,,,,,NORMAL,True,True,True,True,False,False,False,True,False,,,,
0c0db344592739be6d4a9759,STATIC_SELECTIVE_RISK,Module_12_CrossDomain,sklearn_fixture,29993fa5a07111060fb234185b682f6717de16a4d2e1350bc14293597f01621f,rf_digits_parity_v1,digits_parity,digits_parity,42,,,,2026-09-02T20:45:00Z,1.2.0,62e10bc07ec9873f,SAMPLE_PREDICTION_ERROR,prediction_error == 1 when model prediction != true target,model_prediction_versus_ground_truth,False,1,1,True,0,0.12,0.2,0.05,0.15,0.15,0.061282587702834124,,,,,,NORMAL,True,True,True,True,False,False,False,True,False,,,,
7acea283b1b1784f7fb4a066,STATIC_SELECTIVE_RISK,Module_12_CrossDomain,sklearn_fixture,29993fa5a07111060fb234185b682f6717de16a4d2e1350bc14293597f01621f,rf_digits_parity_v1,digits_parity,digits_parity,42,,,,2026-09-02T20:45:00Z,1.2.0,62e10bc07ec9873f,SAMPLE_PREDICTION_ERROR,prediction_error == 1 when model prediction != true target,model_prediction_versus_ground_truth,False,0,0,True,0,0.12,0.2,0.05,0.15,0.15,0.061282587702834124,,,,,,NORMAL,True,True,True,True,False,False,False,True,False,,,,
2e48a0de3ef4b158f7e60ea7,STATIC_SELECTIVE_RISK,Module_12_CrossDomain,sklearn_fixture,29993fa5a07111060fb234185b682f6717de16a4d2e1350bc14293597f01621f,rf_digits_parity_v1,digits_parity,digits_parity,42,,,,2026-09-02T20:45:00Z,1.2.0,62e10bc07ec9873f,SAMPLE_PREDICTION_ERROR,prediction_error == 1 when model prediction != true target,model_prediction_versus_ground_truth,False,0,0,True,0,0.12,0.2,0.05,0.15,0.15,0.061282587702834124,,,,,,NORMAL,True,True,True,True,False,False,False,True,False,,,,
aa529efb6aee9c2a09ef4385,STATIC_SELECTIVE_RISK,Module_12_CrossDomain,sklearn_fixture,29993fa5a07111060fb234185b682f6717de16a4d2e1350bc14293597f01621f,rf_digits_parity_v1,digits_parity,digits_parity,42,,,,2026-09-02T20:45:00Z,1.2.0,62e10bc07ec9873f,SAMPLE_PREDICTION_ERROR,prediction_error == 1 when model prediction != true target,model_prediction_versus_ground_truth,False,1,1,True,0,0.12,0.2,0.05,0.15,0.15,0.061282587702834124,,,,,,NORMAL,True,True,True,True,False,False,False,True,False,,,,
12bf30e456364f7ba5b2cb4e,STATIC_SELECTIVE_RISK,Module_12_CrossDomain,sklearn_fixture,29993fa5a07111060fb234185b682f6717de16a4d2e1350bc14293597f01621f,rf_digits_parity_v1,digits_parity,digits_parity,42,,,,2026-09-02T20:45:00Z,1.2.0,62e10bc07ec9873f,SAMPLE_PREDICTION_ERROR,prediction_error == 1 when model prediction != true target,model_prediction_versus_ground_truth,False,0,0,True,0,0.12,0.2,0.05,0.15,0.15,0.061282587702834124,,,,,,NORMAL,True,True,True,True,False,False,False,True,False,,,,
eadb2ccf72175b6c7f4941ab,STATIC_SELECTIVE_RISK,Module_12_CrossDomain,sklearn_fixture,29993fa5a07111060fb234185b682f6717de16a4d2e1350bc14293597f01621f,rf_digits_parity_v1,digits_parity,digits_parity,42,,,,2026-09-02T20:45:00Z,1.2.0,62e10bc07ec9873f,SAMPLE_PREDICTION_ERROR,prediction_error == 1 when model prediction != true target,model_prediction_versus_ground_truth,False,1,1,True,0,0.12,0.2,0.05,0.15,0.15,0.061282587702834124,,,,,,NORMAL,True,True,True,True,False,False,False,True,False,,,,
e6846dbf23ae4ae24b56374b,STATIC_SELECTIVE_RISK,Module_12_CrossDomain,sklearn_fixture,29993fa5a07111060fb234185b682f6717de16a4d2e1350bc14293597f01621f,rf_digits_parity_v1,digits_parity,digits_parity,42,,,,2026-09-02T20:45:00Z,1.2.0,62e10bc07ec9873f,SAMPLE_PREDICTION_ERROR,prediction_error == 1 when model prediction != true target,model_prediction_versus_ground_truth,False,0,0,True,0,0.12,0.2,0.05,0.15,0.15,0.061282587702834124,,,,,,NORMAL,True,True,True,True,False,False,False,True,False,,,,
23e3086ef4df5d7bd790c1c0,STATIC_SELECTIVE_RISK,Module_12_CrossDomain,sklearn_fixture,29993fa5a07111060fb234185b682f6717de16a4d2e1350bc14293597f01621f,rf_digits_parity_v1,digits_parity,digits_parity,42,,,,2026-09-02T20:45:00Z,1.2.0,62e10bc07ec9873f,SAMPLE_PREDICTION_ERROR,prediction_error == 1 when model prediction != true target,model_prediction_versus_ground_truth,False,0,0,True,0,0.12,0.2,0.05,0.15,0.15,0.061282587702834124,,,,,,NORMAL,True,True,True,True,False,False,False,True,False,,,,
7f86fad640a6ab295ac8ff47,STATIC_SELECTIVE_RISK,Module_12_CrossDomain,sklearn_fixture,29993fa5a07111060fb234185b682f6717de16a4d2e1350bc14293597f01621f,rf_digits_parity_v1,digits_parity,digits_parity,42,,,,2026-09-02T20:45:00Z,1.2.0,62e10bc07ec9873f,SAMPLE_PREDICTION_ERROR,prediction_error == 1 when model prediction != true target,model_prediction_versus_ground_truth,False,0,0,True,0,0.12,0.2,0.05,0.15,0.15,0.061282587702834124,,,,,,NORMAL,True,True,True,True,False,False,False,True,False,,,,
f915a7bd0f57391d7e8697b8,STATIC_SELECTIVE_RISK,Module_12_CrossDomain,sklearn_fixture,29993fa5a07111060fb234185b682f6717de16a4d2e1350bc14293597f01621f,rf_digits_parity_v1,digits_parity,digits_parity,42,,,,2026-09-02T20:45:00Z,1.2.0,62e10bc07ec9873f,SAMPLE_PREDICTION_ERROR,prediction_error == 1 when model prediction != true target,model_prediction_versus_ground_truth,False,1,1,True,0,0.12,0.2,0.05,0.15,0.15,0.061282587702834124,,,,,,NORMAL,True,True,True,True,False,False,False,True,False,,,,
c5deee1d148792d7f50b1c95,STATIC_SELECTIVE_RISK,Module_12_CrossDomain,sklearn_fixture,29993fa5a07111060fb234185b682f6717de16a4d2e1350bc14293597f01621f,rf_digits_parity_v1,digits_parity,digits_parity,42,,,,2026-09-02T20:45:00Z,1.2.0,62e10bc07ec9873f,SAMPLE_PREDICTION_ERROR,prediction_error == 1 when model prediction != true target,model_prediction_versus_ground_truth,False,1,1,True,0,0.12,0.2,0.05,0.15,0.15,0.061282587702834124,,,,,,NORMAL,True,True,True,True,False,False,False,True,False,,,,
943be84b05882b06bfe1df70,STATIC_SELECTIVE_RISK,Module_12_CrossDomain,sklearn_fixture,29993fa5a07111060fb234185b682f6717de16a4d2e1350bc14293597f01621f,rf_digits_parity_v1,digits_parity,digits_parity,42,,,,2026-09-02T20:45:00Z,1.2.0,62e10bc07ec9873f,SAMPLE_PREDICTION_ERROR,prediction_error == 1 when model prediction != true target,model_prediction_versus_ground_truth,False,0,0,True,0,0.12,0.2,0.05,0.15,0.15,0.061282587702834124,,,,,,NORMAL,True,True,True,True,False,False,False,True,False,,,,
00f2ba08c07e29049ae3bf23,STATIC_SELECTIVE_RISK,Module_12_CrossDomain,sklearn_fixture,29993fa5a07111060fb234185b682f6717de16a4d2e1350bc14293597f01621f,rf_digits_parity_v1,digits_parity,digits_parity,42,,,,2026-09-02T20:45:00Z,1.2.0,62e10bc07ec9873f,SAMPLE_PREDICTION_ERROR,prediction_error == 1 when model prediction != true target,model_prediction_versus_ground_truth,False,1,1,True,0,0.12,0.2,0.05,0.15,0.15,0.061282587702834124,,,,,,NORMAL,True,True,True,True,False,False,False,True,False,,,,
0b6f20e7cf54402826e24276,STATIC_SELECTIVE_RISK,Module_12_CrossDomain,sklearn_fixture,29993fa5a07111060fb234185b682f6717de16a4d2e1350bc14293597f01621f,rf_digits_parity_v1,digits_parity,digits_parity,42,,,,2026-09-02T20:45:00Z,1.2.0,62e10bc07ec9873f,SAMPLE_PREDICTION_ERROR,prediction_error == 1 when model prediction != true target,model_prediction_versus_ground_truth,False,1,1,True,0,0.12,0.2,0.05,0.15,0.15,0.061282587702834124,,,,,,NORMAL,True,True,True,True,False,False,False,True,False,,,,
8c813855fc0899ac3d681507,STATIC_SELECTIVE_RISK,Module_12_CrossDomain,sklearn_fixture,29993fa5a07111060fb234185b682f6717de16a4d2e1350bc14293597f01621f,rf_digits_parity_v1,digits_parity,digits_parity,42,,,,2026-09-02T20:45:00Z,1.2.0,62e10bc07ec9873f,SAMPLE_PREDICTION_ERROR,prediction_error == 1 when model prediction != true target,model_prediction_versus_ground_truth,False,1,1,True,0,0.12,0.2,0.05,0.15,0.15,0.061282587702834124,,,,,,NORMAL,True,True,True,True,False,False,False,True,False,,,,
204973dd6519ccdc607aa7e4,STATIC_SELECTIVE_RISK,Module_12_CrossDomain,sklearn_fixture,29993fa5a07111060fb234185b682f6717de16a4d2e1350bc14293597f01621f,rf_digits_parity_v1,digits_parity,digits_parity,42,,,,2026-09-02T20:45:00Z,1.2.0,62e10bc07ec9873f,SAMPLE_PREDICTION_ERROR,prediction_error == 1 when model prediction != true target,model_prediction_versus_ground_truth,False,1,1,True,0,0.12,0.2,0.05,0.15,0.15,0.061282587702834124,,,,,,NORMAL,True,True,True,True,False,False,False,True,False,,,,
acd2e4e150ad95df482a96fd,STATIC_SELECTIVE_RISK,Module_12_CrossDomain,sklearn_fixture,29993fa5a07111060fb234185b682f6717de16a4d2e1350bc14293597f01621f,rf_digits_parity_v1,digits_parity,digits_parity,42,,,,2026-09-02T20:45:00Z,1.2.0,62e10bc07ec9873f,SAMPLE_PREDICTION_ERROR,prediction_error == 1 when model prediction != true target,model_prediction_versus_ground_truth,False,0,0,True,0,0.12,0.2,0.05,0.15,0.15,0.061282587702834124,,,,,,NORMAL,True,True,True,True,False,False,False,True,False,,,,
2ee6d68f3776ff69094e1f6b,STATIC_SELECTIVE_RISK,Module_12_CrossDomain,sklearn_fixture,29993fa5a07111060fb234185b682f6717de16a4d2e1350bc14293597f01621f,rf_digits_parity_v1,digits_parity,digits_parity,42,,,,2026-09-02T20:45:00Z,1.2.0,62e10bc07ec9873f,SAMPLE_PREDICTION_ERROR,prediction_error == 1 when model prediction != true target,model_prediction_versus_ground_truth,False,0,0,True,0,0.12,0.2,0.05,0.15,0.15,0.061282587702834124,,,,,,NORMAL,True,True,True,True,False,False,False,True,False,,,,
fd23b32f76d06fa1f0480356,STATIC_SELECTIVE_RISK,Module_12_CrossDomain,sklearn_fixture,29993fa5a07111060fb234185b682f6717de16a4d2e1350bc14293597f01621f,rf_digits_parity_v1,digits_parity,digits_parity,42,,,,2026-09-02T20:45:00Z,1.2.0,62e10bc07ec9873f,SAMPLE_PREDICTION_ERROR,prediction_error == 1 when model prediction != true target,model_prediction_versus_ground_truth,False,0,0,True,0,0.12,0.2,0.05,0.15,0.15,0.061282587702834124,,,,,,NORMAL,True,True,True,True,False,False,False,True,False,,,,
d98a4f2dc5c430f0d0133392,STATIC_SELECTIVE_RISK,Module_12_CrossDomain,sklearn_fixture,29993fa5a07111060fb234185b682f6717de16a4d2e1350bc14293597f01621f,rf_digits_parity_v1,digits_parity,digits_parity,42,,,,2026-09-02T20:45:00Z,1.2.0,62e10bc07ec9873f,SAMPLE_PREDICTION_ERROR,prediction_error == 1 when model prediction != true target,model_prediction_versus_ground_truth,False,0,0,True,0,0.12,0.2,0.05,0.15,0.15,0.061282587702834124,,,,,,NORMAL,True,True,True,True,False,False,False,True,False,,,,
d5f2e8cc3ef42ec811ea3858,STATIC_SELECTIVE_RISK,Module_12_CrossDomain,sklearn_fixture,29993fa5a07111060fb234185b682f6717de16a4d2e1350bc14293597f01621f,rf_digits_parity_v1,digits_parity,digits_parity,42,,,,2026-09-02T20:45:00Z,1.2.0,62e10bc07ec9873f,SAMPLE_PREDICTION_ERROR,prediction_error == 1 when model prediction != true target,model_prediction_versus_ground_truth,False,1,1,True,0,0.12,0.2,0.05,0.15,0.15,0.061282587702834124,,,,,,NORMAL,True,True,True,True,False,False,False,True,False,,,,
f82005a543b7a48326256242,STATIC_SELECTIVE_RISK,Module_12_CrossDomain,sklearn_fixture,29993fa5a07111060fb234185b682f6717de16a4d2e1350bc14293597f01621f,rf_digits_parity_v1,digits_parity,digits_parity,42,,,,2026-09-02T20:45:00Z,1.2.0,62e10bc07ec9873f,SAMPLE_PREDICTION_ERROR,prediction_error == 1 when model prediction != true target,model_prediction_versus_ground_truth,False,1,1,True,0,0.12,0.2,0.05,0.15,0.15,0.061282587702834124,,,,,,NORMAL,True,True,True,True,False,False,False,True,False,,,,
9263df26894bbe33e14a49d7,STATIC_SELECTIVE_RISK,Module_12_CrossDomain,sklearn_fixture,29993fa5a07111060fb234185b682f6717de16a4d2e1350bc14293597f01621f,rf_digits_parity_v1,digits_parity,digits_parity,42,,,,2026-09-02T20:45:00Z,1.2.0,62e10bc07ec9873f,SAMPLE_PREDICTION_ERROR,prediction_error == 1 when model prediction != true target,model_prediction_versus_ground_truth,False,1,1,True,0,0.12,0.2,0.05,0.15,0.15,0.061282587702834124,,,,,,NORMAL,True,True,True,True,False,False,False,True,False,,,,
0adff282f8e973c9f203f595,STATIC_SELECTIVE_RISK,Module_12_CrossDomain,sklearn_fixture,29993fa5a07111060fb234185b682f6717de16a4d2e1350bc14293597f01621f,rf_digits_parity_v1,digits_parity,digits_parity,42,,,,2026-09-02T20:45:00Z,1.2.0,62e10bc07ec9873f,SAMPLE_PREDICTION_ERROR,prediction_error == 1 when model prediction != true target,model_prediction_versus_ground_truth,False,1,1,True,0,0.12,0.2,0.05,0.15,0.15,0.061282587702834124,,,,,,NORMAL,True,True,True,True,False,False,False,True,False,,,,
e1c18156f83f253da0007d3b,STATIC_SELECTIVE_RISK,Module_12_CrossDomain,sklearn_fixture,29993fa5a07111060fb234185b682f6717de16a4d2e1350bc14293597f01621f,rf_digits_parity_v1,digits_parity,digits_parity,42,,,,2026-09-02T20:45:00Z,1.2.0,62e10bc07ec9873f,SAMPLE_PREDICTION_ERROR,prediction_error == 1 when model prediction != true target,model_prediction_versus_ground_truth,False,0,0,True,0,0.12,0.2,0.05,0.15,0.15,0.061282587702834124,,,,,,NORMAL,True,True,True,True,False,False,False,True,False,,,,
428b1cffc04d70fa1c8f8d0a,STATIC_SELECTIVE_RISK,Module_12_CrossDomain,sklearn_fixture,29993fa5a07111060fb234185b682f6717de16a4d2e1350bc14293597f01621f,rf_digits_parity_v1,digits_parity,digits_parity,42,,,,2026-09-02T20:45:00Z,1.2.0,62e10bc07ec9873f,SAMPLE_PREDICTION_ERROR,prediction_error == 1 when model prediction != true target,model_prediction_versus_ground_truth,False,1,1,True,0,0.12,0.2,0.05,0.15,0.15,0.061282587702834124,,,,,,NORMAL,True,True,True,True,False,False,False,True,False,,,,
fdecec1717e0d41ea5e20d43,STATIC_SELECTIVE_RISK,Module_12_CrossDomain,sklearn_fixture,29993fa5a07111060fb234185b682f6717de16a4d2e1350bc14293597f01621f,rf_digits_parity_v1,digits_parity,digits_parity,42,,,,2026-09-02T20:45:00Z,1.2.0,62e10bc07ec9873f,SAMPLE_PREDICTION_ERROR,prediction_error == 1 when model prediction != true target,model_prediction_versus_ground_truth,False,1,1,True,0,0.12,0.2,0.05,0.15,0.15,0.061282587702834124,,,,,,NORMAL,True,True,True,True,False,False,False,True,False,,,,
8375bb753dde27e530b15afa,STATIC_SELECTIVE_RISK,Module_12_CrossDomain,sklearn_fixture,29993fa5a07111060fb234185b682f6717de16a4d2e1350bc14293597f01621f,rf_digits_parity_v1,digits_parity,digits_parity,42,,,,2026-09-02T20:45:00Z,1.2.0,62e10bc07ec9873f,SAMPLE_PREDICTION_ERROR,prediction_error == 1 when model prediction != true target,model_prediction_versus_ground_truth,False,0,0,True,0,0.12,0.2,0.05,0.15,0.15,0.061282587702834124,,,,,,NORMAL,True,True,True,True,False,False,False,True,False,,,,
2c6a9c40dba1f3567cb53fdc,STATIC_SELECTIVE_RISK,Module_12_CrossDomain,sklearn_fixture,29993fa5a07111060fb234185b682f6717de16a4d2e1350bc14293597f01621f,rf_digits_parity_v1,digits_parity,digits_parity,42,,,,2026-09-02T20:45:00Z,1.2.0,62e10bc07ec9873f,SAMPLE_PREDICTION_ERROR,prediction_error == 1 when model prediction != true target,model_prediction_versus_ground_truth,False,1,1,True,0,0.12,0.2,0.05,0.15,0.15,0.061282587702834124,,,,,,NORMAL,True,True,True,True,False,False,False,True,False,,,,
c5c98ba7016a1c6c3f5ef520,STATIC_SELECTIVE_RISK,Module_12_CrossDomain,sklearn_fixture,29993fa5a07111060fb234185b682f6717de16a4d2e1350bc14293597f01621f,rf_digits_parity_v1,digits_parity,digits_parity,42,,,,2026-09-02T20:45:00Z,1.2.0,62e10bc07ec9873f,SAMPLE_PREDICTION_ERROR,prediction_error == 1 when model prediction != true target,model_prediction_versus_ground_truth,False,1,1,True,0,0.12,0.2,0.05,0.15,0.15,0.061282587702834124,,,,,,NORMAL,True,True,True,True,False,False,False,True,False,,,,
c9456e28aa2b7a6a7fcc8a59,STATIC_SELECTIVE_RISK,Module_12_CrossDomain,sklearn_fixture,29993fa5a07111060fb234185b682f6717de16a4d2e1350bc14293597f01621f,rf_digits_parity_v1,digits_parity,digits_parity,42,,,,2026-09-02T20:45:00Z,1.2.0,62e10bc07ec9873f,SAMPLE_PREDICTION_ERROR,prediction_error == 1 when model prediction != true target,model_prediction_versus_ground_truth,False,0,0,True,0,0.12,0.2,0.05,0.15,0.15,0.061282587702834124,,,,,,NORMAL,True,True,True,True,False,False,False,True,False,,,,
2bbc73e55017ddb7c31d7963,STATIC_SELECTIVE_RISK,Module_12_CrossDomain,sklearn_fixture,29993fa5a07111060fb234185b682f6717de16a4d2e1350bc14293597f01621f,rf_digits_parity_v1,digits_parity,digits_parity,42,,,,2026-09-02T20:45:00Z,1.2.0,62e10bc07ec9873f,SAMPLE_PREDICTION_ERROR,prediction_error == 1 when model prediction != true target,model_prediction_versus_ground_truth,False,1,1,True,0,0.12,0.2,0.05,0.15,0.15,0.061282587702834124,,,,,,NORMAL,True,True,True,True,False,False,False,True,False,,,,
74fd66b243e29518378f4f9c,STATIC_SELECTIVE_RISK,Module_12_CrossDomain,sklearn_fixture,29993fa5a07111060fb234185b682f6717de16a4d2e1350bc14293597f01621f,rf_digits_parity_v1,digits_parity,digits_parity,42,,,,2026-09-02T20:45:00Z,1.2.0,62e10bc07ec9873f,SAMPLE_PREDICTION_ERROR,prediction_error == 1 when model prediction != true target,model_prediction_versus_ground_truth,False,0,0,True,0,0.12,0.2,0.05,0.15,0.15,0.061282587702834124,,,,,,NORMAL,True,True,True,True,False,False,False,True,False,,,,
8645b72890cdd3c1dc4245da,STATIC_SELECTIVE_RISK,Module_12_CrossDomain,sklearn_fixture,29993fa5a07111060fb234185b682f6717de16a4d2e1350bc14293597f01621f,rf_digits_parity_v1,digits_parity,digits_parity,42,,,,2026-09-02T20:45:00Z,1.2.0,62e10bc07ec9873f,SAMPLE_PREDICTION_ERROR,prediction_error == 1 when model prediction != true target,model_prediction_versus_ground_truth,False,1,1,True,0,0.12,0.2,0.05,0.15,0.15,0.061282587702834124,,,,,,NORMAL,True,True,True,True,False,False,False,True,False,,,,
cc090c4802a93402b46e53f9,STATIC_SELECTIVE_RISK,Module_12_CrossDomain,sklearn_fixture,29993fa5a07111060fb234185b682f6717de16a4d2e1350bc14293597f01621f,rf_digits_parity_v1,digits_parity,digits_parity,42,,,,2026-09-02T20:45:00Z,1.2.0,62e10bc07ec9873f,SAMPLE_PREDICTION_ERROR,prediction_error == 1 when model prediction != true target,model_prediction_versus_ground_truth,False,0,0,True,0,0.12,0.2,0.05,0.15,0.15,0.061282587702834124,,,,,,NORMAL,True,True,True,True,False,False,False,True,False,,,,
13bf37529ba32a7820d2e76e,STATIC_SELECTIVE_RISK,Module_12_CrossDomain,sklearn_fixture,29993fa5a07111060fb234185b682f6717de16a4d2e1350bc14293597f01621f,rf_digits_parity_v1,digits_parity,digits_parity,42,,,,2026-09-02T20:45:00Z,1.2.0,62e10bc07ec9873f,SAMPLE_PREDICTION_ERROR,prediction_error == 1 when model prediction != true target,model_prediction_versus_ground_truth,False,1,1,True,0,0.12,0.2,0.05,0.15,0.15,0.061282587702834124,,,,,,NORMAL,True,True,True,True,False,False,False,True,False,,,,
2fc62c29c417a000b6cbd50d,STATIC_SELECTIVE_RISK,Module_12_CrossDomain,sklearn_fixture,29993fa5a07111060fb234185b682f6717de16a4d2e1350bc14293597f01621f,rf_digits_parity_v1,digits_parity,digits_parity,42,,,,2026-09-02T20:45:00Z,1.2.0,62e10bc07ec9873f,SAMPLE_PREDICTION_ERROR,prediction_error == 1 when model prediction != true target,model_prediction_versus_ground_truth,False,0,0,True,0,0.12,0.2,0.05,0.15,0.15,0.061282587702834124,,,,,,NORMAL,True,True,True,True,False,False,False,True,False,,,,
28abc8f5ba30a035f24f2f91,STATIC_SELECTIVE_RISK,Module_12_CrossDomain,sklearn_fixture,29993fa5a07111060fb234185b682f6717de16a4d2e1350bc14293597f01621f,rf_digits_parity_v1,digits_parity,digits_parity,42,,,,2026-09-02T20:45:00Z,1.2.0,62e10bc07ec9873f,SAMPLE_PREDICTION_ERROR,prediction_error == 1 when model prediction != true target,model_prediction_versus_ground_truth,False,1,1,True,0,0.12,0.2,0.05,0.15,0.15,0.061282587702834124,,,,,,NORMAL,True,True,True,True,False,False,False,True,False,,,,
59cd4acc4255f9999a4621b0,STATIC_SELECTIVE_RISK,Module_12_CrossDomain,sklearn_fixture,29993fa5a07111060fb234185b682f6717de16a4d2e1350bc14293597f01621f,rf_digits_parity_v1,digits_parity,digits_parity,42,,,,2026-09-02T20:45:00Z,1.2.0,62e10bc07ec9873f,SAMPLE_PREDICTION_ERROR,prediction_error == 1 when model prediction != true target,model_prediction_versus_ground_truth,False,0,0,True,0,0.12,0.2,0.05,0.15,0.15,0.061282587702834124,,,,,,NORMAL,True,True,True,True,False,False,False,True,False,,,,
81f25a1a14329b23b7388255,STATIC_SELECTIVE_RISK,Module_12_CrossDomain,sklearn_fixture,29993fa5a07111060fb234185b682f6717de16a4d2e1350bc14293597f01621f,rf_digits_parity_v1,digits_parity,digits_parity,42,,,,2026-09-02T20:45:00Z,1.2.0,62e10bc07ec9873f,SAMPLE_PREDICTION_ERROR,prediction_error == 1 when model prediction != true target,model_prediction_versus_ground_truth,False,1,1,True,0,0.12,0.2,0.05,0.15,0.15,0.061282587702834124,,,,,,NORMAL,True,True,True,True,False,False,False,True,False,,,,
0747d50bd423af06d1d8a489,STATIC_SELECTIVE_RISK,Module_12_CrossDomain,sklearn_fixture,29993fa5a07111060fb234185b682f6717de16a4d2e1350bc14293597f01621f,rf_digits_parity_v1,digits_parity,digits_parity,42,,,,2026-09-02T20:45:00Z,1.2.0,62e10bc07ec9873f,SAMPLE_PREDICTION_ERROR,prediction_error == 1 when model prediction != true target,model_prediction_versus_ground_truth,False,0,0,True,0,0.12,0.2,0.05,0.15,0.15,0.061282587702834124,,,,,,NORMAL,True,True,True,True,False,False,False,True,False,,,,
29f9cc0d1825dea074a58547,STATIC_SELECTIVE_RISK,Module_12_CrossDomain,sklearn_fixture,29993fa5a07111060fb234185b682f6717de16a4d2e1350bc14293597f01621f,rf_digits_parity_v1,digits_parity,digits_parity,42,,,,2026-09-02T20:45:00Z,1.2.0,62e10bc07ec9873f,SAMPLE_PREDICTION_ERROR,prediction_error == 1 when model prediction != true target,model_prediction_versus_ground_truth,False,1,1,True,0,0.12,0.2,0.05,0.15,0.15,0.061282587702834124,,,,,,NORMAL,True,True,True,True,False,False,False,True,False,,,,
fc1f73545d3d61f814d9c4f3,STATIC_SELECTIVE_RISK,Module_12_CrossDomain,sklearn_fixture,29993fa5a07111060fb234185b682f6717de16a4d2e1350bc14293597f01621f,rf_digits_parity_v1,digits_parity,digits_parity,42,,,,2026-09-02T20:45:00Z,1.2.0,62e10bc07ec9873f,SAMPLE_PREDICTION_ERROR,prediction_error == 1 when model prediction != true target,model_prediction_versus_ground_truth,False,0,0,True,0,0.12,0.2,0.05,0.15,0.15,0.061282587702834124,,,,,,NORMAL,True,True,True,True,False,False,False,True,False,,,,
285cb57a9ce8d59053f59838,STATIC_SELECTIVE_RISK,Module_12_CrossDomain,sklearn_fixture,29993fa5a07111060fb234185b682f6717de16a4d2e1350bc14293597f01621f,rf_digits_parity_v1,digits_parity,digits_parity,42,,,,2026-09-02T20:45:00Z,1.2.0,62e10bc07ec9873f,SAMPLE_PREDICTION_ERROR,prediction_error == 1 when model prediction != true target,model_prediction_versus_ground_truth,False,1,1,True,0,0.12,0.2,0.05,0.15,0.15,0.061282587702834124,,,,,,NORMAL,True,True,True,True,False,False,False,True,False,,,,
2a75ccf93b9ed93d15070065,STATIC_SELECTIVE_RISK,Module_12_CrossDomain,sklearn_fixture,29993fa5a07111060fb234185b682f6717de16a4d2e1350bc14293597f01621f,rf_digits_parity_v1,digits_parity,digits_parity,42,,,,2026-09-02T20:45:00Z,1.2.0,62e10bc07ec9873f,SAMPLE_PREDICTION_ERROR,prediction_error == 1 when model prediction != true target,model_prediction_versus_ground_truth,False,0,0,True,0,0.12,0.2,0.05,0.15,0.15,0.061282587702834124,,,,,,NORMAL,True,True,True,True,False,False,False,True,False,,,,
4a8c5dfa0613e9e0dab9b4e6,STATIC_SELECTIVE_RISK,Module_12_CrossDomain,sklearn_fixture,29993fa5a07111060fb234185b682f6717de16a4d2e1350bc14293597f01621f,rf_digits_parity_v1,digits_parity,digits_parity,42,,,,2026-09-02T20:45:00Z,1.2.0,62e10bc07ec9873f,SAMPLE_PREDICTION_ERROR,prediction_error == 1 when model prediction != true target,model_prediction_versus_ground_truth,False,1,1,True,0,0.12,0.2,0.05,0.15,0.15,0.061282587702834124,,,,,,NORMAL,True,True,True,True,False,False,False,True,False,,,,
0d4b193596802b96607ff455,STATIC_SELECTIVE_RISK,Module_12_CrossDomain,sklearn_fixture,29993fa5a07111060fb234185b682f6717de16a4d2e1350bc14293597f01621f,rf_digits_parity_v1,digits_parity,digits_parity,42,,,,2026-09-02T20:45:00Z,1.2.0,62e10bc07ec9873f,SAMPLE_PREDICTION_ERROR,prediction_error == 1 when model prediction != true target,model_prediction_versus_ground_truth,False,0,0,True,0,0.12,0.2,0.05,0.15,0.15,0.061282587702834124,,,,,,NORMAL,True,True,True,True,False,False,False,True,False,,,,
f5d4326b8e86b08f4eb235ff,STATIC_SELECTIVE_RISK,Module_12_CrossDomain,sklearn_fixture,29993fa5a07111060fb234185b682f6717de16a4d2e1350bc14293597f01621f,rf_digits_parity_v1,digits_parity,digits_parity,42,,,,2026-09-02T20:45:00Z,1.2.0,62e10bc07ec9873f,SAMPLE_PREDICTION_ERROR,prediction_error == 1 when model prediction != true target,model_prediction_versus_ground_truth,False,1,1,True,0,0.12,0.2,0.05,0.15,0.15,0.061282587702834124,,,,,,NORMAL,True,True,True,True,False,False,False,True,False,,,,
004bda2cb062eee1f9d02870,STATIC_SELECTIVE_RISK,Module_12_CrossDomain,sklearn_fixture,29993fa5a07111060fb234185b682f6717de16a4d2e1350bc14293597f01621f,rf_digits_parity_v1,digits_parity,digits_parity,42,,,,2026-09-02T20:45:00Z,1.2.0,62e10bc07ec9873f,SAMPLE_PREDICTION_ERROR,prediction_error == 1 when model prediction != true target,model_prediction_versus_ground_truth,False,0,0,True,0,0.12,0.2,0.05,0.15,0.15,0.061282587702834124,,,,,,NORMAL,True,True,True,True,False,False,False,True,False,,,,
6671b5d89f335117e17ef16d,STATIC_SELECTIVE_RISK,Module_12_CrossDomain,sklearn_fixture,29993fa5a07111060fb234185b682f6717de16a4d2e1350bc14293597f01621f,rf_digits_parity_v1,digits_parity,digits_parity,42,,,,2026-09-02T20:45:00Z,1.2.0,62e10bc07ec9873f,SAMPLE_PREDICTION_ERROR,prediction_error == 1 when model prediction != true target,model_prediction_versus_ground_truth,False,1,1,True,0,0.12,0.2,0.05,0.15,0.15,0.061282587702834124,,,,,,NORMAL,True,True,True,True,False,False,False,True,False,,,,
8c1a787a728b6508e2f217ab,STATIC_SELECTIVE_RISK,Module_12_CrossDomain,sklearn_fixture,29993fa5a07111060fb234185b682f6717de16a4d2e1350bc14293597f01621f,rf_digits_parity_v1,digits_parity,digits_parity,42,,,,2026-09-02T20:45:00Z,1.2.0,62e10bc07ec9873f,SAMPLE_PREDICTION_ERROR,prediction_error == 1 when model prediction != true target,model_prediction_versus_ground_truth,False,0,0,True,0,0.12,0.2,0.05,0.15,0.15,0.061282587702834124,,,,,,NORMAL,True,True,True,True,False,False,False,True,False,,,,
a9ac552adea66ad9511f7162,STATIC_SELECTIVE_RISK,Module_12_CrossDomain,sklearn_fixture,29993fa5a07111060fb234185b682f6717de16a4d2e1350bc14293597f01621f,rf_digits_parity_v1,digits_parity,digits_parity,42,,,,2026-09-02T20:45:00Z,1.2.0,62e10bc07ec9873f,SAMPLE_PREDICTION_ERROR,prediction_error == 1 when model prediction != true target,model_prediction_versus_ground_truth,False,1,1,True,0,0.12,0.2,0.05,0.15,0.15,0.061282587702834124,,,,,,NORMAL,True,True,True,True,False,False,False,True,False,,,,
d41f67e479b06d69e6169ff9,STATIC_SELECTIVE_RISK,Module_12_CrossDomain,sklearn_fixture,29993fa5a07111060fb234185b682f6717de16a4d2e1350bc14293597f01621f,rf_digits_parity_v1,digits_parity,digits_parity,42,,,,2026-09-02T20:45:00Z,1.2.0,62e10bc07ec9873f,SAMPLE_PREDICTION_ERROR,prediction_error == 1 when model prediction != true target,model_prediction_versus_ground_truth,False,0,0,True,0,0.12,0.2,0.05,0.15,0.15,0.061282587702834124,,,,,,NORMAL,True,True,True,True,False,False,False,True,False,,,,
18edb2c24cc86aa1fd84ec54,STATIC_SELECTIVE_RISK,Module_12_CrossDomain,sklearn_fixture,29993fa5a07111060fb234185b682f6717de16a4d2e1350bc14293597f01621f,rf_digits_parity_v1,digits_parity,digits_parity,42,,,,2026-09-02T20:45:00Z,1.2.0,62e10bc07ec9873f,SAMPLE_PREDICTION_ERROR,prediction_error == 1 when model prediction != true target,model_prediction_versus_ground_truth,False,1,1,True,0,0.12,0.2,0.05,0.15,0.15,0.061282587702834124,,,,,,NORMAL,True,True,True,True,False,False,False,True,False,,,,
a06babf7b574c8c0e9f4235c,STATIC_SELECTIVE_RISK,Module_12_CrossDomain,sklearn_fixture,29993fa5a07111060fb234185b682f6717de16a4d2e1350bc14293597f01621f,rf_digits_parity_v1,digits_parity,digits_parity,42,,,,2026-09-02T20:45:00Z,1.2.0,62e10bc07ec9873f,SAMPLE_PREDICTION_ERROR,prediction_error == 1 when model prediction != true target,model_prediction_versus_ground_truth,False,0,0,True,0,0.12,0.2,0.05,0.15,0.15,0.061282587702834124,,,,,,NORMAL,True,True,True,True,False,False,False,True,False,,,,
9d652fa61f2bb4c4ea3ca63b,STATIC_SELECTIVE_RISK,Module_12_CrossDomain,sklearn_fixture,29993fa5a07111060fb234185b682f6717de16a4d2e1350bc14293597f01621f,rf_digits_parity_v1,digits_parity,digits_parity,42,,,,2026-09-02T20:45:00Z,1.2.0,62e10bc07ec9873f,SAMPLE_PREDICTION_ERROR,prediction_error == 1 when model prediction != true target,model_prediction_versus_ground_truth,False,1,1,True,0,0.12,0.2,0.05,0.15,0.15,0.061282587702834124,,,,,,NORMAL,True,True,True,True,False,False,False,True,False,,,,
e9f63ec469d594590ecf0d96,STATIC_SELECTIVE_RISK,Module_12_CrossDomain,sklearn_fixture,29993fa5a07111060fb234185b682f6717de16a4d2e1350bc14293597f01621f,rf_digits_parity_v1,digits_parity,digits_parity,42,,,,2026-09-02T20:45:00Z,1.2.0,62e10bc07ec9873f,SAMPLE_PREDICTION_ERROR,prediction_error == 1 when model prediction != true target,model_prediction_versus_ground_truth,False,0,0,True,0,0.12,0.2,0.05,0.15,0.15,0.061282587702834124,,,,,,NORMAL,True,True,True,True,False,False,False,True,False,,,,
6bba3f54a2284295290dbe9d,STATIC_SELECTIVE_RISK,Module_12_CrossDomain,sklearn_fixture,29993fa5a07111060fb234185b682f6717de16a4d2e1350bc14293597f01621f,rf_digits_parity_v1,digits_parity,digits_parity,42,,,,2026-09-02T20:45:00Z,1.2.0,62e10bc07ec9873f,SAMPLE_PREDICTION_ERROR,prediction_error == 1 when model prediction != true target,model_prediction_versus_ground_truth,False,1,1,True,0,0.12,0.2,0.05,0.15,0.15,0.061282587702834124,,,,,,NORMAL,True,True,True,True,False,False,False,True,False,,,,
05ce560e573b7cc908e9e5c6,STATIC_SELECTIVE_RISK,Module_12_CrossDomain,sklearn_fixture,29993fa5a07111060fb234185b682f6717de16a4d2e1350bc14293597f01621f,rf_digits_parity_v1,digits_parity,digits_parity,42,,,,2026-09-02T20:45:00Z,1.2.0,62e10bc07ec9873f,SAMPLE_PREDICTION_ERROR,prediction_error == 1 when model prediction != true target,model_prediction_versus_ground_truth,False,0,0,True,0,0.12,0.2,0.05,0.15,0.15,0.061282587702834124,,,,,,NORMAL,True,True,True,True,False,False,False,True,False,,,,
1d058a99ac8f0ed763e21d95,STATIC_SELECTIVE_RISK,Module_12_CrossDomain,sklearn_fixture,29993fa5a07111060fb234185b682f6717de16a4d2e1350bc14293597f01621f,rf_digits_parity_v1,digits_parity,digits_parity,42,,,,2026-09-02T20:45:00Z,1.2.0,62e10bc07ec9873f,SAMPLE_PREDICTION_ERROR,prediction_error == 1 when model prediction != true target,model_prediction_versus_ground_truth,False,1,1,True,0,0.12,0.2,0.05,0.15,0.15,0.061282587702834124,,,,,,NORMAL,True,True,True,True,False,False,False,True,False,,,,
d692c7a37d076054a9a3d374,STATIC_SELECTIVE_RISK,Module_12_CrossDomain,sklearn_fixture,29993fa5a07111060fb234185b682f6717de16a4d2e1350bc14293597f01621f,rf_digits_parity_v1,digits_parity,digits_parity,42,,,,2026-09-02T20:45:00Z,1.2.0,62e10bc07ec9873f,SAMPLE_PREDICTION_ERROR,prediction_error == 1 when model prediction != true target,model_prediction_versus_ground_truth,False,0,0,True,0,0.12,0.2,0.05,0.15,0.15,0.061282587702834124,,,,,,NORMAL,True,True,True,True,False,False,False,True,False,,,,
46457c43b0e35040cbcf11b0,STATIC_SELECTIVE_RISK,Module_12_CrossDomain,sklearn_fixture,29993fa5a07111060fb234185b682f6717de16a4d2e1350bc14293597f01621f,rf_digits_parity_v1,digits_parity,digits_parity,42,,,,2026-09-02T20:45:00Z,1.2.0,62e10bc07ec9873f,SAMPLE_PREDICTION_ERROR,prediction_error == 1 when model prediction != true target,model_prediction_versus_ground_truth,False,0,0,True,0,0.12,0.2,0.05,0.15,0.15,0.061282587702834124,,,,,,NORMAL,True,True,True,True,False,False,False,True,False,,,,
cdbc0f75938a337d7004f3cd,STATIC_SELECTIVE_RISK,Module_12_CrossDomain,sklearn_fixture,29993fa5a07111060fb234185b682f6717de16a4d2e1350bc14293597f01621f,rf_digits_parity_v1,digits_parity,digits_parity,42,,,,2026-09-02T20:45:00Z,1.2.0,62e10bc07ec9873f,SAMPLE_PREDICTION_ERROR,prediction_error == 1 when model prediction != true target,model_prediction_versus_ground_truth,False,0,0,True,0,0.12,0.2,0.05,0.15,0.15,0.061282587702834124,,,,,,NORMAL,True,True,True,True,False,False,False,True,False,,,,
3664c4d9519e7f93f6772e41,STATIC_SELECTIVE_RISK,Module_12_CrossDomain,sklearn_fixture,29993fa5a07111060fb234185b682f6717de16a4d2e1350bc14293597f01621f,rf_digits_parity_v1,digits_parity,digits_parity,42,,,,2026-09-02T20:45:00Z,1.2.0,62e10bc07ec9873f,SAMPLE_PREDICTION_ERROR,prediction_error == 1 when model prediction != true target,model_prediction_versus_ground_truth,False,1,1,True,0,0.12,0.2,0.05,0.15,0.15,0.061282587702834124,,,,,,NORMAL,True,True,True,True,False,False,False,True,False,,,,
f9b7d6ba7defb67560bcbd68,STATIC_SELECTIVE_RISK,Module_12_CrossDomain,sklearn_fixture,29993fa5a07111060fb234185b682f6717de16a4d2e1350bc14293597f01621f,rf_digits_parity_v1,digits_parity,digits_parity,42,,,,2026-09-02T20:45:00Z,1.2.0,62e10bc07ec9873f,SAMPLE_PREDICTION_ERROR,prediction_error == 1 when model prediction != true target,model_prediction_versus_ground_truth,False,0,0,True,0,0.12,0.2,0.05,0.15,0.15,0.061282587702834124,,,,,,NORMAL,True,True,True,True,False,False,False,True,False,,,,
105d29efe7e124c56869e748,STATIC_SELECTIVE_RISK,Module_12_CrossDomain,sklearn_fixture,29993fa5a07111060fb234185b682f6717de16a4d2e1350bc14293597f01621f,rf_digits_parity_v1,digits_parity,digits_parity,42,,,,2026-09-02T20:45:00Z,1.2.0,62e10bc07ec9873f,SAMPLE_PREDICTION_ERROR,prediction_error == 1 when model prediction != true target,model_prediction_versus_ground_truth,False,1,1,True,0,0.12,0.2,0.05,0.15,0.15,0.061282587702834124,,,,,,NORMAL,True,True,True,True,False,False,False,True,False,,,,
0a75a9bea85c866162240353,STATIC_SELECTIVE_RISK,Module_12_CrossDomain,sklearn_fixture,29993fa5a07111060fb234185b682f6717de16a4d2e1350bc14293597f01621f,rf_digits_parity_v1,digits_parity,digits_parity,42,,,,2026-09-02T20:45:00Z,1.2.0,62e10bc07ec9873f,SAMPLE_PREDICTION_ERROR,prediction_error == 1 when model prediction != true target,model_prediction_versus_ground_truth,False,0,0,True,0,0.12,0.2,0.05,0.15,0.15,0.061282587702834124,,,,,,NORMAL,True,True,True,True,False,False,False,True,False,,,,
e0a49dcfc300c7fad77877ad,STATIC_SELECTIVE_RISK,Module_12_CrossDomain,sklearn_fixture,29993fa5a07111060fb234185b682f6717de16a4d2e1350bc14293597f01621f,rf_digits_parity_v1,digits_parity,digits_parity,42,,,,2026-09-02T20:45:00Z,1.2.0,62e10bc07ec9873f,SAMPLE_PREDICTION_ERROR,prediction_error == 1 when model prediction != true target,model_prediction_versus_ground_truth,False,1,1,True,0,0.12,0.2,0.05,0.15,0.15,0.061282587702834124,,,,,,NORMAL,True,True,True,True,False,False,False,True,False,,,,
2745eae35add55efa07b95ae,STATIC_SELECTIVE_RISK,Module_12_CrossDomain,sklearn_fixture,29993fa5a07111060fb234185b682f6717de16a4d2e1350bc14293597f01621f,rf_digits_parity_v1,digits_parity,digits_parity,42,,,,2026-09-02T20:45:00Z,1.2.0,62e10bc07ec9873f,SAMPLE_PREDICTION_ERROR,prediction_error == 1 when model prediction != true target,model_prediction_versus_ground_truth,False,0,0,True,0,0.12,0.2,0.05,0.15,0.15,0.061282587702834124,,,,,,NORMAL,True,True,True,True,False,False,False,True,False,,,,
b1e1387c551e2da3903b7151,STATIC_SELECTIVE_RISK,Module_12_CrossDomain,sklearn_fixture,29993fa5a07111060fb234185b682f6717de16a4d2e1350bc14293597f01621f,rf_digits_parity_v1,digits_parity,digits_parity,42,,,,2026-09-02T20:45:00Z,1.2.0,62e10bc07ec9873f,SAMPLE_PREDICTION_ERROR,prediction_error == 1 when model prediction != true target,model_prediction_versus_ground_truth,False,1,1,True,0,0.12,0.2,0.05,0.15,0.15,0.061282587702834124,,,,,,NORMAL,True,True,True,True,False,False,False,True,False,,,,
5c07db4993dee9470dd33735,STATIC_SELECTIVE_RISK,Module_12_CrossDomain,sklearn_fixture,29993fa5a07111060fb234185b682f6717de16a4d2e1350bc14293597f01621f,rf_digits_parity_v1,digits_parity,digits_parity,42,,,,2026-09-02T20:45:00Z,1.2.0,62e10bc07ec9873f,SAMPLE_PREDICTION_ERROR,prediction_error == 1 when model prediction != true target,model_prediction_versus_ground_truth,False,1,1,True,0,0.12,0.2,0.05,0.15,0.15,0.061282587702834124,,,,,,NORMAL,True,True,True,True,False,False,False,True,False,,,,
7d0e2e8e727adaf27f33c678,STATIC_SELECTIVE_RISK,Module_12_CrossDomain,sklearn_fixture,29993fa5a07111060fb234185b682f6717de16a4d2e1350bc14293597f01621f,rf_digits_parity_v1,digits_parity,digits_parity,42,,,,2026-09-02T20:45:00Z,1.2.0,62e10bc07ec9873f,SAMPLE_PREDICTION_ERROR,prediction_error == 1 when model prediction != true target,model_prediction_versus_ground_truth,False,0,0,True,0,0.12,0.2,0.05,0.15,0.15,0.061282587702834124,,,,,,NORMAL,True,True,True,True,False,False,False,True,False,,,,
339436585f5c15d1c6eca606,STATIC_SELECTIVE_RISK,Module_12_CrossDomain,sklearn_fixture,29993fa5a07111060fb234185b682f6717de16a4d2e1350bc14293597f01621f,rf_digits_parity_v1,digits_parity,digits_parity,42,,,,2026-09-02T20:45:00Z,1.2.0,62e10bc07ec9873f,SAMPLE_PREDICTION_ERROR,prediction_error == 1 when model prediction != true target,model_prediction_versus_ground_truth,False,0,0,True,0,0.12,0.2,0.05,0.15,0.15,0.061282587702834124,,,,,,NORMAL,True,True,True,True,False,False,False,True,False,,,,
d474f1e7de0877c101805743,STATIC_SELECTIVE_RISK,Module_12_CrossDomain,sklearn_fixture,29993fa5a07111060fb234185b682f6717de16a4d2e1350bc14293597f01621f,rf_digits_parity_v1,digits_parity,digits_parity,42,,,,2026-09-02T20:45:00Z,1.2.0,62e10bc07ec9873f,SAMPLE_PREDICTION_ERROR,prediction_error == 1 when model prediction != true target,model_prediction_versus_ground_truth,False,0,0,True,0,0.12,0.2,0.05,0.15,0.15,0.061282587702834124,,,,,,NORMAL,True,True,True,True,False,False,False,True,False,,,,
2c8a652c79a24b6083342f3e,STATIC_SELECTIVE_RISK,Module_12_CrossDomain,sklearn_fixture,29993fa5a07111060fb234185b682f6717de16a4d2e1350bc14293597f01621f,rf_digits_parity_v1,digits_parity,digits_parity,42,,,,2026-09-02T20:45:00Z,1.2.0,62e10bc07ec9873f,SAMPLE_PREDICTION_ERROR,prediction_error == 1 when model prediction != true target,model_prediction_versus_ground_truth,False,0,0,True,0,0.12,0.2,0.05,0.15,0.15,0.061282587702834124,,,,,,NORMAL,True,True,True,True,False,False,False,True,False,,,,
6a8716d39716db5d7e18f20f,STATIC_SELECTIVE_RISK,Module_12_CrossDomain,sklearn_fixture,29993fa5a07111060fb234185b682f6717de16a4d2e1350bc14293597f01621f,rf_digits_parity_v1,digits_parity,digits_parity,42,,,,2026-09-02T20:45:00Z,1.2.0,62e10bc07ec9873f,SAMPLE_PREDICTION_ERROR,prediction_error == 1 when model prediction != true target,model_prediction_versus_ground_truth,False,0,0,True,0,0.12,0.2,0.05,0.15,0.15,0.061282587702834124,,,,,,NORMAL,True,True,True,True,False,False,False,True,False,,,,
bd3eea0a89aceb24bfd8c303,STATIC_SELECTIVE_RISK,Module_12_CrossDomain,sklearn_fixture,29993fa5a07111060fb234185b682f6717de16a4d2e1350bc14293597f01621f,rf_digits_parity_v1,digits_parity,digits_parity,42,,,,2026-09-02T20:45:00Z,1.2.0,62e10bc07ec9873f,SAMPLE_PREDICTION_ERROR,prediction_error == 1 when model prediction != true target,model_prediction_versus_ground_truth,False,0,0,True,0,0.12,0.2,0.05,0.15,0.15,0.061282587702834124,,,,,,NORMAL,True,True,True,True,False,False,False,True,False,,,,
8a922a635a2041b5b0e890a2,STATIC_SELECTIVE_RISK,Module_12_CrossDomain,sklearn_fixture,29993fa5a07111060fb234185b682f6717de16a4d2e1350bc14293597f01621f,rf_digits_parity_v1,digits_parity,digits_parity,42,,,,2026-09-02T20:45:00Z,1.2.0,62e10bc07ec9873f,SAMPLE_PREDICTION_ERROR,prediction_error == 1 when model prediction != true target,model_prediction_versus_ground_truth,False,1,1,True,0,0.12,0.2,0.05,0.15,0.15,0.061282587702834124,,,,,,NORMAL,True,True,True,True,False,False,False,True,False,,,,
6f0b0a6dbd95cdbcc2247512,STATIC_SELECTIVE_RISK,Module_12_CrossDomain,sklearn_fixture,29993fa5a07111060fb234185b682f6717de16a4d2e1350bc14293597f01621f,rf_digits_parity_v1,digits_parity,digits_parity,42,,,,2026-09-02T20:45:00Z,1.2.0,62e10bc07ec9873f,SAMPLE_PREDICTION_ERROR,prediction_error == 1 when model prediction != true target,model_prediction_versus_ground_truth,False,1,1,True,0,0.12,0.2,0.05,0.15,0.15,0.061282587702834124,,,,,,NORMAL,True,True,True,True,False,False,False,True,False,,,,
081c1daa2c99237bb7b1d70a,STATIC_SELECTIVE_RISK,Module_12_CrossDomain,sklearn_fixture,29993fa5a07111060fb234185b682f6717de16a4d2e1350bc14293597f01621f,rf_digits_parity_v1,digits_parity,digits_parity,42,,,,2026-09-02T20:45:00Z,1.2.0,62e10bc07ec9873f,SAMPLE_PREDICTION_ERROR,prediction_error == 1 when model prediction != true target,model_prediction_versus_ground_truth,False,1,1,True,0,0.12,0.2,0.05,0.15,0.15,0.061282587702834124,,,,,,NORMAL,True,True,True,True,False,False,False,True,False,,,,
bdf27e2bc6c439b744c21272,STATIC_SELECTIVE_RISK,Module_12_CrossDomain,sklearn_fixture,29993fa5a07111060fb234185b682f6717de16a4d2e1350bc14293597f01621f,rf_digits_parity_v1,digits_parity,digits_parity,42,,,,2026-09-02T20:45:00Z,1.2.0,62e10bc07ec9873f,SAMPLE_PREDICTION_ERROR,prediction_error == 1 when model prediction != true target,model_prediction_versus_ground_truth,False,1,1,True,0,0.12,0.2,0.05,0.15,0.15,0.061282587702834124,,,,,,NORMAL,True,True,True,True,False,False,False,True,False,,,,
97c31ad8a5d01f4bc6d19eba,STATIC_SELECTIVE_RISK,Module_12_CrossDomain,sklearn_fixture,29993fa5a07111060fb234185b682f6717de16a4d2e1350bc14293597f01621f,rf_digits_parity_v1,digits_parity,digits_parity,42,,,,2026-09-02T20:45:00Z,1.2.0,62e10bc07ec9873f,SAMPLE_PREDICTION_ERROR,prediction_error == 1 when model prediction != true target,model_prediction_versus_ground_truth,False,0,0,True,0,0.12,0.2,0.05,0.15,0.15,0.061282587702834124,,,,,,NORMAL,True,True,True,True,False,False,False,True,False,,,,
3b23c765500cbce1156bf55d,STATIC_SELECTIVE_RISK,Module_12_CrossDomain,sklearn_fixture,29993fa5a07111060fb234185b682f6717de16a4d2e1350bc14293597f01621f,rf_digits_parity_v1,digits_parity,digits_parity,42,,,,2026-09-02T20:45:00Z,1.2.0,62e10bc07ec9873f,SAMPLE_PREDICTION_ERROR,prediction_error == 1 when model prediction != true target,model_prediction_versus_ground_truth,False,1,1,True,0,0.12,0.2,0.05,0.15,0.15,0.061282587702834124,,,,,,NORMAL,True,True,True,True,False,False,False,True,False,,,,
dfb1d91f8cb52b5350c45bb2,STATIC_SELECTIVE_RISK,Module_12_CrossDomain,sklearn_fixture,29993fa5a07111060fb234185b682f6717de16a4d2e1350bc14293597f01621f,rf_digits_parity_v1,digits_parity,digits_parity,42,,,,2026-09-02T20:45:00Z,1.2.0,62e10bc07ec9873f,SAMPLE_PREDICTION_ERROR,prediction_error == 1 when model prediction != true target,model_prediction_versus_ground_truth,False,1,1,True,0,0.12,0.2,0.05,0.15,0.15,0.061282587702834124,,,,,,NORMAL,True,True,True,True,False,False,False,True,False,,,,
dce2c6f32be77083ddeffbf6,STATIC_SELECTIVE_RISK,Module_12_CrossDomain,sklearn_fixture,29993fa5a07111060fb234185b682f6717de16a4d2e1350bc14293597f01621f,rf_digits_parity_v1,digits_parity,digits_parity,42,,,,2026-09-02T20:45:00Z,1.2.0,62e10bc07ec9873f,SAMPLE_PREDICTION_ERROR,prediction_error == 1 when model prediction != true target,model_prediction_versus_ground_truth,False,1,1,True,0,0.12,0.2,0.05,0.15,0.15,0.061282587702834124,,,,,,NORMAL,True,True,True,True,False,False,False,True,False,,,,
0ce9c6e81868bfe1f3dad71d,STATIC_SELECTIVE_RISK,Module_12_CrossDomain,sklearn_fixture,29993fa5a07111060fb234185b682f6717de16a4d2e1350bc14293597f01621f,rf_digits_parity_v1,digits_parity,digits_parity,42,,,,2026-09-02T20:45:00Z,1.2.0,62e10bc07ec9873f,SAMPLE_PREDICTION_ERROR,prediction_error == 1 when model prediction != true target,model_prediction_versus_ground_truth,False,0,0,True,0,0.12,0.2,0.05,0.15,0.15,0.061282587702834124,,,,,,NORMAL,True,True,True,True,False,False,False,True,False,,,,
9e90896937436bec60239e44,STATIC_SELECTIVE_RISK,Module_12_CrossDomain,sklearn_fixture,29993fa5a07111060fb234185b682f6717de16a4d2e1350bc14293597f01621f,rf_digits_parity_v1,digits_parity,digits_parity,42,,,,2026-09-02T20:45:00Z,1.2.0,62e10bc07ec9873f,SAMPLE_PREDICTION_ERROR,prediction_error == 1 when model prediction != true target,model_prediction_versus_ground_truth,False,1,1,True,0,0.12,0.2,0.05,0.15,0.15,0.061282587702834124,,,,,,NORMAL,True,True,True,True,False,False,False,True,False,,,,
b3351d1850cdbfe52a3e1101,STATIC_SELECTIVE_RISK,Module_12_CrossDomain,sklearn_fixture,29993fa5a07111060fb234185b682f6717de16a4d2e1350bc14293597f01621f,rf_digits_parity_v1,digits_parity,digits_parity,42,,,,2026-09-02T20:45:00Z,1.2.0,62e10bc07ec9873f,SAMPLE_PREDICTION_ERROR,prediction_error == 1 when model prediction != true target,model_prediction_versus_ground_truth,False,1,1,True,0,0.12,0.2,0.05,0.15,0.15,0.061282587702834124,,,,,,NORMAL,True,True,True,True,False,False,False,True,False,,,,
8781a3334d7889b65addbc4f,STATIC_SELECTIVE_RISK,Module_12_CrossDomain,sklearn_fixture,29993fa5a07111060fb234185b682f6717de16a4d2e1350bc14293597f01621f,rf_digits_parity_v1,digits_parity,digits_parity,42,,,,2026-09-02T20:45:00Z,1.2.0,62e10bc07ec9873f,SAMPLE_PREDICTION_ERROR,prediction_error == 1 when model prediction != true target,model_prediction_versus_ground_truth,False,0,0,True,0,0.12,0.2,0.05,0.15,0.15,0.061282587702834124,,,,,,NORMAL,True,True,True,True,False,False,False,True,False,,,,
2a5d575de221949e8059306b,STATIC_SELECTIVE_RISK,Module_12_CrossDomain,sklearn_fixture,29993fa5a07111060fb234185b682f6717de16a4d2e1350bc14293597f01621f,rf_digits_parity_v1,digits_parity,digits_parity,42,,,,2026-09-02T20:45:00Z,1.2.0,62e10bc07ec9873f,SAMPLE_PREDICTION_ERROR,prediction_error == 1 when model prediction != true target,model_prediction_versus_ground_truth,False,0,0,True,0,0.12,0.2,0.05,0.15,0.15,0.061282587702834124,,,,,,NORMAL,True,True,True,True,False,False,False,True,False,,,,
18b91b3aa3fa093aa73d712c,STATIC_SELECTIVE_RISK,Module_12_CrossDomain,sklearn_fixture,29993fa5a07111060fb234185b682f6717de16a4d2e1350bc14293597f01621f,rf_digits_parity_v1,digits_parity,digits_parity,42,,,,2026-09-02T20:45:00Z,1.2.0,62e10bc07ec9873f,SAMPLE_PREDICTION_ERROR,prediction_error == 1 when model prediction != true target,model_prediction_versus_ground_truth,False,0,0,True,0,0.12,0.2,0.05,0.15,0.15,0.061282587702834124,,,,,,NORMAL,True,True,True,True,False,False,False,True,False,,,,
cf86b99817ddc70e9d1facf5,STATIC_SELECTIVE_RISK,Module_12_CrossDomain,sklearn_fixture,29993fa5a07111060fb234185b682f6717de16a4d2e1350bc14293597f01621f,rf_digits_parity_v1,digits_parity,digits_parity,42,,,,2026-09-02T20:45:00Z,1.2.0,62e10bc07ec9873f,SAMPLE_PREDICTION_ERROR,prediction_error == 1 when model prediction != true target,model_prediction_versus_ground_truth,False,0,0,True,0,0.12,0.2,0.05,0.15,0.15,0.061282587702834124,,,,,,NORMAL,True,True,True,True,False,False,False,True,False,,,,
d442bad0378df14efec96a8a,STATIC_SELECTIVE_RISK,Module_12_CrossDomain,sklearn_fixture,29993fa5a07111060fb234185b682f6717de16a4d2e1350bc14293597f01621f,rf_digits_parity_v1,digits_parity,digits_parity,42,,,,2026-09-02T20:45:00Z,1.2.0,62e10bc07ec9873f,SAMPLE_PREDICTION_ERROR,prediction_error == 1 when model prediction != true target,model_prediction_versus_ground_truth,False,0,0,True,0,0.12,0.2,0.05,0.15,0.15,0.061282587702834124,,,,,,NORMAL,True,True,True,True,False,False,False,True,False,,,,
2a9ded0a785a38bde4a35988,STATIC_SELECTIVE_RISK,Module_12_CrossDomain,sklearn_fixture,29993fa5a07111060fb234185b682f6717de16a4d2e1350bc14293597f01621f,rf_digits_parity_v1,digits_parity,digits_parity,42,,,,2026-09-02T20:45:00Z,1.2.0,62e10bc07ec9873f,SAMPLE_PREDICTION_ERROR,prediction_error == 1 when model prediction != true target,model_prediction_versus_ground_truth,False,1,1,True,0,0.12,0.2,0.05,0.15,0.15,0.061282587702834124,,,,,,NORMAL,True,True,True,True,False,False,False,True,False,,,,
cc3eea6b54e16338165820bd,STATIC_SELECTIVE_RISK,Module_12_CrossDomain,sklearn_fixture,29993fa5a07111060fb234185b682f6717de16a4d2e1350bc14293597f01621f,rf_digits_parity_v1,digits_parity,digits_parity,42,,,,2026-09-02T20:45:00Z,1.2.0,62e10bc07ec9873f,SAMPLE_PREDICTION_ERROR,prediction_error == 1 when model prediction != true target,model_prediction_versus_ground_truth,False,1,1,True,0,0.12,0.2,0.05,0.15,0.15,0.061282587702834124,,,,,,NORMAL,True,True,True,True,False,False,False,True,False,,,,
e64d51547ba1d40d4af81eef,STATIC_SELECTIVE_RISK,Module_12_CrossDomain,sklearn_fixture,29993fa5a07111060fb234185b682f6717de16a4d2e1350bc14293597f01621f,rf_digits_parity_v1,digits_parity,digits_parity,42,,,,2026-09-02T20:45:00Z,1.2.0,62e10bc07ec9873f,SAMPLE_PREDICTION_ERROR,prediction_error == 1 when model prediction != true target,model_prediction_versus_ground_truth,False,1,1,True,0,0.12,0.2,0.05,0.15,0.15,0.061282587702834124,,,,,,NORMAL,True,True,True,True,False,False,False,True,False,,,,
2856611ad6aa03e0c9bf33dc,STATIC_SELECTIVE_RISK,Module_12_CrossDomain,sklearn_fixture,29993fa5a07111060fb234185b682f6717de16a4d2e1350bc14293597f01621f,rf_digits_parity_v1,digits_parity,digits_parity,42,,,,2026-09-02T20:45:00Z,1.2.0,62e10bc07ec9873f,SAMPLE_PREDICTION_ERROR,prediction_error == 1 when model prediction != true target,model_prediction_versus_ground_truth,False,1,1,True,0,0.12,0.2,0.05,0.15,0.15,0.061282587702834124,,,,,,NORMAL,True,True,True,True,False,False,False,True,False,,,,
c675ecec7c54f9718f95d5c8,STATIC_SELECTIVE_RISK,Module_12_CrossDomain,sklearn_fixture,29993fa5a07111060fb234185b682f6717de16a4d2e1350bc14293597f01621f,rf_digits_parity_v1,digits_parity,digits_parity,42,,,,2026-09-02T20:45:00Z,1.2.0,62e10bc07ec9873f,SAMPLE_PREDICTION_ERROR,prediction_error == 1 when model prediction != true target,model_prediction_versus_ground_truth,False,1,1,True,0,0.12,0.2,0.05,0.15,0.15,0.061282587702834124,,,,,,NORMAL,True,True,True,True,False,False,False,True,False,,,,
009e847752e7157524ce7ef9,STATIC_SELECTIVE_RISK,Module_12_CrossDomain,sklearn_fixture,29993fa5a07111060fb234185b682f6717de16a4d2e1350bc14293597f01621f,rf_digits_parity_v1,digits_parity,digits_parity,42,,,,2026-09-02T20:45:00Z,1.2.0,62e10bc07ec9873f,SAMPLE_PREDICTION_ERROR,prediction_error == 1 when model prediction != true target,model_prediction_versus_ground_truth,False,0,0,True,0,0.12,0.2,0.05,0.15,0.15,0.061282587702834124,,,,,,NORMAL,True,True,True,True,False,False,False,True,False,,,,
532a15fbfebae69516c27621,STATIC_SELECTIVE_RISK,Module_12_CrossDomain,sklearn_fixture,29993fa5a07111060fb234185b682f6717de16a4d2e1350bc14293597f01621f,rf_digits_parity_v1,digits_parity,digits_parity,42,,,,2026-09-02T20:45:00Z,1.2.0,62e10bc07ec9873f,SAMPLE_PREDICTION_ERROR,prediction_error == 1 when model prediction != true target,model_prediction_versus_ground_truth,False,0,0,True,0,0.12,0.2,0.05,0.15,0.15,0.061282587702834124,,,,,,NORMAL,True,True,True,True,False,False,False,True,False,,,,
e3f33edd14ed20a1687c3e1f,STATIC_SELECTIVE_RISK,Module_12_CrossDomain,sklearn_fixture,29993fa5a07111060fb234185b682f6717de16a4d2e1350bc14293597f01621f,rf_digits_parity_v1,digits_parity,digits_parity,42,,,,2026-09-02T20:45:00Z,1.2.0,62e10bc07ec9873f,SAMPLE_PREDICTION_ERROR,prediction_error == 1 when model prediction != true target,model_prediction_versus_ground_truth,False,0,0,True,0,0.12,0.2,0.05,0.15,0.15,0.061282587702834124,,,,,,NORMAL,True,True,True,True,False,False,False,True,False,,,,
e8c33fd00a9372834d5de9c7,STATIC_SELECTIVE_RISK,Module_12_CrossDomain,sklearn_fixture,29993fa5a07111060fb234185b682f6717de16a4d2e1350bc14293597f01621f,rf_digits_parity_v1,digits_parity,digits_parity,42,,,,2026-09-02T20:45:00Z,1.2.0,62e10bc07ec9873f,SAMPLE_PREDICTION_ERROR,prediction_error == 1 when model prediction != true target,model_prediction_versus_ground_truth,False,1,1,True,0,0.12,0.2,0.05,0.15,0.15,0.061282587702834124,,,,,,NORMAL,True,True,True,True,False,False,False,True,False,,,,
eeb94259da178c2186b02b47,STATIC_SELECTIVE_RISK,Module_12_CrossDomain,sklearn_fixture,29993fa5a07111060fb234185b682f6717de16a4d2e1350bc14293597f01621f,rf_digits_parity_v1,digits_parity,digits_parity,42,,,,2026-09-02T20:45:00Z,1.2.0,62e10bc07ec9873f,SAMPLE_PREDICTION_ERROR,prediction_error == 1 when model prediction != true target,model_prediction_versus_ground_truth,False,0,0,True,0,0.12,0.2,0.05,0.15,0.15,0.061282587702834124,,,,,,NORMAL,True,True,True,True,False,False,False,True,False,,,,
622eb2632e30ff1a96e481e3,STATIC_SELECTIVE_RISK,Module_12_CrossDomain,sklearn_fixture,29993fa5a07111060fb234185b682f6717de16a4d2e1350bc14293597f01621f,rf_digits_parity_v1,digits_parity,digits_parity,42,,,,2026-09-02T20:45:00Z,1.2.0,62e10bc07ec9873f,SAMPLE_PREDICTION_ERROR,prediction_error == 1 when model prediction != true target,model_prediction_versus_ground_truth,False,0,0,True,0,0.12,0.2,0.05,0.15,0.15,0.061282587702834124,,,,,,NORMAL,True,True,True,True,False,False,False,True,False,,,,
bbb68a2a3e73248e4304dfc7,STATIC_SELECTIVE_RISK,Module_12_CrossDomain,sklearn_fixture,29993fa5a07111060fb234185b682f6717de16a4d2e1350bc14293597f01621f,rf_digits_parity_v1,digits_parity,digits_parity,42,,,,2026-09-02T20:45:00Z,1.2.0,62e10bc07ec9873f,SAMPLE_PREDICTION_ERROR,prediction_error == 1 when model prediction != true target,model_prediction_versus_ground_truth,False,1,1,True,0,0.12,0.2,0.05,0.15,0.15,0.061282587702834124,,,,,,NORMAL,True,True,True,True,False,False,False,True,False,,,,
6d1e4bed1758dde71a2f8b12,STATIC_SELECTIVE_RISK,Module_12_CrossDomain,sklearn_fixture,29993fa5a07111060fb234185b682f6717de16a4d2e1350bc14293597f01621f,rf_digits_parity_v1,digits_parity,digits_parity,42,,,,2026-09-02T20:45:00Z,1.2.0,62e10bc07ec9873f,SAMPLE_PREDICTION_ERROR,prediction_error == 1 when model prediction != true target,model_prediction_versus_ground_truth,False,1,1,True,0,0.12,0.2,0.05,0.15,0.15,0.061282587702834124,,,,,,NORMAL,True,True,True,True,False,False,False,True,False,,,,
a6acd226395d4fb15e55cac9,STATIC_SELECTIVE_RISK,Module_12_CrossDomain,sklearn_fixture,29993fa5a07111060fb234185b682f6717de16a4d2e1350bc14293597f01621f,rf_digits_parity_v1,digits_parity,digits_parity,42,,,,2026-09-02T20:45:00Z,1.2.0,62e10bc07ec9873f,SAMPLE_PREDICTION_ERROR,prediction_error == 1 when model prediction != true target,model_prediction_versus_ground_truth,False,1,1,True,0,0.12,0.2,0.05,0.15,0.15,0.061282587702834124,,,,,,NORMAL,True,True,True,True,False,False,False,True,False,,,,
8edf180af8152c7f3e1d6d28,STATIC_SELECTIVE_RISK,Module_12_CrossDomain,sklearn_fixture,29993fa5a07111060fb234185b682f6717de16a4d2e1350bc14293597f01621f,rf_digits_parity_v1,digits_parity,digits_parity,42,,,,2026-09-02T20:45:00Z,1.2.0,62e10bc07ec9873f,SAMPLE_PREDICTION_ERROR,prediction_error == 1 when model prediction != true target,model_prediction_versus_ground_truth,False,1,1,True,0,0.12,0.2,0.05,0.15,0.15,0.061282587702834124,,,,,,NORMAL,True,True,True,True,False,False,False,True,False,,,,
a09370ccca475c198bcbc9a6,STATIC_SELECTIVE_RISK,Module_12_CrossDomain,sklearn_fixture,29993fa5a07111060fb234185b682f6717de16a4d2e1350bc14293597f01621f,rf_digits_parity_v1,digits_parity,digits_parity,42,,,,2026-09-02T20:45:00Z,1.2.0,62e10bc07ec9873f,SAMPLE_PREDICTION_ERROR,prediction_error == 1 when model prediction != true target,model_prediction_versus_ground_truth,False,1,1,True,0,0.12,0.2,0.05,0.15,0.15,0.061282587702834124,,,,,,NORMAL,True,True,True,True,False,False,False,True,False,,,,
195ae9b8d08c77faa24600f0,STATIC_SELECTIVE_RISK,Module_12_CrossDomain,sklearn_fixture,29993fa5a07111060fb234185b682f6717de16a4d2e1350bc14293597f01621f,rf_digits_parity_v1,digits_parity,digits_parity,42,,,,2026-09-02T20:45:00Z,1.2.0,62e10bc07ec9873f,SAMPLE_PREDICTION_ERROR,prediction_error == 1 when model prediction != true target,model_prediction_versus_ground_truth,False,0,0,True,0,0.12,0.2,0.05,0.15,0.15,0.061282587702834124,,,,,,NORMAL,True,True,True,True,False,False,False,True,False,,,,
0adcb5d3fe6dd60c4c1bc708,STATIC_SELECTIVE_RISK,Module_12_CrossDomain,sklearn_fixture,29993fa5a07111060fb234185b682f6717de16a4d2e1350bc14293597f01621f,rf_digits_parity_v1,digits_parity,digits_parity,42,,,,2026-09-02T20:45:00Z,1.2.0,62e10bc07ec9873f,SAMPLE_PREDICTION_ERROR,prediction_error == 1 when model prediction != true target,model_prediction_versus_ground_truth,False,0,0,True,0,0.12,0.2,0.05,0.15,0.15,0.061282587702834124,,,,,,NORMAL,True,True,True,True,False,False,False,True,False,,,,
aabb001185b6b1311bbf9436,STATIC_SELECTIVE_RISK,Module_12_CrossDomain,sklearn_fixture,29993fa5a07111060fb234185b682f6717de16a4d2e1350bc14293597f01621f,rf_digits_parity_v1,digits_parity,digits_parity,42,,,,2026-09-02T20:45:00Z,1.2.0,62e10bc07ec9873f,SAMPLE_PREDICTION_ERROR,prediction_error == 1 when model prediction != true target,model_prediction_versus_ground_truth,False,1,1,True,0,0.12,0.2,0.05,0.15,0.15,0.061282587702834124,,,,,,NORMAL,True,True,True,True,False,False,False,True,False,,,,
908b5f738f51739936c9a658,STATIC_SELECTIVE_RISK,Module_12_CrossDomain,sklearn_fixture,29993fa5a07111060fb234185b682f6717de16a4d2e1350bc14293597f01621f,rf_digits_parity_v1,digits_parity,digits_parity,42,,,,2026-09-02T20:45:00Z,1.2.0,62e10bc07ec9873f,SAMPLE_PREDICTION_ERROR,prediction_error == 1 when model prediction != true target,model_prediction_versus_ground_truth,False,0,0,True,0,0.12,0.2,0.05,0.15,0.15,0.061282587702834124,,,,,,NORMAL,True,True,True,True,False,False,False,True,False,,,,
435fe3513793c1b832f05432,STATIC_SELECTIVE_RISK,Module_12_CrossDomain,sklearn_fixture,29993fa5a07111060fb234185b682f6717de16a4d2e1350bc14293597f01621f,rf_digits_parity_v1,digits_parity,digits_parity,42,,,,2026-09-02T20:45:00Z,1.2.0,62e10bc07ec9873f,SAMPLE_PREDICTION_ERROR,prediction_error == 1 when model prediction != true target,model_prediction_versus_ground_truth,False,1,1,True,0,0.12,0.2,0.05,0.15,0.15,0.061282587702834124,,,,,,NORMAL,True,True,True,True,False,False,False,True,False,,,,
832d1ff27d8f214f1132d9bc,STATIC_SELECTIVE_RISK,Module_12_CrossDomain,sklearn_fixture,29993fa5a07111060fb234185b682f6717de16a4d2e1350bc14293597f01621f,rf_digits_parity_v1,digits_parity,digits_parity,42,,,,2026-09-02T20:45:00Z,1.2.0,62e10bc07ec9873f,SAMPLE_PREDICTION_ERROR,prediction_error == 1 when model prediction != true target,model_prediction_versus_ground_truth,False,0,0,True,0,0.12,0.2,0.05,0.15,0.15,0.061282587702834124,,,,,,NORMAL,True,True,True,True,False,False,False,True,False,,,,
058e1875daac4ca39a4dea93,STATIC_SELECTIVE_RISK,Module_12_CrossDomain,sklearn_fixture,29993fa5a07111060fb234185b682f6717de16a4d2e1350bc14293597f01621f,rf_digits_parity_v1,digits_parity,digits_parity,42,,,,2026-09-02T20:45:00Z,1.2.0,62e10bc07ec9873f,SAMPLE_PREDICTION_ERROR,prediction_error == 1 when model prediction != true target,model_prediction_versus_ground_truth,False,0,0,True,0,0.12,0.2,0.05,0.15,0.15,0.061282587702834124,,,,,,NORMAL,True,True,True,True,False,False,False,True,False,,,,
fe40cebbe2cbd2a645a10763,STATIC_SELECTIVE_RISK,Module_12_CrossDomain,sklearn_fixture,29993fa5a07111060fb234185b682f6717de16a4d2e1350bc14293597f01621f,rf_digits_parity_v1,digits_parity,digits_parity,42,,,,2026-09-02T20:45:00Z,1.2.0,62e10bc07ec9873f,SAMPLE_PREDICTION_ERROR,prediction_error == 1 when model prediction != true target,model_prediction_versus_ground_truth,False,1,1,True,0,0.12,0.2,0.05,0.15,0.15,0.061282587702834124,,,,,,NORMAL,True,True,True,True,False,False,False,True,False,,,,
703542e0637511abba7322e1,STATIC_SELECTIVE_RISK,Module_12_CrossDomain,sklearn_fixture,29993fa5a07111060fb234185b682f6717de16a4d2e1350bc14293597f01621f,rf_digits_parity_v1,digits_parity,digits_parity,42,,,,2026-09-02T20:45:00Z,1.2.0,62e10bc07ec9873f,SAMPLE_PREDICTION_ERROR,prediction_error == 1 when model prediction != true target,model_prediction_versus_ground_truth,False,1,1,True,0,0.12,0.2,0.05,0.15,0.15,0.061282587702834124,,,,,,NORMAL,True,True,True,True,False,False,False,True,False,,,,
e6b8dc83cf53c2bd621bd7a6,STATIC_SELECTIVE_RISK,Module_12_CrossDomain,sklearn_fixture,29993fa5a07111060fb234185b682f6717de16a4d2e1350bc14293597f01621f,rf_digits_parity_v1,digits_parity,digits_parity,42,,,,2026-09-02T20:45:00Z,1.2.0,62e10bc07ec9873f,SAMPLE_PREDICTION_ERROR,prediction_error == 1 when model prediction != true target,model_prediction_versus_ground_truth,False,0,0,True,0,0.12,0.2,0.05,0.15,0.15,0.061282587702834124,,,,,,NORMAL,True,True,True,True,False,False,False,True,False,,,,
403fae06796d3f31a7c7d8ad,STATIC_SELECTIVE_RISK,Module_12_CrossDomain,sklearn_fixture,29993fa5a07111060fb234185b682f6717de16a4d2e1350bc14293597f01621f,rf_digits_parity_v1,digits_parity,digits_parity,42,,,,2026-09-02T20:45:00Z,1.2.0,62e10bc07ec9873f,SAMPLE_PREDICTION_ERROR,prediction_error == 1 when model prediction != true target,model_prediction_versus_ground_truth,False,0,0,True,0,0.12,0.2,0.05,0.15,0.15,0.061282587702834124,,,,,,NORMAL,True,True,True,True,False,False,False,True,False,,,,
686fbae00d3b50c5f2e4f4a8,STATIC_SELECTIVE_RISK,Module_12_CrossDomain,sklearn_fixture,29993fa5a07111060fb234185b682f6717de16a4d2e1350bc14293597f01621f,rf_digits_parity_v1,digits_parity,digits_parity,42,,,,2026-09-02T20:45:00Z,1.2.0,62e10bc07ec9873f,SAMPLE_PREDICTION_ERROR,prediction_error == 1 when model prediction != true target,model_prediction_versus_ground_truth,False,0,0,True,0,0.12,0.2,0.05,0.15,0.15,0.061282587702834124,,,,,,NORMAL,True,True,True,True,False,False,False,True,False,,,,
5c79f10d49d5b145999d2542,STATIC_SELECTIVE_RISK,Module_12_CrossDomain,sklearn_fixture,29993fa5a07111060fb234185b682f6717de16a4d2e1350bc14293597f01621f,rf_digits_parity_v1,digits_parity,digits_parity,42,,,,2026-09-02T20:45:00Z,1.2.0,62e10bc07ec9873f,SAMPLE_PREDICTION_ERROR,prediction_error == 1 when model prediction != true target,model_prediction_versus_ground_truth,False,0,0,True,0,0.12,0.2,0.05,0.15,0.15,0.061282587702834124,,,,,,NORMAL,True,True,True,True,False,False,False,True,False,,,,
7d718bf9d70984a26a57d449,STATIC_SELECTIVE_RISK,Module_12_CrossDomain,sklearn_fixture,29993fa5a07111060fb234185b682f6717de16a4d2e1350bc14293597f01621f,rf_digits_parity_v1,digits_parity,digits_parity,42,,,,2026-09-02T20:45:00Z,1.2.0,62e10bc07ec9873f,SAMPLE_PREDICTION_ERROR,prediction_error == 1 when model prediction != true target,model_prediction_versus_ground_truth,False,0,0,True,0,0.12,0.2,0.05,0.15,0.15,0.061282587702834124,,,,,,NORMAL,True,True,True,True,False,False,False,True,False,,,,
8dacd0e399057569573262f8,STATIC_SELECTIVE_RISK,Module_12_CrossDomain,sklearn_fixture,29993fa5a07111060fb234185b682f6717de16a4d2e1350bc14293597f01621f,rf_digits_parity_v1,digits_parity,digits_parity,42,,,,2026-09-02T20:45:00Z,1.2.0,62e10bc07ec9873f,SAMPLE_PREDICTION_ERROR,prediction_error == 1 when model prediction != true target,model_prediction_versus_ground_truth,False,0,0,True,0,0.12,0.2,0.05,0.15,0.15,0.061282587702834124,,,,,,NORMAL,True,True,True,True,False,False,False,True,False,,,,
e50735eabf0edd9799619c72,STATIC_SELECTIVE_RISK,Module_12_CrossDomain,sklearn_fixture,29993fa5a07111060fb234185b682f6717de16a4d2e1350bc14293597f01621f,rf_digits_parity_v1,digits_parity,digits_parity,42,,,,2026-09-02T20:45:00Z,1.2.0,62e10bc07ec9873f,SAMPLE_PREDICTION_ERROR,prediction_error == 1 when model prediction != true target,model_prediction_versus_ground_truth,False,1,1,True,0,0.12,0.2,0.05,0.15,0.15,0.061282587702834124,,,,,,NORMAL,True,True,True,True,False,False,False,True,False,,,,
61f5c2fca4f3165f095a43a0,STATIC_SELECTIVE_RISK,Module_12_CrossDomain,sklearn_fixture,29993fa5a07111060fb234185b682f6717de16a4d2e1350bc14293597f01621f,rf_digits_parity_v1,digits_parity,digits_parity,42,,,,2026-09-02T20:45:00Z,1.2.0,62e10bc07ec9873f,SAMPLE_PREDICTION_ERROR,prediction_error == 1 when model prediction != true target,model_prediction_versus_ground_truth,False,1,1,True,0,0.12,0.2,0.05,0.15,0.15,0.061282587702834124,,,,,,NORMAL,True,True,True,True,False,False,False,True,False,,,,
832654b1f8555fec4b2e2d25,STATIC_SELECTIVE_RISK,Module_12_CrossDomain,sklearn_fixture,29993fa5a07111060fb234185b682f6717de16a4d2e1350bc14293597f01621f,rf_digits_parity_v1,digits_parity,digits_parity,42,,,,2026-09-02T20:45:00Z,1.2.0,62e10bc07ec9873f,SAMPLE_PREDICTION_ERROR,prediction_error == 1 when model prediction != true target,model_prediction_versus_ground_truth,False,1,1,True,0,0.12,0.2,0.05,0.15,0.15,0.061282587702834124,,,,,,NORMAL,True,True,True,True,False,False,False,True,False,,,,
be0e3d7a524f52bee60625b3,STATIC_SELECTIVE_RISK,Module_12_CrossDomain,sklearn_fixture,29993fa5a07111060fb234185b682f6717de16a4d2e1350bc14293597f01621f,rf_digits_parity_v1,digits_parity,digits_parity,42,,,,2026-09-02T20:45:00Z,1.2.0,62e10bc07ec9873f,SAMPLE_PREDICTION_ERROR,prediction_error == 1 when model prediction != true target,model_prediction_versus_ground_truth,False,0,0,True,0,0.12,0.2,0.05,0.15,0.15,0.061282587702834124,,,,,,NORMAL,True,True,True,True,False,False,False,True,False,,,,
6cf31b6a84217748fec7ce06,STATIC_SELECTIVE_RISK,Module_12_CrossDomain,sklearn_fixture,29993fa5a07111060fb234185b682f6717de16a4d2e1350bc14293597f01621f,rf_digits_parity_v1,digits_parity,digits_parity,42,,,,2026-09-02T20:45:00Z,1.2.0,62e10bc07ec9873f,SAMPLE_PREDICTION_ERROR,prediction_error == 1 when model prediction != true target,model_prediction_versus_ground_truth,False,0,0,True,0,0.12,0.2,0.05,0.15,0.15,0.061282587702834124,,,,,,NORMAL,True,True,True,True,False,False,False,True,False,,,,
c3e14ecd188cd96305dd6abd,STATIC_SELECTIVE_RISK,Module_12_CrossDomain,sklearn_fixture,29993fa5a07111060fb234185b682f6717de16a4d2e1350bc14293597f01621f,rf_digits_parity_v1,digits_parity,digits_parity,42,,,,2026-09-02T20:45:00Z,1.2.0,62e10bc07ec9873f,SAMPLE_PREDICTION_ERROR,prediction_error == 1 when model prediction != true target,model_prediction_versus_ground_truth,False,1,1,True,0,0.12,0.2,0.05,0.15,0.15,0.061282587702834124,,,,,,NORMAL,True,True,True,True,False,False,False,True,False,,,,
75ef7a4fa1c3f63e87fa229f,STATIC_SELECTIVE_RISK,Module_12_CrossDomain,sklearn_fixture,29993fa5a07111060fb234185b682f6717de16a4d2e1350bc14293597f01621f,rf_digits_parity_v1,digits_parity,digits_parity,42,,,,2026-09-02T20:45:00Z,1.2.0,62e10bc07ec9873f,SAMPLE_PREDICTION_ERROR,prediction_error == 1 when model prediction != true target,model_prediction_versus_ground_truth,False,1,1,True,0,0.12,0.2,0.05,0.15,0.15,0.061282587702834124,,,,,,NORMAL,True,True,True,True,False,False,False,True,False,,,,
3d6dc83a8a470d2540b844de,STATIC_SELECTIVE_RISK,Module_12_CrossDomain,sklearn_fixture,29993fa5a07111060fb234185b682f6717de16a4d2e1350bc14293597f01621f,rf_digits_parity_v1,digits_parity,digits_parity,42,,,,2026-09-02T20:45:00Z,1.2.0,62e10bc07ec9873f,SAMPLE_PREDICTION_ERROR,prediction_error == 1 when model prediction != true target,model_prediction_versus_ground_truth,False,0,0,True,0,0.12,0.2,0.05,0.15,0.15,0.061282587702834124,,,,,,NORMAL,True,True,True,True,False,False,False,True,False,,,,
9e22e4aee27d0052ac642d26,STATIC_SELECTIVE_RISK,Module_12_CrossDomain,sklearn_fixture,29993fa5a07111060fb234185b682f6717de16a4d2e1350bc14293597f01621f,rf_digits_parity_v1,digits_parity,digits_parity,42,,,,2026-09-02T20:45:00Z,1.2.0,62e10bc07ec9873f,SAMPLE_PREDICTION_ERROR,prediction_error == 1 when model prediction != true target,model_prediction_versus_ground_truth,False,0,0,True,0,0.12,0.2,0.05,0.15,0.15,0.061282587702834124,,,,,,NORMAL,True,True,True,True,False,False,False,True,False,,,,
76242aab9e9043b4f28b174c,STATIC_SELECTIVE_RISK,Module_12_CrossDomain,sklearn_fixture,29993fa5a07111060fb234185b682f6717de16a4d2e1350bc14293597f01621f,rf_digits_parity_v1,digits_parity,digits_parity,42,,,,2026-09-02T20:45:00Z,1.2.0,62e10bc07ec9873f,SAMPLE_PREDICTION_ERROR,prediction_error == 1 when model prediction != true target,model_prediction_versus_ground_truth,False,1,1,True,0,0.12,0.2,0.05,0.15,0.15,0.061282587702834124,,,,,,NORMAL,True,True,True,True,False,False,False,True,False,,,,
17b17a3f95f1e463798733d6,STATIC_SELECTIVE_RISK,Module_12_CrossDomain,sklearn_fixture,29993fa5a07111060fb234185b682f6717de16a4d2e1350bc14293597f01621f,rf_digits_parity_v1,digits_parity,digits_parity,42,,,,2026-09-02T20:45:00Z,1.2.0,62e10bc07ec9873f,SAMPLE_PREDICTION_ERROR,prediction_error == 1 when model prediction != true target,model_prediction_versus_ground_truth,False,0,0,True,0,0.12,0.2,0.05,0.15,0.15,0.061282587702834124,,,,,,NORMAL,True,True,True,True,False,False,False,True,False,,,,
e2b4c14b69ef1130cf778bc5,STATIC_SELECTIVE_RISK,Module_12_CrossDomain,sklearn_fixture,29993fa5a07111060fb234185b682f6717de16a4d2e1350bc14293597f01621f,rf_digits_parity_v1,digits_parity,digits_parity,42,,,,2026-09-02T20:45:00Z,1.2.0,62e10bc07ec9873f,SAMPLE_PREDICTION_ERROR,prediction_error == 1 when model prediction != true target,model_prediction_versus_ground_truth,False,1,1,True,0,0.12,0.2,0.05,0.15,0.15,0.061282587702834124,,,,,,NORMAL,True,True,True,True,False,False,False,True,False,,,,
e312b6ea2ffeafc0b236667a,STATIC_SELECTIVE_RISK,Module_12_CrossDomain,sklearn_fixture,29993fa5a07111060fb234185b682f6717de16a4d2e1350bc14293597f01621f,rf_digits_parity_v1,digits_parity,digits_parity,42,,,,2026-09-02T20:45:00Z,1.2.0,62e10bc07ec9873f,SAMPLE_PREDICTION_ERROR,prediction_error == 1 when model prediction != true target,model_prediction_versus_ground_truth,False,0,0,True,0,0.12,0.2,0.05,0.15,0.15,0.061282587702834124,,,,,,NORMAL,True,True,True,True,False,False,False,True,False,,,,
979ababb940dcf96887b3c77,STATIC_SELECTIVE_RISK,Module_12_CrossDomain,sklearn_fixture,29993fa5a07111060fb234185b682f6717de16a4d2e1350bc14293597f01621f,rf_digits_parity_v1,digits_parity,digits_parity,42,,,,2026-09-02T20:45:00Z,1.2.0,62e10bc07ec9873f,SAMPLE_PREDICTION_ERROR,prediction_error == 1 when model prediction != true target,model_prediction_versus_ground_truth,False,0,0,True,0,0.12,0.2,0.05,0.15,0.15,0.061282587702834124,,,,,,NORMAL,True,True,True,True,False,False,False,True,False,,,,
985622eecd9407a0caceee5e,STATIC_SELECTIVE_RISK,Module_12_CrossDomain,sklearn_fixture,29993fa5a07111060fb234185b682f6717de16a4d2e1350bc14293597f01621f,rf_digits_parity_v1,digits_parity,digits_parity,42,,,,2026-09-02T20:45:00Z,1.2.0,62e10bc07ec9873f,SAMPLE_PREDICTION_ERROR,prediction_error == 1 when model prediction != true target,model_prediction_versus_ground_truth,False,0,0,True,0,0.12,0.2,0.05,0.15,0.15,0.061282587702834124,,,,,,NORMAL,True,True,True,True,False,False,False,True,False,,,,
98da6a1696e8bd5b8ea0a98b,STATIC_SELECTIVE_RISK,Module_12_CrossDomain,sklearn_fixture,29993fa5a07111060fb234185b682f6717de16a4d2e1350bc14293597f01621f,rf_digits_parity_v1,digits_parity,digits_parity,42,,,,2026-09-02T20:45:00Z,1.2.0,62e10bc07ec9873f,SAMPLE_PREDICTION_ERROR,prediction_error == 1 when model prediction != true target,model_prediction_versus_ground_truth,False,1,1,True,0,0.12,0.2,0.05,0.15,0.15,0.061282587702834124,,,,,,NORMAL,True,True,True,True,False,False,False,True,False,,,,
3fc1054542a4e1ee8fa20061,STATIC_SELECTIVE_RISK,Module_12_CrossDomain,sklearn_fixture,29993fa5a07111060fb234185b682f6717de16a4d2e1350bc14293597f01621f,rf_digits_parity_v1,digits_parity,digits_parity,42,,,,2026-09-02T20:45:00Z,1.2.0,62e10bc07ec9873f,SAMPLE_PREDICTION_ERROR,prediction_error == 1 when model prediction != true target,model_prediction_versus_ground_truth,False,1,1,True,0,0.12,0.2,0.05,0.15,0.15,0.061282587702834124,,,,,,NORMAL,True,True,True,True,False,False,False,True,False,,,,
330a177e50ccd9f362647d62,STATIC_SELECTIVE_RISK,Module_12_CrossDomain,sklearn_fixture,29993fa5a07111060fb234185b682f6717de16a4d2e1350bc14293597f01621f,rf_digits_parity_v1,digits_parity,digits_parity,42,,,,2026-09-02T20:45:00Z,1.2.0,62e10bc07ec9873f,SAMPLE_PREDICTION_ERROR,prediction_error == 1 when model prediction != true target,model_prediction_versus_ground_truth,False,0,0,True,0,0.12,0.2,0.05,0.15,0.15,0.061282587702834124,,,,,,NORMAL,True,True,True,True,False,False,False,True,False,,,,
18ce4621c6ea9a95335660e8,STATIC_SELECTIVE_RISK,Module_12_CrossDomain,sklearn_fixture,29993fa5a07111060fb234185b682f6717de16a4d2e1350bc14293597f01621f,rf_digits_parity_v1,digits_parity,digits_parity,42,,,,2026-09-02T20:45:00Z,1.2.0,62e10bc07ec9873f,SAMPLE_PREDICTION_ERROR,prediction_error == 1 when model prediction != true target,model_prediction_versus_ground_truth,False,1,1,True,0,0.12,0.2,0.05,0.15,0.15,0.061282587702834124,,,,,,NORMAL,True,True,True,True,False,False,False,True,False,,,,
3f1e07dae0be74578fba9b95,STATIC_SELECTIVE_RISK,Module_12_CrossDomain,sklearn_fixture,29993fa5a07111060fb234185b682f6717de16a4d2e1350bc14293597f01621f,rf_digits_parity_v1,digits_parity,digits_parity,42,,,,2026-09-02T20:45:00Z,1.2.0,62e10bc07ec9873f,SAMPLE_PREDICTION_ERROR,prediction_error == 1 when model prediction != true target,model_prediction_versus_ground_truth,False,1,1,True,0,0.12,0.2,0.05,0.15,0.15,0.061282587702834124,,,,,,NORMAL,True,True,True,True,False,False,False,True,False,,,,
0b76be506f110246c06b2f2d,STATIC_SELECTIVE_RISK,Module_12_CrossDomain,sklearn_fixture,29993fa5a07111060fb234185b682f6717de16a4d2e1350bc14293597f01621f,rf_digits_parity_v1,digits_parity,digits_parity,42,,,,2026-09-02T20:45:00Z,1.2.0,62e10bc07ec9873f,SAMPLE_PREDICTION_ERROR,prediction_error == 1 when model prediction != true target,model_prediction_versus_ground_truth,False,1,1,True,0,0.12,0.2,0.05,0.15,0.15,0.061282587702834124,,,,,,NORMAL,True,True,True,True,False,False,False,True,False,,,,
b3131e2429f9e8aed63c1c43,STATIC_SELECTIVE_RISK,Module_12_CrossDomain,sklearn_fixture,29993fa5a07111060fb234185b682f6717de16a4d2e1350bc14293597f01621f,rf_digits_parity_v1,digits_parity,digits_parity,42,,,,2026-09-02T20:45:00Z,1.2.0,62e10bc07ec9873f,SAMPLE_PREDICTION_ERROR,prediction_error == 1 when model prediction != true target,model_prediction_versus_ground_truth,False,1,1,True,0,0.12,0.2,0.05,0.15,0.15,0.061282587702834124,,,,,,NORMAL,True,True,True,True,False,False,False,True,False,,,,
42709e101753a46a93ea5a91,STATIC_SELECTIVE_RISK,Module_12_CrossDomain,sklearn_fixture,29993fa5a07111060fb234185b682f6717de16a4d2e1350bc14293597f01621f,rf_digits_parity_v1,digits_parity,digits_parity,42,,,,2026-09-02T20:45:00Z,1.2.0,62e10bc07ec9873f,SAMPLE_PREDICTION_ERROR,prediction_error == 1 when model prediction != true target,model_prediction_versus_ground_truth,False,0,0,True,0,0.12,0.2,0.05,0.15,0.15,0.061282587702834124,,,,,,NORMAL,True,True,True,True,False,False,False,True,False,,,,
c7fccce34e203658d3dd8ce7,STATIC_SELECTIVE_RISK,Module_12_CrossDomain,sklearn_fixture,29993fa5a07111060fb234185b682f6717de16a4d2e1350bc14293597f01621f,rf_digits_parity_v1,digits_parity,digits_parity,42,,,,2026-09-02T20:45:00Z,1.2.0,62e10bc07ec9873f,SAMPLE_PREDICTION_ERROR,prediction_error == 1 when model prediction != true target,model_prediction_versus_ground_truth,False,0,0,True,0,0.12,0.2,0.05,0.15,0.15,0.061282587702834124,,,,,,NORMAL,True,True,True,True,False,False,False,True,False,,,,
65dc70b6a3bd58ec40dad90a,STATIC_SELECTIVE_RISK,Module_12_CrossDomain,sklearn_fixture,29993fa5a07111060fb234185b682f6717de16a4d2e1350bc14293597f01621f,rf_digits_parity_v1,digits_parity,digits_parity,42,,,,2026-09-02T20:45:00Z,1.2.0,62e10bc07ec9873f,SAMPLE_PREDICTION_ERROR,prediction_error == 1 when model prediction != true target,model_prediction_versus_ground_truth,False,0,0,True,0,0.12,0.2,0.05,0.15,0.15,0.061282587702834124,,,,,,NORMAL,True,True,True,True,False,False,False,True,False,,,,
58586d0d19c6dfc766044337,STATIC_SELECTIVE_RISK,Module_12_CrossDomain,sklearn_fixture,29993fa5a07111060fb234185b682f6717de16a4d2e1350bc14293597f01621f,rf_digits_parity_v1,digits_parity,digits_parity,42,,,,2026-09-02T20:45:00Z,1.2.0,62e10bc07ec9873f,SAMPLE_PREDICTION_ERROR,prediction_error == 1 when model prediction != true target,model_prediction_versus_ground_truth,False,0,0,True,0,0.12,0.2,0.05,0.15,0.15,0.061282587702834124,,,,,,NORMAL,True,True,True,True,False,False,False,True,False,,,,
2bbeaf9839c97f259828942a,STATIC_SELECTIVE_RISK,Module_12_CrossDomain,sklearn_fixture,29993fa5a07111060fb234185b682f6717de16a4d2e1350bc14293597f01621f,rf_digits_parity_v1,digits_parity,digits_parity,42,,,,2026-09-02T20:45:00Z,1.2.0,62e10bc07ec9873f,SAMPLE_PREDICTION_ERROR,prediction_error == 1 when model prediction != true target,model_prediction_versus_ground_truth,False,1,1,True,0,0.12,0.2,0.05,0.15,0.15,0.061282587702834124,,,,,,NORMAL,True,True,True,True,False,False,False,True,False,,,,
c28df60c54344a980749db7b,STATIC_SELECTIVE_RISK,Module_12_CrossDomain,sklearn_fixture,29993fa5a07111060fb234185b682f6717de16a4d2e1350bc14293597f01621f,rf_digits_parity_v1,digits_parity,digits_parity,42,,,,2026-09-02T20:45:00Z,1.2.0,62e10bc07ec9873f,SAMPLE_PREDICTION_ERROR,prediction_error == 1 when model prediction != true target,model_prediction_versus_ground_truth,False,1,1,True,0,0.12,0.2,0.05,0.15,0.15,0.061282587702834124,,,,,,NORMAL,True,True,True,True,False,False,False,True,False,,,,
de2294b39a34a8e43b4265e5,STATIC_SELECTIVE_RISK,Module_12_CrossDomain,sklearn_fixture,29993fa5a07111060fb234185b682f6717de16a4d2e1350bc14293597f01621f,rf_digits_parity_v1,digits_parity,digits_parity,42,,,,2026-09-02T20:45:00Z,1.2.0,62e10bc07ec9873f,SAMPLE_PREDICTION_ERROR,prediction_error == 1 when model prediction != true target,model_prediction_versus_ground_truth,False,1,1,True,0,0.12,0.2,0.05,0.15,0.15,0.061282587702834124,,,,,,NORMAL,True,True,True,True,False,False,False,True,False,,,,
1ab9843dc948d654088bbb5a,STATIC_SELECTIVE_RISK,Module_12_CrossDomain,sklearn_fixture,29993fa5a07111060fb234185b682f6717de16a4d2e1350bc14293597f01621f,rf_digits_parity_v1,digits_parity,digits_parity,42,,,,2026-09-02T20:45:00Z,1.2.0,62e10bc07ec9873f,SAMPLE_PREDICTION_ERROR,prediction_error == 1 when model prediction != true target,model_prediction_versus_ground_truth,False,1,1,True,0,0.12,0.2,0.05,0.15,0.15,0.061282587702834124,,,,,,NORMAL,True,True,True,True,False,False,False,True,False,,,,
3e500d446280a5509132d1e7,STATIC_SELECTIVE_RISK,Module_12_CrossDomain,sklearn_fixture,29993fa5a07111060fb234185b682f6717de16a4d2e1350bc14293597f01621f,rf_digits_parity_v1,digits_parity,digits_parity,42,,,,2026-09-02T20:45:00Z,1.2.0,62e10bc07ec9873f,SAMPLE_PREDICTION_ERROR,prediction_error == 1 when model prediction != true target,model_prediction_versus_ground_truth,False,0,0,True,0,0.12,0.2,0.05,0.15,0.15,0.061282587702834124,,,,,,NORMAL,True,True,True,True,False,False,False,True,False,,,,
9cebbd90f8104c03c7263240,STATIC_SELECTIVE_RISK,Module_12_CrossDomain,sklearn_fixture,29993fa5a07111060fb234185b682f6717de16a4d2e1350bc14293597f01621f,rf_digits_parity_v1,digits_parity,digits_parity,42,,,,2026-09-02T20:45:00Z,1.2.0,62e10bc07ec9873f,SAMPLE_PREDICTION_ERROR,prediction_error == 1 when model prediction != true target,model_prediction_versus_ground_truth,False,1,1,True,0,0.12,0.2,0.05,0.15,0.15,0.061282587702834124,,,,,,NORMAL,True,True,True,True,False,False,False,True,False,,,,
9128e9f50116dd5e32507431,STATIC_SELECTIVE_RISK,Module_12_CrossDomain,sklearn_fixture,29993fa5a07111060fb234185b682f6717de16a4d2e1350bc14293597f01621f,rf_digits_parity_v1,digits_parity,digits_parity,42,,,,2026-09-02T20:45:00Z,1.2.0,62e10bc07ec9873f,SAMPLE_PREDICTION_ERROR,prediction_error == 1 when model prediction != true target,model_prediction_versus_ground_truth,False,1,1,True,0,0.12,0.2,0.05,0.15,0.15,0.061282587702834124,,,,,,NORMAL,True,True,True,True,False,False,False,True,False,,,,
f9a0d9c487aaab10d35389b0,STATIC_SELECTIVE_RISK,Module_12_CrossDomain,sklearn_fixture,29993fa5a07111060fb234185b682f6717de16a4d2e1350bc14293597f01621f,rf_digits_parity_v1,digits_parity,digits_parity,42,,,,2026-09-02T20:45:00Z,1.2.0,62e10bc07ec9873f,SAMPLE_PREDICTION_ERROR,prediction_error == 1 when model prediction != true target,model_prediction_versus_ground_truth,False,0,0,True,0,0.12,0.2,0.05,0.15,0.15,0.061282587702834124,,,,,,NORMAL,True,True,True,True,False,False,False,True,False,,,,
75df588b64f9b7d9ca6c546a,STATIC_SELECTIVE_RISK,Module_12_CrossDomain,sklearn_fixture,29993fa5a07111060fb234185b682f6717de16a4d2e1350bc14293597f01621f,rf_digits_parity_v1,digits_parity,digits_parity,42,,,,2026-09-02T20:45:00Z,1.2.0,62e10bc07ec9873f,SAMPLE_PREDICTION_ERROR,prediction_error == 1 when model prediction != true target,model_prediction_versus_ground_truth,False,1,1,True,0,0.12,0.2,0.05,0.15,0.15,0.061282587702834124,,,,,,NORMAL,True,True,True,True,False,False,False,True,False,,,,
9b0d4b37c48bee68787c49d4,STATIC_SELECTIVE_RISK,Module_12_CrossDomain,sklearn_fixture,29993fa5a07111060fb234185b682f6717de16a4d2e1350bc14293597f01621f,rf_digits_parity_v1,digits_parity,digits_parity,42,,,,2026-09-02T20:45:00Z,1.2.0,62e10bc07ec9873f,SAMPLE_PREDICTION_ERROR,prediction_error == 1 when model prediction != true target,model_prediction_versus_ground_truth,False,1,1,True,0,0.12,0.2,0.05,0.15,0.15,0.061282587702834124,,,,,,NORMAL,True,True,True,True,False,False,False,True,False,,,,
21540eeab918e445b133d59b,STATIC_SELECTIVE_RISK,Module_12_CrossDomain,sklearn_fixture,29993fa5a07111060fb234185b682f6717de16a4d2e1350bc14293597f01621f,rf_digits_parity_v1,digits_parity,digits_parity,42,,,,2026-09-02T20:45:00Z,1.2.0,62e10bc07ec9873f,SAMPLE_PREDICTION_ERROR,prediction_error == 1 when model prediction != true target,model_prediction_versus_ground_truth,False,0,0,True,0,0.12,0.2,0.05,0.15,0.15,0.061282587702834124,,,,,,NORMAL,True,True,True,True,False,False,False,True,False,,,,
04453bedf667fee844a97acd,STATIC_SELECTIVE_RISK,Module_12_CrossDomain,sklearn_fixture,29993fa5a07111060fb234185b682f6717de16a4d2e1350bc14293597f01621f,rf_digits_parity_v1,digits_parity,digits_parity,42,,,,2026-09-02T20:45:00Z,1.2.0,62e10bc07ec9873f,SAMPLE_PREDICTION_ERROR,prediction_error == 1 when model prediction != true target,model_prediction_versus_ground_truth,False,1,1,True,0,0.12,0.2,0.05,0.15,0.15,0.061282587702834124,,,,,,NORMAL,True,True,True,True,False,False,False,True,False,,,,
5631e35fa88701913c2a48a9,STATIC_SELECTIVE_RISK,Module_12_CrossDomain,sklearn_fixture,29993fa5a07111060fb234185b682f6717de16a4d2e1350bc14293597f01621f,rf_digits_parity_v1,digits_parity,digits_parity,42,,,,2026-09-02T20:45:00Z,1.2.0,62e10bc07ec9873f,SAMPLE_PREDICTION_ERROR,prediction_error == 1 when model prediction != true target,model_prediction_versus_ground_truth,False,0,0,True,0,0.12,0.2,0.05,0.15,0.15,0.061282587702834124,,,,,,NORMAL,True,True,True,True,False,False,False,True,False,,,,
bd65e16085b7c1bb232ed0d3,STATIC_SELECTIVE_RISK,Module_12_CrossDomain,sklearn_fixture,29993fa5a07111060fb234185b682f6717de16a4d2e1350bc14293597f01621f,rf_digits_parity_v1,digits_parity,digits_parity,42,,,,2026-09-02T20:45:00Z,1.2.0,62e10bc07ec9873f,SAMPLE_PREDICTION_ERROR,prediction_error == 1 when model prediction != true target,model_prediction_versus_ground_truth,False,1,1,True,0,0.12,0.2,0.05,0.15,0.15,0.061282587702834124,,,,,,NORMAL,True,True,True,True,False,False,False,True,False,,,,
7cfd45a4ff8937ea102b958c,STATIC_SELECTIVE_RISK,Module_12_CrossDomain,sklearn_fixture,29993fa5a07111060fb234185b682f6717de16a4d2e1350bc14293597f01621f,rf_digits_parity_v1,digits_parity,digits_parity,42,,,,2026-09-02T20:45:00Z,1.2.0,62e10bc07ec9873f,SAMPLE_PREDICTION_ERROR,prediction_error == 1 when model prediction != true target,model_prediction_versus_ground_truth,False,0,0,True,0,0.12,0.2,0.05,0.15,0.15,0.061282587702834124,,,,,,NORMAL,True,True,True,True,False,False,False,True,False,,,,
7373b1022e9882ba945dbd77,STATIC_SELECTIVE_RISK,Module_12_CrossDomain,sklearn_fixture,29993fa5a07111060fb234185b682f6717de16a4d2e1350bc14293597f01621f,rf_digits_parity_v1,digits_parity,digits_parity,42,,,,2026-09-02T20:45:00Z,1.2.0,62e10bc07ec9873f,SAMPLE_PREDICTION_ERROR,prediction_error == 1 when model prediction != true target,model_prediction_versus_ground_truth,False,1,1,True,0,0.12,0.2,0.05,0.15,0.15,0.061282587702834124,,,,,,NORMAL,True,True,True,True,False,False,False,True,False,,,,
7f0ee11b15a069b81356c4e4,STATIC_SELECTIVE_RISK,Module_12_CrossDomain,sklearn_fixture,29993fa5a07111060fb234185b682f6717de16a4d2e1350bc14293597f01621f,rf_digits_parity_v1,digits_parity,digits_parity,42,,,,2026-09-02T20:45:00Z,1.2.0,62e10bc07ec9873f,SAMPLE_PREDICTION_ERROR,prediction_error == 1 when model prediction != true target,model_prediction_versus_ground_truth,False,0,0,True,0,0.12,0.2,0.05,0.15,0.15,0.061282587702834124,,,,,,NORMAL,True,True,True,True,False,False,False,True,False,,,,
f2f20a9f777ec44af5c4528c,STATIC_SELECTIVE_RISK,Module_12_CrossDomain,sklearn_fixture,29993fa5a07111060fb234185b682f6717de16a4d2e1350bc14293597f01621f,rf_digits_parity_v1,digits_parity,digits_parity,42,,,,2026-09-02T20:45:00Z,1.2.0,62e10bc07ec9873f,SAMPLE_PREDICTION_ERROR,prediction_error == 1 when model prediction != true target,model_prediction_versus_ground_truth,False,1,1,True,0,0.12,0.2,0.05,0.15,0.15,0.061282587702834124,,,,,,NORMAL,True,True,True,True,False,False,False,True,False,,,,
ea68e0efa2217b2f598d3089,STATIC_SELECTIVE_RISK,Module_12_CrossDomain,sklearn_fixture,29993fa5a07111060fb234185b682f6717de16a4d2e1350bc14293597f01621f,rf_digits_parity_v1,digits_parity,digits_parity,42,,,,2026-09-02T20:45:00Z,1.2.0,62e10bc07ec9873f,SAMPLE_PREDICTION_ERROR,prediction_error == 1 when model prediction != true target,model_prediction_versus_ground_truth,False,0,0,True,0,0.12,0.2,0.05,0.15,0.15,0.061282587702834124,,,,,,NORMAL,True,True,True,True,False,False,False,True,False,,,,
e4a678ed3f099524427ec098,STATIC_SELECTIVE_RISK,Module_12_CrossDomain,sklearn_fixture,29993fa5a07111060fb234185b682f6717de16a4d2e1350bc14293597f01621f,rf_digits_parity_v1,digits_parity,digits_parity,42,,,,2026-09-02T20:45:00Z,1.2.0,62e10bc07ec9873f,SAMPLE_PREDICTION_ERROR,prediction_error == 1 when model prediction != true target,model_prediction_versus_ground_truth,False,1,1,True,0,0.12,0.2,0.05,0.15,0.15,0.061282587702834124,,,,,,NORMAL,True,True,True,True,False,False,False,True,False,,,,
041b6358099e23bff49cecc4,STATIC_SELECTIVE_RISK,Module_12_CrossDomain,sklearn_fixture,29993fa5a07111060fb234185b682f6717de16a4d2e1350bc14293597f01621f,rf_digits_parity_v1,digits_parity,digits_parity,42,,,,2026-09-02T20:45:00Z,1.2.0,62e10bc07ec9873f,SAMPLE_PREDICTION_ERROR,prediction_error == 1 when model prediction != true target,model_prediction_versus_ground_truth,False,0,0,True,0,0.12,0.2,0.05,0.15,0.15,0.061282587702834124,,,,,,NORMAL,True,True,True,True,False,False,False,True,False,,,,
636cc77a18b4efc26d6eea57,STATIC_SELECTIVE_RISK,Module_12_CrossDomain,sklearn_fixture,29993fa5a07111060fb234185b682f6717de16a4d2e1350bc14293597f01621f,rf_digits_parity_v1,digits_parity,digits_parity,42,,,,2026-09-02T20:45:00Z,1.2.0,62e10bc07ec9873f,SAMPLE_PREDICTION_ERROR,prediction_error == 1 when model prediction != true target,model_prediction_versus_ground_truth,False,1,1,True,0,0.12,0.2,0.05,0.15,0.15,0.061282587702834124,,,,,,NORMAL,True,True,True,True,False,False,False,True,False,,,,
e3f6c88a1a4fdd05224f87a0,STATIC_SELECTIVE_RISK,Module_12_CrossDomain,sklearn_fixture,29993fa5a07111060fb234185b682f6717de16a4d2e1350bc14293597f01621f,rf_digits_parity_v1,digits_parity,digits_parity,42,,,,2026-09-02T20:45:00Z,1.2.0,62e10bc07ec9873f,SAMPLE_PREDICTION_ERROR,prediction_error == 1 when model prediction != true target,model_prediction_versus_ground_truth,False,0,0,True,0,0.12,0.2,0.05,0.15,0.15,0.061282587702834124,,,,,,NORMAL,True,True,True,True,False,False,False,True,False,,,,
b65f890c917fd98f5706a860,STATIC_SELECTIVE_RISK,Module_12_CrossDomain,sklearn_fixture,29993fa5a07111060fb234185b682f6717de16a4d2e1350bc14293597f01621f,rf_digits_parity_v1,digits_parity,digits_parity,42,,,,2026-09-02T20:45:00Z,1.2.0,62e10bc07ec9873f,SAMPLE_PREDICTION_ERROR,prediction_error == 1 when model prediction != true target,model_prediction_versus_ground_truth,False,1,1,True,0,0.12,0.2,0.05,0.15,0.15,0.061282587702834124,,,,,,NORMAL,True,True,True,True,False,False,False,True,False,,,,
faa29625cf0f7ed8b5f5ceb3,STATIC_SELECTIVE_RISK,Module_12_CrossDomain,sklearn_fixture,29993fa5a07111060fb234185b682f6717de16a4d2e1350bc14293597f01621f,rf_digits_parity_v1,digits_parity,digits_parity,42,,,,2026-09-02T20:45:00Z,1.2.0,62e10bc07ec9873f,SAMPLE_PREDICTION_ERROR,prediction_error == 1 when model prediction != true target,model_prediction_versus_ground_truth,False,0,0,True,0,0.12,0.2,0.05,0.15,0.15,0.061282587702834124,,,,,,NORMAL,True,True,True,True,False,False,False,True,False,,,,
26ebce4feba6b1f414916c43,STATIC_SELECTIVE_RISK,Module_12_CrossDomain,sklearn_fixture,29993fa5a07111060fb234185b682f6717de16a4d2e1350bc14293597f01621f,rf_digits_parity_v1,digits_parity,digits_parity,42,,,,2026-09-02T20:45:00Z,1.2.0,62e10bc07ec9873f,SAMPLE_PREDICTION_ERROR,prediction_error == 1 when model prediction != true target,model_prediction_versus_ground_truth,False,1,1,True,0,0.12,0.2,0.05,0.15,0.15,0.061282587702834124,,,,,,NORMAL,True,True,True,True,False,False,False,True,False,,,,
7764f3c2c01cc2b9a19d8285,STATIC_SELECTIVE_RISK,Module_12_CrossDomain,sklearn_fixture,29993fa5a07111060fb234185b682f6717de16a4d2e1350bc14293597f01621f,rf_digits_parity_v1,digits_parity,digits_parity,42,,,,2026-09-02T20:45:00Z,1.2.0,62e10bc07ec9873f,SAMPLE_PREDICTION_ERROR,prediction_error == 1 when model prediction != true target,model_prediction_versus_ground_truth,False,0,0,True,0,0.12,0.2,0.05,0.15,0.15,0.061282587702834124,,,,,,NORMAL,True,True,True,True,False,False,False,True,False,,,,
ef8f3e7a26802d681a1674cb,STATIC_SELECTIVE_RISK,Module_12_CrossDomain,sklearn_fixture,29993fa5a07111060fb234185b682f6717de16a4d2e1350bc14293597f01621f,rf_digits_parity_v1,digits_parity,digits_parity,42,,,,2026-09-02T20:45:00Z,1.2.0,62e10bc07ec9873f,SAMPLE_PREDICTION_ERROR,prediction_error == 1 when model prediction != true target,model_prediction_versus_ground_truth,False,1,1,True,0,0.12,0.2,0.05,0.15,0.15,0.061282587702834124,,,,,,NORMAL,True,True,True,True,False,False,False,True,False,,,,
26ce3a4b6aceddba6a0d4563,STATIC_SELECTIVE_RISK,Module_12_CrossDomain,sklearn_fixture,29993fa5a07111060fb234185b682f6717de16a4d2e1350bc14293597f01621f,rf_digits_parity_v1,digits_parity,digits_parity,42,,,,2026-09-02T20:45:00Z,1.2.0,62e10bc07ec9873f,SAMPLE_PREDICTION_ERROR,prediction_error == 1 when model prediction != true target,model_prediction_versus_ground_truth,False,0,0,True,0,0.12,0.2,0.05,0.15,0.15,0.061282587702834124,,,,,,NORMAL,True,True,True,True,False,False,False,True,False,,,,
61cf8e4c62b84334e79c7635,STATIC_SELECTIVE_RISK,Module_12_CrossDomain,sklearn_fixture,29993fa5a07111060fb234185b682f6717de16a4d2e1350bc14293597f01621f,rf_digits_parity_v1,digits_parity,digits_parity,42,,,,2026-09-02T20:45:00Z,1.2.0,62e10bc07ec9873f,SAMPLE_PREDICTION_ERROR,prediction_error == 1 when model prediction != true target,model_prediction_versus_ground_truth,False,1,1,True,0,0.12,0.2,0.05,0.15,0.15,0.061282587702834124,,,,,,NORMAL,True,True,True,True,False,False,False,True,False,,,,
59181f0a1cbd9cacb1f09725,STATIC_SELECTIVE_RISK,Module_12_CrossDomain,sklearn_fixture,29993fa5a07111060fb234185b682f6717de16a4d2e1350bc14293597f01621f,rf_digits_parity_v1,digits_parity,digits_parity,42,,,,2026-09-02T20:45:00Z,1.2.0,62e10bc07ec9873f,SAMPLE_PREDICTION_ERROR,prediction_error == 1 when model prediction != true target,model_prediction_versus_ground_truth,False,0,0,True,0,0.12,0.2,0.05,0.15,0.15,0.061282587702834124,,,,,,NORMAL,True,True,True,True,False,False,False,True,False,,,,
0aa9be02327eae4406e01426,STATIC_SELECTIVE_RISK,Module_12_CrossDomain,sklearn_fixture,29993fa5a07111060fb234185b682f6717de16a4d2e1350bc14293597f01621f,rf_digits_parity_v1,digits_parity,digits_parity,42,,,,2026-09-02T20:45:00Z,1.2.0,62e10bc07ec9873f,SAMPLE_PREDICTION_ERROR,prediction_error == 1 when model prediction != true target,model_prediction_versus_ground_truth,False,1,1,True,0,0.12,0.2,0.05,0.15,0.15,0.061282587702834124,,,,,,NORMAL,True,True,True,True,False,False,False,True,False,,,,
73dc83ba8ef811d2c16310bb,STATIC_SELECTIVE_RISK,Module_12_CrossDomain,sklearn_fixture,29993fa5a07111060fb234185b682f6717de16a4d2e1350bc14293597f01621f,rf_digits_parity_v1,digits_parity,digits_parity,42,,,,2026-09-02T20:45:00Z,1.2.0,62e10bc07ec9873f,SAMPLE_PREDICTION_ERROR,prediction_error == 1 when model prediction != true target,model_prediction_versus_ground_truth,False,0,0,True,0,0.12,0.2,0.05,0.15,0.15,0.061282587702834124,,,,,,NORMAL,True,True,True,True,False,False,False,True,False,,,,
8dffd337ad9eee22010c1854,STATIC_SELECTIVE_RISK,Module_12_CrossDomain,sklearn_fixture,29993fa5a07111060fb234185b682f6717de16a4d2e1350bc14293597f01621f,rf_digits_parity_v1,digits_parity,digits_parity,42,,,,2026-09-02T20:45:00Z,1.2.0,62e10bc07ec9873f,SAMPLE_PREDICTION_ERROR,prediction_error == 1 when model prediction != true target,model_prediction_versus_ground_truth,False,1,0,False,1,0.12,0.2,0.05,0.15,0.15,0.061282587702834124,,,,,,NORMAL,True,True,True,True,False,False,False,True,False,,,,
7b60ee5ad583b748d39be7cb,STATIC_SELECTIVE_RISK,Module_12_CrossDomain,sklearn_fixture,29993fa5a07111060fb234185b682f6717de16a4d2e1350bc14293597f01621f,rf_digits_parity_v1,digits_parity,digits_parity,42,,,,2026-09-02T20:45:00Z,1.2.0,62e10bc07ec9873f,SAMPLE_PREDICTION_ERROR,prediction_error == 1 when model prediction != true target,model_prediction_versus_ground_truth,False,0,0,True,0,0.12,0.2,0.05,0.15,0.15,0.061282587702834124,,,,,,NORMAL,True,True,True,True,False,False,False,True,False,,,,
0b1bd5f91369edeea789e590,STATIC_SELECTIVE_RISK,Module_12_CrossDomain,sklearn_fixture,29993fa5a07111060fb234185b682f6717de16a4d2e1350bc14293597f01621f,rf_digits_parity_v1,digits_parity,digits_parity,42,,,,2026-09-02T20:45:00Z,1.2.0,62e10bc07ec9873f,SAMPLE_PREDICTION_ERROR,prediction_error == 1 when model prediction != true target,model_prediction_versus_ground_truth,False,1,1,True,0,0.12,0.2,0.05,0.15,0.15,0.061282587702834124,,,,,,NORMAL,True,True,True,True,False,False,False,True,False,,,,
dcf1d39d4254c567dab301c2,STATIC_SELECTIVE_RISK,Module_12_CrossDomain,sklearn_fixture,29993fa5a07111060fb234185b682f6717de16a4d2e1350bc14293597f01621f,rf_digits_parity_v1,digits_parity,digits_parity,42,,,,2026-09-02T20:45:00Z,1.2.0,62e10bc07ec9873f,SAMPLE_PREDICTION_ERROR,prediction_error == 1 when model prediction != true target,model_prediction_versus_ground_truth,False,0,0,True,0,0.12,0.2,0.05,0.15,0.15,0.061282587702834124,,,,,,NORMAL,True,True,True,True,False,False,False,True,False,,,,
87f78c4995f2a2264ab2b8b4,STATIC_SELECTIVE_RISK,Module_12_CrossDomain,sklearn_fixture,29993fa5a07111060fb234185b682f6717de16a4d2e1350bc14293597f01621f,rf_digits_parity_v1,digits_parity,digits_parity,42,,,,2026-09-02T20:45:00Z,1.2.0,62e10bc07ec9873f,SAMPLE_PREDICTION_ERROR,prediction_error == 1 when model prediction != true target,model_prediction_versus_ground_truth,False,1,1,True,0,0.12,0.2,0.05,0.15,0.15,0.061282587702834124,,,,,,NORMAL,True,True,True,True,False,False,False,True,False,,,,
8ba28649248dcd9694e38562,STATIC_SELECTIVE_RISK,Module_12_CrossDomain,sklearn_fixture,29993fa5a07111060fb234185b682f6717de16a4d2e1350bc14293597f01621f,rf_digits_parity_v1,digits_parity,digits_parity,42,,,,2026-09-02T20:45:00Z,1.2.0,62e10bc07ec9873f,SAMPLE_PREDICTION_ERROR,prediction_error == 1 when model prediction != true target,model_prediction_versus_ground_truth,False,0,0,True,0,0.12,0.2,0.05,0.15,0.15,0.061282587702834124,,,,,,NORMAL,True,True,True,True,False,False,False,True,False,,,,
7d6386a485439315216b6c3a,STATIC_SELECTIVE_RISK,Module_12_CrossDomain,sklearn_fixture,29993fa5a07111060fb234185b682f6717de16a4d2e1350bc14293597f01621f,rf_digits_parity_v1,digits_parity,digits_parity,42,,,,2026-09-02T20:45:00Z,1.2.0,62e10bc07ec9873f,SAMPLE_PREDICTION_ERROR,prediction_error == 1 when model prediction != true target,model_prediction_versus_ground_truth,False,1,1,True,0,0.12,0.2,0.05,0.15,0.15,0.061282587702834124,,,,,,NORMAL,True,True,True,True,False,False,False,True,False,,,,
3f279e8317d73bed96918de2,STATIC_SELECTIVE_RISK,Module_12_CrossDomain,sklearn_fixture,29993fa5a07111060fb234185b682f6717de16a4d2e1350bc14293597f01621f,rf_digits_parity_v1,digits_parity,digits_parity,42,,,,2026-09-02T20:45:00Z,1.2.0,62e10bc07ec9873f,SAMPLE_PREDICTION_ERROR,prediction_error == 1 when model prediction != true target,model_prediction_versus_ground_truth,False,0,0,True,0,0.12,0.2,0.05,0.15,0.15,0.061282587702834124,,,,,,NORMAL,True,True,True,True,False,False,False,True,False,,,,
f8364d37a586966fa929c9c6,STATIC_SELECTIVE_RISK,Module_12_CrossDomain,sklearn_fixture,29993fa5a07111060fb234185b682f6717de16a4d2e1350bc14293597f01621f,rf_digits_parity_v1,digits_parity,digits_parity,42,,,,2026-09-02T20:45:00Z,1.2.0,62e10bc07ec9873f,SAMPLE_PREDICTION_ERROR,prediction_error == 1 when model prediction != true target,model_prediction_versus_ground_truth,False,0,0,True,0,0.12,0.2,0.05,0.15,0.15,0.061282587702834124,,,,,,NORMAL,True,True,True,True,False,False,False,True,False,,,,
241e99de3947e962b3e0f3e2,STATIC_SELECTIVE_RISK,Module_12_CrossDomain,sklearn_fixture,29993fa5a07111060fb234185b682f6717de16a4d2e1350bc14293597f01621f,rf_digits_parity_v1,digits_parity,digits_parity,42,,,,2026-09-02T20:45:00Z,1.2.0,62e10bc07ec9873f,SAMPLE_PREDICTION_ERROR,prediction_error == 1 when model prediction != true target,model_prediction_versus_ground_truth,False,0,0,True,0,0.12,0.2,0.05,0.15,0.15,0.061282587702834124,,,,,,NORMAL,True,True,True,True,False,False,False,True,False,,,,
a59bf03e04779b2b55d95960,STATIC_SELECTIVE_RISK,Module_12_CrossDomain,sklearn_fixture,29993fa5a07111060fb234185b682f6717de16a4d2e1350bc14293597f01621f,rf_digits_parity_v1,digits_parity,digits_parity,42,,,,2026-09-02T20:45:00Z,1.2.0,62e10bc07ec9873f,SAMPLE_PREDICTION_ERROR,prediction_error == 1 when model prediction != true target,model_prediction_versus_ground_truth,False,1,1,True,0,0.12,0.2,0.05,0.15,0.15,0.061282587702834124,,,,,,NORMAL,True,True,True,True,False,False,False,True,False,,,,
dedb446b455040c7e0bd5630,STATIC_SELECTIVE_RISK,Module_12_CrossDomain,sklearn_fixture,29993fa5a07111060fb234185b682f6717de16a4d2e1350bc14293597f01621f,rf_digits_parity_v1,digits_parity,digits_parity,42,,,,2026-09-02T20:45:00Z,1.2.0,62e10bc07ec9873f,SAMPLE_PREDICTION_ERROR,prediction_error == 1 when model prediction != true target,model_prediction_versus_ground_truth,False,0,0,True,0,0.12,0.2,0.05,0.15,0.15,0.061282587702834124,,,,,,NORMAL,True,True,True,True,False,False,False,True,False,,,,
4a481bf7c66d869fd01e6973,STATIC_SELECTIVE_RISK,Module_12_CrossDomain,sklearn_fixture,29993fa5a07111060fb234185b682f6717de16a4d2e1350bc14293597f01621f,rf_digits_parity_v1,digits_parity,digits_parity,42,,,,2026-09-02T20:45:00Z,1.2.0,62e10bc07ec9873f,SAMPLE_PREDICTION_ERROR,prediction_error == 1 when model prediction != true target,model_prediction_versus_ground_truth,False,1,1,True,0,0.12,0.2,0.05,0.15,0.15,0.061282587702834124,,,,,,NORMAL,True,True,True,True,False,False,False,True,False,,,,
5aff90fdaff046ca40372782,STATIC_SELECTIVE_RISK,Module_12_CrossDomain,sklearn_fixture,29993fa5a07111060fb234185b682f6717de16a4d2e1350bc14293597f01621f,rf_digits_parity_v1,digits_parity,digits_parity,42,,,,2026-09-02T20:45:00Z,1.2.0,62e10bc07ec9873f,SAMPLE_PREDICTION_ERROR,prediction_error == 1 when model prediction != true target,model_prediction_versus_ground_truth,False,0,0,True,0,0.12,0.2,0.05,0.15,0.15,0.061282587702834124,,,,,,NORMAL,True,True,True,True,False,False,False,True,False,,,,
73e6036e448207bd517e3ffb,STATIC_SELECTIVE_RISK,Module_12_CrossDomain,sklearn_fixture,29993fa5a07111060fb234185b682f6717de16a4d2e1350bc14293597f01621f,rf_digits_parity_v1,digits_parity,digits_parity,42,,,,2026-09-02T20:45:00Z,1.2.0,62e10bc07ec9873f,SAMPLE_PREDICTION_ERROR,prediction_error == 1 when model prediction != true target,model_prediction_versus_ground_truth,False,1,1,True,0,0.12,0.2,0.05,0.15,0.15,0.061282587702834124,,,,,,NORMAL,True,True,True,True,False,False,False,True,False,,,,
b8777ae722e20b26d95c8e26,STATIC_SELECTIVE_RISK,Module_12_CrossDomain,sklearn_fixture,29993fa5a07111060fb234185b682f6717de16a4d2e1350bc14293597f01621f,rf_digits_parity_v1,digits_parity,digits_parity,42,,,,2026-09-02T20:45:00Z,1.2.0,62e10bc07ec9873f,SAMPLE_PREDICTION_ERROR,prediction_error == 1 when model prediction != true target,model_prediction_versus_ground_truth,False,0,0,True,0,0.12,0.2,0.05,0.15,0.15,0.061282587702834124,,,,,,NORMAL,True,True,True,True,False,False,False,True,False,,,,
425f06d7abaa9e3e2e88c3fb,STATIC_SELECTIVE_RISK,Module_12_CrossDomain,sklearn_fixture,29993fa5a07111060fb234185b682f6717de16a4d2e1350bc14293597f01621f,rf_digits_parity_v1,digits_parity,digits_parity,42,,,,2026-09-02T20:45:00Z,1.2.0,62e10bc07ec9873f,SAMPLE_PREDICTION_ERROR,prediction_error == 1 when model prediction != true target,model_prediction_versus_ground_truth,False,1,1,True,0,0.12,0.2,0.05,0.15,0.15,0.061282587702834124,,,,,,NORMAL,True,True,True,True,False,False,False,True,False,,,,
23ec5559a7be0e8eecfa3ac4,STATIC_SELECTIVE_RISK,Module_12_CrossDomain,sklearn_fixture,29993fa5a07111060fb234185b682f6717de16a4d2e1350bc14293597f01621f,rf_digits_parity_v1,digits_parity,digits_parity,42,,,,2026-09-02T20:45:00Z,1.2.0,62e10bc07ec9873f,SAMPLE_PREDICTION_ERROR,prediction_error == 1 when model prediction != true target,model_prediction_versus_ground_truth,False,1,1,True,0,0.12,0.2,0.05,0.15,0.15,0.061282587702834124,,,,,,NORMAL,True,True,True,True,False,False,False,True,False,,,,
93ff44ec369ef1c2de2ec734,STATIC_SELECTIVE_RISK,Module_12_CrossDomain,sklearn_fixture,29993fa5a07111060fb234185b682f6717de16a4d2e1350bc14293597f01621f,rf_digits_parity_v1,digits_parity,digits_parity,42,,,,2026-09-02T20:45:00Z,1.2.0,62e10bc07ec9873f,SAMPLE_PREDICTION_ERROR,prediction_error == 1 when model prediction != true target,model_prediction_versus_ground_truth,False,0,0,True,0,0.12,0.2,0.05,0.15,0.15,0.061282587702834124,,,,,,NORMAL,True,True,True,True,False,False,False,True,False,,,,
ef586ee159b5d02f2b508507,STATIC_SELECTIVE_RISK,Module_12_CrossDomain,sklearn_fixture,29993fa5a07111060fb234185b682f6717de16a4d2e1350bc14293597f01621f,rf_digits_parity_v1,digits_parity,digits_parity,42,,,,2026-09-02T20:45:00Z,1.2.0,62e10bc07ec9873f,SAMPLE_PREDICTION_ERROR,prediction_error == 1 when model prediction != true target,model_prediction_versus_ground_truth,False,0,0,True,0,0.12,0.2,0.05,0.15,0.15,0.061282587702834124,,,,,,NORMAL,True,True,True,True,False,False,False,True,False,,,,
66e14255b26c2ae1e48780f9,STATIC_SELECTIVE_RISK,Module_12_CrossDomain,sklearn_fixture,29993fa5a07111060fb234185b682f6717de16a4d2e1350bc14293597f01621f,rf_digits_parity_v1,digits_parity,digits_parity,42,,,,2026-09-02T20:45:00Z,1.2.0,62e10bc07ec9873f,SAMPLE_PREDICTION_ERROR,prediction_error == 1 when model prediction != true target,model_prediction_versus_ground_truth,False,0,0,True,0,0.12,0.2,0.05,0.15,0.15,0.061282587702834124,,,,,,NORMAL,True,True,True,True,False,False,False,True,False,,,,
35237bf659d5d38349d2ff22,STATIC_SELECTIVE_RISK,Module_12_CrossDomain,sklearn_fixture,29993fa5a07111060fb234185b682f6717de16a4d2e1350bc14293597f01621f,rf_digits_parity_v1,digits_parity,digits_parity,42,,,,2026-09-02T20:45:00Z,1.2.0,62e10bc07ec9873f,SAMPLE_PREDICTION_ERROR,prediction_error == 1 when model prediction != true target,model_prediction_versus_ground_truth,False,0,0,True,0,0.12,0.2,0.05,0.15,0.15,0.061282587702834124,,,,,,NORMAL,True,True,True,True,False,False,False,True,False,,,,
4e44eee513e0278ad38cbd17,STATIC_SELECTIVE_RISK,Module_12_CrossDomain,sklearn_fixture,29993fa5a07111060fb234185b682f6717de16a4d2e1350bc14293597f01621f,rf_digits_parity_v1,digits_parity,digits_parity,42,,,,2026-09-02T20:45:00Z,1.2.0,62e10bc07ec9873f,SAMPLE_PREDICTION_ERROR,prediction_error == 1 when model prediction != true target,model_prediction_versus_ground_truth,False,0,0,True,0,0.12,0.2,0.05,0.15,0.15,0.061282587702834124,,,,,,NORMAL,True,True,True,True,False,False,False,True,False,,,,
8a03b9e15564e1a9f8615b75,STATIC_SELECTIVE_RISK,Module_12_CrossDomain,sklearn_fixture,29993fa5a07111060fb234185b682f6717de16a4d2e1350bc14293597f01621f,rf_digits_parity_v1,digits_parity,digits_parity,42,,,,2026-09-02T20:45:00Z,1.2.0,62e10bc07ec9873f,SAMPLE_PREDICTION_ERROR,prediction_error == 1 when model prediction != true target,model_prediction_versus_ground_truth,False,0,0,True,0,0.12,0.2,0.05,0.15,0.15,0.061282587702834124,,,,,,NORMAL,True,True,True,True,False,False,False,True,False,,,,
12b3731afb57ace5a0ae60fb,STATIC_SELECTIVE_RISK,Module_12_CrossDomain,sklearn_fixture,29993fa5a07111060fb234185b682f6717de16a4d2e1350bc14293597f01621f,rf_digits_parity_v1,digits_parity,digits_parity,42,,,,2026-09-02T20:45:00Z,1.2.0,62e10bc07ec9873f,SAMPLE_PREDICTION_ERROR,prediction_error == 1 when model prediction != true target,model_prediction_versus_ground_truth,False,1,1,True,0,0.12,0.2,0.05,0.15,0.15,0.061282587702834124,,,,,,NORMAL,True,True,True,True,False,False,False,True,False,,,,
e0d19de7ee55eef2a51f0dcb,STATIC_SELECTIVE_RISK,Module_12_CrossDomain,sklearn_fixture,29993fa5a07111060fb234185b682f6717de16a4d2e1350bc14293597f01621f,rf_digits_parity_v1,digits_parity,digits_parity,42,,,,2026-09-02T20:45:00Z,1.2.0,62e10bc07ec9873f,SAMPLE_PREDICTION_ERROR,prediction_error == 1 when model prediction != true target,model_prediction_versus_ground_truth,False,1,1,True,0,0.12,0.2,0.05,0.15,0.15,0.061282587702834124,,,,,,NORMAL,True,True,True,True,False,False,False,True,False,,,,
c19b545462cb067764df446a,STATIC_SELECTIVE_RISK,Module_12_CrossDomain,sklearn_fixture,29993fa5a07111060fb234185b682f6717de16a4d2e1350bc14293597f01621f,rf_digits_parity_v1,digits_parity,digits_parity,42,,,,2026-09-02T20:45:00Z,1.2.0,62e10bc07ec9873f,SAMPLE_PREDICTION_ERROR,prediction_error == 1 when model prediction != true target,model_prediction_versus_ground_truth,False,1,1,True,0,0.12,0.2,0.05,0.15,0.15,0.061282587702834124,,,,,,NORMAL,True,True,True,True,False,False,False,True,False,,,,
897bb0c8e776b42b168b7c3f,STATIC_SELECTIVE_RISK,Module_12_CrossDomain,sklearn_fixture,29993fa5a07111060fb234185b682f6717de16a4d2e1350bc14293597f01621f,rf_digits_parity_v1,digits_parity,digits_parity,42,,,,2026-09-02T20:45:00Z,1.2.0,62e10bc07ec9873f,SAMPLE_PREDICTION_ERROR,prediction_error == 1 when model prediction != true target,model_prediction_versus_ground_truth,False,1,1,True,0,0.12,0.2,0.05,0.15,0.15,0.061282587702834124,,,,,,NORMAL,True,True,True,True,False,False,False,True,False,,,,
3bc60cbaba46a53b0a30f2fe,STATIC_SELECTIVE_RISK,Module_12_CrossDomain,sklearn_fixture,29993fa5a07111060fb234185b682f6717de16a4d2e1350bc14293597f01621f,rf_digits_parity_v1,digits_parity,digits_parity,42,,,,2026-09-02T20:45:00Z,1.2.0,62e10bc07ec9873f,SAMPLE_PREDICTION_ERROR,prediction_error == 1 when model prediction != true target,model_prediction_versus_ground_truth,False,0,0,True,0,0.12,0.2,0.05,0.15,0.15,0.061282587702834124,,,,,,NORMAL,True,True,True,True,False,False,False,True,False,,,,
f7f01646ea7bc131bf9b933d,STATIC_SELECTIVE_RISK,Module_12_CrossDomain,sklearn_fixture,29993fa5a07111060fb234185b682f6717de16a4d2e1350bc14293597f01621f,rf_digits_parity_v1,digits_parity,digits_parity,42,,,,2026-09-02T20:45:00Z,1.2.0,62e10bc07ec9873f,SAMPLE_PREDICTION_ERROR,prediction_error == 1 when model prediction != true target,model_prediction_versus_ground_truth,False,1,1,True,0,0.12,0.2,0.05,0.15,0.15,0.061282587702834124,,,,,,NORMAL,True,True,True,True,False,False,False,True,False,,,,
6d520a8a586e13dc23619bda,STATIC_SELECTIVE_RISK,Module_12_CrossDomain,sklearn_fixture,29993fa5a07111060fb234185b682f6717de16a4d2e1350bc14293597f01621f,rf_digits_parity_v1,digits_parity,digits_parity,42,,,,2026-09-02T20:45:00Z,1.2.0,62e10bc07ec9873f,SAMPLE_PREDICTION_ERROR,prediction_error == 1 when model prediction != true target,model_prediction_versus_ground_truth,False,1,1,True,0,0.12,0.2,0.05,0.15,0.15,0.061282587702834124,,,,,,NORMAL,True,True,True,True,False,False,False,True,False,,,,
57a42e2fcc2c628355ec5f76,STATIC_SELECTIVE_RISK,Module_12_CrossDomain,sklearn_fixture,29993fa5a07111060fb234185b682f6717de16a4d2e1350bc14293597f01621f,rf_digits_parity_v1,digits_parity,digits_parity,42,,,,2026-09-02T20:45:00Z,1.2.0,62e10bc07ec9873f,SAMPLE_PREDICTION_ERROR,prediction_error == 1 when model prediction != true target,model_prediction_versus_ground_truth,False,1,1,True,0,0.12,0.2,0.05,0.15,0.15,0.061282587702834124,,,,,,NORMAL,True,True,True,True,False,False,False,True,False,,,,
0b7809c06d645b78447672d8,STATIC_SELECTIVE_RISK,Module_12_CrossDomain,sklearn_fixture,29993fa5a07111060fb234185b682f6717de16a4d2e1350bc14293597f01621f,rf_digits_parity_v1,digits_parity,digits_parity,42,,,,2026-09-02T20:45:00Z,1.2.0,62e10bc07ec9873f,SAMPLE_PREDICTION_ERROR,prediction_error == 1 when model prediction != true target,model_prediction_versus_ground_truth,False,0,0,True,0,0.12,0.2,0.05,0.15,0.15,0.061282587702834124,,,,,,NORMAL,True,True,True,True,False,False,False,True,False,,,,
2270b00a89cc137ea6ace64d,STATIC_SELECTIVE_RISK,Module_12_CrossDomain,sklearn_fixture,29993fa5a07111060fb234185b682f6717de16a4d2e1350bc14293597f01621f,rf_digits_parity_v1,digits_parity,digits_parity,42,,,,2026-09-02T20:45:00Z,1.2.0,62e10bc07ec9873f,SAMPLE_PREDICTION_ERROR,prediction_error == 1 when model prediction != true target,model_prediction_versus_ground_truth,False,1,1,True,0,0.12,0.2,0.05,0.15,0.15,0.061282587702834124,,,,,,NORMAL,True,True,True,True,False,False,False,True,False,,,,
27145c4a30fd05a0d7489be2,STATIC_SELECTIVE_RISK,Module_12_CrossDomain,sklearn_fixture,29993fa5a07111060fb234185b682f6717de16a4d2e1350bc14293597f01621f,rf_digits_parity_v1,digits_parity,digits_parity,42,,,,2026-09-02T20:45:00Z,1.2.0,62e10bc07ec9873f,SAMPLE_PREDICTION_ERROR,prediction_error == 1 when model prediction != true target,model_prediction_versus_ground_truth,False,1,1,True,0,0.12,0.2,0.05,0.15,0.15,0.061282587702834124,,,,,,NORMAL,True,True,True,True,False,False,False,True,False,,,,
1194d72e9f91edaaffe441c9,STATIC_SELECTIVE_RISK,Module_12_CrossDomain,sklearn_fixture,29993fa5a07111060fb234185b682f6717de16a4d2e1350bc14293597f01621f,rf_digits_parity_v1,digits_parity,digits_parity,42,,,,2026-09-02T20:45:00Z,1.2.0,62e10bc07ec9873f,SAMPLE_PREDICTION_ERROR,prediction_error == 1 when model prediction != true target,model_prediction_versus_ground_truth,False,0,0,True,0,0.12,0.2,0.05,0.15,0.15,0.061282587702834124,,,,,,NORMAL,True,True,True,True,False,False,False,True,False,,,,
56441f411c4c75e34b3166ce,STATIC_SELECTIVE_RISK,Module_12_CrossDomain,sklearn_fixture,29993fa5a07111060fb234185b682f6717de16a4d2e1350bc14293597f01621f,rf_digits_parity_v1,digits_parity,digits_parity,42,,,,2026-09-02T20:45:00Z,1.2.0,62e10bc07ec9873f,SAMPLE_PREDICTION_ERROR,prediction_error == 1 when model prediction != true target,model_prediction_versus_ground_truth,False,0,0,True,0,0.12,0.2,0.05,0.15,0.15,0.061282587702834124,,,,,,NORMAL,True,True,True,True,False,False,False,True,False,,,,
a76055f4f54c38812cde21a8,STATIC_SELECTIVE_RISK,Module_12_CrossDomain,sklearn_fixture,29993fa5a07111060fb234185b682f6717de16a4d2e1350bc14293597f01621f,rf_digits_parity_v1,digits_parity,digits_parity,42,,,,2026-09-02T20:45:00Z,1.2.0,62e10bc07ec9873f,SAMPLE_PREDICTION_ERROR,prediction_error == 1 when model prediction != true target,model_prediction_versus_ground_truth,False,0,0,True,0,0.12,0.2,0.05,0.15,0.15,0.061282587702834124,,,,,,NORMAL,True,True,True,True,False,False,False,True,False,,,,
939110bccaa2fa29f6b9da3e,STATIC_SELECTIVE_RISK,Module_12_CrossDomain,sklearn_fixture,29993fa5a07111060fb234185b682f6717de16a4d2e1350bc14293597f01621f,rf_digits_parity_v1,digits_parity,digits_parity,42,,,,2026-09-02T20:45:00Z,1.2.0,62e10bc07ec9873f,SAMPLE_PREDICTION_ERROR,prediction_error == 1 when model prediction != true target,model_prediction_versus_ground_truth,False,0,0,True,0,0.12,0.2,0.05,0.15,0.15,0.061282587702834124,,,,,,NORMAL,True,True,True,True,False,False,False,True,False,,,,
b137bab88071cab0ca0cf71f,STATIC_SELECTIVE_RISK,Module_12_CrossDomain,sklearn_fixture,29993fa5a07111060fb234185b682f6717de16a4d2e1350bc14293597f01621f,rf_digits_parity_v1,digits_parity,digits_parity,42,,,,2026-09-02T20:45:00Z,1.2.0,62e10bc07ec9873f,SAMPLE_PREDICTION_ERROR,prediction_error == 1 when model prediction != true target,model_prediction_versus_ground_truth,False,0,0,True,0,0.12,0.2,0.05,0.15,0.15,0.061282587702834124,,,,,,NORMAL,True,True,True,True,False,False,False,True,False,,,,
9e5817a0e9003c8ce263f4c8,STATIC_SELECTIVE_RISK,Module_12_CrossDomain,sklearn_fixture,29993fa5a07111060fb234185b682f6717de16a4d2e1350bc14293597f01621f,rf_digits_parity_v1,digits_parity,digits_parity,42,,,,2026-09-02T20:45:00Z,1.2.0,62e10bc07ec9873f,SAMPLE_PREDICTION_ERROR,prediction_error == 1 when model prediction != true target,model_prediction_versus_ground_truth,False,1,1,True,0,0.12,0.2,0.05,0.15,0.15,0.061282587702834124,,,,,,NORMAL,True,True,True,True,False,False,False,True,False,,,,
49329e3ed78079c75e772b02,STATIC_SELECTIVE_RISK,Module_12_CrossDomain,sklearn_fixture,29993fa5a07111060fb234185b682f6717de16a4d2e1350bc14293597f01621f,rf_digits_parity_v1,digits_parity,digits_parity,42,,,,2026-09-02T20:45:00Z,1.2.0,62e10bc07ec9873f,SAMPLE_PREDICTION_ERROR,prediction_error == 1 when model prediction != true target,model_prediction_versus_ground_truth,False,1,1,True,0,0.12,0.2,0.05,0.15,0.15,0.061282587702834124,,,,,,NORMAL,True,True,True,True,False,False,False,True,False,,,,
050d2e66a9618176c6402a49,STATIC_SELECTIVE_RISK,Module_12_CrossDomain,sklearn_fixture,29993fa5a07111060fb234185b682f6717de16a4d2e1350bc14293597f01621f,rf_digits_parity_v1,digits_parity,digits_parity,42,,,,2026-09-02T20:45:00Z,1.2.0,62e10bc07ec9873f,SAMPLE_PREDICTION_ERROR,prediction_error == 1 when model prediction != true target,model_prediction_versus_ground_truth,False,1,1,True,0,0.12,0.2,0.05,0.15,0.15,0.061282587702834124,,,,,,NORMAL,True,True,True,True,False,False,False,True,False,,,,
fd7fa501be0ec839f1ddcd25,STATIC_SELECTIVE_RISK,Module_12_CrossDomain,sklearn_fixture,29993fa5a07111060fb234185b682f6717de16a4d2e1350bc14293597f01621f,rf_digits_parity_v1,digits_parity,digits_parity,42,,,,2026-09-02T20:45:00Z,1.2.0,62e10bc07ec9873f,SAMPLE_PREDICTION_ERROR,prediction_error == 1 when model prediction != true target,model_prediction_versus_ground_truth,False,1,1,True,0,0.12,0.2,0.05,0.15,0.15,0.061282587702834124,,,,,,NORMAL,True,True,True,True,False,False,False,True,False,,,,
ab897aabfd5113d276d72a08,STATIC_SELECTIVE_RISK,Module_12_CrossDomain,sklearn_fixture,29993fa5a07111060fb234185b682f6717de16a4d2e1350bc14293597f01621f,rf_digits_parity_v1,digits_parity,digits_parity,42,,,,2026-09-02T20:45:00Z,1.2.0,62e10bc07ec9873f,SAMPLE_PREDICTION_ERROR,prediction_error == 1 when model prediction != true target,model_prediction_versus_ground_truth,False,1,1,True,0,0.12,0.2,0.05,0.15,0.15,0.061282587702834124,,,,,,NORMAL,True,True,True,True,False,False,False,True,False,,,,
5ec4a92cc31102dc11901b55,STATIC_SELECTIVE_RISK,Module_12_CrossDomain,sklearn_fixture,29993fa5a07111060fb234185b682f6717de16a4d2e1350bc14293597f01621f,rf_digits_parity_v1,digits_parity,digits_parity,42,,,,2026-09-02T20:45:00Z,1.2.0,62e10bc07ec9873f,SAMPLE_PREDICTION_ERROR,prediction_error == 1 when model prediction != true target,model_prediction_versus_ground_truth,False,0,0,True,0,0.12,0.2,0.05,0.15,0.15,0.061282587702834124,,,,,,NORMAL,True,True,True,True,False,False,False,True,False,,,,
69d56ccd824248751d4f7539,STATIC_SELECTIVE_RISK,Module_12_CrossDomain,sklearn_fixture,29993fa5a07111060fb234185b682f6717de16a4d2e1350bc14293597f01621f,rf_digits_parity_v1,digits_parity,digits_parity,42,,,,2026-09-02T20:45:00Z,1.2.0,62e10bc07ec9873f,SAMPLE_PREDICTION_ERROR,prediction_error == 1 when model prediction != true target,model_prediction_versus_ground_truth,False,0,0,True,0,0.12,0.2,0.05,0.15,0.15,0.061282587702834124,,,,,,NORMAL,True,True,True,True,False,False,False,True,False,,,,
673024f1d881052e5f063b62,STATIC_SELECTIVE_RISK,Module_12_CrossDomain,sklearn_fixture,29993fa5a07111060fb234185b682f6717de16a4d2e1350bc14293597f01621f,rf_digits_parity_v1,digits_parity,digits_parity,42,,,,2026-09-02T20:45:00Z,1.2.0,62e10bc07ec9873f,SAMPLE_PREDICTION_ERROR,prediction_error == 1 when model prediction != true target,model_prediction_versus_ground_truth,False,0,0,True,0,0.12,0.2,0.05,0.15,0.15,0.061282587702834124,,,,,,NORMAL,True,True,True,True,False,False,False,True,False,,,,
d4523f6607663484fd4093ae,STATIC_SELECTIVE_RISK,Module_12_CrossDomain,sklearn_fixture,29993fa5a07111060fb234185b682f6717de16a4d2e1350bc14293597f01621f,rf_digits_parity_v1,digits_parity,digits_parity,42,,,,2026-09-02T20:45:00Z,1.2.0,62e10bc07ec9873f,SAMPLE_PREDICTION_ERROR,prediction_error == 1 when model prediction != true target,model_prediction_versus_ground_truth,False,1,1,True,0,0.12,0.2,0.05,0.15,0.15,0.061282587702834124,,,,,,NORMAL,True,True,True,True,False,False,False,True,False,,,,
860211613bbf6d40110454ce,STATIC_SELECTIVE_RISK,Module_12_CrossDomain,sklearn_fixture,29993fa5a07111060fb234185b682f6717de16a4d2e1350bc14293597f01621f,rf_digits_parity_v1,digits_parity,digits_parity,42,,,,2026-09-02T20:45:00Z,1.2.0,62e10bc07ec9873f,SAMPLE_PREDICTION_ERROR,prediction_error == 1 when model prediction != true target,model_prediction_versus_ground_truth,False,0,0,True,0,0.12,0.2,0.05,0.15,0.15,0.061282587702834124,,,,,,NORMAL,True,True,True,True,False,False,False,True,False,,,,
2217398c673971a5e2319ffb,STATIC_SELECTIVE_RISK,Module_12_CrossDomain,sklearn_fixture,29993fa5a07111060fb234185b682f6717de16a4d2e1350bc14293597f01621f,rf_digits_parity_v1,digits_parity,digits_parity,42,,,,2026-09-02T20:45:00Z,1.2.0,62e10bc07ec9873f,SAMPLE_PREDICTION_ERROR,prediction_error == 1 when model prediction != true target,model_prediction_versus_ground_truth,False,0,0,True,0,0.12,0.2,0.05,0.15,0.15,0.061282587702834124,,,,,,NORMAL,True,True,True,True,False,False,False,True,False,,,,
93a9b0dfbb997c0332a45531,STATIC_SELECTIVE_RISK,Module_12_CrossDomain,sklearn_fixture,29993fa5a07111060fb234185b682f6717de16a4d2e1350bc14293597f01621f,rf_digits_parity_v1,digits_parity,digits_parity,42,,,,2026-09-02T20:45:00Z,1.2.0,62e10bc07ec9873f,SAMPLE_PREDICTION_ERROR,prediction_error == 1 when model prediction != true target,model_prediction_versus_ground_truth,False,1,1,True,0,0.12,0.2,0.05,0.15,0.15,0.061282587702834124,,,,,,NORMAL,True,True,True,True,False,False,False,True,False,,,,
bb5fd3fbbebe6644536e8eca,STATIC_SELECTIVE_RISK,Module_12_CrossDomain,sklearn_fixture,29993fa5a07111060fb234185b682f6717de16a4d2e1350bc14293597f01621f,rf_digits_parity_v1,digits_parity,digits_parity,42,,,,2026-09-02T20:45:00Z,1.2.0,62e10bc07ec9873f,SAMPLE_PREDICTION_ERROR,prediction_error == 1 when model prediction != true target,model_prediction_versus_ground_truth,False,1,1,True,0,0.12,0.2,0.05,0.15,0.15,0.061282587702834124,,,,,,NORMAL,True,True,True,True,False,False,False,True,False,,,,
15225ffee7a7b71cd47b9df3,STATIC_SELECTIVE_RISK,Module_12_CrossDomain,sklearn_fixture,29993fa5a07111060fb234185b682f6717de16a4d2e1350bc14293597f01621f,rf_digits_parity_v1,digits_parity,digits_parity,42,,,,2026-09-02T20:45:00Z,1.2.0,62e10bc07ec9873f,SAMPLE_PREDICTION_ERROR,prediction_error == 1 when model prediction != true target,model_prediction_versus_ground_truth,False,1,1,True,0,0.12,0.2,0.05,0.15,0.15,0.061282587702834124,,,,,,NORMAL,True,True,True,True,False,False,False,True,False,,,,
3d323ec8236b981a2620f3ad,STATIC_SELECTIVE_RISK,Module_12_CrossDomain,sklearn_fixture,29993fa5a07111060fb234185b682f6717de16a4d2e1350bc14293597f01621f,rf_digits_parity_v1,digits_parity,digits_parity,42,,,,2026-09-02T20:45:00Z,1.2.0,62e10bc07ec9873f,SAMPLE_PREDICTION_ERROR,prediction_error == 1 when model prediction != true target,model_prediction_versus_ground_truth,False,1,1,True,0,0.12,0.2,0.05,0.15,0.15,0.061282587702834124,,,,,,NORMAL,True,True,True,True,False,False,False,True,False,,,,
41f71487c202e60d78607d21,STATIC_SELECTIVE_RISK,Module_12_CrossDomain,sklearn_fixture,29993fa5a07111060fb234185b682f6717de16a4d2e1350bc14293597f01621f,rf_digits_parity_v1,digits_parity,digits_parity,42,,,,2026-09-02T20:45:00Z,1.2.0,62e10bc07ec9873f,SAMPLE_PREDICTION_ERROR,prediction_error == 1 when model prediction != true target,model_prediction_versus_ground_truth,False,1,1,True,0,0.12,0.2,0.05,0.15,0.15,0.061282587702834124,,,,,,NORMAL,True,True,True,True,False,False,False,True,False,,,,
c0b4f27c7d6cd515d8050e64,STATIC_SELECTIVE_RISK,Module_12_CrossDomain,sklearn_fixture,29993fa5a07111060fb234185b682f6717de16a4d2e1350bc14293597f01621f,rf_digits_parity_v1,digits_parity,digits_parity,42,,,,2026-09-02T20:45:00Z,1.2.0,62e10bc07ec9873f,SAMPLE_PREDICTION_ERROR,prediction_error == 1 when model prediction != true target,model_prediction_versus_ground_truth,False,0,0,True,0,0.12,0.2,0.05,0.15,0.15,0.061282587702834124,,,,,,NORMAL,True,True,True,True,False,False,False,True,False,,,,
649cecde66108a6546e94984,STATIC_SELECTIVE_RISK,Module_12_CrossDomain,sklearn_fixture,29993fa5a07111060fb234185b682f6717de16a4d2e1350bc14293597f01621f,rf_digits_parity_v1,digits_parity,digits_parity,42,,,,2026-09-02T20:45:00Z,1.2.0,62e10bc07ec9873f,SAMPLE_PREDICTION_ERROR,prediction_error == 1 when model prediction != true target,model_prediction_versus_ground_truth,False,0,0,True,0,0.12,0.2,0.05,0.15,0.15,0.061282587702834124,,,,,,NORMAL,True,True,True,True,False,False,False,True,False,,,,
1dc6d6be33034e6ae330bcd3,STATIC_SELECTIVE_RISK,Module_12_CrossDomain,sklearn_fixture,29993fa5a07111060fb234185b682f6717de16a4d2e1350bc14293597f01621f,rf_digits_parity_v1,digits_parity,digits_parity,42,,,,2026-09-02T20:45:00Z,1.2.0,62e10bc07ec9873f,SAMPLE_PREDICTION_ERROR,prediction_error == 1 when model prediction != true target,model_prediction_versus_ground_truth,False,1,1,True,0,0.12,0.2,0.05,0.15,0.15,0.061282587702834124,,,,,,NORMAL,True,True,True,True,False,False,False,True,False,,,,
ff2511bf2bc103dfa4a12813,STATIC_SELECTIVE_RISK,Module_12_CrossDomain,sklearn_fixture,29993fa5a07111060fb234185b682f6717de16a4d2e1350bc14293597f01621f,rf_digits_parity_v1,digits_parity,digits_parity,42,,,,2026-09-02T20:45:00Z,1.2.0,62e10bc07ec9873f,SAMPLE_PREDICTION_ERROR,prediction_error == 1 when model prediction != true target,model_prediction_versus_ground_truth,False,0,0,True,0,0.12,0.2,0.05,0.15,0.15,0.061282587702834124,,,,,,NORMAL,True,True,True,True,False,False,False,True,False,,,,
34ff4089437038f3e9fdf6a9,STATIC_SELECTIVE_RISK,Module_12_CrossDomain,sklearn_fixture,29993fa5a07111060fb234185b682f6717de16a4d2e1350bc14293597f01621f,rf_digits_parity_v1,digits_parity,digits_parity,42,,,,2026-09-02T20:45:00Z,1.2.0,62e10bc07ec9873f,SAMPLE_PREDICTION_ERROR,prediction_error == 1 when model prediction != true target,model_prediction_versus_ground_truth,False,1,1,True,0,0.12,0.2,0.05,0.15,0.15,0.061282587702834124,,,,,,NORMAL,True,True,True,True,False,False,False,True,False,,,,
b8cefdfd5aec5679f7e53c15,STATIC_SELECTIVE_RISK,Module_12_CrossDomain,sklearn_fixture,29993fa5a07111060fb234185b682f6717de16a4d2e1350bc14293597f01621f,rf_digits_parity_v1,digits_parity,digits_parity,42,,,,2026-09-02T20:45:00Z,1.2.0,62e10bc07ec9873f,SAMPLE_PREDICTION_ERROR,prediction_error == 1 when model prediction != true target,model_prediction_versus_ground_truth,False,0,0,True,0,0.12,0.2,0.05,0.15,0.15,0.061282587702834124,,,,,,NORMAL,True,True,True,True,False,False,False,True,False,,,,
49e128717d8d1c301ab3b50b,STATIC_SELECTIVE_RISK,Module_12_CrossDomain,sklearn_fixture,29993fa5a07111060fb234185b682f6717de16a4d2e1350bc14293597f01621f,rf_digits_parity_v1,digits_parity,digits_parity,42,,,,2026-09-02T20:45:00Z,1.2.0,62e10bc07ec9873f,SAMPLE_PREDICTION_ERROR,prediction_error == 1 when model prediction != true target,model_prediction_versus_ground_truth,False,0,0,True,0,0.12,0.2,0.05,0.15,0.15,0.061282587702834124,,,,,,NORMAL,True,True,True,True,False,False,False,True,False,,,,
624ca0af173f7068d272a396,STATIC_SELECTIVE_RISK,Module_12_CrossDomain,sklearn_fixture,29993fa5a07111060fb234185b682f6717de16a4d2e1350bc14293597f01621f,rf_digits_parity_v1,digits_parity,digits_parity,42,,,,2026-09-02T20:45:00Z,1.2.0,62e10bc07ec9873f,SAMPLE_PREDICTION_ERROR,prediction_error == 1 when model prediction != true target,model_prediction_versus_ground_truth,False,1,1,True,0,0.12,0.2,0.05,0.15,0.15,0.061282587702834124,,,,,,NORMAL,True,True,True,True,False,False,False,True,False,,,,
572deb821f7420da78a56957,STATIC_SELECTIVE_RISK,Module_12_CrossDomain,sklearn_fixture,29993fa5a07111060fb234185b682f6717de16a4d2e1350bc14293597f01621f,rf_digits_parity_v1,digits_parity,digits_parity,42,,,,2026-09-02T20:45:00Z,1.2.0,62e10bc07ec9873f,SAMPLE_PREDICTION_ERROR,prediction_error == 1 when model prediction != true target,model_prediction_versus_ground_truth,False,1,1,True,0,0.12,0.2,0.05,0.15,0.15,0.061282587702834124,,,,,,NORMAL,True,True,True,True,False,False,False,True,False,,,,
928e105afe1a20230c1c1b4b,STATIC_SELECTIVE_RISK,Module_12_CrossDomain,sklearn_fixture,29993fa5a07111060fb234185b682f6717de16a4d2e1350bc14293597f01621f,rf_digits_parity_v1,digits_parity,digits_parity,42,,,,2026-09-02T20:45:00Z,1.2.0,62e10bc07ec9873f,SAMPLE_PREDICTION_ERROR,prediction_error == 1 when model prediction != true target,model_prediction_versus_ground_truth,False,0,0,True,0,0.12,0.2,0.05,0.15,0.15,0.061282587702834124,,,,,,NORMAL,True,True,True,True,False,False,False,True,False,,,,
5e44db22fc4cc2a38eff5567,STATIC_SELECTIVE_RISK,Module_12_CrossDomain,sklearn_fixture,29993fa5a07111060fb234185b682f6717de16a4d2e1350bc14293597f01621f,rf_digits_parity_v1,digits_parity,digits_parity,42,,,,2026-09-02T20:45:00Z,1.2.0,62e10bc07ec9873f,SAMPLE_PREDICTION_ERROR,prediction_error == 1 when model prediction != true target,model_prediction_versus_ground_truth,False,0,0,True,0,0.12,0.2,0.05,0.15,0.15,0.061282587702834124,,,,,,NORMAL,True,True,True,True,False,False,False,True,False,,,,
a5955da3dc6eea94302e0b90,STATIC_SELECTIVE_RISK,Module_12_CrossDomain,sklearn_fixture,29993fa5a07111060fb234185b682f6717de16a4d2e1350bc14293597f01621f,rf_digits_parity_v1,digits_parity,digits_parity,42,,,,2026-09-02T20:45:00Z,1.2.0,62e10bc07ec9873f,SAMPLE_PREDICTION_ERROR,prediction_error == 1 when model prediction != true target,model_prediction_versus_ground_truth,False,0,0,True,0,0.12,0.2,0.05,0.15,0.15,0.061282587702834124,,,,,,NORMAL,True,True,True,True,False,False,False,True,False,,,,
86b9cc6adf95409d7357066c,STATIC_SELECTIVE_RISK,Module_12_CrossDomain,sklearn_fixture,29993fa5a07111060fb234185b682f6717de16a4d2e1350bc14293597f01621f,rf_digits_parity_v1,digits_parity,digits_parity,42,,,,2026-09-02T20:45:00Z,1.2.0,62e10bc07ec9873f,SAMPLE_PREDICTION_ERROR,prediction_error == 1 when model prediction != true target,model_prediction_versus_ground_truth,False,0,0,True,0,0.12,0.2,0.05,0.15,0.15,0.061282587702834124,,,,,,NORMAL,True,True,True,True,False,False,False,True,False,,,,
a46bdd451f82407cba9edd9f,STATIC_SELECTIVE_RISK,Module_12_CrossDomain,sklearn_fixture,29993fa5a07111060fb234185b682f6717de16a4d2e1350bc14293597f01621f,rf_digits_parity_v1,digits_parity,digits_parity,42,,,,2026-09-02T20:45:00Z,1.2.0,62e10bc07ec9873f,SAMPLE_PREDICTION_ERROR,prediction_error == 1 when model prediction != true target,model_prediction_versus_ground_truth,False,0,0,True,0,0.12,0.2,0.05,0.15,0.15,0.061282587702834124,,,,,,NORMAL,True,True,True,True,False,False,False,True,False,,,,
d62fcda585f6f53f51921534,STATIC_SELECTIVE_RISK,Module_12_CrossDomain,sklearn_fixture,29993fa5a07111060fb234185b682f6717de16a4d2e1350bc14293597f01621f,rf_digits_parity_v1,digits_parity,digits_parity,42,,,,2026-09-02T20:45:00Z,1.2.0,62e10bc07ec9873f,SAMPLE_PREDICTION_ERROR,prediction_error == 1 when model prediction != true target,model_prediction_versus_ground_truth,False,0,0,True,0,0.12,0.2,0.05,0.15,0.15,0.061282587702834124,,,,,,NORMAL,True,True,True,True,False,False,False,True,False,,,,
f5e41bc0e22475cdbfac4bd5,STATIC_SELECTIVE_RISK,Module_12_CrossDomain,sklearn_fixture,29993fa5a07111060fb234185b682f6717de16a4d2e1350bc14293597f01621f,rf_digits_parity_v1,digits_parity,digits_parity,42,,,,2026-09-02T20:45:00Z,1.2.0,62e10bc07ec9873f,SAMPLE_PREDICTION_ERROR,prediction_error == 1 when model prediction != true target,model_prediction_versus_ground_truth,False,1,1,True,0,0.12,0.2,0.05,0.15,0.15,0.061282587702834124,,,,,,NORMAL,True,True,True,True,False,False,False,True,False,,,,
898aa373a4ea96db81a8f8a2,STATIC_SELECTIVE_RISK,Module_12_CrossDomain,sklearn_fixture,29993fa5a07111060fb234185b682f6717de16a4d2e1350bc14293597f01621f,rf_digits_parity_v1,digits_parity,digits_parity,42,,,,2026-09-02T20:45:00Z,1.2.0,62e10bc07ec9873f,SAMPLE_PREDICTION_ERROR,prediction_error == 1 when model prediction != true target,model_prediction_versus_ground_truth,False,1,1,True,0,0.12,0.2,0.05,0.15,0.15,0.061282587702834124,,,,,,NORMAL,True,True,True,True,False,False,False,True,False,,,,
8c3fad86df94903a37140329,STATIC_SELECTIVE_RISK,Module_12_CrossDomain,sklearn_fixture,29993fa5a07111060fb234185b682f6717de16a4d2e1350bc14293597f01621f,rf_digits_parity_v1,digits_parity,digits_parity,42,,,,2026-09-02T20:45:00Z,1.2.0,62e10bc07ec9873f,SAMPLE_PREDICTION_ERROR,prediction_error == 1 when model prediction != true target,model_prediction_versus_ground_truth,False,1,1,True,0,0.12,0.2,0.05,0.15,0.15,0.061282587702834124,,,,,,NORMAL,True,True,True,True,False,False,False,True,False,,,,
9097b9cda38a590524a6e798,STATIC_SELECTIVE_RISK,Module_12_CrossDomain,sklearn_fixture,29993fa5a07111060fb234185b682f6717de16a4d2e1350bc14293597f01621f,rf_digits_parity_v1,digits_parity,digits_parity,42,,,,2026-09-02T20:45:00Z,1.2.0,62e10bc07ec9873f,SAMPLE_PREDICTION_ERROR,prediction_error == 1 when model prediction != true target,model_prediction_versus_ground_truth,False,0,0,True,0,0.12,0.2,0.05,0.15,0.15,0.061282587702834124,,,,,,NORMAL,True,True,True,True,False,False,False,True,False,,,,
904335fe8fe0ad053fe44e3e,STATIC_SELECTIVE_RISK,Module_12_CrossDomain,sklearn_fixture,29993fa5a07111060fb234185b682f6717de16a4d2e1350bc14293597f01621f,rf_digits_parity_v1,digits_parity,digits_parity,42,,,,2026-09-02T20:45:00Z,1.2.0,62e10bc07ec9873f,SAMPLE_PREDICTION_ERROR,prediction_error == 1 when model prediction != true target,model_prediction_versus_ground_truth,False,0,0,True,0,0.12,0.2,0.05,0.15,0.15,0.061282587702834124,,,,,,NORMAL,True,True,True,True,False,False,False,True,False,,,,
2f28b9f20d8aaa062986644d,STATIC_SELECTIVE_RISK,Module_12_CrossDomain,sklearn_fixture,29993fa5a07111060fb234185b682f6717de16a4d2e1350bc14293597f01621f,rf_digits_parity_v1,digits_parity,digits_parity,42,,,,2026-09-02T20:45:00Z,1.2.0,62e10bc07ec9873f,SAMPLE_PREDICTION_ERROR,prediction_error == 1 when model prediction != true target,model_prediction_versus_ground_truth,False,1,1,True,0,0.12,0.2,0.05,0.15,0.15,0.061282587702834124,,,,,,NORMAL,True,True,True,True,False,False,False,True,False,,,,
3b22361a52ad81fb3356b5ce,STATIC_SELECTIVE_RISK,Module_12_CrossDomain,sklearn_fixture,29993fa5a07111060fb234185b682f6717de16a4d2e1350bc14293597f01621f,rf_digits_parity_v1,digits_parity,digits_parity,42,,,,2026-09-02T20:45:00Z,1.2.0,62e10bc07ec9873f,SAMPLE_PREDICTION_ERROR,prediction_error == 1 when model prediction != true target,model_prediction_versus_ground_truth,False,1,1,True,0,0.12,0.2,0.05,0.15,0.15,0.061282587702834124,,,,,,NORMAL,True,True,True,True,False,False,False,True,False,,,,
5d5b145f42390cc0768c0231,STATIC_SELECTIVE_RISK,Module_12_CrossDomain,sklearn_fixture,29993fa5a07111060fb234185b682f6717de16a4d2e1350bc14293597f01621f,rf_digits_parity_v1,digits_parity,digits_parity,42,,,,2026-09-02T20:45:00Z,1.2.0,62e10bc07ec9873f,SAMPLE_PREDICTION_ERROR,prediction_error == 1 when model prediction != true target,model_prediction_versus_ground_truth,False,0,0,True,0,0.12,0.2,0.05,0.15,0.15,0.061282587702834124,,,,,,NORMAL,True,True,True,True,False,False,False,True,False,,,,
91a97d8b35789fa0febd6a1b,STATIC_SELECTIVE_RISK,Module_12_CrossDomain,sklearn_fixture,29993fa5a07111060fb234185b682f6717de16a4d2e1350bc14293597f01621f,rf_digits_parity_v1,digits_parity,digits_parity,42,,,,2026-09-02T20:45:00Z,1.2.0,62e10bc07ec9873f,SAMPLE_PREDICTION_ERROR,prediction_error == 1 when model prediction != true target,model_prediction_versus_ground_truth,False,0,0,True,0,0.12,0.2,0.05,0.15,0.15,0.061282587702834124,,,,,,NORMAL,True,True,True,True,False,False,False,True,False,,,,
62d47670e58fb9bf9616f85d,STATIC_SELECTIVE_RISK,Module_12_CrossDomain,sklearn_fixture,29993fa5a07111060fb234185b682f6717de16a4d2e1350bc14293597f01621f,rf_digits_parity_v1,digits_parity,digits_parity,42,,,,2026-09-02T20:45:00Z,1.2.0,62e10bc07ec9873f,SAMPLE_PREDICTION_ERROR,prediction_error == 1 when model prediction != true target,model_prediction_versus_ground_truth,False,1,1,True,0,0.12,0.2,0.05,0.15,0.15,0.061282587702834124,,,,,,NORMAL,True,True,True,True,False,False,False,True,False,,,,
309da97b9d7204cf8b096a64,STATIC_SELECTIVE_RISK,Module_12_CrossDomain,sklearn_fixture,29993fa5a07111060fb234185b682f6717de16a4d2e1350bc14293597f01621f,rf_digits_parity_v1,digits_parity,digits_parity,42,,,,2026-09-02T20:45:00Z,1.2.0,62e10bc07ec9873f,SAMPLE_PREDICTION_ERROR,prediction_error == 1 when model prediction != true target,model_prediction_versus_ground_truth,False,0,0,True,0,0.12,0.2,0.05,0.15,0.15,0.061282587702834124,,,,,,NORMAL,True,True,True,True,False,False,False,True,False,,,,
951b8dab331fb6f021291aea,STATIC_SELECTIVE_RISK,Module_12_CrossDomain,sklearn_fixture,29993fa5a07111060fb234185b682f6717de16a4d2e1350bc14293597f01621f,rf_digits_parity_v1,digits_parity,digits_parity,42,,,,2026-09-02T20:45:00Z,1.2.0,62e10bc07ec9873f,SAMPLE_PREDICTION_ERROR,prediction_error == 1 when model prediction != true target,model_prediction_versus_ground_truth,False,1,1,True,0,0.12,0.2,0.05,0.15,0.15,0.061282587702834124,,,,,,NORMAL,True,True,True,True,False,False,False,True,False,,,,
1f034d5789de87348848bfde,STATIC_SELECTIVE_RISK,Module_12_CrossDomain,sklearn_fixture,29993fa5a07111060fb234185b682f6717de16a4d2e1350bc14293597f01621f,rf_digits_parity_v1,digits_parity,digits_parity,42,,,,2026-09-02T20:45:00Z,1.2.0,62e10bc07ec9873f,SAMPLE_PREDICTION_ERROR,prediction_error == 1 when model prediction != true target,model_prediction_versus_ground_truth,False,0,0,True,0,0.12,0.2,0.05,0.15,0.15,0.061282587702834124,,,,,,NORMAL,True,True,True,True,False,False,False,True,False,,,,
9b326eb6ae53973c53a0b800,STATIC_SELECTIVE_RISK,Module_12_CrossDomain,sklearn_fixture,29993fa5a07111060fb234185b682f6717de16a4d2e1350bc14293597f01621f,rf_digits_parity_v1,digits_parity,digits_parity,42,,,,2026-09-02T20:45:00Z,1.2.0,62e10bc07ec9873f,SAMPLE_PREDICTION_ERROR,prediction_error == 1 when model prediction != true target,model_prediction_versus_ground_truth,False,0,0,True,0,0.12,0.2,0.05,0.15,0.15,0.061282587702834124,,,,,,NORMAL,True,True,True,True,False,False,False,True,False,,,,
bd4255bbc7b8791b60216fb4,STATIC_SELECTIVE_RISK,Module_12_CrossDomain,sklearn_fixture,29993fa5a07111060fb234185b682f6717de16a4d2e1350bc14293597f01621f,rf_digits_parity_v1,digits_parity,digits_parity,42,,,,2026-09-02T20:45:00Z,1.2.0,62e10bc07ec9873f,SAMPLE_PREDICTION_ERROR,prediction_error == 1 when model prediction != true target,model_prediction_versus_ground_truth,False,0,0,True,0,0.12,0.2,0.05,0.15,0.15,0.061282587702834124,,,,,,NORMAL,True,True,True,True,False,False,False,True,False,,,,
403420465b6a16eb190b70ba,STATIC_SELECTIVE_RISK,Module_12_CrossDomain,sklearn_fixture,29993fa5a07111060fb234185b682f6717de16a4d2e1350bc14293597f01621f,rf_digits_parity_v1,digits_parity,digits_parity,42,,,,2026-09-02T20:45:00Z,1.2.0,62e10bc07ec9873f,SAMPLE_PREDICTION_ERROR,prediction_error == 1 when model prediction != true target,model_prediction_versus_ground_truth,False,1,1,True,0,0.12,0.2,0.05,0.15,0.15,0.061282587702834124,,,,,,NORMAL,True,True,True,True,False,False,False,True,False,,,,
743b3c77f4b2ca4236e6c6db,STATIC_SELECTIVE_RISK,Module_12_CrossDomain,sklearn_fixture,29993fa5a07111060fb234185b682f6717de16a4d2e1350bc14293597f01621f,rf_digits_parity_v1,digits_parity,digits_parity,42,,,,2026-09-02T20:45:00Z,1.2.0,62e10bc07ec9873f,SAMPLE_PREDICTION_ERROR,prediction_error == 1 when model prediction != true target,model_prediction_versus_ground_truth,False,1,1,True,0,0.12,0.2,0.05,0.15,0.15,0.061282587702834124,,,,,,NORMAL,True,True,True,True,False,False,False,True,False,,,,
1d94a86d7509311ccc445a01,STATIC_SELECTIVE_RISK,Module_12_CrossDomain,sklearn_fixture,29993fa5a07111060fb234185b682f6717de16a4d2e1350bc14293597f01621f,rf_digits_parity_v1,digits_parity,digits_parity,42,,,,2026-09-02T20:45:00Z,1.2.0,62e10bc07ec9873f,SAMPLE_PREDICTION_ERROR,prediction_error == 1 when model prediction != true target,model_prediction_versus_ground_truth,False,0,0,True,0,0.12,0.2,0.05,0.15,0.15,0.061282587702834124,,,,,,NORMAL,True,True,True,True,False,False,False,True,False,,,,
b92712a24d726feefcf5a233,STATIC_SELECTIVE_RISK,Module_12_CrossDomain,sklearn_fixture,29993fa5a07111060fb234185b682f6717de16a4d2e1350bc14293597f01621f,rf_digits_parity_v1,digits_parity,digits_parity,42,,,,2026-09-02T20:45:00Z,1.2.0,62e10bc07ec9873f,SAMPLE_PREDICTION_ERROR,prediction_error == 1 when model prediction != true target,model_prediction_versus_ground_truth,False,1,1,True,0,0.12,0.2,0.05,0.15,0.15,0.061282587702834124,,,,,,NORMAL,True,True,True,True,False,False,False,True,False,,,,
8b43378834779a39da830877,STATIC_SELECTIVE_RISK,Module_12_CrossDomain,sklearn_fixture,29993fa5a07111060fb234185b682f6717de16a4d2e1350bc14293597f01621f,rf_digits_parity_v1,digits_parity,digits_parity,42,,,,2026-09-02T20:45:00Z,1.2.0,62e10bc07ec9873f,SAMPLE_PREDICTION_ERROR,prediction_error == 1 when model prediction != true target,model_prediction_versus_ground_truth,False,1,1,True,0,0.12,0.2,0.05,0.15,0.15,0.061282587702834124,,,,,,NORMAL,True,True,True,True,False,False,False,True,False,,,,
c70c2fc1ccd49b3f05733b74,STATIC_SELECTIVE_RISK,Module_12_CrossDomain,sklearn_fixture,29993fa5a07111060fb234185b682f6717de16a4d2e1350bc14293597f01621f,rf_digits_parity_v1,digits_parity,digits_parity,42,,,,2026-09-02T20:45:00Z,1.2.0,62e10bc07ec9873f,SAMPLE_PREDICTION_ERROR,prediction_error == 1 when model prediction != true target,model_prediction_versus_ground_truth,False,1,1,True,0,0.12,0.2,0.05,0.15,0.15,0.061282587702834124,,,,,,NORMAL,True,True,True,True,False,False,False,True,False,,,,
90a6afe9bdcfe1fcd602da29,STATIC_SELECTIVE_RISK,Module_12_CrossDomain,sklearn_fixture,29993fa5a07111060fb234185b682f6717de16a4d2e1350bc14293597f01621f,rf_digits_parity_v1,digits_parity,digits_parity,42,,,,2026-09-02T20:45:00Z,1.2.0,62e10bc07ec9873f,SAMPLE_PREDICTION_ERROR,prediction_error == 1 when model prediction != true target,model_prediction_versus_ground_truth,False,1,1,True,0,0.12,0.2,0.05,0.15,0.15,0.061282587702834124,,,,,,NORMAL,True,True,True,True,False,False,False,True,False,,,,
b262ee69784a98675dbc3f78,STATIC_SELECTIVE_RISK,Module_12_CrossDomain,sklearn_fixture,29993fa5a07111060fb234185b682f6717de16a4d2e1350bc14293597f01621f,rf_digits_parity_v1,digits_parity,digits_parity,42,,,,2026-09-02T20:45:00Z,1.2.0,62e10bc07ec9873f,SAMPLE_PREDICTION_ERROR,prediction_error == 1 when model prediction != true target,model_prediction_versus_ground_truth,False,0,0,True,0,0.12,0.2,0.05,0.15,0.15,0.061282587702834124,,,,,,NORMAL,True,True,True,True,False,False,False,True,False,,,,
9325938c0dd03ca0e1bf102a,STATIC_SELECTIVE_RISK,Module_12_CrossDomain,sklearn_fixture,29993fa5a07111060fb234185b682f6717de16a4d2e1350bc14293597f01621f,rf_digits_parity_v1,digits_parity,digits_parity,42,,,,2026-09-02T20:45:00Z,1.2.0,62e10bc07ec9873f,SAMPLE_PREDICTION_ERROR,prediction_error == 1 when model prediction != true target,model_prediction_versus_ground_truth,False,0,0,True,0,0.12,0.2,0.05,0.15,0.15,0.061282587702834124,,,,,,NORMAL,True,True,True,True,False,False,False,True,False,,,,
721ed72979fa0b4839ff945b,STATIC_SELECTIVE_RISK,Module_12_CrossDomain,sklearn_fixture,29993fa5a07111060fb234185b682f6717de16a4d2e1350bc14293597f01621f,rf_digits_parity_v1,digits_parity,digits_parity,42,,,,2026-09-02T20:45:00Z,1.2.0,62e10bc07ec9873f,SAMPLE_PREDICTION_ERROR,prediction_error == 1 when model prediction != true target,model_prediction_versus_ground_truth,False,0,0,True,0,0.12,0.2,0.05,0.15,0.15,0.061282587702834124,,,,,,NORMAL,True,True,True,True,False,False,False,True,False,,,,
863e459e742dbb54b1a62a75,STATIC_SELECTIVE_RISK,Module_12_CrossDomain,sklearn_fixture,29993fa5a07111060fb234185b682f6717de16a4d2e1350bc14293597f01621f,rf_digits_parity_v1,digits_parity,digits_parity,42,,,,2026-09-02T20:45:00Z,1.2.0,62e10bc07ec9873f,SAMPLE_PREDICTION_ERROR,prediction_error == 1 when model prediction != true target,model_prediction_versus_ground_truth,False,0,0,True,0,0.12,0.2,0.05,0.15,0.15,0.061282587702834124,,,,,,NORMAL,True,True,True,True,False,False,False,True,False,,,,
e0d21c1165f71e3aaadeea71,STATIC_SELECTIVE_RISK,Module_12_CrossDomain,sklearn_fixture,29993fa5a07111060fb234185b682f6717de16a4d2e1350bc14293597f01621f,rf_digits_parity_v1,digits_parity,digits_parity,42,,,,2026-09-02T20:45:00Z,1.2.0,62e10bc07ec9873f,SAMPLE_PREDICTION_ERROR,prediction_error == 1 when model prediction != true target,model_prediction_versus_ground_truth,False,1,1,True,0,0.12,0.2,0.05,0.15,0.15,0.061282587702834124,,,,,,NORMAL,True,True,True,True,False,False,False,True,False,,,,
c2f5da4120625bc5869b8ca9,STATIC_SELECTIVE_RISK,Module_12_CrossDomain,sklearn_fixture,29993fa5a07111060fb234185b682f6717de16a4d2e1350bc14293597f01621f,rf_digits_parity_v1,digits_parity,digits_parity,42,,,,2026-09-02T20:45:00Z,1.2.0,62e10bc07ec9873f,SAMPLE_PREDICTION_ERROR,prediction_error == 1 when model prediction != true target,model_prediction_versus_ground_truth,False,1,1,True,0,0.12,0.2,0.05,0.15,0.15,0.061282587702834124,,,,,,NORMAL,True,True,True,True,False,False,False,True,False,,,,
4559e016f1082f77acf576c9,STATIC_SELECTIVE_RISK,Module_12_CrossDomain,sklearn_fixture,29993fa5a07111060fb234185b682f6717de16a4d2e1350bc14293597f01621f,rf_digits_parity_v1,digits_parity,digits_parity,42,,,,2026-09-02T20:45:00Z,1.2.0,62e10bc07ec9873f,SAMPLE_PREDICTION_ERROR,prediction_error == 1 when model prediction != true target,model_prediction_versus_ground_truth,False,1,1,True,0,0.12,0.2,0.05,0.15,0.15,0.061282587702834124,,,,,,NORMAL,True,True,True,True,False,False,False,True,False,,,,
a31c98dbfb3349b5ea17ff64,STATIC_SELECTIVE_RISK,Module_12_CrossDomain,sklearn_fixture,29993fa5a07111060fb234185b682f6717de16a4d2e1350bc14293597f01621f,rf_digits_parity_v1,digits_parity,digits_parity,42,,,,2026-09-02T20:45:00Z,1.2.0,62e10bc07ec9873f,SAMPLE_PREDICTION_ERROR,prediction_error == 1 when model prediction != true target,model_prediction_versus_ground_truth,False,1,1,True,0,0.12,0.2,0.05,0.15,0.15,0.061282587702834124,,,,,,NORMAL,True,True,True,True,False,False,False,True,False,,,,
2352ab539ff6ab3b46373407,STATIC_SELECTIVE_RISK,Module_12_CrossDomain,sklearn_fixture,29993fa5a07111060fb234185b682f6717de16a4d2e1350bc14293597f01621f,rf_digits_parity_v1,digits_parity,digits_parity,42,,,,2026-09-02T20:45:00Z,1.2.0,62e10bc07ec9873f,SAMPLE_PREDICTION_ERROR,prediction_error == 1 when model prediction != true target,model_prediction_versus_ground_truth,False,0,0,True,0,0.12,0.2,0.05,0.15,0.15,0.061282587702834124,,,,,,NORMAL,True,True,True,True,False,False,False,True,False,,,,
638117a9038ebf18af416c55,STATIC_SELECTIVE_RISK,Module_12_CrossDomain,sklearn_fixture,29993fa5a07111060fb234185b682f6717de16a4d2e1350bc14293597f01621f,rf_digits_parity_v1,digits_parity,digits_parity,42,,,,2026-09-02T20:45:00Z,1.2.0,62e10bc07ec9873f,SAMPLE_PREDICTION_ERROR,prediction_error == 1 when model prediction != true target,model_prediction_versus_ground_truth,False,1,1,True,0,0.12,0.2,0.05,0.15,0.15,0.061282587702834124,,,,,,NORMAL,True,True,True,True,False,False,False,True,False,,,,
8d87cd6419bd50c7dd0786f0,STATIC_SELECTIVE_RISK,Module_12_CrossDomain,sklearn_fixture,29993fa5a07111060fb234185b682f6717de16a4d2e1350bc14293597f01621f,rf_digits_parity_v1,digits_parity,digits_parity,42,,,,2026-09-02T20:45:00Z,1.2.0,62e10bc07ec9873f,SAMPLE_PREDICTION_ERROR,prediction_error == 1 when model prediction != true target,model_prediction_versus_ground_truth,False,1,1,True,0,0.12,0.2,0.05,0.15,0.15,0.061282587702834124,,,,,,NORMAL,True,True,True,True,False,False,False,True,False,,,,
923d450d946cbd485ea40108,STATIC_SELECTIVE_RISK,Module_12_CrossDomain,sklearn_fixture,29993fa5a07111060fb234185b682f6717de16a4d2e1350bc14293597f01621f,rf_digits_parity_v1,digits_parity,digits_parity,42,,,,2026-09-02T20:45:00Z,1.2.0,62e10bc07ec9873f,SAMPLE_PREDICTION_ERROR,prediction_error == 1 when model prediction != true target,model_prediction_versus_ground_truth,False,0,0,True,0,0.12,0.2,0.05,0.15,0.15,0.061282587702834124,,,,,,NORMAL,True,True,True,True,False,False,False,True,False,,,,
39933964f11a45ea46afc4ce,STATIC_SELECTIVE_RISK,Module_12_CrossDomain,sklearn_fixture,29993fa5a07111060fb234185b682f6717de16a4d2e1350bc14293597f01621f,rf_digits_parity_v1,digits_parity,digits_parity,42,,,,2026-09-02T20:45:00Z,1.2.0,62e10bc07ec9873f,SAMPLE_PREDICTION_ERROR,prediction_error == 1 when model prediction != true target,model_prediction_versus_ground_truth,False,1,1,True,0,0.12,0.2,0.05,0.15,0.15,0.061282587702834124,,,,,,NORMAL,True,True,True,True,False,False,False,True,False,,,,
737eebfa94a6cc9067192c42,STATIC_SELECTIVE_RISK,Module_12_CrossDomain,sklearn_fixture,29993fa5a07111060fb234185b682f6717de16a4d2e1350bc14293597f01621f,rf_digits_parity_v1,digits_parity,digits_parity,42,,,,2026-09-02T20:45:00Z,1.2.0,62e10bc07ec9873f,SAMPLE_PREDICTION_ERROR,prediction_error == 1 when model prediction != true target,model_prediction_versus_ground_truth,False,1,1,True,0,0.12,0.2,0.05,0.15,0.15,0.061282587702834124,,,,,,NORMAL,True,True,True,True,False,False,False,True,False,,,,
3cb55bc0bdf5a403cca9e0a7,STATIC_SELECTIVE_RISK,Module_12_CrossDomain,sklearn_fixture,29993fa5a07111060fb234185b682f6717de16a4d2e1350bc14293597f01621f,rf_digits_parity_v1,digits_parity,digits_parity,42,,,,2026-09-02T20:45:00Z,1.2.0,62e10bc07ec9873f,SAMPLE_PREDICTION_ERROR,prediction_error == 1 when model prediction != true target,model_prediction_versus_ground_truth,False,0,0,True,0,0.12,0.2,0.05,0.15,0.15,0.061282587702834124,,,,,,NORMAL,True,True,True,True,False,False,False,True,False,,,,
b923dbb0c13e65860264d32c,STATIC_SELECTIVE_RISK,Module_12_CrossDomain,sklearn_fixture,29993fa5a07111060fb234185b682f6717de16a4d2e1350bc14293597f01621f,rf_digits_parity_v1,digits_parity,digits_parity,42,,,,2026-09-02T20:45:00Z,1.2.0,62e10bc07ec9873f,SAMPLE_PREDICTION_ERROR,prediction_error == 1 when model prediction != true target,model_prediction_versus_ground_truth,False,1,1,True,0,0.12,0.2,0.05,0.15,0.15,0.061282587702834124,,,,,,NORMAL,True,True,True,True,False,False,False,True,False,,,,
560ea5751beb25eca6c0b092,STATIC_SELECTIVE_RISK,Module_12_CrossDomain,sklearn_fixture,29993fa5a07111060fb234185b682f6717de16a4d2e1350bc14293597f01621f,rf_digits_parity_v1,digits_parity,digits_parity,42,,,,2026-09-02T20:45:00Z,1.2.0,62e10bc07ec9873f,SAMPLE_PREDICTION_ERROR,prediction_error == 1 when model prediction != true target,model_prediction_versus_ground_truth,False,0,0,True,0,0.12,0.2,0.05,0.15,0.15,0.061282587702834124,,,,,,NORMAL,True,True,True,True,False,False,False,True,False,,,,
568a1bb8ac2ffcb9eb9bde4f,STATIC_SELECTIVE_RISK,Module_12_CrossDomain,sklearn_fixture,29993fa5a07111060fb234185b682f6717de16a4d2e1350bc14293597f01621f,rf_digits_parity_v1,digits_parity,digits_parity,42,,,,2026-09-02T20:45:00Z,1.2.0,62e10bc07ec9873f,SAMPLE_PREDICTION_ERROR,prediction_error == 1 when model prediction != true target,model_prediction_versus_ground_truth,False,1,1,True,0,0.12,0.2,0.05,0.15,0.15,0.061282587702834124,,,,,,NORMAL,True,True,True,True,False,False,False,True,False,,,,
2d161f59703fd785367ee7aa,STATIC_SELECTIVE_RISK,Module_12_CrossDomain,sklearn_fixture,29993fa5a07111060fb234185b682f6717de16a4d2e1350bc14293597f01621f,rf_digits_parity_v1,digits_parity,digits_parity,42,,,,2026-09-02T20:45:00Z,1.2.0,62e10bc07ec9873f,SAMPLE_PREDICTION_ERROR,prediction_error == 1 when model prediction != true target,model_prediction_versus_ground_truth,False,0,0,True,0,0.12,0.2,0.05,0.15,0.15,0.061282587702834124,,,,,,NORMAL,True,True,True,True,False,False,False,True,False,,,,
3b21db300435798a95a1e321,STATIC_SELECTIVE_RISK,Module_12_CrossDomain,sklearn_fixture,29993fa5a07111060fb234185b682f6717de16a4d2e1350bc14293597f01621f,rf_digits_parity_v1,digits_parity,digits_parity,42,,,,2026-09-02T20:45:00Z,1.2.0,62e10bc07ec9873f,SAMPLE_PREDICTION_ERROR,prediction_error == 1 when model prediction != true target,model_prediction_versus_ground_truth,False,1,1,True,0,0.12,0.2,0.05,0.15,0.15,0.061282587702834124,,,,,,NORMAL,True,True,True,True,False,False,False,True,False,,,,
f60be40d93b8a01a603f8f0c,STATIC_SELECTIVE_RISK,Module_12_CrossDomain,sklearn_fixture,29993fa5a07111060fb234185b682f6717de16a4d2e1350bc14293597f01621f,rf_digits_parity_v1,digits_parity,digits_parity,42,,,,2026-09-02T20:45:00Z,1.2.0,62e10bc07ec9873f,SAMPLE_PREDICTION_ERROR,prediction_error == 1 when model prediction != true target,model_prediction_versus_ground_truth,False,0,0,True,0,0.12,0.2,0.05,0.15,0.15,0.061282587702834124,,,,,,NORMAL,True,True,True,True,False,False,False,True,False,,,,
955e5736641d5490610e31ec,STATIC_SELECTIVE_RISK,Module_12_CrossDomain,sklearn_fixture,29993fa5a07111060fb234185b682f6717de16a4d2e1350bc14293597f01621f,rf_digits_parity_v1,digits_parity,digits_parity,42,,,,2026-09-02T20:45:00Z,1.2.0,62e10bc07ec9873f,SAMPLE_PREDICTION_ERROR,prediction_error == 1 when model prediction != true target,model_prediction_versus_ground_truth,False,1,1,True,0,0.12,0.2,0.05,0.15,0.15,0.061282587702834124,,,,,,NORMAL,True,True,True,True,False,False,False,True,False,,,,
83f9aa4a9335ca081b90ec42,STATIC_SELECTIVE_RISK,Module_12_CrossDomain,sklearn_fixture,29993fa5a07111060fb234185b682f6717de16a4d2e1350bc14293597f01621f,rf_digits_parity_v1,digits_parity,digits_parity,42,,,,2026-09-02T20:45:00Z,1.2.0,62e10bc07ec9873f,SAMPLE_PREDICTION_ERROR,prediction_error == 1 when model prediction != true target,model_prediction_versus_ground_truth,False,0,0,True,0,0.12,0.2,0.05,0.15,0.15,0.061282587702834124,,,,,,NORMAL,True,True,True,True,False,False,False,True,False,,,,
5f3ba1088c74e7899f5c8723,STATIC_SELECTIVE_RISK,Module_12_CrossDomain,sklearn_fixture,29993fa5a07111060fb234185b682f6717de16a4d2e1350bc14293597f01621f,rf_digits_parity_v1,digits_parity,digits_parity,42,,,,2026-09-02T20:45:00Z,1.2.0,62e10bc07ec9873f,SAMPLE_PREDICTION_ERROR,prediction_error == 1 when model prediction != true target,model_prediction_versus_ground_truth,False,1,1,True,0,0.12,0.2,0.05,0.15,0.15,0.061282587702834124,,,,,,NORMAL,True,True,True,True,False,False,False,True,False,,,,
ba14eecbe232ecebd712af51,STATIC_SELECTIVE_RISK,Module_12_CrossDomain,sklearn_fixture,29993fa5a07111060fb234185b682f6717de16a4d2e1350bc14293597f01621f,rf_digits_parity_v1,digits_parity,digits_parity,42,,,,2026-09-02T20:45:00Z,1.2.0,62e10bc07ec9873f,SAMPLE_PREDICTION_ERROR,prediction_error == 1 when model prediction != true target,model_prediction_versus_ground_truth,False,0,0,True,0,0.12,0.2,0.05,0.15,0.15,0.061282587702834124,,,,,,NORMAL,True,True,True,True,False,False,False,True,False,,,,
b028bd1d57681f6bf79e9e63,STATIC_SELECTIVE_RISK,Module_12_CrossDomain,sklearn_fixture,29993fa5a07111060fb234185b682f6717de16a4d2e1350bc14293597f01621f,rf_digits_parity_v1,digits_parity,digits_parity,42,,,,2026-09-02T20:45:00Z,1.2.0,62e10bc07ec9873f,SAMPLE_PREDICTION_ERROR,prediction_error == 1 when model prediction != true target,model_prediction_versus_ground_truth,False,1,1,True,0,0.12,0.2,0.05,0.15,0.15,0.061282587702834124,,,,,,NORMAL,True,True,True,True,False,False,False,True,False,,,,
ffa482d95a48a42e559a198b,STATIC_SELECTIVE_RISK,Module_12_CrossDomain,sklearn_fixture,29993fa5a07111060fb234185b682f6717de16a4d2e1350bc14293597f01621f,rf_digits_parity_v1,digits_parity,digits_parity,42,,,,2026-09-02T20:45:00Z,1.2.0,62e10bc07ec9873f,SAMPLE_PREDICTION_ERROR,prediction_error == 1 when model prediction != true target,model_prediction_versus_ground_truth,False,0,0,True,0,0.12,0.2,0.05,0.15,0.15,0.061282587702834124,,,,,,NORMAL,True,True,True,True,False,False,False,True,False,,,,
e77c02b5a3d9c48a4667b1eb,STATIC_SELECTIVE_RISK,Module_12_CrossDomain,sklearn_fixture,29993fa5a07111060fb234185b682f6717de16a4d2e1350bc14293597f01621f,rf_digits_parity_v1,digits_parity,digits_parity,42,,,,2026-09-02T20:45:00Z,1.2.0,62e10bc07ec9873f,SAMPLE_PREDICTION_ERROR,prediction_error == 1 when model prediction != true target,model_prediction_versus_ground_truth,False,1,1,True,0,0.12,0.2,0.05,0.15,0.15,0.061282587702834124,,,,,,NORMAL,True,True,True,True,False,False,False,True,False,,,,
8fe238b0acfe7ded11d20535,STATIC_SELECTIVE_RISK,Module_12_CrossDomain,sklearn_fixture,29993fa5a07111060fb234185b682f6717de16a4d2e1350bc14293597f01621f,rf_digits_parity_v1,digits_parity,digits_parity,42,,,,2026-09-02T20:45:00Z,1.2.0,62e10bc07ec9873f,SAMPLE_PREDICTION_ERROR,prediction_error == 1 when model prediction != true target,model_prediction_versus_ground_truth,False,0,0,True,0,0.12,0.2,0.05,0.15,0.15,0.061282587702834124,,,,,,NORMAL,True,True,True,True,False,False,False,True,False,,,,
a1b70c2c13c344e94103045c,STATIC_SELECTIVE_RISK,Module_12_CrossDomain,sklearn_fixture,29993fa5a07111060fb234185b682f6717de16a4d2e1350bc14293597f01621f,rf_digits_parity_v1,digits_parity,digits_parity,42,,,,2026-09-02T20:45:00Z,1.2.0,62e10bc07ec9873f,SAMPLE_PREDICTION_ERROR,prediction_error == 1 when model prediction != true target,model_prediction_versus_ground_truth,False,1,1,True,0,0.12,0.2,0.05,0.15,0.15,0.061282587702834124,,,,,,NORMAL,True,True,True,True,False,False,False,True,False,,,,
0606295f586035bd5558901c,STATIC_SELECTIVE_RISK,Module_12_CrossDomain,sklearn_fixture,29993fa5a07111060fb234185b682f6717de16a4d2e1350bc14293597f01621f,rf_digits_parity_v1,digits_parity,digits_parity,42,,,,2026-09-02T20:45:00Z,1.2.0,62e10bc07ec9873f,SAMPLE_PREDICTION_ERROR,prediction_error == 1 when model prediction != true target,model_prediction_versus_ground_truth,False,0,0,True,0,0.12,0.2,0.05,0.15,0.15,0.061282587702834124,,,,,,NORMAL,True,True,True,True,False,False,False,True,False,,,,
84b805d69bebc94c611ae7eb,STATIC_SELECTIVE_RISK,Module_12_CrossDomain,sklearn_fixture,29993fa5a07111060fb234185b682f6717de16a4d2e1350bc14293597f01621f,rf_digits_parity_v1,digits_parity,digits_parity,42,,,,2026-09-02T20:45:00Z,1.2.0,62e10bc07ec9873f,SAMPLE_PREDICTION_ERROR,prediction_error == 1 when model prediction != true target,model_prediction_versus_ground_truth,False,1,1,True,0,0.12,0.2,0.05,0.15,0.15,0.061282587702834124,,,,,,NORMAL,True,True,True,True,False,False,False,True,False,,,,
0bb5f385dfc1df6ec0b39241,STATIC_SELECTIVE_RISK,Module_12_CrossDomain,sklearn_fixture,29993fa5a07111060fb234185b682f6717de16a4d2e1350bc14293597f01621f,rf_digits_parity_v1,digits_parity,digits_parity,42,,,,2026-09-02T20:45:00Z,1.2.0,62e10bc07ec9873f,SAMPLE_PREDICTION_ERROR,prediction_error == 1 when model prediction != true target,model_prediction_versus_ground_truth,False,0,0,True,0,0.12,0.2,0.05,0.15,0.15,0.061282587702834124,,,,,,NORMAL,True,True,True,True,False,False,False,True,False,,,,
74764210f12b1639409559e4,STATIC_SELECTIVE_RISK,Module_12_CrossDomain,sklearn_fixture,29993fa5a07111060fb234185b682f6717de16a4d2e1350bc14293597f01621f,rf_digits_parity_v1,digits_parity,digits_parity,42,,,,2026-09-02T20:45:00Z,1.2.0,62e10bc07ec9873f,SAMPLE_PREDICTION_ERROR,prediction_error == 1 when model prediction != true target,model_prediction_versus_ground_truth,False,1,1,True,0,0.12,0.2,0.05,0.15,0.15,0.061282587702834124,,,,,,NORMAL,True,True,True,True,False,False,False,True,False,,,,
464097c2f9cc9c20f81e94da,STATIC_SELECTIVE_RISK,Module_12_CrossDomain,sklearn_fixture,29993fa5a07111060fb234185b682f6717de16a4d2e1350bc14293597f01621f,rf_digits_parity_v1,digits_parity,digits_parity,42,,,,2026-09-02T20:45:00Z,1.2.0,62e10bc07ec9873f,SAMPLE_PREDICTION_ERROR,prediction_error == 1 when model prediction != true target,model_prediction_versus_ground_truth,False,0,0,True,0,0.12,0.2,0.05,0.15,0.15,0.061282587702834124,,,,,,NORMAL,True,True,True,True,False,False,False,True,False,,,,
8f7af46ca3a1f98103f027d8,STATIC_SELECTIVE_RISK,Module_12_CrossDomain,sklearn_fixture,29993fa5a07111060fb234185b682f6717de16a4d2e1350bc14293597f01621f,rf_digits_parity_v1,digits_parity,digits_parity,42,,,,2026-09-02T20:45:00Z,1.2.0,62e10bc07ec9873f,SAMPLE_PREDICTION_ERROR,prediction_error == 1 when model prediction != true target,model_prediction_versus_ground_truth,False,1,1,True,0,0.12,0.2,0.05,0.15,0.15,0.061282587702834124,,,,,,NORMAL,True,True,True,True,False,False,False,True,False,,,,
dfe5fd46346703e768037577,STATIC_SELECTIVE_RISK,Module_12_CrossDomain,sklearn_fixture,29993fa5a07111060fb234185b682f6717de16a4d2e1350bc14293597f01621f,rf_digits_parity_v1,digits_parity,digits_parity,42,,,,2026-09-02T20:45:00Z,1.2.0,62e10bc07ec9873f,SAMPLE_PREDICTION_ERROR,prediction_error == 1 when model prediction != true target,model_prediction_versus_ground_truth,False,0,0,True,0,0.12,0.2,0.05,0.15,0.15,0.061282587702834124,,,,,,NORMAL,True,True,True,True,False,False,False,True,False,,,,
85c5c47c3a8eaf312c53e4df,STATIC_SELECTIVE_RISK,Module_12_CrossDomain,sklearn_fixture,29993fa5a07111060fb234185b682f6717de16a4d2e1350bc14293597f01621f,rf_digits_parity_v1,digits_parity,digits_parity,42,,,,2026-09-02T20:45:00Z,1.2.0,62e10bc07ec9873f,SAMPLE_PREDICTION_ERROR,prediction_error == 1 when model prediction != true target,model_prediction_versus_ground_truth,False,1,1,True,0,0.12,0.2,0.05,0.15,0.15,0.061282587702834124,,,,,,NORMAL,True,True,True,True,False,False,False,True,False,,,,
e9236d29c38864cbe3b3c06f,STATIC_SELECTIVE_RISK,Module_12_CrossDomain,sklearn_fixture,29993fa5a07111060fb234185b682f6717de16a4d2e1350bc14293597f01621f,rf_digits_parity_v1,digits_parity,digits_parity,42,,,,2026-09-02T20:45:00Z,1.2.0,62e10bc07ec9873f,SAMPLE_PREDICTION_ERROR,prediction_error == 1 when model prediction != true target,model_prediction_versus_ground_truth,False,0,0,True,0,0.12,0.2,0.05,0.15,0.15,0.061282587702834124,,,,,,NORMAL,True,True,True,True,False,False,False,True,False,,,,
69aec5b2b359523e0b123a65,STATIC_SELECTIVE_RISK,Module_12_CrossDomain,sklearn_fixture,29993fa5a07111060fb234185b682f6717de16a4d2e1350bc14293597f01621f,rf_digits_parity_v1,digits_parity,digits_parity,42,,,,2026-09-02T20:45:00Z,1.2.0,62e10bc07ec9873f,SAMPLE_PREDICTION_ERROR,prediction_error == 1 when model prediction != true target,model_prediction_versus_ground_truth,False,1,1,True,0,0.12,0.2,0.05,0.15,0.15,0.061282587702834124,,,,,,NORMAL,True,True,True,True,False,False,False,True,False,,,,
c14f273ce135984899d2d0ff,STATIC_SELECTIVE_RISK,Module_12_CrossDomain,sklearn_fixture,29993fa5a07111060fb234185b682f6717de16a4d2e1350bc14293597f01621f,rf_digits_parity_v1,digits_parity,digits_parity,42,,,,2026-09-02T20:45:00Z,1.2.0,62e10bc07ec9873f,SAMPLE_PREDICTION_ERROR,prediction_error == 1 when model prediction != true target,model_prediction_versus_ground_truth,False,0,0,True,0,0.12,0.2,0.05,0.15,0.15,0.061282587702834124,,,,,,NORMAL,True,True,True,True,False,False,False,True,False,,,,
a164ab0343e76d3d763461e8,STATIC_SELECTIVE_RISK,Module_12_CrossDomain,sklearn_fixture,29993fa5a07111060fb234185b682f6717de16a4d2e1350bc14293597f01621f,rf_digits_parity_v1,digits_parity,digits_parity,42,,,,2026-09-02T20:45:00Z,1.2.0,62e10bc07ec9873f,SAMPLE_PREDICTION_ERROR,prediction_error == 1 when model prediction != true target,model_prediction_versus_ground_truth,False,1,1,True,0,0.12,0.2,0.05,0.15,0.15,0.061282587702834124,,,,,,NORMAL,True,True,True,True,False,False,False,True,False,,,,
471d6628908bd3b20012f0ea,STATIC_SELECTIVE_RISK,Module_12_CrossDomain,sklearn_fixture,29993fa5a07111060fb234185b682f6717de16a4d2e1350bc14293597f01621f,rf_digits_parity_v1,digits_parity,digits_parity,42,,,,2026-09-02T20:45:00Z,1.2.0,62e10bc07ec9873f,SAMPLE_PREDICTION_ERROR,prediction_error == 1 when model prediction != true target,model_prediction_versus_ground_truth,False,0,0,True,0,0.12,0.2,0.05,0.15,0.15,0.061282587702834124,,,,,,NORMAL,True,True,True,True,False,False,False,True,False,,,,
77938b84bb698104d25bce08,STATIC_SELECTIVE_RISK,Module_12_CrossDomain,sklearn_fixture,29993fa5a07111060fb234185b682f6717de16a4d2e1350bc14293597f01621f,rf_digits_parity_v1,digits_parity,digits_parity,42,,,,2026-09-02T20:45:00Z,1.2.0,62e10bc07ec9873f,SAMPLE_PREDICTION_ERROR,prediction_error == 1 when model prediction != true target,model_prediction_versus_ground_truth,False,1,1,True,0,0.12,0.2,0.05,0.15,0.15,0.061282587702834124,,,,,,NORMAL,True,True,True,True,False,False,False,True,False,,,,
d18883a9135fff8d78b39c9a,STATIC_SELECTIVE_RISK,Module_12_CrossDomain,sklearn_fixture,29993fa5a07111060fb234185b682f6717de16a4d2e1350bc14293597f01621f,rf_digits_parity_v1,digits_parity,digits_parity,42,,,,2026-09-02T20:45:00Z,1.2.0,62e10bc07ec9873f,SAMPLE_PREDICTION_ERROR,prediction_error == 1 when model prediction != true target,model_prediction_versus_ground_truth,False,0,0,True,0,0.12,0.2,0.05,0.15,0.15,0.061282587702834124,,,,,,NORMAL,True,True,True,True,False,False,False,True,False,,,,
606ee3a3f1885fde441a4f96,STATIC_SELECTIVE_RISK,Module_12_CrossDomain,sklearn_fixture,29993fa5a07111060fb234185b682f6717de16a4d2e1350bc14293597f01621f,rf_digits_parity_v1,digits_parity,digits_parity,42,,,,2026-09-02T20:45:00Z,1.2.0,62e10bc07ec9873f,SAMPLE_PREDICTION_ERROR,prediction_error == 1 when model prediction != true target,model_prediction_versus_ground_truth,False,0,0,True,0,0.12,0.2,0.05,0.15,0.15,0.061282587702834124,,,,,,NORMAL,True,True,True,True,False,False,False,True,False,,,,
a060d8356998c7daed15a7b2,STATIC_SELECTIVE_RISK,Module_12_CrossDomain,sklearn_fixture,29993fa5a07111060fb234185b682f6717de16a4d2e1350bc14293597f01621f,rf_digits_parity_v1,digits_parity,digits_parity,42,,,,2026-09-02T20:45:00Z,1.2.0,62e10bc07ec9873f,SAMPLE_PREDICTION_ERROR,prediction_error == 1 when model prediction != true target,model_prediction_versus_ground_truth,False,0,0,True,0,0.12,0.2,0.05,0.15,0.15,0.061282587702834124,,,,,,NORMAL,True,True,True,True,False,False,False,True,False,,,,
8ec51a31a612904df44a2f44,STATIC_SELECTIVE_RISK,Module_12_CrossDomain,sklearn_fixture,29993fa5a07111060fb234185b682f6717de16a4d2e1350bc14293597f01621f,rf_digits_parity_v1,digits_parity,digits_parity,42,,,,2026-09-02T20:45:00Z,1.2.0,62e10bc07ec9873f,SAMPLE_PREDICTION_ERROR,prediction_error == 1 when model prediction != true target,model_prediction_versus_ground_truth,False,1,1,True,0,0.12,0.2,0.05,0.15,0.15,0.061282587702834124,,,,,,NORMAL,True,True,True,True,False,False,False,True,False,,,,
0dd13edfd4fc9f6577afd45e,STATIC_SELECTIVE_RISK,Module_12_CrossDomain,sklearn_fixture,29993fa5a07111060fb234185b682f6717de16a4d2e1350bc14293597f01621f,rf_digits_parity_v1,digits_parity,digits_parity,42,,,,2026-09-02T20:45:00Z,1.2.0,62e10bc07ec9873f,SAMPLE_PREDICTION_ERROR,prediction_error == 1 when model prediction != true target,model_prediction_versus_ground_truth,False,0,0,True,0,0.12,0.2,0.05,0.15,0.15,0.061282587702834124,,,,,,NORMAL,True,True,True,True,False,False,False,True,False,,,,
018acba0bf1e2766923e7bcf,STATIC_SELECTIVE_RISK,Module_12_CrossDomain,sklearn_fixture,29993fa5a07111060fb234185b682f6717de16a4d2e1350bc14293597f01621f,rf_digits_parity_v1,digits_parity,digits_parity,42,,,,2026-09-02T20:45:00Z,1.2.0,62e10bc07ec9873f,SAMPLE_PREDICTION_ERROR,prediction_error == 1 when model prediction != true target,model_prediction_versus_ground_truth,False,1,1,True,0,0.12,0.2,0.05,0.15,0.15,0.061282587702834124,,,,,,NORMAL,True,True,True,True,False,False,False,True,False,,,,
3b74b2f3ea6f2f20d798c90d,STATIC_SELECTIVE_RISK,Module_12_CrossDomain,sklearn_fixture,29993fa5a07111060fb234185b682f6717de16a4d2e1350bc14293597f01621f,rf_digits_parity_v1,digits_parity,digits_parity,42,,,,2026-09-02T20:45:00Z,1.2.0,62e10bc07ec9873f,SAMPLE_PREDICTION_ERROR,prediction_error == 1 when model prediction != true target,model_prediction_versus_ground_truth,False,0,0,True,0,0.12,0.2,0.05,0.15,0.15,0.061282587702834124,,,,,,NORMAL,True,True,True,True,False,False,False,True,False,,,,
f84e68a7c73e0fd91beda8fc,STATIC_SELECTIVE_RISK,Module_12_CrossDomain,sklearn_fixture,29993fa5a07111060fb234185b682f6717de16a4d2e1350bc14293597f01621f,rf_digits_parity_v1,digits_parity,digits_parity,42,,,,2026-09-02T20:45:00Z,1.2.0,62e10bc07ec9873f,SAMPLE_PREDICTION_ERROR,prediction_error == 1 when model prediction != true target,model_prediction_versus_ground_truth,False,1,1,True,0,0.12,0.2,0.05,0.15,0.15,0.061282587702834124,,,,,,NORMAL,True,True,True,True,False,False,False,True,False,,,,
e3b30887ca855582a1573e8d,STATIC_SELECTIVE_RISK,Module_12_CrossDomain,sklearn_fixture,29993fa5a07111060fb234185b682f6717de16a4d2e1350bc14293597f01621f,rf_digits_parity_v1,digits_parity,digits_parity,42,,,,2026-09-02T20:45:00Z,1.2.0,62e10bc07ec9873f,SAMPLE_PREDICTION_ERROR,prediction_error == 1 when model prediction != true target,model_prediction_versus_ground_truth,False,0,0,True,0,0.12,0.2,0.05,0.15,0.15,0.061282587702834124,,,,,,NORMAL,True,True,True,True,False,False,False,True,False,,,,
2261c7c08317e2e12872fe91,STATIC_SELECTIVE_RISK,Module_12_CrossDomain,sklearn_fixture,29993fa5a07111060fb234185b682f6717de16a4d2e1350bc14293597f01621f,rf_digits_parity_v1,digits_parity,digits_parity,42,,,,2026-09-02T20:45:00Z,1.2.0,62e10bc07ec9873f,SAMPLE_PREDICTION_ERROR,prediction_error == 1 when model prediction != true target,model_prediction_versus_ground_truth,False,1,1,True,0,0.12,0.2,0.05,0.15,0.15,0.061282587702834124,,,,,,NORMAL,True,True,True,True,False,False,False,True,False,,,,
793eed8c6d8a1b23227cf20f,STATIC_SELECTIVE_RISK,Module_12_CrossDomain,sklearn_fixture,29993fa5a07111060fb234185b682f6717de16a4d2e1350bc14293597f01621f,rf_digits_parity_v1,digits_parity,digits_parity,42,,,,2026-09-02T20:45:00Z,1.2.0,62e10bc07ec9873f,SAMPLE_PREDICTION_ERROR,prediction_error == 1 when model prediction != true target,model_prediction_versus_ground_truth,False,1,1,True,0,0.12,0.2,0.05,0.15,0.15,0.061282587702834124,,,,,,NORMAL,True,True,True,True,False,False,False,True,False,,,,
e5f0f1d4cb5339347d6dbd76,STATIC_SELECTIVE_RISK,Module_12_CrossDomain,sklearn_fixture,29993fa5a07111060fb234185b682f6717de16a4d2e1350bc14293597f01621f,rf_digits_parity_v1,digits_parity,digits_parity,42,,,,2026-09-02T20:45:00Z,1.2.0,62e10bc07ec9873f,SAMPLE_PREDICTION_ERROR,prediction_error == 1 when model prediction != true target,model_prediction_versus_ground_truth,False,0,0,True,0,0.12,0.2,0.05,0.15,0.15,0.061282587702834124,,,,,,NORMAL,True,True,True,True,False,False,False,True,False,,,,
7152fe3ff16b4335ded208c9,STATIC_SELECTIVE_RISK,Module_12_CrossDomain,sklearn_fixture,29993fa5a07111060fb234185b682f6717de16a4d2e1350bc14293597f01621f,rf_digits_parity_v1,digits_parity,digits_parity,42,,,,2026-09-02T20:45:00Z,1.2.0,62e10bc07ec9873f,SAMPLE_PREDICTION_ERROR,prediction_error == 1 when model prediction != true target,model_prediction_versus_ground_truth,False,0,0,True,0,0.12,0.2,0.05,0.15,0.15,0.061282587702834124,,,,,,NORMAL,True,True,True,True,False,False,False,True,False,,,,
efe01542b239d28d0efdb770,STATIC_SELECTIVE_RISK,Module_12_CrossDomain,sklearn_fixture,29993fa5a07111060fb234185b682f6717de16a4d2e1350bc14293597f01621f,rf_digits_parity_v1,digits_parity,digits_parity,42,,,,2026-09-02T20:45:00Z,1.2.0,62e10bc07ec9873f,SAMPLE_PREDICTION_ERROR,prediction_error == 1 when model prediction != true target,model_prediction_versus_ground_truth,False,0,0,True,0,0.12,0.2,0.05,0.15,0.15,0.061282587702834124,,,,,,NORMAL,True,True,True,True,False,False,False,True,False,,,,
57f7d0fd89403fa5afa645e7,STATIC_SELECTIVE_RISK,Module_12_CrossDomain,sklearn_fixture,29993fa5a07111060fb234185b682f6717de16a4d2e1350bc14293597f01621f,rf_digits_parity_v1,digits_parity,digits_parity,42,,,,2026-09-02T20:45:00Z,1.2.0,62e10bc07ec9873f,SAMPLE_PREDICTION_ERROR,prediction_error == 1 when model prediction != true target,model_prediction_versus_ground_truth,False,0,0,True,0,0.12,0.2,0.05,0.15,0.15,0.061282587702834124,,,,,,NORMAL,True,True,True,True,False,False,False,True,False,,,,
91f7e0aee386bf24351f4c32,STATIC_SELECTIVE_RISK,Module_12_CrossDomain,sklearn_fixture,29993fa5a07111060fb234185b682f6717de16a4d2e1350bc14293597f01621f,rf_digits_parity_v1,digits_parity,digits_parity,42,,,,2026-09-02T20:45:00Z,1.2.0,62e10bc07ec9873f,SAMPLE_PREDICTION_ERROR,prediction_error == 1 when model prediction != true target,model_prediction_versus_ground_truth,False,0,0,True,0,0.12,0.2,0.05,0.15,0.15,0.061282587702834124,,,,,,NORMAL,True,True,True,True,False,False,False,True,False,,,,
8205590925a5bbe6955c9efe,STATIC_SELECTIVE_RISK,Module_12_CrossDomain,sklearn_fixture,29993fa5a07111060fb234185b682f6717de16a4d2e1350bc14293597f01621f,rf_digits_parity_v1,digits_parity,digits_parity,42,,,,2026-09-02T20:45:00Z,1.2.0,62e10bc07ec9873f,SAMPLE_PREDICTION_ERROR,prediction_error == 1 when model prediction != true target,model_prediction_versus_ground_truth,False,0,0,True,0,0.12,0.2,0.05,0.15,0.15,0.061282587702834124,,,,,,NORMAL,True,True,True,True,False,False,False,True,False,,,,
5dcb6864712a5ef97051f72a,STATIC_SELECTIVE_RISK,Module_12_CrossDomain,sklearn_fixture,29993fa5a07111060fb234185b682f6717de16a4d2e1350bc14293597f01621f,rf_digits_parity_v1,digits_parity,digits_parity,42,,,,2026-09-02T20:45:00Z,1.2.0,62e10bc07ec9873f,SAMPLE_PREDICTION_ERROR,prediction_error == 1 when model prediction != true target,model_prediction_versus_ground_truth,False,1,1,True,0,0.12,0.2,0.05,0.15,0.15,0.061282587702834124,,,,,,NORMAL,True,True,True,True,False,False,False,True,False,,,,
af33671a6efbf5f25ecf0a0d,STATIC_SELECTIVE_RISK,Module_12_CrossDomain,sklearn_fixture,29993fa5a07111060fb234185b682f6717de16a4d2e1350bc14293597f01621f,rf_digits_parity_v1,digits_parity,digits_parity,42,,,,2026-09-02T20:45:00Z,1.2.0,62e10bc07ec9873f,SAMPLE_PREDICTION_ERROR,prediction_error == 1 when model prediction != true target,model_prediction_versus_ground_truth,False,1,1,True,0,0.12,0.2,0.05,0.15,0.15,0.061282587702834124,,,,,,NORMAL,True,True,True,True,False,False,False,True,False,,,,
041fa5c61bfd6f7f75bcdf07,STATIC_SELECTIVE_RISK,Module_12_CrossDomain,sklearn_fixture,29993fa5a07111060fb234185b682f6717de16a4d2e1350bc14293597f01621f,rf_digits_parity_v1,digits_parity,digits_parity,42,,,,2026-09-02T20:45:00Z,1.2.0,62e10bc07ec9873f,SAMPLE_PREDICTION_ERROR,prediction_error == 1 when model prediction != true target,model_prediction_versus_ground_truth,False,1,1,True,0,0.12,0.2,0.05,0.15,0.15,0.061282587702834124,,,,,,NORMAL,True,True,True,True,False,False,False,True,False,,,,
46797cb9e84ad63547e94484,STATIC_SELECTIVE_RISK,Module_12_CrossDomain,sklearn_fixture,29993fa5a07111060fb234185b682f6717de16a4d2e1350bc14293597f01621f,rf_digits_parity_v1,digits_parity,digits_parity,42,,,,2026-09-02T20:45:00Z,1.2.0,62e10bc07ec9873f,SAMPLE_PREDICTION_ERROR,prediction_error == 1 when model prediction != true target,model_prediction_versus_ground_truth,False,1,1,True,0,0.12,0.2,0.05,0.15,0.15,0.061282587702834124,,,,,,NORMAL,True,True,True,True,False,False,False,True,False,,,,
de18551aff3c52a4b0bd9f26,STATIC_SELECTIVE_RISK,Module_12_CrossDomain,sklearn_fixture,29993fa5a07111060fb234185b682f6717de16a4d2e1350bc14293597f01621f,rf_digits_parity_v1,digits_parity,digits_parity,42,,,,2026-09-02T20:45:00Z,1.2.0,62e10bc07ec9873f,SAMPLE_PREDICTION_ERROR,prediction_error == 1 when model prediction != true target,model_prediction_versus_ground_truth,False,0,0,True,0,0.12,0.2,0.05,0.15,0.15,0.061282587702834124,,,,,,NORMAL,True,True,True,True,False,False,False,True,False,,,,
e213bb45da4f766c87946319,STATIC_SELECTIVE_RISK,Module_12_CrossDomain,sklearn_fixture,29993fa5a07111060fb234185b682f6717de16a4d2e1350bc14293597f01621f,rf_digits_parity_v1,digits_parity,digits_parity,42,,,,2026-09-02T20:45:00Z,1.2.0,62e10bc07ec9873f,SAMPLE_PREDICTION_ERROR,prediction_error == 1 when model prediction != true target,model_prediction_versus_ground_truth,False,1,1,True,0,0.12,0.2,0.05,0.15,0.15,0.061282587702834124,,,,,,NORMAL,True,True,True,True,False,False,False,True,False,,,,
dfa6325eb58223f56d8c8d9b,STATIC_SELECTIVE_RISK,Module_12_CrossDomain,sklearn_fixture,29993fa5a07111060fb234185b682f6717de16a4d2e1350bc14293597f01621f,rf_digits_parity_v1,digits_parity,digits_parity,42,,,,2026-09-02T20:45:00Z,1.2.0,62e10bc07ec9873f,SAMPLE_PREDICTION_ERROR,prediction_error == 1 when model prediction != true target,model_prediction_versus_ground_truth,False,1,1,True,0,0.12,0.2,0.05,0.15,0.15,0.061282587702834124,,,,,,NORMAL,True,True,True,True,False,False,False,True,False,,,,
45e6efc4842dc3a5e28849c9,STATIC_SELECTIVE_RISK,Module_12_CrossDomain,sklearn_fixture,29993fa5a07111060fb234185b682f6717de16a4d2e1350bc14293597f01621f,rf_digits_parity_v1,digits_parity,digits_parity,42,,,,2026-09-02T20:45:00Z,1.2.0,62e10bc07ec9873f,SAMPLE_PREDICTION_ERROR,prediction_error == 1 when model prediction != true target,model_prediction_versus_ground_truth,False,1,1,True,0,0.12,0.2,0.05,0.15,0.15,0.061282587702834124,,,,,,NORMAL,True,True,True,True,False,False,False,True,False,,,,
9ffdb5f3f64fd5434b5ce93b,STATIC_SELECTIVE_RISK,Module_12_CrossDomain,sklearn_fixture,29993fa5a07111060fb234185b682f6717de16a4d2e1350bc14293597f01621f,rf_digits_parity_v1,digits_parity,digits_parity,42,,,,2026-09-02T20:45:00Z,1.2.0,62e10bc07ec9873f,SAMPLE_PREDICTION_ERROR,prediction_error == 1 when model prediction != true target,model_prediction_versus_ground_truth,False,0,0,True,0,0.12,0.2,0.05,0.15,0.15,0.061282587702834124,,,,,,NORMAL,True,True,True,True,False,False,False,True,False,,,,
6b86f3462f5d96c72472745d,STATIC_SELECTIVE_RISK,Module_12_CrossDomain,sklearn_fixture,29993fa5a07111060fb234185b682f6717de16a4d2e1350bc14293597f01621f,rf_digits_parity_v1,digits_parity,digits_parity,42,,,,2026-09-02T20:45:00Z,1.2.0,62e10bc07ec9873f,SAMPLE_PREDICTION_ERROR,prediction_error == 1 when model prediction != true target,model_prediction_versus_ground_truth,False,1,1,True,0,0.12,0.2,0.05,0.15,0.15,0.061282587702834124,,,,,,NORMAL,True,True,True,True,False,False,False,True,False,,,,
c0c5ae5501777674e25a01f9,STATIC_SELECTIVE_RISK,Module_12_CrossDomain,sklearn_fixture,29993fa5a07111060fb234185b682f6717de16a4d2e1350bc14293597f01621f,rf_digits_parity_v1,digits_parity,digits_parity,42,,,,2026-09-02T20:45:00Z,1.2.0,62e10bc07ec9873f,SAMPLE_PREDICTION_ERROR,prediction_error == 1 when model prediction != true target,model_prediction_versus_ground_truth,False,1,1,True,0,0.12,0.2,0.05,0.15,0.15,0.061282587702834124,,,,,,NORMAL,True,True,True,True,False,False,False,True,False,,,,
4bc38b26ef73217c6d4cec42,STATIC_SELECTIVE_RISK,Module_12_CrossDomain,sklearn_fixture,29993fa5a07111060fb234185b682f6717de16a4d2e1350bc14293597f01621f,rf_digits_parity_v1,digits_parity,digits_parity,42,,,,2026-09-02T20:45:00Z,1.2.0,62e10bc07ec9873f,SAMPLE_PREDICTION_ERROR,prediction_error == 1 when model prediction != true target,model_prediction_versus_ground_truth,False,0,0,True,0,0.12,0.2,0.05,0.15,0.15,0.061282587702834124,,,,,,NORMAL,True,True,True,True,False,False,False,True,False,,,,
77c6e7b4b415d844b39995d9,STATIC_SELECTIVE_RISK,Module_12_CrossDomain,sklearn_fixture,29993fa5a07111060fb234185b682f6717de16a4d2e1350bc14293597f01621f,rf_digits_parity_v1,digits_parity,digits_parity,42,,,,2026-09-02T20:45:00Z,1.2.0,62e10bc07ec9873f,SAMPLE_PREDICTION_ERROR,prediction_error == 1 when model prediction != true target,model_prediction_versus_ground_truth,False,0,0,True,0,0.12,0.2,0.05,0.15,0.15,0.061282587702834124,,,,,,NORMAL,True,True,True,True,False,False,False,True,False,,,,
f68e09cc7ef60f0bdce4688d,STATIC_SELECTIVE_RISK,Module_12_CrossDomain,sklearn_fixture,29993fa5a07111060fb234185b682f6717de16a4d2e1350bc14293597f01621f,rf_digits_parity_v1,digits_parity,digits_parity,42,,,,2026-09-02T20:45:00Z,1.2.0,62e10bc07ec9873f,SAMPLE_PREDICTION_ERROR,prediction_error == 1 when model prediction != true target,model_prediction_versus_ground_truth,False,0,0,True,0,0.12,0.2,0.05,0.15,0.15,0.061282587702834124,,,,,,NORMAL,True,True,True,True,False,False,False,True,False,,,,
3d7374e76effdc9db1f61354,STATIC_SELECTIVE_RISK,Module_12_CrossDomain,sklearn_fixture,29993fa5a07111060fb234185b682f6717de16a4d2e1350bc14293597f01621f,rf_digits_parity_v1,digits_parity,digits_parity,42,,,,2026-09-02T20:45:00Z,1.2.0,62e10bc07ec9873f,SAMPLE_PREDICTION_ERROR,prediction_error == 1 when model prediction != true target,model_prediction_versus_ground_truth,False,0,0,True,0,0.12,0.2,0.05,0.15,0.15,0.061282587702834124,,,,,,NORMAL,True,True,True,True,False,False,False,True,False,,,,
b1580de354e2f0288bad27d1,STATIC_SELECTIVE_RISK,Module_12_CrossDomain,sklearn_fixture,29993fa5a07111060fb234185b682f6717de16a4d2e1350bc14293597f01621f,rf_digits_parity_v1,digits_parity,digits_parity,42,,,,2026-09-02T20:45:00Z,1.2.0,62e10bc07ec9873f,SAMPLE_PREDICTION_ERROR,prediction_error == 1 when model prediction != true target,model_prediction_versus_ground_truth,False,0,0,True,0,0.12,0.2,0.05,0.15,0.15,0.061282587702834124,,,,,,NORMAL,True,True,True,True,False,False,False,True,False,,,,
b4d8ac3c686d55588b1677bb,STATIC_SELECTIVE_RISK,Module_12_CrossDomain,sklearn_fixture,29993fa5a07111060fb234185b682f6717de16a4d2e1350bc14293597f01621f,rf_digits_parity_v1,digits_parity,digits_parity,42,,,,2026-09-02T20:45:00Z,1.2.0,62e10bc07ec9873f,SAMPLE_PREDICTION_ERROR,prediction_error == 1 when model prediction != true target,model_prediction_versus_ground_truth,False,1,1,True,0,0.12,0.2,0.05,0.15,0.15,0.061282587702834124,,,,,,NORMAL,True,True,True,True,False,False,False,True,False,,,,
9d040829f0d649885b29faf4,STATIC_SELECTIVE_RISK,Module_12_CrossDomain,sklearn_fixture,29993fa5a07111060fb234185b682f6717de16a4d2e1350bc14293597f01621f,rf_digits_parity_v1,digits_parity,digits_parity,42,,,,2026-09-02T20:45:00Z,1.2.0,62e10bc07ec9873f,SAMPLE_PREDICTION_ERROR,prediction_error == 1 when model prediction != true target,model_prediction_versus_ground_truth,False,1,1,True,0,0.12,0.2,0.05,0.15,0.15,0.061282587702834124,,,,,,NORMAL,True,True,True,True,False,False,False,True,False,,,,
2ca40e6c6881f89729192802,STATIC_SELECTIVE_RISK,Module_12_CrossDomain,sklearn_fixture,29993fa5a07111060fb234185b682f6717de16a4d2e1350bc14293597f01621f,rf_digits_parity_v1,digits_parity,digits_parity,42,,,,2026-09-02T20:45:00Z,1.2.0,62e10bc07ec9873f,SAMPLE_PREDICTION_ERROR,prediction_error == 1 when model prediction != true target,model_prediction_versus_ground_truth,False,1,1,True,0,0.12,0.2,0.05,0.15,0.15,0.061282587702834124,,,,,,NORMAL,True,True,True,True,False,False,False,True,False,,,,
bb25180bc1b351d09f8633cf,STATIC_SELECTIVE_RISK,Module_12_CrossDomain,sklearn_fixture,29993fa5a07111060fb234185b682f6717de16a4d2e1350bc14293597f01621f,rf_digits_parity_v1,digits_parity,digits_parity,42,,,,2026-09-02T20:45:00Z,1.2.0,62e10bc07ec9873f,SAMPLE_PREDICTION_ERROR,prediction_error == 1 when model prediction != true target,model_prediction_versus_ground_truth,False,1,1,True,0,0.12,0.2,0.05,0.15,0.15,0.061282587702834124,,,,,,NORMAL,True,True,True,True,False,False,False,True,False,,,,
00d14db772eee0a6351aa318,STATIC_SELECTIVE_RISK,Module_12_CrossDomain,sklearn_fixture,29993fa5a07111060fb234185b682f6717de16a4d2e1350bc14293597f01621f,rf_digits_parity_v1,digits_parity,digits_parity,42,,,,2026-09-02T20:45:00Z,1.2.0,62e10bc07ec9873f,SAMPLE_PREDICTION_ERROR,prediction_error == 1 when model prediction != true target,model_prediction_versus_ground_truth,False,1,1,True,0,0.12,0.2,0.05,0.15,0.15,0.061282587702834124,,,,,,NORMAL,True,True,True,True,False,False,False,True,False,,,,
e0b9c635e2ee7ddaae88ebf8,STATIC_SELECTIVE_RISK,Module_12_CrossDomain,sklearn_fixture,29993fa5a07111060fb234185b682f6717de16a4d2e1350bc14293597f01621f,rf_digits_parity_v1,digits_parity,digits_parity,42,,,,2026-09-02T20:45:00Z,1.2.0,62e10bc07ec9873f,SAMPLE_PREDICTION_ERROR,prediction_error == 1 when model prediction != true target,model_prediction_versus_ground_truth,False,0,0,True,0,0.12,0.2,0.05,0.15,0.15,0.061282587702834124,,,,,,NORMAL,True,True,True,True,False,False,False,True,False,,,,
047b957d791ea2f061756020,STATIC_SELECTIVE_RISK,Module_12_CrossDomain,sklearn_fixture,29993fa5a07111060fb234185b682f6717de16a4d2e1350bc14293597f01621f,rf_digits_parity_v1,digits_parity,digits_parity,42,,,,2026-09-02T20:45:00Z,1.2.0,62e10bc07ec9873f,SAMPLE_PREDICTION_ERROR,prediction_error == 1 when model prediction != true target,model_prediction_versus_ground_truth,False,0,0,True,0,0.12,0.2,0.05,0.15,0.15,0.061282587702834124,,,,,,NORMAL,True,True,True,True,False,False,False,True,False,,,,
e6231f82937ae148264f78c0,STATIC_SELECTIVE_RISK,Module_12_CrossDomain,sklearn_fixture,29993fa5a07111060fb234185b682f6717de16a4d2e1350bc14293597f01621f,rf_digits_parity_v1,digits_parity,digits_parity,42,,,,2026-09-02T20:45:00Z,1.2.0,62e10bc07ec9873f,SAMPLE_PREDICTION_ERROR,prediction_error == 1 when model prediction != true target,model_prediction_versus_ground_truth,False,0,0,True,0,0.12,0.2,0.05,0.15,0.15,0.061282587702834124,,,,,,NORMAL,True,True,True,True,False,False,False,True,False,,,,
ab9317b886f3f1233b7c8145,STATIC_SELECTIVE_RISK,Module_12_CrossDomain,sklearn_fixture,29993fa5a07111060fb234185b682f6717de16a4d2e1350bc14293597f01621f,rf_digits_parity_v1,digits_parity,digits_parity,42,,,,2026-09-02T20:45:00Z,1.2.0,62e10bc07ec9873f,SAMPLE_PREDICTION_ERROR,prediction_error == 1 when model prediction != true target,model_prediction_versus_ground_truth,False,1,1,True,0,0.12,0.2,0.05,0.15,0.15,0.061282587702834124,,,,,,NORMAL,True,True,True,True,False,False,False,True,False,,,,
4f25fa259b07b81c7cbad105,STATIC_SELECTIVE_RISK,Module_12_CrossDomain,sklearn_fixture,29993fa5a07111060fb234185b682f6717de16a4d2e1350bc14293597f01621f,rf_digits_parity_v1,digits_parity,digits_parity,42,,,,2026-09-02T20:45:00Z,1.2.0,62e10bc07ec9873f,SAMPLE_PREDICTION_ERROR,prediction_error == 1 when model prediction != true target,model_prediction_versus_ground_truth,False,0,0,True,0,0.12,0.2,0.05,0.15,0.15,0.061282587702834124,,,,,,NORMAL,True,True,True,True,False,False,False,True,False,,,,
7e83d3792a896acb6f0207c6,STATIC_SELECTIVE_RISK,Module_12_CrossDomain,sklearn_fixture,29993fa5a07111060fb234185b682f6717de16a4d2e1350bc14293597f01621f,rf_digits_parity_v1,digits_parity,digits_parity,42,,,,2026-09-02T20:45:00Z,1.2.0,62e10bc07ec9873f,SAMPLE_PREDICTION_ERROR,prediction_error == 1 when model prediction != true target,model_prediction_versus_ground_truth,False,0,0,True,0,0.12,0.2,0.05,0.15,0.15,0.061282587702834124,,,,,,NORMAL,True,True,True,True,False,False,False,True,False,,,,
3dcf71df48297a7eadfceccf,STATIC_SELECTIVE_RISK,Module_12_CrossDomain,sklearn_fixture,29993fa5a07111060fb234185b682f6717de16a4d2e1350bc14293597f01621f,rf_digits_parity_v1,digits_parity,digits_parity,42,,,,2026-09-02T20:45:00Z,1.2.0,62e10bc07ec9873f,SAMPLE_PREDICTION_ERROR,prediction_error == 1 when model prediction != true target,model_prediction_versus_ground_truth,False,1,1,True,0,0.12,0.2,0.05,0.15,0.15,0.061282587702834124,,,,,,NORMAL,True,True,True,True,False,False,False,True,False,,,,
c94b72bba574cd6994bbec76,STATIC_SELECTIVE_RISK,Module_12_CrossDomain,sklearn_fixture,29993fa5a07111060fb234185b682f6717de16a4d2e1350bc14293597f01621f,rf_digits_parity_v1,digits_parity,digits_parity,42,,,,2026-09-02T20:45:00Z,1.2.0,62e10bc07ec9873f,SAMPLE_PREDICTION_ERROR,prediction_error == 1 when model prediction != true target,model_prediction_versus_ground_truth,False,1,1,True,0,0.12,0.2,0.05,0.15,0.15,0.061282587702834124,,,,,,NORMAL,True,True,True,True,False,False,False,True,False,,,,
071a894435a4aab02e4ec913,STATIC_SELECTIVE_RISK,Module_12_CrossDomain,sklearn_fixture,29993fa5a07111060fb234185b682f6717de16a4d2e1350bc14293597f01621f,rf_digits_parity_v1,digits_parity,digits_parity,42,,,,2026-09-02T20:45:00Z,1.2.0,62e10bc07ec9873f,SAMPLE_PREDICTION_ERROR,prediction_error == 1 when model prediction != true target,model_prediction_versus_ground_truth,False,1,1,True,0,0.12,0.2,0.05,0.15,0.15,0.061282587702834124,,,,,,NORMAL,True,True,True,True,False,False,False,True,False,,,,
721738ec0427a5f37f8f7009,STATIC_SELECTIVE_RISK,Module_12_CrossDomain,sklearn_fixture,29993fa5a07111060fb234185b682f6717de16a4d2e1350bc14293597f01621f,rf_digits_parity_v1,digits_parity,digits_parity,42,,,,2026-09-02T20:45:00Z,1.2.0,62e10bc07ec9873f,SAMPLE_PREDICTION_ERROR,prediction_error == 1 when model prediction != true target,model_prediction_versus_ground_truth,False,1,1,True,0,0.12,0.2,0.05,0.15,0.15,0.061282587702834124,,,,,,NORMAL,True,True,True,True,False,False,False,True,False,,,,
69c3af0446c595f4e871e1fd,STATIC_SELECTIVE_RISK,Module_12_CrossDomain,sklearn_fixture,29993fa5a07111060fb234185b682f6717de16a4d2e1350bc14293597f01621f,rf_digits_parity_v1,digits_parity,digits_parity,42,,,,2026-09-02T20:45:00Z,1.2.0,62e10bc07ec9873f,SAMPLE_PREDICTION_ERROR,prediction_error == 1 when model prediction != true target,model_prediction_versus_ground_truth,False,1,1,True,0,0.12,0.2,0.05,0.15,0.15,0.061282587702834124,,,,,,NORMAL,True,True,True,True,False,False,False,True,False,,,,
00271a4d5134933d0876ec39,STATIC_SELECTIVE_RISK,Module_12_CrossDomain,sklearn_fixture,29993fa5a07111060fb234185b682f6717de16a4d2e1350bc14293597f01621f,rf_digits_parity_v1,digits_parity,digits_parity,42,,,,2026-09-02T20:45:00Z,1.2.0,62e10bc07ec9873f,SAMPLE_PREDICTION_ERROR,prediction_error == 1 when model prediction != true target,model_prediction_versus_ground_truth,False,0,0,True,0,0.12,0.2,0.05,0.15,0.15,0.061282587702834124,,,,,,NORMAL,True,True,True,True,False,False,False,True,False,,,,
91f32c50221db9c75d4f59bf,STATIC_SELECTIVE_RISK,Module_12_CrossDomain,sklearn_fixture,29993fa5a07111060fb234185b682f6717de16a4d2e1350bc14293597f01621f,rf_digits_parity_v1,digits_parity,digits_parity,42,,,,2026-09-02T20:45:00Z,1.2.0,62e10bc07ec9873f,SAMPLE_PREDICTION_ERROR,prediction_error == 1 when model prediction != true target,model_prediction_versus_ground_truth,False,0,0,True,0,0.12,0.2,0.05,0.15,0.15,0.061282587702834124,,,,,,NORMAL,True,True,True,True,False,False,False,True,False,,,,
782e9ece7fba41f8685254b8,STATIC_SELECTIVE_RISK,Module_12_CrossDomain,sklearn_fixture,29993fa5a07111060fb234185b682f6717de16a4d2e1350bc14293597f01621f,rf_digits_parity_v1,digits_parity,digits_parity,42,,,,2026-09-02T20:45:00Z,1.2.0,62e10bc07ec9873f,SAMPLE_PREDICTION_ERROR,prediction_error == 1 when model prediction != true target,model_prediction_versus_ground_truth,False,1,1,True,0,0.12,0.2,0.05,0.15,0.15,0.061282587702834124,,,,,,NORMAL,True,True,True,True,False,False,False,True,False,,,,
745131846534377806da767c,STATIC_SELECTIVE_RISK,Module_12_CrossDomain,sklearn_fixture,29993fa5a07111060fb234185b682f6717de16a4d2e1350bc14293597f01621f,rf_digits_parity_v1,digits_parity,digits_parity,42,,,,2026-09-02T20:45:00Z,1.2.0,62e10bc07ec9873f,SAMPLE_PREDICTION_ERROR,prediction_error == 1 when model prediction != true target,model_prediction_versus_ground_truth,False,0,0,True,0,0.12,0.2,0.05,0.15,0.15,0.061282587702834124,,,,,,NORMAL,True,True,True,True,False,False,False,True,False,,,,
5920d5e4762286759b625956,STATIC_SELECTIVE_RISK,Module_12_CrossDomain,sklearn_fixture,29993fa5a07111060fb234185b682f6717de16a4d2e1350bc14293597f01621f,rf_digits_parity_v1,digits_parity,digits_parity,42,,,,2026-09-02T20:45:00Z,1.2.0,62e10bc07ec9873f,SAMPLE_PREDICTION_ERROR,prediction_error == 1 when model prediction != true target,model_prediction_versus_ground_truth,False,1,1,True,0,0.12,0.2,0.05,0.15,0.15,0.061282587702834124,,,,,,NORMAL,True,True,True,True,False,False,False,True,False,,,,
6c38373482fb2418f34b9a0f,STATIC_SELECTIVE_RISK,Module_12_CrossDomain,sklearn_fixture,29993fa5a07111060fb234185b682f6717de16a4d2e1350bc14293597f01621f,rf_digits_parity_v1,digits_parity,digits_parity,42,,,,2026-09-02T20:45:00Z,1.2.0,62e10bc07ec9873f,SAMPLE_PREDICTION_ERROR,prediction_error == 1 when model prediction != true target,model_prediction_versus_ground_truth,False,0,0,True,0,0.12,0.2,0.05,0.15,0.15,0.061282587702834124,,,,,,NORMAL,True,True,True,True,False,False,False,True,False,,,,
d5e1f50078446f1c92803db6,STATIC_SELECTIVE_RISK,Module_12_CrossDomain,sklearn_fixture,29993fa5a07111060fb234185b682f6717de16a4d2e1350bc14293597f01621f,rf_digits_parity_v1,digits_parity,digits_parity,42,,,,2026-09-02T20:45:00Z,1.2.0,62e10bc07ec9873f,SAMPLE_PREDICTION_ERROR,prediction_error == 1 when model prediction != true target,model_prediction_versus_ground_truth,False,0,0,True,0,0.12,0.2,0.05,0.15,0.15,0.061282587702834124,,,,,,NORMAL,True,True,True,True,False,False,False,True,False,,,,
ff7e14f83be16977eaec39ca,STATIC_SELECTIVE_RISK,Module_12_CrossDomain,sklearn_fixture,29993fa5a07111060fb234185b682f6717de16a4d2e1350bc14293597f01621f,rf_digits_parity_v1,digits_parity,digits_parity,42,,,,2026-09-02T20:45:00Z,1.2.0,62e10bc07ec9873f,SAMPLE_PREDICTION_ERROR,prediction_error == 1 when model prediction != true target,model_prediction_versus_ground_truth,False,1,1,True,0,0.12,0.2,0.05,0.15,0.15,0.061282587702834124,,,,,,NORMAL,True,True,True,True,False,False,False,True,False,,,,
e1c4ced5d8db57675754506e,STATIC_SELECTIVE_RISK,Module_12_CrossDomain,sklearn_fixture,29993fa5a07111060fb234185b682f6717de16a4d2e1350bc14293597f01621f,rf_digits_parity_v1,digits_parity,digits_parity,42,,,,2026-09-02T20:45:00Z,1.2.0,62e10bc07ec9873f,SAMPLE_PREDICTION_ERROR,prediction_error == 1 when model prediction != true target,model_prediction_versus_ground_truth,False,1,1,True,0,0.12,0.2,0.05,0.15,0.15,0.061282587702834124,,,,,,NORMAL,True,True,True,True,False,False,False,True,False,,,,
902c34e8a28d934439efbb6d,STATIC_SELECTIVE_RISK,Module_12_CrossDomain,sklearn_fixture,29993fa5a07111060fb234185b682f6717de16a4d2e1350bc14293597f01621f,rf_digits_parity_v1,digits_parity,digits_parity,42,,,,2026-09-02T20:45:00Z,1.2.0,62e10bc07ec9873f,SAMPLE_PREDICTION_ERROR,prediction_error == 1 when model prediction != true target,model_prediction_versus_ground_truth,False,0,0,True,0,0.12,0.2,0.05,0.15,0.15,0.061282587702834124,,,,,,NORMAL,True,True,True,True,False,False,False,True,False,,,,
af985f26f7842c63d4324105,STATIC_SELECTIVE_RISK,Module_12_CrossDomain,sklearn_fixture,29993fa5a07111060fb234185b682f6717de16a4d2e1350bc14293597f01621f,rf_digits_parity_v1,digits_parity,digits_parity,42,,,,2026-09-02T20:45:00Z,1.2.0,62e10bc07ec9873f,SAMPLE_PREDICTION_ERROR,prediction_error == 1 when model prediction != true target,model_prediction_versus_ground_truth,False,0,0,True,0,0.12,0.2,0.05,0.15,0.15,0.061282587702834124,,,,,,NORMAL,True,True,True,True,False,False,False,True,False,,,,
25dbbc7dbb1711f4df60b9f6,STATIC_SELECTIVE_RISK,Module_12_CrossDomain,sklearn_fixture,29993fa5a07111060fb234185b682f6717de16a4d2e1350bc14293597f01621f,rf_digits_parity_v1,digits_parity,digits_parity,42,,,,2026-09-02T20:45:00Z,1.2.0,62e10bc07ec9873f,SAMPLE_PREDICTION_ERROR,prediction_error == 1 when model prediction != true target,model_prediction_versus_ground_truth,False,0,0,True,0,0.12,0.2,0.05,0.15,0.15,0.061282587702834124,,,,,,NORMAL,True,True,True,True,False,False,False,True,False,,,,
50e5de4474243df5618a939b,STATIC_SELECTIVE_RISK,Module_12_CrossDomain,sklearn_fixture,29993fa5a07111060fb234185b682f6717de16a4d2e1350bc14293597f01621f,rf_digits_parity_v1,digits_parity,digits_parity,42,,,,2026-09-02T20:45:00Z,1.2.0,62e10bc07ec9873f,SAMPLE_PREDICTION_ERROR,prediction_error == 1 when model prediction != true target,model_prediction_versus_ground_truth,False,0,0,True,0,0.12,0.2,0.05,0.15,0.15,0.061282587702834124,,,,,,NORMAL,True,True,True,True,False,False,False,True,False,,,,
9e1f77e443863cfdbbb29e50,STATIC_SELECTIVE_RISK,Module_12_CrossDomain,sklearn_fixture,29993fa5a07111060fb234185b682f6717de16a4d2e1350bc14293597f01621f,rf_digits_parity_v1,digits_parity,digits_parity,42,,,,2026-09-02T20:45:00Z,1.2.0,62e10bc07ec9873f,SAMPLE_PREDICTION_ERROR,prediction_error == 1 when model prediction != true target,model_prediction_versus_ground_truth,False,0,0,True,0,0.12,0.2,0.05,0.15,0.15,0.061282587702834124,,,,,,NORMAL,True,True,True,True,False,False,False,True,False,,,,
1cdaa2be3b40a4e60decf65e,STATIC_SELECTIVE_RISK,Module_12_CrossDomain,sklearn_fixture,29993fa5a07111060fb234185b682f6717de16a4d2e1350bc14293597f01621f,rf_digits_parity_v1,digits_parity,digits_parity,42,,,,2026-09-02T20:45:00Z,1.2.0,62e10bc07ec9873f,SAMPLE_PREDICTION_ERROR,prediction_error == 1 when model prediction != true target,model_prediction_versus_ground_truth,False,0,0,True,0,0.12,0.2,0.05,0.15,0.15,0.061282587702834124,,,,,,NORMAL,True,True,True,True,False,False,False,True,False,,,,
8ed5d84dc64915ee48cc8b47,STATIC_SELECTIVE_RISK,Module_12_CrossDomain,sklearn_fixture,29993fa5a07111060fb234185b682f6717de16a4d2e1350bc14293597f01621f,rf_digits_parity_v1,digits_parity,digits_parity,42,,,,2026-09-02T20:45:00Z,1.2.0,62e10bc07ec9873f,SAMPLE_PREDICTION_ERROR,prediction_error == 1 when model prediction != true target,model_prediction_versus_ground_truth,False,1,1,True,0,0.12,0.2,0.05,0.15,0.15,0.061282587702834124,,,,,,NORMAL,True,True,True,True,False,False,False,True,False,,,,
d3b35b370803d52610d4591f,STATIC_SELECTIVE_RISK,Module_12_CrossDomain,sklearn_fixture,29993fa5a07111060fb234185b682f6717de16a4d2e1350bc14293597f01621f,rf_digits_parity_v1,digits_parity,digits_parity,42,,,,2026-09-02T20:45:00Z,1.2.0,62e10bc07ec9873f,SAMPLE_PREDICTION_ERROR,prediction_error == 1 when model prediction != true target,model_prediction_versus_ground_truth,False,1,1,True,0,0.12,0.2,0.05,0.15,0.15,0.061282587702834124,,,,,,NORMAL,True,True,True,True,False,False,False,True,False,,,,
9a1bf0b4c2c1600b2348e427,STATIC_SELECTIVE_RISK,Module_12_CrossDomain,sklearn_fixture,29993fa5a07111060fb234185b682f6717de16a4d2e1350bc14293597f01621f,rf_digits_parity_v1,digits_parity,digits_parity,42,,,,2026-09-02T20:45:00Z,1.2.0,62e10bc07ec9873f,SAMPLE_PREDICTION_ERROR,prediction_error == 1 when model prediction != true target,model_prediction_versus_ground_truth,False,1,1,True,0,0.12,0.2,0.05,0.15,0.15,0.061282587702834124,,,,,,NORMAL,True,True,True,True,False,False,False,True,False,,,,
c6ffe0da308f18de8fef8bd9,STATIC_SELECTIVE_RISK,Module_12_CrossDomain,sklearn_fixture,29993fa5a07111060fb234185b682f6717de16a4d2e1350bc14293597f01621f,rf_digits_parity_v1,digits_parity,digits_parity,42,,,,2026-09-02T20:45:00Z,1.2.0,62e10bc07ec9873f,SAMPLE_PREDICTION_ERROR,prediction_error == 1 when model prediction != true target,model_prediction_versus_ground_truth,False,0,0,True,0,0.12,0.2,0.05,0.15,0.15,0.061282587702834124,,,,,,NORMAL,True,True,True,True,False,False,False,True,False,,,,
ba277e7493d50c23a4a2e0f2,STATIC_SELECTIVE_RISK,Module_12_CrossDomain,sklearn_fixture,29993fa5a07111060fb234185b682f6717de16a4d2e1350bc14293597f01621f,rf_digits_parity_v1,digits_parity,digits_parity,42,,,,2026-09-02T20:45:00Z,1.2.0,62e10bc07ec9873f,SAMPLE_PREDICTION_ERROR,prediction_error == 1 when model prediction != true target,model_prediction_versus_ground_truth,False,0,0,True,0,0.12,0.2,0.05,0.15,0.15,0.061282587702834124,,,,,,NORMAL,True,True,True,True,False,False,False,True,False,,,,
f212551faf91ab9606f96f94,STATIC_SELECTIVE_RISK,Module_12_CrossDomain,sklearn_fixture,29993fa5a07111060fb234185b682f6717de16a4d2e1350bc14293597f01621f,rf_digits_parity_v1,digits_parity,digits_parity,42,,,,2026-09-02T20:45:00Z,1.2.0,62e10bc07ec9873f,SAMPLE_PREDICTION_ERROR,prediction_error == 1 when model prediction != true target,model_prediction_versus_ground_truth,False,1,1,True,0,0.12,0.2,0.05,0.15,0.15,0.061282587702834124,,,,,,NORMAL,True,True,True,True,False,False,False,True,False,,,,
6aa3b7c3663dc2fd282bcd12,STATIC_SELECTIVE_RISK,Module_12_CrossDomain,sklearn_fixture,29993fa5a07111060fb234185b682f6717de16a4d2e1350bc14293597f01621f,rf_digits_parity_v1,digits_parity,digits_parity,42,,,,2026-09-02T20:45:00Z,1.2.0,62e10bc07ec9873f,SAMPLE_PREDICTION_ERROR,prediction_error == 1 when model prediction != true target,model_prediction_versus_ground_truth,False,1,1,True,0,0.12,0.2,0.05,0.15,0.15,0.061282587702834124,,,,,,NORMAL,True,True,True,True,False,False,False,True,False,,,,
27d2ec6be9f082a5b6fa2987,STATIC_SELECTIVE_RISK,Module_12_CrossDomain,sklearn_fixture,29993fa5a07111060fb234185b682f6717de16a4d2e1350bc14293597f01621f,rf_digits_parity_v1,digits_parity,digits_parity,42,,,,2026-09-02T20:45:00Z,1.2.0,62e10bc07ec9873f,SAMPLE_PREDICTION_ERROR,prediction_error == 1 when model prediction != true target,model_prediction_versus_ground_truth,False,0,0,True,0,0.12,0.2,0.05,0.15,0.15,0.061282587702834124,,,,,,NORMAL,True,True,True,True,False,False,False,True,False,,,,
aaab3c406ce492bf05e65151,STATIC_SELECTIVE_RISK,Module_12_CrossDomain,sklearn_fixture,29993fa5a07111060fb234185b682f6717de16a4d2e1350bc14293597f01621f,rf_digits_parity_v1,digits_parity,digits_parity,42,,,,2026-09-02T20:45:00Z,1.2.0,62e10bc07ec9873f,SAMPLE_PREDICTION_ERROR,prediction_error == 1 when model prediction != true target,model_prediction_versus_ground_truth,False,0,0,True,0,0.12,0.2,0.05,0.15,0.15,0.061282587702834124,,,,,,NORMAL,True,True,True,True,False,False,False,True,False,,,,
eccd1d22c2976010e3bc0ec2,STATIC_SELECTIVE_RISK,Module_12_CrossDomain,sklearn_fixture,29993fa5a07111060fb234185b682f6717de16a4d2e1350bc14293597f01621f,rf_digits_parity_v1,digits_parity,digits_parity,42,,,,2026-09-02T20:45:00Z,1.2.0,62e10bc07ec9873f,SAMPLE_PREDICTION_ERROR,prediction_error == 1 when model prediction != true target,model_prediction_versus_ground_truth,False,1,1,True,0,0.12,0.2,0.05,0.15,0.15,0.061282587702834124,,,,,,NORMAL,True,True,True,True,False,False,False,True,False,,,,
65a32e783099dd8cef604c21,STATIC_SELECTIVE_RISK,Module_12_CrossDomain,sklearn_fixture,29993fa5a07111060fb234185b682f6717de16a4d2e1350bc14293597f01621f,rf_digits_parity_v1,digits_parity,digits_parity,42,,,,2026-09-02T20:45:00Z,1.2.0,62e10bc07ec9873f,SAMPLE_PREDICTION_ERROR,prediction_error == 1 when model prediction != true target,model_prediction_versus_ground_truth,False,0,0,True,0,0.12,0.2,0.05,0.15,0.15,0.061282587702834124,,,,,,NORMAL,True,True,True,True,False,False,False,True,False,,,,
97d259b937107242e06bfe3d,STATIC_SELECTIVE_RISK,Module_12_CrossDomain,sklearn_fixture,29993fa5a07111060fb234185b682f6717de16a4d2e1350bc14293597f01621f,rf_digits_parity_v1,digits_parity,digits_parity,42,,,,2026-09-02T20:45:00Z,1.2.0,62e10bc07ec9873f,SAMPLE_PREDICTION_ERROR,prediction_error == 1 when model prediction != true target,model_prediction_versus_ground_truth,False,1,1,True,0,0.12,0.2,0.05,0.15,0.15,0.061282587702834124,,,,,,NORMAL,True,True,True,True,False,False,False,True,False,,,,
970009527d27cc80abf6f6aa,STATIC_SELECTIVE_RISK,Module_12_CrossDomain,sklearn_fixture,29993fa5a07111060fb234185b682f6717de16a4d2e1350bc14293597f01621f,rf_digits_parity_v1,digits_parity,digits_parity,42,,,,2026-09-02T20:45:00Z,1.2.0,62e10bc07ec9873f,SAMPLE_PREDICTION_ERROR,prediction_error == 1 when model prediction != true target,model_prediction_versus_ground_truth,False,0,0,True,0,0.12,0.2,0.05,0.15,0.15,0.061282587702834124,,,,,,NORMAL,True,True,True,True,False,False,False,True,False,,,,
fea808190f6865f03ba2df5f,STATIC_SELECTIVE_RISK,Module_12_CrossDomain,sklearn_fixture,29993fa5a07111060fb234185b682f6717de16a4d2e1350bc14293597f01621f,rf_digits_parity_v1,digits_parity,digits_parity,42,,,,2026-09-02T20:45:00Z,1.2.0,62e10bc07ec9873f,SAMPLE_PREDICTION_ERROR,prediction_error == 1 when model prediction != true target,model_prediction_versus_ground_truth,False,0,0,True,0,0.12,0.2,0.05,0.15,0.15,0.061282587702834124,,,,,,NORMAL,True,True,True,True,False,False,False,True,False,,,,
2aae84f2296567e57d29846a,STATIC_SELECTIVE_RISK,Module_12_CrossDomain,sklearn_fixture,29993fa5a07111060fb234185b682f6717de16a4d2e1350bc14293597f01621f,rf_digits_parity_v1,digits_parity,digits_parity,42,,,,2026-09-02T20:45:00Z,1.2.0,62e10bc07ec9873f,SAMPLE_PREDICTION_ERROR,prediction_error == 1 when model prediction != true target,model_prediction_versus_ground_truth,False,0,0,True,0,0.12,0.2,0.05,0.15,0.15,0.061282587702834124,,,,,,NORMAL,True,True,True,True,False,False,False,True,False,,,,
69c4187f78c76e621c0c99c9,STATIC_SELECTIVE_RISK,Module_12_CrossDomain,sklearn_fixture,29993fa5a07111060fb234185b682f6717de16a4d2e1350bc14293597f01621f,rf_digits_parity_v1,digits_parity,digits_parity,42,,,,2026-09-02T20:45:00Z,1.2.0,62e10bc07ec9873f,SAMPLE_PREDICTION_ERROR,prediction_error == 1 when model prediction != true target,model_prediction_versus_ground_truth,False,1,1,True,0,0.12,0.2,0.05,0.15,0.15,0.061282587702834124,,,,,,NORMAL,True,True,True,True,False,False,False,True,False,,,,
649a11d6184b3ef6c1dc08be,STATIC_SELECTIVE_RISK,Module_12_CrossDomain,sklearn_fixture,29993fa5a07111060fb234185b682f6717de16a4d2e1350bc14293597f01621f,rf_digits_parity_v1,digits_parity,digits_parity,42,,,,2026-09-02T20:45:00Z,1.2.0,62e10bc07ec9873f,SAMPLE_PREDICTION_ERROR,prediction_error == 1 when model prediction != true target,model_prediction_versus_ground_truth,False,1,1,True,0,0.12,0.2,0.05,0.15,0.15,0.061282587702834124,,,,,,NORMAL,True,True,True,True,False,False,False,True,False,,,,
531ab13a7c734fb8f5c76269,STATIC_SELECTIVE_RISK,Module_12_CrossDomain,sklearn_fixture,29993fa5a07111060fb234185b682f6717de16a4d2e1350bc14293597f01621f,rf_digits_parity_v1,digits_parity,digits_parity,42,,,,2026-09-02T20:45:00Z,1.2.0,62e10bc07ec9873f,SAMPLE_PREDICTION_ERROR,prediction_error == 1 when model prediction != true target,model_prediction_versus_ground_truth,False,0,0,True,0,0.12,0.2,0.05,0.15,0.15,0.061282587702834124,,,,,,NORMAL,True,True,True,True,False,False,False,True,False,,,,
ea455226ab33383b7525e72b,STATIC_SELECTIVE_RISK,Module_12_CrossDomain,sklearn_fixture,29993fa5a07111060fb234185b682f6717de16a4d2e1350bc14293597f01621f,rf_digits_parity_v1,digits_parity,digits_parity,42,,,,2026-09-02T20:45:00Z,1.2.0,62e10bc07ec9873f,SAMPLE_PREDICTION_ERROR,prediction_error == 1 when model prediction != true target,model_prediction_versus_ground_truth,False,1,1,True,0,0.12,0.2,0.05,0.15,0.15,0.061282587702834124,,,,,,NORMAL,True,True,True,True,False,False,False,True,False,,,,
7306322cab97a0a0a30e7f4b,STATIC_SELECTIVE_RISK,Module_12_CrossDomain,sklearn_fixture,29993fa5a07111060fb234185b682f6717de16a4d2e1350bc14293597f01621f,rf_digits_parity_v1,digits_parity,digits_parity,42,,,,2026-09-02T20:45:00Z,1.2.0,62e10bc07ec9873f,SAMPLE_PREDICTION_ERROR,prediction_error == 1 when model prediction != true target,model_prediction_versus_ground_truth,False,1,1,True,0,0.12,0.2,0.05,0.15,0.15,0.061282587702834124,,,,,,NORMAL,True,True,True,True,False,False,False,True,False,,,,
b4b713c743bacacf94153df3,STATIC_SELECTIVE_RISK,Module_12_CrossDomain,sklearn_fixture,29993fa5a07111060fb234185b682f6717de16a4d2e1350bc14293597f01621f,rf_digits_parity_v1,digits_parity,digits_parity,42,,,,2026-09-02T20:45:00Z,1.2.0,62e10bc07ec9873f,SAMPLE_PREDICTION_ERROR,prediction_error == 1 when model prediction != true target,model_prediction_versus_ground_truth,False,1,1,True,0,0.12,0.2,0.05,0.15,0.15,0.061282587702834124,,,,,,NORMAL,True,True,True,True,False,False,False,True,False,,,,
ccf86df49ff1bf42ab7e8f69,STATIC_SELECTIVE_RISK,Module_12_CrossDomain,sklearn_fixture,29993fa5a07111060fb234185b682f6717de16a4d2e1350bc14293597f01621f,rf_digits_parity_v1,digits_parity,digits_parity,42,,,,2026-09-02T20:45:00Z,1.2.0,62e10bc07ec9873f,SAMPLE_PREDICTION_ERROR,prediction_error == 1 when model prediction != true target,model_prediction_versus_ground_truth,False,1,1,True,0,0.12,0.2,0.05,0.15,0.15,0.061282587702834124,,,,,,NORMAL,True,True,True,True,False,False,False,True,False,,,,
cb1151c903f12c7ffc83eb90,STATIC_SELECTIVE_RISK,Module_12_CrossDomain,sklearn_fixture,29993fa5a07111060fb234185b682f6717de16a4d2e1350bc14293597f01621f,rf_digits_parity_v1,digits_parity,digits_parity,42,,,,2026-09-02T20:45:00Z,1.2.0,62e10bc07ec9873f,SAMPLE_PREDICTION_ERROR,prediction_error == 1 when model prediction != true target,model_prediction_versus_ground_truth,False,0,0,True,0,0.12,0.2,0.05,0.15,0.15,0.061282587702834124,,,,,,NORMAL,True,True,True,True,False,False,False,True,False,,,,
cff806a2967f44e58f039676,STATIC_SELECTIVE_RISK,Module_12_CrossDomain,sklearn_fixture,29993fa5a07111060fb234185b682f6717de16a4d2e1350bc14293597f01621f,rf_digits_parity_v1,digits_parity,digits_parity,42,,,,2026-09-02T20:45:00Z,1.2.0,62e10bc07ec9873f,SAMPLE_PREDICTION_ERROR,prediction_error == 1 when model prediction != true target,model_prediction_versus_ground_truth,False,0,0,True,0,0.12,0.2,0.05,0.15,0.15,0.061282587702834124,,,,,,NORMAL,True,True,True,True,False,False,False,True,False,,,,
7424f142d55b0abd3fd27a40,STATIC_SELECTIVE_RISK,Module_12_CrossDomain,sklearn_fixture,29993fa5a07111060fb234185b682f6717de16a4d2e1350bc14293597f01621f,rf_digits_parity_v1,digits_parity,digits_parity,42,,,,2026-09-02T20:45:00Z,1.2.0,62e10bc07ec9873f,SAMPLE_PREDICTION_ERROR,prediction_error == 1 when model prediction != true target,model_prediction_versus_ground_truth,False,0,0,True,0,0.12,0.2,0.05,0.15,0.15,0.061282587702834124,,,,,,NORMAL,True,True,True,True,False,False,False,True,False,,,,
6e785e51a283d9952b051a1a,STATIC_SELECTIVE_RISK,Module_12_CrossDomain,sklearn_fixture,29993fa5a07111060fb234185b682f6717de16a4d2e1350bc14293597f01621f,rf_digits_parity_v1,digits_parity,digits_parity,42,,,,2026-09-02T20:45:00Z,1.2.0,62e10bc07ec9873f,SAMPLE_PREDICTION_ERROR,prediction_error == 1 when model prediction != true target,model_prediction_versus_ground_truth,False,0,0,True,0,0.12,0.2,0.05,0.15,0.15,0.061282587702834124,,,,,,NORMAL,True,True,True,True,False,False,False,True,False,,,,
157e55d44098e4e9d3273c0b,STATIC_SELECTIVE_RISK,Module_12_CrossDomain,sklearn_fixture,29993fa5a07111060fb234185b682f6717de16a4d2e1350bc14293597f01621f,rf_digits_parity_v1,digits_parity,digits_parity,42,,,,2026-09-02T20:45:00Z,1.2.0,62e10bc07ec9873f,SAMPLE_PREDICTION_ERROR,prediction_error == 1 when model prediction != true target,model_prediction_versus_ground_truth,False,1,1,True,0,0.12,0.2,0.05,0.15,0.15,0.061282587702834124,,,,,,NORMAL,True,True,True,True,False,False,False,True,False,,,,
982ab6d8cbb36ec10dbf2492,STATIC_SELECTIVE_RISK,Module_12_CrossDomain,sklearn_fixture,29993fa5a07111060fb234185b682f6717de16a4d2e1350bc14293597f01621f,rf_digits_parity_v1,digits_parity,digits_parity,42,,,,2026-09-02T20:45:00Z,1.2.0,62e10bc07ec9873f,SAMPLE_PREDICTION_ERROR,prediction_error == 1 when model prediction != true target,model_prediction_versus_ground_truth,False,1,1,True,0,0.12,0.2,0.05,0.15,0.15,0.061282587702834124,,,,,,NORMAL,True,True,True,True,False,False,False,True,False,,,,
7ce736f598ce0ceb491dac9d,STATIC_SELECTIVE_RISK,Module_12_CrossDomain,sklearn_fixture,29993fa5a07111060fb234185b682f6717de16a4d2e1350bc14293597f01621f,rf_digits_parity_v1,digits_parity,digits_parity,42,,,,2026-09-02T20:45:00Z,1.2.0,62e10bc07ec9873f,SAMPLE_PREDICTION_ERROR,prediction_error == 1 when model prediction != true target,model_prediction_versus_ground_truth,False,1,1,True,0,0.12,0.2,0.05,0.15,0.15,0.061282587702834124,,,,,,NORMAL,True,True,True,True,False,False,False,True,False,,,,
810ea242b97b95bf1f89268a,STATIC_SELECTIVE_RISK,Module_12_CrossDomain,sklearn_fixture,29993fa5a07111060fb234185b682f6717de16a4d2e1350bc14293597f01621f,rf_digits_parity_v1,digits_parity,digits_parity,42,,,,2026-09-02T20:45:00Z,1.2.0,62e10bc07ec9873f,SAMPLE_PREDICTION_ERROR,prediction_error == 1 when model prediction != true target,model_prediction_versus_ground_truth,False,1,1,True,0,0.12,0.2,0.05,0.15,0.15,0.061282587702834124,,,,,,NORMAL,True,True,True,True,False,False,False,True,False,,,,
704e99aeda13456e5ea7bdab,STATIC_SELECTIVE_RISK,Module_12_CrossDomain,sklearn_fixture,29993fa5a07111060fb234185b682f6717de16a4d2e1350bc14293597f01621f,rf_digits_parity_v1,digits_parity,digits_parity,42,,,,2026-09-02T20:45:00Z,1.2.0,62e10bc07ec9873f,SAMPLE_PREDICTION_ERROR,prediction_error == 1 when model prediction != true target,model_prediction_versus_ground_truth,False,0,0,True,0,0.12,0.2,0.05,0.15,0.15,0.061282587702834124,,,,,,NORMAL,True,True,True,True,False,False,False,True,False,,,,
01724a7dcf5fe09a8aefd9ac,STATIC_SELECTIVE_RISK,Module_12_CrossDomain,sklearn_fixture,29993fa5a07111060fb234185b682f6717de16a4d2e1350bc14293597f01621f,rf_digits_parity_v1,digits_parity,digits_parity,42,,,,2026-09-02T20:45:00Z,1.2.0,62e10bc07ec9873f,SAMPLE_PREDICTION_ERROR,prediction_error == 1 when model prediction != true target,model_prediction_versus_ground_truth,False,1,1,True,0,0.12,0.2,0.05,0.15,0.15,0.061282587702834124,,,,,,NORMAL,True,True,True,True,False,False,False,True,False,,,,
3a345637cfecbaa067e04473,STATIC_SELECTIVE_RISK,Module_12_CrossDomain,sklearn_fixture,29993fa5a07111060fb234185b682f6717de16a4d2e1350bc14293597f01621f,rf_digits_parity_v1,digits_parity,digits_parity,42,,,,2026-09-02T20:45:00Z,1.2.0,62e10bc07ec9873f,SAMPLE_PREDICTION_ERROR,prediction_error == 1 when model prediction != true target,model_prediction_versus_ground_truth,False,1,1,True,0,0.12,0.2,0.05,0.15,0.15,0.061282587702834124,,,,,,NORMAL,True,True,True,True,False,False,False,True,False,,,,
3d886ffd2424f49f313bf90e,STATIC_SELECTIVE_RISK,Module_12_CrossDomain,sklearn_fixture,29993fa5a07111060fb234185b682f6717de16a4d2e1350bc14293597f01621f,rf_digits_parity_v1,digits_parity,digits_parity,42,,,,2026-09-02T20:45:00Z,1.2.0,62e10bc07ec9873f,SAMPLE_PREDICTION_ERROR,prediction_error == 1 when model prediction != true target,model_prediction_versus_ground_truth,False,0,0,True,0,0.12,0.2,0.05,0.15,0.15,0.061282587702834124,,,,,,NORMAL,True,True,True,True,False,False,False,True,False,,,,
7ae3b4444247f88c057ca0e8,STATIC_SELECTIVE_RISK,Module_12_CrossDomain,sklearn_fixture,29993fa5a07111060fb234185b682f6717de16a4d2e1350bc14293597f01621f,rf_digits_parity_v1,digits_parity,digits_parity,42,,,,2026-09-02T20:45:00Z,1.2.0,62e10bc07ec9873f,SAMPLE_PREDICTION_ERROR,prediction_error == 1 when model prediction != true target,model_prediction_versus_ground_truth,False,1,1,True,0,0.12,0.2,0.05,0.15,0.15,0.061282587702834124,,,,,,NORMAL,True,True,True,True,False,False,False,True,False,,,,
e8bc88b3318dc7023afdd2cd,STATIC_SELECTIVE_RISK,Module_12_CrossDomain,sklearn_fixture,29993fa5a07111060fb234185b682f6717de16a4d2e1350bc14293597f01621f,rf_digits_parity_v1,digits_parity,digits_parity,42,,,,2026-09-02T20:45:00Z,1.2.0,62e10bc07ec9873f,SAMPLE_PREDICTION_ERROR,prediction_error == 1 when model prediction != true target,model_prediction_versus_ground_truth,False,0,0,True,0,0.12,0.2,0.05,0.15,0.15,0.061282587702834124,,,,,,NORMAL,True,True,True,True,False,False,False,True,False,,,,
e48218e8cfb6d0ce8eec36a6,STATIC_SELECTIVE_RISK,Module_12_CrossDomain,sklearn_fixture,29993fa5a07111060fb234185b682f6717de16a4d2e1350bc14293597f01621f,rf_digits_parity_v1,digits_parity,digits_parity,42,,,,2026-09-02T20:45:00Z,1.2.0,62e10bc07ec9873f,SAMPLE_PREDICTION_ERROR,prediction_error == 1 when model prediction != true target,model_prediction_versus_ground_truth,False,1,1,True,0,0.12,0.2,0.05,0.15,0.15,0.061282587702834124,,,,,,NORMAL,True,True,True,True,False,False,False,True,False,,,,
ac82758f788bd406cb296ca1,STATIC_SELECTIVE_RISK,Module_12_CrossDomain,sklearn_fixture,29993fa5a07111060fb234185b682f6717de16a4d2e1350bc14293597f01621f,rf_digits_parity_v1,digits_parity,digits_parity,42,,,,2026-09-02T20:45:00Z,1.2.0,62e10bc07ec9873f,SAMPLE_PREDICTION_ERROR,prediction_error == 1 when model prediction != true target,model_prediction_versus_ground_truth,False,0,0,True,0,0.12,0.2,0.05,0.15,0.15,0.061282587702834124,,,,,,NORMAL,True,True,True,True,False,False,False,True,False,,,,
b02316c5b2531d266c322b06,STATIC_SELECTIVE_RISK,Module_12_CrossDomain,sklearn_fixture,29993fa5a07111060fb234185b682f6717de16a4d2e1350bc14293597f01621f,rf_digits_parity_v1,digits_parity,digits_parity,42,,,,2026-09-02T20:45:00Z,1.2.0,62e10bc07ec9873f,SAMPLE_PREDICTION_ERROR,prediction_error == 1 when model prediction != true target,model_prediction_versus_ground_truth,False,1,1,True,0,0.12,0.2,0.05,0.15,0.15,0.061282587702834124,,,,,,NORMAL,True,True,True,True,False,False,False,True,False,,,,
5c690b9a4c7eded53a48fbc5,STATIC_SELECTIVE_RISK,Module_12_CrossDomain,sklearn_fixture,29993fa5a07111060fb234185b682f6717de16a4d2e1350bc14293597f01621f,rf_digits_parity_v1,digits_parity,digits_parity,42,,,,2026-09-02T20:45:00Z,1.2.0,62e10bc07ec9873f,SAMPLE_PREDICTION_ERROR,prediction_error == 1 when model prediction != true target,model_prediction_versus_ground_truth,False,0,0,True,0,0.12,0.2,0.05,0.15,0.15,0.061282587702834124,,,,,,NORMAL,True,True,True,True,False,False,False,True,False,,,,
9220221676bdf1fb93ec5f3b,STATIC_SELECTIVE_RISK,Module_12_CrossDomain,sklearn_fixture,29993fa5a07111060fb234185b682f6717de16a4d2e1350bc14293597f01621f,rf_digits_parity_v1,digits_parity,digits_parity,42,,,,2026-09-02T20:45:00Z,1.2.0,62e10bc07ec9873f,SAMPLE_PREDICTION_ERROR,prediction_error == 1 when model prediction != true target,model_prediction_versus_ground_truth,False,1,1,True,0,0.12,0.2,0.05,0.15,0.15,0.061282587702834124,,,,,,NORMAL,True,True,True,True,False,False,False,True,False,,,,
f8819705748e6c530a04cb69,STATIC_SELECTIVE_RISK,Module_12_CrossDomain,sklearn_fixture,29993fa5a07111060fb234185b682f6717de16a4d2e1350bc14293597f01621f,rf_digits_parity_v1,digits_parity,digits_parity,42,,,,2026-09-02T20:45:00Z,1.2.0,62e10bc07ec9873f,SAMPLE_PREDICTION_ERROR,prediction_error == 1 when model prediction != true target,model_prediction_versus_ground_truth,False,0,0,True,0,0.12,0.2,0.05,0.15,0.15,0.061282587702834124,,,,,,NORMAL,True,True,True,True,False,False,False,True,False,,,,
732e13fef962d7fbe8f66ca8,STATIC_SELECTIVE_RISK,Module_12_CrossDomain,sklearn_fixture,29993fa5a07111060fb234185b682f6717de16a4d2e1350bc14293597f01621f,rf_digits_parity_v1,digits_parity,digits_parity,42,,,,2026-09-02T20:45:00Z,1.2.0,62e10bc07ec9873f,SAMPLE_PREDICTION_ERROR,prediction_error == 1 when model prediction != true target,model_prediction_versus_ground_truth,False,1,1,True,0,0.12,0.2,0.05,0.15,0.15,0.061282587702834124,,,,,,NORMAL,True,True,True,True,False,False,False,True,False,,,,
3c5c80301962279a83415ad5,STATIC_SELECTIVE_RISK,Module_12_CrossDomain,sklearn_fixture,29993fa5a07111060fb234185b682f6717de16a4d2e1350bc14293597f01621f,rf_digits_parity_v1,digits_parity,digits_parity,42,,,,2026-09-02T20:45:00Z,1.2.0,62e10bc07ec9873f,SAMPLE_PREDICTION_ERROR,prediction_error == 1 when model prediction != true target,model_prediction_versus_ground_truth,False,0,0,True,0,0.12,0.2,0.05,0.15,0.15,0.061282587702834124,,,,,,NORMAL,True,True,True,True,False,False,False,True,False,,,,
437a17210bb48696059fd85a,STATIC_SELECTIVE_RISK,Module_12_CrossDomain,sklearn_fixture,29993fa5a07111060fb234185b682f6717de16a4d2e1350bc14293597f01621f,rf_digits_parity_v1,digits_parity,digits_parity,42,,,,2026-09-02T20:45:00Z,1.2.0,62e10bc07ec9873f,SAMPLE_PREDICTION_ERROR,prediction_error == 1 when model prediction != true target,model_prediction_versus_ground_truth,False,1,1,True,0,0.12,0.2,0.05,0.15,0.15,0.061282587702834124,,,,,,NORMAL,True,True,True,True,False,False,False,True,False,,,,
aa6ad49aeff7604ec7d0088c,STATIC_SELECTIVE_RISK,Module_12_CrossDomain,sklearn_fixture,29993fa5a07111060fb234185b682f6717de16a4d2e1350bc14293597f01621f,rf_digits_parity_v1,digits_parity,digits_parity,42,,,,2026-09-02T20:45:00Z,1.2.0,62e10bc07ec9873f,SAMPLE_PREDICTION_ERROR,prediction_error == 1 when model prediction != true target,model_prediction_versus_ground_truth,False,0,0,True,0,0.12,0.2,0.05,0.15,0.15,0.061282587702834124,,,,,,NORMAL,True,True,True,True,False,False,False,True,False,,,,
dc051d58bdf9a77640937b91,STATIC_SELECTIVE_RISK,Module_12_CrossDomain,sklearn_fixture,29993fa5a07111060fb234185b682f6717de16a4d2e1350bc14293597f01621f,rf_digits_parity_v1,digits_parity,digits_parity,42,,,,2026-09-02T20:45:00Z,1.2.0,62e10bc07ec9873f,SAMPLE_PREDICTION_ERROR,prediction_error == 1 when model prediction != true target,model_prediction_versus_ground_truth,False,1,1,True,0,0.12,0.2,0.05,0.15,0.15,0.061282587702834124,,,,,,NORMAL,True,True,True,True,False,False,False,True,False,,,,
d7497639f5f36176c977272a,STATIC_SELECTIVE_RISK,Module_12_CrossDomain,sklearn_fixture,29993fa5a07111060fb234185b682f6717de16a4d2e1350bc14293597f01621f,rf_digits_parity_v1,digits_parity,digits_parity,42,,,,2026-09-02T20:45:00Z,1.2.0,62e10bc07ec9873f,SAMPLE_PREDICTION_ERROR,prediction_error == 1 when model prediction != true target,model_prediction_versus_ground_truth,False,0,0,True,0,0.12,0.2,0.05,0.15,0.15,0.061282587702834124,,,,,,NORMAL,True,True,True,True,False,False,False,True,False,,,,
b66869b8a323c5028d65cb56,STATIC_SELECTIVE_RISK,Module_12_CrossDomain,sklearn_fixture,29993fa5a07111060fb234185b682f6717de16a4d2e1350bc14293597f01621f,rf_digits_parity_v1,digits_parity,digits_parity,42,,,,2026-09-02T20:45:00Z,1.2.0,62e10bc07ec9873f,SAMPLE_PREDICTION_ERROR,prediction_error == 1 when model prediction != true target,model_prediction_versus_ground_truth,False,1,1,True,0,0.12,0.2,0.05,0.15,0.15,0.061282587702834124,,,,,,NORMAL,True,True,True,True,False,False,False,True,False,,,,
e9e53b92448f68c2afaabd18,STATIC_SELECTIVE_RISK,Module_12_CrossDomain,sklearn_fixture,29993fa5a07111060fb234185b682f6717de16a4d2e1350bc14293597f01621f,rf_digits_parity_v1,digits_parity,digits_parity,42,,,,2026-09-02T20:45:00Z,1.2.0,62e10bc07ec9873f,SAMPLE_PREDICTION_ERROR,prediction_error == 1 when model prediction != true target,model_prediction_versus_ground_truth,False,0,0,True,0,0.12,0.2,0.05,0.15,0.15,0.061282587702834124,,,,,,NORMAL,True,True,True,True,False,False,False,True,False,,,,
43749604168a0af51f821e7d,STATIC_SELECTIVE_RISK,Module_12_CrossDomain,sklearn_fixture,29993fa5a07111060fb234185b682f6717de16a4d2e1350bc14293597f01621f,rf_digits_parity_v1,digits_parity,digits_parity,42,,,,2026-09-02T20:45:00Z,1.2.0,62e10bc07ec9873f,SAMPLE_PREDICTION_ERROR,prediction_error == 1 when model prediction != true target,model_prediction_versus_ground_truth,False,1,1,True,0,0.12,0.2,0.05,0.15,0.15,0.061282587702834124,,,,,,NORMAL,True,True,True,True,False,False,False,True,False,,,,
9aaaaed4c933a302c58d68cc,STATIC_SELECTIVE_RISK,Module_12_CrossDomain,sklearn_fixture,29993fa5a07111060fb234185b682f6717de16a4d2e1350bc14293597f01621f,rf_digits_parity_v1,digits_parity,digits_parity,42,,,,2026-09-02T20:45:00Z,1.2.0,62e10bc07ec9873f,SAMPLE_PREDICTION_ERROR,prediction_error == 1 when model prediction != true target,model_prediction_versus_ground_truth,False,0,0,True,0,0.12,0.2,0.05,0.15,0.15,0.061282587702834124,,,,,,NORMAL,True,True,True,True,False,False,False,True,False,,,,
be594b142076e23339d48176,STATIC_SELECTIVE_RISK,Module_12_CrossDomain,sklearn_fixture,29993fa5a07111060fb234185b682f6717de16a4d2e1350bc14293597f01621f,rf_digits_parity_v1,digits_parity,digits_parity,42,,,,2026-09-02T20:45:00Z,1.2.0,62e10bc07ec9873f,SAMPLE_PREDICTION_ERROR,prediction_error == 1 when model prediction != true target,model_prediction_versus_ground_truth,False,1,1,True,0,0.12,0.2,0.05,0.15,0.15,0.061282587702834124,,,,,,NORMAL,True,True,True,True,False,False,False,True,False,,,,
4d090076c81c1b8894229f1b,STATIC_SELECTIVE_RISK,Module_12_CrossDomain,sklearn_fixture,29993fa5a07111060fb234185b682f6717de16a4d2e1350bc14293597f01621f,rf_digits_parity_v1,digits_parity,digits_parity,42,,,,2026-09-02T20:45:00Z,1.2.0,62e10bc07ec9873f,SAMPLE_PREDICTION_ERROR,prediction_error == 1 when model prediction != true target,model_prediction_versus_ground_truth,False,0,0,True,0,0.12,0.2,0.05,0.15,0.15,0.061282587702834124,,,,,,NORMAL,True,True,True,True,False,False,False,True,False,,,,
e58c743f541365ee716b6cb6,STATIC_SELECTIVE_RISK,Module_12_CrossDomain,sklearn_fixture,29993fa5a07111060fb234185b682f6717de16a4d2e1350bc14293597f01621f,rf_digits_parity_v1,digits_parity,digits_parity,42,,,,2026-09-02T20:45:00Z,1.2.0,62e10bc07ec9873f,SAMPLE_PREDICTION_ERROR,prediction_error == 1 when model prediction != true target,model_prediction_versus_ground_truth,False,1,1,True,0,0.12,0.2,0.05,0.15,0.15,0.061282587702834124,,,,,,NORMAL,True,True,True,True,False,False,False,True,False,,,,
aec774f0c1aee0ea79e5339f,STATIC_SELECTIVE_RISK,Module_12_CrossDomain,sklearn_fixture,29993fa5a07111060fb234185b682f6717de16a4d2e1350bc14293597f01621f,rf_digits_parity_v1,digits_parity,digits_parity,42,,,,2026-09-02T20:45:00Z,1.2.0,62e10bc07ec9873f,SAMPLE_PREDICTION_ERROR,prediction_error == 1 when model prediction != true target,model_prediction_versus_ground_truth,False,0,0,True,0,0.12,0.2,0.05,0.15,0.15,0.061282587702834124,,,,,,NORMAL,True,True,True,True,False,False,False,True,False,,,,
d05da42f7fa6de9815ad82ef,STATIC_SELECTIVE_RISK,Module_12_CrossDomain,sklearn_fixture,29993fa5a07111060fb234185b682f6717de16a4d2e1350bc14293597f01621f,rf_digits_parity_v1,digits_parity,digits_parity,42,,,,2026-09-02T20:45:00Z,1.2.0,62e10bc07ec9873f,SAMPLE_PREDICTION_ERROR,prediction_error == 1 when model prediction != true target,model_prediction_versus_ground_truth,False,1,1,True,0,0.12,0.2,0.05,0.15,0.15,0.061282587702834124,,,,,,NORMAL,True,True,True,True,False,False,False,True,False,,,,
7d1337760837c3adc412c1ad,STATIC_SELECTIVE_RISK,Module_12_CrossDomain,sklearn_fixture,29993fa5a07111060fb234185b682f6717de16a4d2e1350bc14293597f01621f,rf_digits_parity_v1,digits_parity,digits_parity,42,,,,2026-09-02T20:45:00Z,1.2.0,62e10bc07ec9873f,SAMPLE_PREDICTION_ERROR,prediction_error == 1 when model prediction != true target,model_prediction_versus_ground_truth,False,0,0,True,0,0.12,0.2,0.05,0.15,0.15,0.061282587702834124,,,,,,NORMAL,True,True,True,True,False,False,False,True,False,,,,
7206be68d388210368891c31,STATIC_SELECTIVE_RISK,Module_12_CrossDomain,sklearn_fixture,29993fa5a07111060fb234185b682f6717de16a4d2e1350bc14293597f01621f,rf_digits_parity_v1,digits_parity,digits_parity,42,,,,2026-09-02T20:45:00Z,1.2.0,62e10bc07ec9873f,SAMPLE_PREDICTION_ERROR,prediction_error == 1 when model prediction != true target,model_prediction_versus_ground_truth,False,1,1,True,0,0.12,0.2,0.05,0.15,0.15,0.061282587702834124,,,,,,NORMAL,True,True,True,True,False,False,False,True,False,,,,
c78c692afe9846458de4a131,STATIC_SELECTIVE_RISK,Module_12_CrossDomain,sklearn_fixture,29993fa5a07111060fb234185b682f6717de16a4d2e1350bc14293597f01621f,rf_digits_parity_v1,digits_parity,digits_parity,42,,,,2026-09-02T20:45:00Z,1.2.0,62e10bc07ec9873f,SAMPLE_PREDICTION_ERROR,prediction_error == 1 when model prediction != true target,model_prediction_versus_ground_truth,False,0,0,True,0,0.12,0.2,0.05,0.15,0.15,0.061282587702834124,,,,,,NORMAL,True,True,True,True,False,False,False,True,False,,,,
591694ea94d8aa4b31d9c5cb,STATIC_SELECTIVE_RISK,Module_12_CrossDomain,sklearn_fixture,29993fa5a07111060fb234185b682f6717de16a4d2e1350bc14293597f01621f,rf_digits_parity_v1,digits_parity,digits_parity,42,,,,2026-09-02T20:45:00Z,1.2.0,62e10bc07ec9873f,SAMPLE_PREDICTION_ERROR,prediction_error == 1 when model prediction != true target,model_prediction_versus_ground_truth,False,1,1,True,0,0.12,0.2,0.05,0.15,0.15,0.061282587702834124,,,,,,NORMAL,True,True,True,True,False,False,False,True,False,,,,
a4f6eba2cb4bc215b7319ae4,STATIC_SELECTIVE_RISK,Module_12_CrossDomain,sklearn_fixture,29993fa5a07111060fb234185b682f6717de16a4d2e1350bc14293597f01621f,rf_digits_parity_v1,digits_parity,digits_parity,42,,,,2026-09-02T20:45:00Z,1.2.0,62e10bc07ec9873f,SAMPLE_PREDICTION_ERROR,prediction_error == 1 when model prediction != true target,model_prediction_versus_ground_truth,False,0,0,True,0,0.12,0.2,0.05,0.15,0.15,0.061282587702834124,,,,,,NORMAL,True,True,True,True,False,False,False,True,False,,,,
ae28740f0aeab3e43a05ee9e,STATIC_SELECTIVE_RISK,Module_12_CrossDomain,sklearn_fixture,29993fa5a07111060fb234185b682f6717de16a4d2e1350bc14293597f01621f,rf_digits_parity_v1,digits_parity,digits_parity,42,,,,2026-09-02T20:45:00Z,1.2.0,62e10bc07ec9873f,SAMPLE_PREDICTION_ERROR,prediction_error == 1 when model prediction != true target,model_prediction_versus_ground_truth,False,1,1,True,0,0.12,0.2,0.05,0.15,0.15,0.061282587702834124,,,,,,NORMAL,True,True,True,True,False,False,False,True,False,,,,
cdf1b771c78509bf44aaf694,STATIC_SELECTIVE_RISK,Module_12_CrossDomain,sklearn_fixture,29993fa5a07111060fb234185b682f6717de16a4d2e1350bc14293597f01621f,rf_digits_parity_v1,digits_parity,digits_parity,42,,,,2026-09-02T20:45:00Z,1.2.0,62e10bc07ec9873f,SAMPLE_PREDICTION_ERROR,prediction_error == 1 when model prediction != true target,model_prediction_versus_ground_truth,False,0,0,True,0,0.12,0.2,0.05,0.15,0.15,0.061282587702834124,,,,,,NORMAL,True,True,True,True,False,False,False,True,False,,,,
ad42c15209b2362390799392,STATIC_SELECTIVE_RISK,Module_12_CrossDomain,sklearn_fixture,29993fa5a07111060fb234185b682f6717de16a4d2e1350bc14293597f01621f,rf_digits_parity_v1,digits_parity,digits_parity,42,,,,2026-09-02T20:45:00Z,1.2.0,62e10bc07ec9873f,SAMPLE_PREDICTION_ERROR,prediction_error == 1 when model prediction != true target,model_prediction_versus_ground_truth,False,1,1,True,0,0.12,0.2,0.05,0.15,0.15,0.061282587702834124,,,,,,NORMAL,True,True,True,True,False,False,False,True,False,,,,
929bd323579614a63c835c2d,STATIC_SELECTIVE_RISK,Module_12_CrossDomain,sklearn_fixture,29993fa5a07111060fb234185b682f6717de16a4d2e1350bc14293597f01621f,rf_digits_parity_v1,digits_parity,digits_parity,42,,,,2026-09-02T20:45:00Z,1.2.0,62e10bc07ec9873f,SAMPLE_PREDICTION_ERROR,prediction_error == 1 when model prediction != true target,model_prediction_versus_ground_truth,False,0,0,True,0,0.12,0.2,0.05,0.15,0.15,0.061282587702834124,,,,,,NORMAL,True,True,True,True,False,False,False,True,False,,,,
29fc005ec8577712c4e8443b,STATIC_SELECTIVE_RISK,Module_12_CrossDomain,sklearn_fixture,29993fa5a07111060fb234185b682f6717de16a4d2e1350bc14293597f01621f,rf_digits_parity_v1,digits_parity,digits_parity,42,,,,2026-09-02T20:45:00Z,1.2.0,62e10bc07ec9873f,SAMPLE_PREDICTION_ERROR,prediction_error == 1 when model prediction != true target,model_prediction_versus_ground_truth,False,0,0,True,0,0.12,0.2,0.05,0.15,0.15,0.061282587702834124,,,,,,NORMAL,True,True,True,True,False,False,False,True,False,,,,
05a42d115ac597cf750f3cbe,STATIC_SELECTIVE_RISK,Module_12_CrossDomain,sklearn_fixture,29993fa5a07111060fb234185b682f6717de16a4d2e1350bc14293597f01621f,rf_digits_parity_v1,digits_parity,digits_parity,42,,,,2026-09-02T20:45:00Z,1.2.0,62e10bc07ec9873f,SAMPLE_PREDICTION_ERROR,prediction_error == 1 when model prediction != true target,model_prediction_versus_ground_truth,False,0,0,True,0,0.12,0.2,0.05,0.15,0.15,0.061282587702834124,,,,,,NORMAL,True,True,True,True,False,False,False,True,False,,,,
44c6767702975b9174113737,STATIC_SELECTIVE_RISK,Module_12_CrossDomain,sklearn_fixture,29993fa5a07111060fb234185b682f6717de16a4d2e1350bc14293597f01621f,rf_digits_parity_v1,digits_parity,digits_parity,42,,,,2026-09-02T20:45:00Z,1.2.0,62e10bc07ec9873f,SAMPLE_PREDICTION_ERROR,prediction_error == 1 when model prediction != true target,model_prediction_versus_ground_truth,False,1,1,True,0,0.12,0.2,0.05,0.15,0.15,0.061282587702834124,,,,,,NORMAL,True,True,True,True,False,False,False,True,False,,,,
70b4c01b4798f27080bd85cf,STATIC_SELECTIVE_RISK,Module_12_CrossDomain,sklearn_fixture,29993fa5a07111060fb234185b682f6717de16a4d2e1350bc14293597f01621f,rf_digits_parity_v1,digits_parity,digits_parity,42,,,,2026-09-02T20:45:00Z,1.2.0,62e10bc07ec9873f,SAMPLE_PREDICTION_ERROR,prediction_error == 1 when model prediction != true target,model_prediction_versus_ground_truth,False,0,0,True,0,0.12,0.2,0.05,0.15,0.15,0.061282587702834124,,,,,,NORMAL,True,True,True,True,False,False,False,True,False,,,,
4961543e58cd421bfd56f484,STATIC_SELECTIVE_RISK,Module_12_CrossDomain,sklearn_fixture,29993fa5a07111060fb234185b682f6717de16a4d2e1350bc14293597f01621f,rf_digits_parity_v1,digits_parity,digits_parity,42,,,,2026-09-02T20:45:00Z,1.2.0,62e10bc07ec9873f,SAMPLE_PREDICTION_ERROR,prediction_error == 1 when model prediction != true target,model_prediction_versus_ground_truth,False,1,1,True,0,0.12,0.2,0.05,0.15,0.15,0.061282587702834124,,,,,,NORMAL,True,True,True,True,False,False,False,True,False,,,,
38d5df52888d447b659e98dc,STATIC_SELECTIVE_RISK,Module_12_CrossDomain,sklearn_fixture,29993fa5a07111060fb234185b682f6717de16a4d2e1350bc14293597f01621f,rf_digits_parity_v1,digits_parity,digits_parity,42,,,,2026-09-02T20:45:00Z,1.2.0,62e10bc07ec9873f,SAMPLE_PREDICTION_ERROR,prediction_error == 1 when model prediction != true target,model_prediction_versus_ground_truth,False,0,0,True,0,0.12,0.2,0.05,0.15,0.15,0.061282587702834124,,,,,,NORMAL,True,True,True,True,False,False,False,True,False,,,,
63127f3ee7817824abd39c3f,STATIC_SELECTIVE_RISK,Module_12_CrossDomain,sklearn_fixture,29993fa5a07111060fb234185b682f6717de16a4d2e1350bc14293597f01621f,rf_digits_parity_v1,digits_parity,digits_parity,42,,,,2026-09-02T20:45:00Z,1.2.0,62e10bc07ec9873f,SAMPLE_PREDICTION_ERROR,prediction_error == 1 when model prediction != true target,model_prediction_versus_ground_truth,False,1,1,True,0,0.12,0.2,0.05,0.15,0.15,0.061282587702834124,,,,,,NORMAL,True,True,True,True,False,False,False,True,False,,,,
e1dfb5030b0d857fbc832506,STATIC_SELECTIVE_RISK,Module_12_CrossDomain,sklearn_fixture,29993fa5a07111060fb234185b682f6717de16a4d2e1350bc14293597f01621f,rf_digits_parity_v1,digits_parity,digits_parity,42,,,,2026-09-02T20:45:00Z,1.2.0,62e10bc07ec9873f,SAMPLE_PREDICTION_ERROR,prediction_error == 1 when model prediction != true target,model_prediction_versus_ground_truth,False,0,0,True,0,0.12,0.2,0.05,0.15,0.15,0.061282587702834124,,,,,,NORMAL,True,True,True,True,False,False,False,True,False,,,,
d19edb55e159e6568d023994,STATIC_SELECTIVE_RISK,Module_12_CrossDomain,sklearn_fixture,29993fa5a07111060fb234185b682f6717de16a4d2e1350bc14293597f01621f,rf_digits_parity_v1,digits_parity,digits_parity,42,,,,2026-09-02T20:45:00Z,1.2.0,62e10bc07ec9873f,SAMPLE_PREDICTION_ERROR,prediction_error == 1 when model prediction != true target,model_prediction_versus_ground_truth,False,1,1,True,0,0.12,0.2,0.05,0.15,0.15,0.061282587702834124,,,,,,NORMAL,True,True,True,True,False,False,False,True,False,,,,
53f5f30aa6a06489ecf06206,STATIC_SELECTIVE_RISK,Module_12_CrossDomain,sklearn_fixture,29993fa5a07111060fb234185b682f6717de16a4d2e1350bc14293597f01621f,rf_digits_parity_v1,digits_parity,digits_parity,42,,,,2026-09-02T20:45:00Z,1.2.0,62e10bc07ec9873f,SAMPLE_PREDICTION_ERROR,prediction_error == 1 when model prediction != true target,model_prediction_versus_ground_truth,False,1,1,True,0,0.12,0.2,0.05,0.15,0.15,0.061282587702834124,,,,,,NORMAL,True,True,True,True,False,False,False,True,False,,,,
ff263abad1409d4369e07ff4,STATIC_SELECTIVE_RISK,Module_12_CrossDomain,sklearn_fixture,29993fa5a07111060fb234185b682f6717de16a4d2e1350bc14293597f01621f,rf_digits_parity_v1,digits_parity,digits_parity,42,,,,2026-09-02T20:45:00Z,1.2.0,62e10bc07ec9873f,SAMPLE_PREDICTION_ERROR,prediction_error == 1 when model prediction != true target,model_prediction_versus_ground_truth,False,0,0,True,0,0.12,0.2,0.05,0.15,0.15,0.061282587702834124,,,,,,NORMAL,True,True,True,True,False,False,False,True,False,,,,
0a7a6a863a937a09446c965b,STATIC_SELECTIVE_RISK,Module_12_CrossDomain,sklearn_fixture,29993fa5a07111060fb234185b682f6717de16a4d2e1350bc14293597f01621f,rf_digits_parity_v1,digits_parity,digits_parity,42,,,,2026-09-02T20:45:00Z,1.2.0,62e10bc07ec9873f,SAMPLE_PREDICTION_ERROR,prediction_error == 1 when model prediction != true target,model_prediction_versus_ground_truth,False,0,0,True,0,0.12,0.2,0.05,0.15,0.15,0.061282587702834124,,,,,,NORMAL,True,True,True,True,False,False,False,True,False,,,,
a34befda5733197f1c794fd6,STATIC_SELECTIVE_RISK,Module_12_CrossDomain,sklearn_fixture,29993fa5a07111060fb234185b682f6717de16a4d2e1350bc14293597f01621f,rf_digits_parity_v1,digits_parity,digits_parity,42,,,,2026-09-02T20:45:00Z,1.2.0,62e10bc07ec9873f,SAMPLE_PREDICTION_ERROR,prediction_error == 1 when model prediction != true target,model_prediction_versus_ground_truth,False,0,0,True,0,0.12,0.2,0.05,0.15,0.15,0.061282587702834124,,,,,,NORMAL,True,True,True,True,False,False,False,True,False,,,,
f6d0923245c57e6d36eb12e8,STATIC_SELECTIVE_RISK,Module_12_CrossDomain,sklearn_fixture,29993fa5a07111060fb234185b682f6717de16a4d2e1350bc14293597f01621f,rf_digits_parity_v1,digits_parity,digits_parity,42,,,,2026-09-02T20:45:00Z,1.2.0,62e10bc07ec9873f,SAMPLE_PREDICTION_ERROR,prediction_error == 1 when model prediction != true target,model_prediction_versus_ground_truth,False,0,0,True,0,0.12,0.2,0.05,0.15,0.15,0.061282587702834124,,,,,,NORMAL,True,True,True,True,False,False,False,True,False,,,,
8b300d609e12360ab10812bf,STATIC_SELECTIVE_RISK,Module_12_CrossDomain,sklearn_fixture,29993fa5a07111060fb234185b682f6717de16a4d2e1350bc14293597f01621f,rf_digits_parity_v1,digits_parity,digits_parity,42,,,,2026-09-02T20:45:00Z,1.2.0,62e10bc07ec9873f,SAMPLE_PREDICTION_ERROR,prediction_error == 1 when model prediction != true target,model_prediction_versus_ground_truth,False,0,0,True,0,0.12,0.2,0.05,0.15,0.15,0.061282587702834124,,,,,,NORMAL,True,True,True,True,False,False,False,True,False,,,,
00019f402006bbc1f5591cec,STATIC_SELECTIVE_RISK,Module_12_CrossDomain,sklearn_fixture,29993fa5a07111060fb234185b682f6717de16a4d2e1350bc14293597f01621f,rf_digits_parity_v1,digits_parity,digits_parity,42,,,,2026-09-02T20:45:00Z,1.2.0,62e10bc07ec9873f,SAMPLE_PREDICTION_ERROR,prediction_error == 1 when model prediction != true target,model_prediction_versus_ground_truth,False,0,0,True,0,0.12,0.2,0.05,0.15,0.15,0.061282587702834124,,,,,,NORMAL,True,True,True,True,False,False,False,True,False,,,,
816eff80df109fb8bdb87fe7,STATIC_SELECTIVE_RISK,Module_12_CrossDomain,sklearn_fixture,29993fa5a07111060fb234185b682f6717de16a4d2e1350bc14293597f01621f,rf_digits_parity_v1,digits_parity,digits_parity,42,,,,2026-09-02T20:45:00Z,1.2.0,62e10bc07ec9873f,SAMPLE_PREDICTION_ERROR,prediction_error == 1 when model prediction != true target,model_prediction_versus_ground_truth,False,1,1,True,0,0.12,0.2,0.05,0.15,0.15,0.061282587702834124,,,,,,NORMAL,True,True,True,True,False,False,False,True,False,,,,
a0b5b8b3a52e501b2ac3ab6e,STATIC_SELECTIVE_RISK,Module_12_CrossDomain,sklearn_fixture,29993fa5a07111060fb234185b682f6717de16a4d2e1350bc14293597f01621f,rf_digits_parity_v1,digits_parity,digits_parity,42,,,,2026-09-02T20:45:00Z,1.2.0,62e10bc07ec9873f,SAMPLE_PREDICTION_ERROR,prediction_error == 1 when model prediction != true target,model_prediction_versus_ground_truth,False,0,0,True,0,0.12,0.2,0.05,0.15,0.15,0.061282587702834124,,,,,,NORMAL,True,True,True,True,False,False,False,True,False,,,,
d2908c68113e46a4e5431dda,STATIC_SELECTIVE_RISK,Module_12_CrossDomain,sklearn_fixture,29993fa5a07111060fb234185b682f6717de16a4d2e1350bc14293597f01621f,rf_digits_parity_v1,digits_parity,digits_parity,42,,,,2026-09-02T20:45:00Z,1.2.0,62e10bc07ec9873f,SAMPLE_PREDICTION_ERROR,prediction_error == 1 when model prediction != true target,model_prediction_versus_ground_truth,False,1,1,True,0,0.12,0.2,0.05,0.15,0.15,0.061282587702834124,,,,,,NORMAL,True,True,True,True,False,False,False,True,False,,,,
cba47d595d0cf97f7aeed9fc,STATIC_SELECTIVE_RISK,Module_12_CrossDomain,sklearn_fixture,29993fa5a07111060fb234185b682f6717de16a4d2e1350bc14293597f01621f,rf_digits_parity_v1,digits_parity,digits_parity,42,,,,2026-09-02T20:45:00Z,1.2.0,62e10bc07ec9873f,SAMPLE_PREDICTION_ERROR,prediction_error == 1 when model prediction != true target,model_prediction_versus_ground_truth,False,1,1,True,0,0.12,0.2,0.05,0.15,0.15,0.061282587702834124,,,,,,NORMAL,True,True,True,True,False,False,False,True,False,,,,
bc83b9f9f5c88f5e34a4d416,STATIC_SELECTIVE_RISK,Module_12_CrossDomain,sklearn_fixture,29993fa5a07111060fb234185b682f6717de16a4d2e1350bc14293597f01621f,rf_digits_parity_v1,digits_parity,digits_parity,42,,,,2026-09-02T20:45:00Z,1.2.0,62e10bc07ec9873f,SAMPLE_PREDICTION_ERROR,prediction_error == 1 when model prediction != true target,model_prediction_versus_ground_truth,False,1,1,True,0,0.12,0.2,0.05,0.15,0.15,0.061282587702834124,,,,,,NORMAL,True,True,True,True,False,False,False,True,False,,,,
ced15ee90b0854e761cf1fca,STATIC_SELECTIVE_RISK,Module_12_CrossDomain,sklearn_fixture,29993fa5a07111060fb234185b682f6717de16a4d2e1350bc14293597f01621f,rf_digits_parity_v1,digits_parity,digits_parity,42,,,,2026-09-02T20:45:00Z,1.2.0,62e10bc07ec9873f,SAMPLE_PREDICTION_ERROR,prediction_error == 1 when model prediction != true target,model_prediction_versus_ground_truth,False,0,0,True,0,0.12,0.2,0.05,0.15,0.15,0.061282587702834124,,,,,,NORMAL,True,True,True,True,False,False,False,True,False,,,,
841bdf105ec763e627cb3a09,STATIC_SELECTIVE_RISK,Module_12_CrossDomain,sklearn_fixture,29993fa5a07111060fb234185b682f6717de16a4d2e1350bc14293597f01621f,rf_digits_parity_v1,digits_parity,digits_parity,42,,,,2026-09-02T20:45:00Z,1.2.0,62e10bc07ec9873f,SAMPLE_PREDICTION_ERROR,prediction_error == 1 when model prediction != true target,model_prediction_versus_ground_truth,False,1,1,True,0,0.12,0.2,0.05,0.15,0.15,0.061282587702834124,,,,,,NORMAL,True,True,True,True,False,False,False,True,False,,,,
f0f273acbf4963398f7f1b62,STATIC_SELECTIVE_RISK,Module_12_CrossDomain,sklearn_fixture,29993fa5a07111060fb234185b682f6717de16a4d2e1350bc14293597f01621f,rf_digits_parity_v1,digits_parity,digits_parity,42,,,,2026-09-02T20:45:00Z,1.2.0,62e10bc07ec9873f,SAMPLE_PREDICTION_ERROR,prediction_error == 1 when model prediction != true target,model_prediction_versus_ground_truth,False,1,1,True,0,0.12,0.2,0.05,0.15,0.15,0.061282587702834124,,,,,,NORMAL,True,True,True,True,False,False,False,True,False,,,,
997800b09e74feff28f3afcd,STATIC_SELECTIVE_RISK,Module_12_CrossDomain,sklearn_fixture,29993fa5a07111060fb234185b682f6717de16a4d2e1350bc14293597f01621f,rf_digits_parity_v1,digits_parity,digits_parity,42,,,,2026-09-02T20:45:00Z,1.2.0,62e10bc07ec9873f,SAMPLE_PREDICTION_ERROR,prediction_error == 1 when model prediction != true target,model_prediction_versus_ground_truth,False,0,0,True,0,0.12,0.2,0.05,0.15,0.15,0.061282587702834124,,,,,,NORMAL,True,True,True,True,False,False,False,True,False,,,,
3bc6a6153c715f25dc09e87a,STATIC_SELECTIVE_RISK,Module_12_CrossDomain,sklearn_fixture,29993fa5a07111060fb234185b682f6717de16a4d2e1350bc14293597f01621f,rf_digits_parity_v1,digits_parity,digits_parity,42,,,,2026-09-02T20:45:00Z,1.2.0,62e10bc07ec9873f,SAMPLE_PREDICTION_ERROR,prediction_error == 1 when model prediction != true target,model_prediction_versus_ground_truth,False,0,0,True,0,0.12,0.2,0.05,0.15,0.15,0.061282587702834124,,,,,,NORMAL,True,True,True,True,False,False,False,True,False,,,,
8042ade2bf3e94240f046e62,STATIC_SELECTIVE_RISK,Module_12_CrossDomain,sklearn_fixture,29993fa5a07111060fb234185b682f6717de16a4d2e1350bc14293597f01621f,rf_digits_parity_v1,digits_parity,digits_parity,42,,,,2026-09-02T20:45:00Z,1.2.0,62e10bc07ec9873f,SAMPLE_PREDICTION_ERROR,prediction_error == 1 when model prediction != true target,model_prediction_versus_ground_truth,False,0,0,True,0,0.12,0.2,0.05,0.15,0.15,0.061282587702834124,,,,,,NORMAL,True,True,True,True,False,False,False,True,False,,,,
4ee5b223ad54422ea02d0011,STATIC_SELECTIVE_RISK,Module_12_CrossDomain,sklearn_fixture,29993fa5a07111060fb234185b682f6717de16a4d2e1350bc14293597f01621f,rf_digits_parity_v1,digits_parity,digits_parity,42,,,,2026-09-02T20:45:00Z,1.2.0,62e10bc07ec9873f,SAMPLE_PREDICTION_ERROR,prediction_error == 1 when model prediction != true target,model_prediction_versus_ground_truth,False,0,0,True,0,0.12,0.2,0.05,0.15,0.15,0.061282587702834124,,,,,,NORMAL,True,True,True,True,False,False,False,True,False,,,,
771e93f25552daa52a22cfc6,STATIC_SELECTIVE_RISK,Module_12_CrossDomain,sklearn_fixture,29993fa5a07111060fb234185b682f6717de16a4d2e1350bc14293597f01621f,rf_digits_parity_v1,digits_parity,digits_parity,42,,,,2026-09-02T20:45:00Z,1.2.0,62e10bc07ec9873f,SAMPLE_PREDICTION_ERROR,prediction_error == 1 when model prediction != true target,model_prediction_versus_ground_truth,False,0,0,True,0,0.12,0.2,0.05,0.15,0.15,0.061282587702834124,,,,,,NORMAL,True,True,True,True,False,False,False,True,False,,,,
477937a354a61ad9dfb0503b,STATIC_SELECTIVE_RISK,Module_12_CrossDomain,sklearn_fixture,29993fa5a07111060fb234185b682f6717de16a4d2e1350bc14293597f01621f,rf_digits_parity_v1,digits_parity,digits_parity,42,,,,2026-09-02T20:45:00Z,1.2.0,62e10bc07ec9873f,SAMPLE_PREDICTION_ERROR,prediction_error == 1 when model prediction != true target,model_prediction_versus_ground_truth,False,1,1,True,0,0.12,0.2,0.05,0.15,0.15,0.061282587702834124,,,,,,NORMAL,True,True,True,True,False,False,False,True,False,,,,
5cdea59209d7723eefaec4ae,STATIC_SELECTIVE_RISK,Module_12_CrossDomain,sklearn_fixture,29993fa5a07111060fb234185b682f6717de16a4d2e1350bc14293597f01621f,rf_digits_parity_v1,digits_parity,digits_parity,42,,,,2026-09-02T20:45:00Z,1.2.0,62e10bc07ec9873f,SAMPLE_PREDICTION_ERROR,prediction_error == 1 when model prediction != true target,model_prediction_versus_ground_truth,False,1,1,True,0,0.12,0.2,0.05,0.15,0.15,0.061282587702834124,,,,,,NORMAL,True,True,True,True,False,False,False,True,False,,,,
e54ca631b0af861432dfe6e3,STATIC_SELECTIVE_RISK,Module_12_CrossDomain,sklearn_fixture,29993fa5a07111060fb234185b682f6717de16a4d2e1350bc14293597f01621f,rf_digits_parity_v1,digits_parity,digits_parity,42,,,,2026-09-02T20:45:00Z,1.2.0,62e10bc07ec9873f,SAMPLE_PREDICTION_ERROR,prediction_error == 1 when model prediction != true target,model_prediction_versus_ground_truth,False,1,1,True,0,0.12,0.2,0.05,0.15,0.15,0.061282587702834124,,,,,,NORMAL,True,True,True,True,False,False,False,True,False,,,,
d3162bb01d51690f1befdcc9,STATIC_SELECTIVE_RISK,Module_12_CrossDomain,sklearn_fixture,29993fa5a07111060fb234185b682f6717de16a4d2e1350bc14293597f01621f,rf_digits_parity_v1,digits_parity,digits_parity,42,,,,2026-09-02T20:45:00Z,1.2.0,62e10bc07ec9873f,SAMPLE_PREDICTION_ERROR,prediction_error == 1 when model prediction != true target,model_prediction_versus_ground_truth,False,1,1,True,0,0.12,0.2,0.05,0.15,0.15,0.061282587702834124,,,,,,NORMAL,True,True,True,True,False,False,False,True,False,,,,
6b3140facd97c766717a9656,STATIC_SELECTIVE_RISK,Module_12_CrossDomain,sklearn_fixture,29993fa5a07111060fb234185b682f6717de16a4d2e1350bc14293597f01621f,rf_digits_parity_v1,digits_parity,digits_parity,42,,,,2026-09-02T20:45:00Z,1.2.0,62e10bc07ec9873f,SAMPLE_PREDICTION_ERROR,prediction_error == 1 when model prediction != true target,model_prediction_versus_ground_truth,False,1,1,True,0,0.12,0.2,0.05,0.15,0.15,0.061282587702834124,,,,,,NORMAL,True,True,True,True,False,False,False,True,False,,,,
5014bf9262583fb74f82f88e,STATIC_SELECTIVE_RISK,Module_12_CrossDomain,sklearn_fixture,29993fa5a07111060fb234185b682f6717de16a4d2e1350bc14293597f01621f,rf_digits_parity_v1,digits_parity,digits_parity,42,,,,2026-09-02T20:45:00Z,1.2.0,62e10bc07ec9873f,SAMPLE_PREDICTION_ERROR,prediction_error == 1 when model prediction != true target,model_prediction_versus_ground_truth,False,0,0,True,0,0.12,0.2,0.05,0.15,0.15,0.061282587702834124,,,,,,NORMAL,True,True,True,True,False,False,False,True,False,,,,
8721f8e88ff1fdf18a4667f5,STATIC_SELECTIVE_RISK,Module_12_CrossDomain,sklearn_fixture,29993fa5a07111060fb234185b682f6717de16a4d2e1350bc14293597f01621f,rf_digits_parity_v1,digits_parity,digits_parity,42,,,,2026-09-02T20:45:00Z,1.2.0,62e10bc07ec9873f,SAMPLE_PREDICTION_ERROR,prediction_error == 1 when model prediction != true target,model_prediction_versus_ground_truth,False,0,0,True,0,0.12,0.2,0.05,0.15,0.15,0.061282587702834124,,,,,,NORMAL,True,True,True,True,False,False,False,True,False,,,,
7542ffe6efb893ab16409e05,STATIC_SELECTIVE_RISK,Module_12_CrossDomain,sklearn_fixture,29993fa5a07111060fb234185b682f6717de16a4d2e1350bc14293597f01621f,rf_digits_parity_v1,digits_parity,digits_parity,42,,,,2026-09-02T20:45:00Z,1.2.0,62e10bc07ec9873f,SAMPLE_PREDICTION_ERROR,prediction_error == 1 when model prediction != true target,model_prediction_versus_ground_truth,False,0,0,True,0,0.12,0.2,0.05,0.15,0.15,0.061282587702834124,,,,,,NORMAL,True,True,True,True,False,False,False,True,False,,,,
d8b6ac4bbd5fdb54ad6959e3,STATIC_SELECTIVE_RISK,Module_12_CrossDomain,sklearn_fixture,29993fa5a07111060fb234185b682f6717de16a4d2e1350bc14293597f01621f,rf_digits_parity_v1,digits_parity,digits_parity,42,,,,2026-09-02T20:45:00Z,1.2.0,62e10bc07ec9873f,SAMPLE_PREDICTION_ERROR,prediction_error == 1 when model prediction != true target,model_prediction_versus_ground_truth,False,1,1,True,0,0.12,0.2,0.05,0.15,0.15,0.061282587702834124,,,,,,NORMAL,True,True,True,True,False,False,False,True,False,,,,
61f599856fa04268cadefd5e,STATIC_SELECTIVE_RISK,Module_12_CrossDomain,sklearn_fixture,29993fa5a07111060fb234185b682f6717de16a4d2e1350bc14293597f01621f,rf_digits_parity_v1,digits_parity,digits_parity,42,,,,2026-09-02T20:45:00Z,1.2.0,62e10bc07ec9873f,SAMPLE_PREDICTION_ERROR,prediction_error == 1 when model prediction != true target,model_prediction_versus_ground_truth,False,0,0,True,0,0.12,0.2,0.05,0.15,0.15,0.061282587702834124,,,,,,NORMAL,True,True,True,True,False,False,False,True,False,,,,
4d723ba29aa2f945ad2d2352,STATIC_SELECTIVE_RISK,Module_12_CrossDomain,sklearn_fixture,29993fa5a07111060fb234185b682f6717de16a4d2e1350bc14293597f01621f,rf_digits_parity_v1,digits_parity,digits_parity,42,,,,2026-09-02T20:45:00Z,1.2.0,62e10bc07ec9873f,SAMPLE_PREDICTION_ERROR,prediction_error == 1 when model prediction != true target,model_prediction_versus_ground_truth,False,0,0,True,0,0.12,0.2,0.05,0.15,0.15,0.061282587702834124,,,,,,NORMAL,True,True,True,True,False,False,False,True,False,,,,
230efa2dbb9eed994c267b35,STATIC_SELECTIVE_RISK,Module_12_CrossDomain,sklearn_fixture,29993fa5a07111060fb234185b682f6717de16a4d2e1350bc14293597f01621f,rf_digits_parity_v1,digits_parity,digits_parity,42,,,,2026-09-02T20:45:00Z,1.2.0,62e10bc07ec9873f,SAMPLE_PREDICTION_ERROR,prediction_error == 1 when model prediction != true target,model_prediction_versus_ground_truth,False,1,1,True,0,0.12,0.2,0.05,0.15,0.15,0.061282587702834124,,,,,,NORMAL,True,True,True,True,False,False,False,True,False,,,,
1af3f10b896c786ffdca51ba,STATIC_SELECTIVE_RISK,Module_12_CrossDomain,sklearn_fixture,29993fa5a07111060fb234185b682f6717de16a4d2e1350bc14293597f01621f,rf_digits_parity_v1,digits_parity,digits_parity,42,,,,2026-09-02T20:45:00Z,1.2.0,62e10bc07ec9873f,SAMPLE_PREDICTION_ERROR,prediction_error == 1 when model prediction != true target,model_prediction_versus_ground_truth,False,1,1,True,0,0.12,0.2,0.05,0.15,0.15,0.061282587702834124,,,,,,NORMAL,True,True,True,True,False,False,False,True,False,,,,
16b75967412355d18574ff38,STATIC_SELECTIVE_RISK,Module_12_CrossDomain,sklearn_fixture,29993fa5a07111060fb234185b682f6717de16a4d2e1350bc14293597f01621f,rf_digits_parity_v1,digits_parity,digits_parity,42,,,,2026-09-02T20:45:00Z,1.2.0,62e10bc07ec9873f,SAMPLE_PREDICTION_ERROR,prediction_error == 1 when model prediction != true target,model_prediction_versus_ground_truth,False,1,1,True,0,0.12,0.2,0.05,0.15,0.15,0.061282587702834124,,,,,,NORMAL,True,True,True,True,False,False,False,True,False,,,,
3283d69c31a03905ee6766f1,STATIC_SELECTIVE_RISK,Module_12_CrossDomain,sklearn_fixture,29993fa5a07111060fb234185b682f6717de16a4d2e1350bc14293597f01621f,rf_digits_parity_v1,digits_parity,digits_parity,42,,,,2026-09-02T20:45:00Z,1.2.0,62e10bc07ec9873f,SAMPLE_PREDICTION_ERROR,prediction_error == 1 when model prediction != true target,model_prediction_versus_ground_truth,False,1,1,True,0,0.12,0.2,0.05,0.15,0.15,0.061282587702834124,,,,,,NORMAL,True,True,True,True,False,False,False,True,False,,,,
0870ebbfe43698439b7bbe7e,STATIC_SELECTIVE_RISK,Module_12_CrossDomain,sklearn_fixture,29993fa5a07111060fb234185b682f6717de16a4d2e1350bc14293597f01621f,rf_digits_parity_v1,digits_parity,digits_parity,42,,,,2026-09-02T20:45:00Z,1.2.0,62e10bc07ec9873f,SAMPLE_PREDICTION_ERROR,prediction_error == 1 when model prediction != true target,model_prediction_versus_ground_truth,False,1,1,True,0,0.12,0.2,0.05,0.15,0.15,0.061282587702834124,,,,,,NORMAL,True,True,True,True,False,False,False,True,False,,,,
2e062367f44461a50ace73de,STATIC_SELECTIVE_RISK,Module_12_CrossDomain,sklearn_fixture,29993fa5a07111060fb234185b682f6717de16a4d2e1350bc14293597f01621f,rf_digits_parity_v1,digits_parity,digits_parity,42,,,,2026-09-02T20:45:00Z,1.2.0,62e10bc07ec9873f,SAMPLE_PREDICTION_ERROR,prediction_error == 1 when model prediction != true target,model_prediction_versus_ground_truth,False,0,0,True,0,0.12,0.2,0.05,0.15,0.15,0.061282587702834124,,,,,,NORMAL,True,True,True,True,False,False,False,True,False,,,,
54aefea3cc5d7004b077994b,STATIC_SELECTIVE_RISK,Module_12_CrossDomain,sklearn_fixture,29993fa5a07111060fb234185b682f6717de16a4d2e1350bc14293597f01621f,rf_digits_parity_v1,digits_parity,digits_parity,42,,,,2026-09-02T20:45:00Z,1.2.0,62e10bc07ec9873f,SAMPLE_PREDICTION_ERROR,prediction_error == 1 when model prediction != true target,model_prediction_versus_ground_truth,False,0,0,True,0,0.12,0.2,0.05,0.15,0.15,0.061282587702834124,,,,,,NORMAL,True,True,True,True,False,False,False,True,False,,,,
14d1feb6609be7f7d570be7d,STATIC_SELECTIVE_RISK,Module_12_CrossDomain,sklearn_fixture,29993fa5a07111060fb234185b682f6717de16a4d2e1350bc14293597f01621f,rf_digits_parity_v1,digits_parity,digits_parity,42,,,,2026-09-02T20:45:00Z,1.2.0,62e10bc07ec9873f,SAMPLE_PREDICTION_ERROR,prediction_error == 1 when model prediction != true target,model_prediction_versus_ground_truth,False,1,1,True,0,0.12,0.2,0.05,0.15,0.15,0.061282587702834124,,,,,,NORMAL,True,True,True,True,False,False,False,True,False,,,,
db8fa86e37c1236ac211a26d,STATIC_SELECTIVE_RISK,Module_12_CrossDomain,sklearn_fixture,29993fa5a07111060fb234185b682f6717de16a4d2e1350bc14293597f01621f,rf_digits_parity_v1,digits_parity,digits_parity,42,,,,2026-09-02T20:45:00Z,1.2.0,62e10bc07ec9873f,SAMPLE_PREDICTION_ERROR,prediction_error == 1 when model prediction != true target,model_prediction_versus_ground_truth,False,0,0,True,0,0.12,0.2,0.05,0.15,0.15,0.061282587702834124,,,,,,NORMAL,True,True,True,True,False,False,False,True,False,,,,
0e0d1f394a3ae9aee1289f69,STATIC_SELECTIVE_RISK,Module_12_CrossDomain,sklearn_fixture,29993fa5a07111060fb234185b682f6717de16a4d2e1350bc14293597f01621f,rf_digits_parity_v1,digits_parity,digits_parity,42,,,,2026-09-02T20:45:00Z,1.2.0,62e10bc07ec9873f,SAMPLE_PREDICTION_ERROR,prediction_error == 1 when model prediction != true target,model_prediction_versus_ground_truth,False,1,1,True,0,0.12,0.2,0.05,0.15,0.15,0.061282587702834124,,,,,,NORMAL,True,True,True,True,False,False,False,True,False,,,,
6aedf1d1f92f102bf36b39ed,STATIC_SELECTIVE_RISK,Module_12_CrossDomain,sklearn_fixture,29993fa5a07111060fb234185b682f6717de16a4d2e1350bc14293597f01621f,rf_digits_parity_v1,digits_parity,digits_parity,42,,,,2026-09-02T20:45:00Z,1.2.0,62e10bc07ec9873f,SAMPLE_PREDICTION_ERROR,prediction_error == 1 when model prediction != true target,model_prediction_versus_ground_truth,False,0,0,True,0,0.12,0.2,0.05,0.15,0.15,0.061282587702834124,,,,,,NORMAL,True,True,True,True,False,False,False,True,False,,,,
b9c177f4b9191fcce89920d3,STATIC_SELECTIVE_RISK,Module_12_CrossDomain,sklearn_fixture,29993fa5a07111060fb234185b682f6717de16a4d2e1350bc14293597f01621f,rf_digits_parity_v1,digits_parity,digits_parity,42,,,,2026-09-02T20:45:00Z,1.2.0,62e10bc07ec9873f,SAMPLE_PREDICTION_ERROR,prediction_error == 1 when model prediction != true target,model_prediction_versus_ground_truth,False,1,1,True,0,0.12,0.2,0.05,0.15,0.15,0.061282587702834124,,,,,,NORMAL,True,True,True,True,False,False,False,True,False,,,,
a7da726cfc8d4f2d61232ca9,STATIC_SELECTIVE_RISK,Module_12_CrossDomain,sklearn_fixture,29993fa5a07111060fb234185b682f6717de16a4d2e1350bc14293597f01621f,rf_digits_parity_v1,digits_parity,digits_parity,42,,,,2026-09-02T20:45:00Z,1.2.0,62e10bc07ec9873f,SAMPLE_PREDICTION_ERROR,prediction_error == 1 when model prediction != true target,model_prediction_versus_ground_truth,False,1,1,True,0,0.12,0.2,0.05,0.15,0.15,0.061282587702834124,,,,,,NORMAL,True,True,True,True,False,False,False,True,False,,,,
fb225fd613751eb0c1e1157e,STATIC_SELECTIVE_RISK,Module_12_CrossDomain,sklearn_fixture,29993fa5a07111060fb234185b682f6717de16a4d2e1350bc14293597f01621f,rf_digits_parity_v1,digits_parity,digits_parity,42,,,,2026-09-02T20:45:00Z,1.2.0,62e10bc07ec9873f,SAMPLE_PREDICTION_ERROR,prediction_error == 1 when model prediction != true target,model_prediction_versus_ground_truth,False,0,0,True,0,0.12,0.2,0.05,0.15,0.15,0.061282587702834124,,,,,,NORMAL,True,True,True,True,False,False,False,True,False,,,,
54f5eb0aa09b030452d27e6e,STATIC_SELECTIVE_RISK,Module_12_CrossDomain,sklearn_fixture,29993fa5a07111060fb234185b682f6717de16a4d2e1350bc14293597f01621f,rf_digits_parity_v1,digits_parity,digits_parity,42,,,,2026-09-02T20:45:00Z,1.2.0,62e10bc07ec9873f,SAMPLE_PREDICTION_ERROR,prediction_error == 1 when model prediction != true target,model_prediction_versus_ground_truth,False,0,0,True,0,0.12,0.2,0.05,0.15,0.15,0.061282587702834124,,,,,,NORMAL,True,True,True,True,False,False,False,True,False,,,,
3fd8a84dd00765551ee493d1,STATIC_SELECTIVE_RISK,Module_12_CrossDomain,sklearn_fixture,29993fa5a07111060fb234185b682f6717de16a4d2e1350bc14293597f01621f,rf_digits_parity_v1,digits_parity,digits_parity,42,,,,2026-09-02T20:45:00Z,1.2.0,62e10bc07ec9873f,SAMPLE_PREDICTION_ERROR,prediction_error == 1 when model prediction != true target,model_prediction_versus_ground_truth,False,0,0,True,0,0.12,0.2,0.05,0.15,0.15,0.061282587702834124,,,,,,NORMAL,True,True,True,True,False,False,False,True,False,,,,
44e286c1fe927bf520942944,STATIC_SELECTIVE_RISK,Module_12_CrossDomain,sklearn_fixture,29993fa5a07111060fb234185b682f6717de16a4d2e1350bc14293597f01621f,rf_digits_parity_v1,digits_parity,digits_parity,42,,,,2026-09-02T20:45:00Z,1.2.0,62e10bc07ec9873f,SAMPLE_PREDICTION_ERROR,prediction_error == 1 when model prediction != true target,model_prediction_versus_ground_truth,False,0,0,True,0,0.12,0.2,0.05,0.15,0.15,0.061282587702834124,,,,,,NORMAL,True,True,True,True,False,False,False,True,False,,,,
edeadcf737e3a88cbc918e06,STATIC_SELECTIVE_RISK,Module_12_CrossDomain,sklearn_fixture,29993fa5a07111060fb234185b682f6717de16a4d2e1350bc14293597f01621f,rf_digits_parity_v1,digits_parity,digits_parity,42,,,,2026-09-02T20:45:00Z,1.2.0,62e10bc07ec9873f,SAMPLE_PREDICTION_ERROR,prediction_error == 1 when model prediction != true target,model_prediction_versus_ground_truth,False,0,0,True,0,0.12,0.2,0.05,0.15,0.15,0.061282587702834124,,,,,,NORMAL,True,True,True,True,False,False,False,True,False,,,,
699b81ddf7f55c2eb14392b5,STATIC_SELECTIVE_RISK,Module_12_CrossDomain,sklearn_fixture,29993fa5a07111060fb234185b682f6717de16a4d2e1350bc14293597f01621f,rf_digits_parity_v1,digits_parity,digits_parity,42,,,,2026-09-02T20:45:00Z,1.2.0,62e10bc07ec9873f,SAMPLE_PREDICTION_ERROR,prediction_error == 1 when model prediction != true target,model_prediction_versus_ground_truth,False,0,0,True,0,0.12,0.2,0.05,0.15,0.15,0.061282587702834124,,,,,,NORMAL,True,True,True,True,False,False,False,True,False,,,,
fac730bd3d9e30ee5136a379,STATIC_SELECTIVE_RISK,Module_12_CrossDomain,sklearn_fixture,29993fa5a07111060fb234185b682f6717de16a4d2e1350bc14293597f01621f,rf_digits_parity_v1,digits_parity,digits_parity,42,,,,2026-09-02T20:45:00Z,1.2.0,62e10bc07ec9873f,SAMPLE_PREDICTION_ERROR,prediction_error == 1 when model prediction != true target,model_prediction_versus_ground_truth,False,1,1,True,0,0.12,0.2,0.05,0.15,0.15,0.061282587702834124,,,,,,NORMAL,True,True,True,True,False,False,False,True,False,,,,
1bedbbc22937c6dcc35cc1f8,STATIC_SELECTIVE_RISK,Module_12_CrossDomain,sklearn_fixture,29993fa5a07111060fb234185b682f6717de16a4d2e1350bc14293597f01621f,rf_digits_parity_v1,digits_parity,digits_parity,42,,,,2026-09-02T20:45:00Z,1.2.0,62e10bc07ec9873f,SAMPLE_PREDICTION_ERROR,prediction_error == 1 when model prediction != true target,model_prediction_versus_ground_truth,False,1,0,False,1,0.12,0.2,0.05,0.15,0.15,0.061282587702834124,,,,,,NORMAL,True,True,True,True,False,False,False,True,False,,,,
3889b9b8de3f086108d9af6f,STATIC_SELECTIVE_RISK,Module_12_CrossDomain,sklearn_fixture,29993fa5a07111060fb234185b682f6717de16a4d2e1350bc14293597f01621f,rf_digits_parity_v1,digits_parity,digits_parity,42,,,,2026-09-02T20:45:00Z,1.2.0,62e10bc07ec9873f,SAMPLE_PREDICTION_ERROR,prediction_error == 1 when model prediction != true target,model_prediction_versus_ground_truth,False,1,1,True,0,0.12,0.2,0.05,0.15,0.15,0.061282587702834124,,,,,,NORMAL,True,True,True,True,False,False,False,True,False,,,,
8198a29bf504c83dad0ba93b,STATIC_SELECTIVE_RISK,Module_12_CrossDomain,sklearn_fixture,29993fa5a07111060fb234185b682f6717de16a4d2e1350bc14293597f01621f,rf_digits_parity_v1,digits_parity,digits_parity,42,,,,2026-09-02T20:45:00Z,1.2.0,62e10bc07ec9873f,SAMPLE_PREDICTION_ERROR,prediction_error == 1 when model prediction != true target,model_prediction_versus_ground_truth,False,0,0,True,0,0.12,0.2,0.05,0.15,0.15,0.061282587702834124,,,,,,NORMAL,True,True,True,True,False,False,False,True,False,,,,
c6cd8fa4fa7bdd48bf3d8b20,STATIC_SELECTIVE_RISK,Module_12_CrossDomain,sklearn_fixture,29993fa5a07111060fb234185b682f6717de16a4d2e1350bc14293597f01621f,rf_digits_parity_v1,digits_parity,digits_parity,42,,,,2026-09-02T20:45:00Z,1.2.0,62e10bc07ec9873f,SAMPLE_PREDICTION_ERROR,prediction_error == 1 when model prediction != true target,model_prediction_versus_ground_truth,False,0,0,True,0,0.12,0.2,0.05,0.15,0.15,0.061282587702834124,,,,,,NORMAL,True,True,True,True,False,False,False,True,False,,,,
cfc9cf42d5ea5621eda7a702,STATIC_SELECTIVE_RISK,Module_12_CrossDomain,sklearn_fixture,29993fa5a07111060fb234185b682f6717de16a4d2e1350bc14293597f01621f,rf_digits_parity_v1,digits_parity,digits_parity,42,,,,2026-09-02T20:45:00Z,1.2.0,62e10bc07ec9873f,SAMPLE_PREDICTION_ERROR,prediction_error == 1 when model prediction != true target,model_prediction_versus_ground_truth,False,1,1,True,0,0.12,0.2,0.05,0.15,0.15,0.061282587702834124,,,,,,NORMAL,True,True,True,True,False,False,False,True,False,,,,
3622f8c68dc5ccee6c918033,STATIC_SELECTIVE_RISK,Module_12_CrossDomain,sklearn_fixture,29993fa5a07111060fb234185b682f6717de16a4d2e1350bc14293597f01621f,rf_digits_parity_v1,digits_parity,digits_parity,42,,,,2026-09-02T20:45:00Z,1.2.0,62e10bc07ec9873f,SAMPLE_PREDICTION_ERROR,prediction_error == 1 when model prediction != true target,model_prediction_versus_ground_truth,False,1,1,True,0,0.12,0.2,0.05,0.15,0.15,0.061282587702834124,,,,,,NORMAL,True,True,True,True,False,False,False,True,False,,,,
60551baa4deef8fefe2cc2cd,STATIC_SELECTIVE_RISK,Module_12_CrossDomain,sklearn_fixture,29993fa5a07111060fb234185b682f6717de16a4d2e1350bc14293597f01621f,rf_digits_parity_v1,digits_parity,digits_parity,42,,,,2026-09-02T20:45:00Z,1.2.0,62e10bc07ec9873f,SAMPLE_PREDICTION_ERROR,prediction_error == 1 when model prediction != true target,model_prediction_versus_ground_truth,False,0,0,True,0,0.12,0.2,0.05,0.15,0.15,0.061282587702834124,,,,,,NORMAL,True,True,True,True,False,False,False,True,False,,,,
edfa9b8bb375f7666dd132ff,STATIC_SELECTIVE_RISK,Module_12_CrossDomain,sklearn_fixture,29993fa5a07111060fb234185b682f6717de16a4d2e1350bc14293597f01621f,rf_digits_parity_v1,digits_parity,digits_parity,42,,,,2026-09-02T20:45:00Z,1.2.0,62e10bc07ec9873f,SAMPLE_PREDICTION_ERROR,prediction_error == 1 when model prediction != true target,model_prediction_versus_ground_truth,False,0,0,True,0,0.12,0.2,0.05,0.15,0.15,0.061282587702834124,,,,,,NORMAL,True,True,True,True,False,False,False,True,False,,,,
865c88b6e6c09db46a79e396,STATIC_SELECTIVE_RISK,Module_12_CrossDomain,sklearn_fixture,29993fa5a07111060fb234185b682f6717de16a4d2e1350bc14293597f01621f,rf_digits_parity_v1,digits_parity,digits_parity,42,,,,2026-09-02T20:45:00Z,1.2.0,62e10bc07ec9873f,SAMPLE_PREDICTION_ERROR,prediction_error == 1 when model prediction != true target,model_prediction_versus_ground_truth,False,1,1,True,0,0.12,0.2,0.05,0.15,0.15,0.061282587702834124,,,,,,NORMAL,True,True,True,True,False,False,False,True,False,,,,
cf4e6e6903160f1ab236d3e1,STATIC_SELECTIVE_RISK,Module_12_CrossDomain,sklearn_fixture,29993fa5a07111060fb234185b682f6717de16a4d2e1350bc14293597f01621f,rf_digits_parity_v1,digits_parity,digits_parity,42,,,,2026-09-02T20:45:00Z,1.2.0,62e10bc07ec9873f,SAMPLE_PREDICTION_ERROR,prediction_error == 1 when model prediction != true target,model_prediction_versus_ground_truth,False,0,0,True,0,0.12,0.2,0.05,0.15,0.15,0.061282587702834124,,,,,,NORMAL,True,True,True,True,False,False,False,True,False,,,,
300770c12187fb3bea0ea6c8,STATIC_SELECTIVE_RISK,Module_12_CrossDomain,sklearn_fixture,29993fa5a07111060fb234185b682f6717de16a4d2e1350bc14293597f01621f,rf_digits_parity_v1,digits_parity,digits_parity,42,,,,2026-09-02T20:45:00Z,1.2.0,62e10bc07ec9873f,SAMPLE_PREDICTION_ERROR,prediction_error == 1 when model prediction != true target,model_prediction_versus_ground_truth,False,1,1,True,0,0.12,0.2,0.05,0.15,0.15,0.061282587702834124,,,,,,NORMAL,True,True,True,True,False,False,False,True,False,,,,
071b8d1a396142f4c6bfa267,STATIC_SELECTIVE_RISK,Module_12_CrossDomain,sklearn_fixture,29993fa5a07111060fb234185b682f6717de16a4d2e1350bc14293597f01621f,rf_digits_parity_v1,digits_parity,digits_parity,42,,,,2026-09-02T20:45:00Z,1.2.0,62e10bc07ec9873f,SAMPLE_PREDICTION_ERROR,prediction_error == 1 when model prediction != true target,model_prediction_versus_ground_truth,False,0,0,True,0,0.12,0.2,0.05,0.15,0.15,0.061282587702834124,,,,,,NORMAL,True,True,True,True,False,False,False,True,False,,,,
4105630045e75e8677fb392f,STATIC_SELECTIVE_RISK,Module_12_CrossDomain,sklearn_fixture,29993fa5a07111060fb234185b682f6717de16a4d2e1350bc14293597f01621f,rf_digits_parity_v1,digits_parity,digits_parity,42,,,,2026-09-02T20:45:00Z,1.2.0,62e10bc07ec9873f,SAMPLE_PREDICTION_ERROR,prediction_error == 1 when model prediction != true target,model_prediction_versus_ground_truth,False,0,0,True,0,0.12,0.2,0.05,0.15,0.15,0.061282587702834124,,,,,,NORMAL,True,True,True,True,False,False,False,True,False,,,,
0462edbaf8b1122bd6faa8c5,STATIC_SELECTIVE_RISK,Module_12_CrossDomain,sklearn_fixture,29993fa5a07111060fb234185b682f6717de16a4d2e1350bc14293597f01621f,rf_digits_parity_v1,digits_parity,digits_parity,42,,,,2026-09-02T20:45:00Z,1.2.0,62e10bc07ec9873f,SAMPLE_PREDICTION_ERROR,prediction_error == 1 when model prediction != true target,model_prediction_versus_ground_truth,False,0,0,True,0,0.12,0.2,0.05,0.15,0.15,0.061282587702834124,,,,,,NORMAL,True,True,True,True,False,False,False,True,False,,,,
6476c4b6a9fdcc5e7b0261c1,STATIC_SELECTIVE_RISK,Module_12_CrossDomain,sklearn_fixture,29993fa5a07111060fb234185b682f6717de16a4d2e1350bc14293597f01621f,rf_digits_parity_v1,digits_parity,digits_parity,42,,,,2026-09-02T20:45:00Z,1.2.0,62e10bc07ec9873f,SAMPLE_PREDICTION_ERROR,prediction_error == 1 when model prediction != true target,model_prediction_versus_ground_truth,False,1,1,True,0,0.12,0.2,0.05,0.15,0.15,0.061282587702834124,,,,,,NORMAL,True,True,True,True,False,False,False,True,False,,,,
3a06ee51c6c20c92a269d8f3,STATIC_SELECTIVE_RISK,Module_12_CrossDomain,sklearn_fixture,29993fa5a07111060fb234185b682f6717de16a4d2e1350bc14293597f01621f,rf_digits_parity_v1,digits_parity,digits_parity,42,,,,2026-09-02T20:45:00Z,1.2.0,62e10bc07ec9873f,SAMPLE_PREDICTION_ERROR,prediction_error == 1 when model prediction != true target,model_prediction_versus_ground_truth,False,1,1,True,0,0.12,0.2,0.05,0.15,0.15,0.061282587702834124,,,,,,NORMAL,True,True,True,True,False,False,False,True,False,,,,
d6887926f03df3c87847d2fe,STATIC_SELECTIVE_RISK,Module_12_CrossDomain,sklearn_fixture,29993fa5a07111060fb234185b682f6717de16a4d2e1350bc14293597f01621f,rf_digits_parity_v1,digits_parity,digits_parity,42,,,,2026-09-02T20:45:00Z,1.2.0,62e10bc07ec9873f,SAMPLE_PREDICTION_ERROR,prediction_error == 1 when model prediction != true target,model_prediction_versus_ground_truth,False,0,0,True,0,0.12,0.2,0.05,0.15,0.15,0.061282587702834124,,,,,,NORMAL,True,True,True,True,False,False,False,True,False,,,,
62cf84ef5dbeef2d31204080,STATIC_SELECTIVE_RISK,Module_12_CrossDomain,sklearn_fixture,29993fa5a07111060fb234185b682f6717de16a4d2e1350bc14293597f01621f,rf_digits_parity_v1,digits_parity,digits_parity,42,,,,2026-09-02T20:45:00Z,1.2.0,62e10bc07ec9873f,SAMPLE_PREDICTION_ERROR,prediction_error == 1 when model prediction != true target,model_prediction_versus_ground_truth,False,1,1,True,0,0.12,0.2,0.05,0.15,0.15,0.061282587702834124,,,,,,NORMAL,True,True,True,True,False,False,False,True,False,,,,
ef0c43929835f2aabbe87b86,STATIC_SELECTIVE_RISK,Module_12_CrossDomain,sklearn_fixture,29993fa5a07111060fb234185b682f6717de16a4d2e1350bc14293597f01621f,rf_digits_parity_v1,digits_parity,digits_parity,42,,,,2026-09-02T20:45:00Z,1.2.0,62e10bc07ec9873f,SAMPLE_PREDICTION_ERROR,prediction_error == 1 when model prediction != true target,model_prediction_versus_ground_truth,False,1,1,True,0,0.12,0.2,0.05,0.15,0.15,0.061282587702834124,,,,,,NORMAL,True,True,True,True,False,False,False,True,False,,,,
21de4ff42a94b835cd419bde,STATIC_SELECTIVE_RISK,Module_12_CrossDomain,sklearn_fixture,29993fa5a07111060fb234185b682f6717de16a4d2e1350bc14293597f01621f,rf_digits_parity_v1,digits_parity,digits_parity,42,,,,2026-09-02T20:45:00Z,1.2.0,62e10bc07ec9873f,SAMPLE_PREDICTION_ERROR,prediction_error == 1 when model prediction != true target,model_prediction_versus_ground_truth,False,1,1,True,0,0.12,0.2,0.05,0.15,0.15,0.061282587702834124,,,,,,NORMAL,True,True,True,True,False,False,False,True,False,,,,
00832e0284cb1341efac17ba,STATIC_SELECTIVE_RISK,Module_12_CrossDomain,sklearn_fixture,29993fa5a07111060fb234185b682f6717de16a4d2e1350bc14293597f01621f,rf_digits_parity_v1,digits_parity,digits_parity,42,,,,2026-09-02T20:45:00Z,1.2.0,62e10bc07ec9873f,SAMPLE_PREDICTION_ERROR,prediction_error == 1 when model prediction != true target,model_prediction_versus_ground_truth,False,1,1,True,0,0.12,0.2,0.05,0.15,0.15,0.061282587702834124,,,,,,NORMAL,True,True,True,True,False,False,False,True,False,,,,
a1526cd0f1ff10792d373040,STATIC_SELECTIVE_RISK,Module_12_CrossDomain,sklearn_fixture,29993fa5a07111060fb234185b682f6717de16a4d2e1350bc14293597f01621f,rf_digits_parity_v1,digits_parity,digits_parity,42,,,,2026-09-02T20:45:00Z,1.2.0,62e10bc07ec9873f,SAMPLE_PREDICTION_ERROR,prediction_error == 1 when model prediction != true target,model_prediction_versus_ground_truth,False,0,0,True,0,0.12,0.2,0.05,0.15,0.15,0.061282587702834124,,,,,,NORMAL,True,True,True,True,False,False,False,True,False,,,,
2ccba7a02b4a8c164089840c,STATIC_SELECTIVE_RISK,Module_12_CrossDomain,sklearn_fixture,29993fa5a07111060fb234185b682f6717de16a4d2e1350bc14293597f01621f,rf_digits_parity_v1,digits_parity,digits_parity,42,,,,2026-09-02T20:45:00Z,1.2.0,62e10bc07ec9873f,SAMPLE_PREDICTION_ERROR,prediction_error == 1 when model prediction != true target,model_prediction_versus_ground_truth,False,0,0,True,0,0.12,0.2,0.05,0.15,0.15,0.061282587702834124,,,,,,NORMAL,True,True,True,True,False,False,False,True,False,,,,
a4b7768a122b38adc6dbb7f5,STATIC_SELECTIVE_RISK,Module_12_CrossDomain,sklearn_fixture,29993fa5a07111060fb234185b682f6717de16a4d2e1350bc14293597f01621f,rf_digits_parity_v1,digits_parity,digits_parity,42,,,,2026-09-02T20:45:00Z,1.2.0,62e10bc07ec9873f,SAMPLE_PREDICTION_ERROR,prediction_error == 1 when model prediction != true target,model_prediction_versus_ground_truth,False,0,0,True,0,0.12,0.2,0.05,0.15,0.15,0.061282587702834124,,,,,,NORMAL,True,True,True,True,False,False,False,True,False,,,,
2a7dd6f11d169518c1c5ce25,STATIC_SELECTIVE_RISK,Module_12_CrossDomain,sklearn_fixture,29993fa5a07111060fb234185b682f6717de16a4d2e1350bc14293597f01621f,rf_digits_parity_v1,digits_parity,digits_parity,42,,,,2026-09-02T20:45:00Z,1.2.0,62e10bc07ec9873f,SAMPLE_PREDICTION_ERROR,prediction_error == 1 when model prediction != true target,model_prediction_versus_ground_truth,False,0,0,True,0,0.12,0.2,0.05,0.15,0.15,0.061282587702834124,,,,,,NORMAL,True,True,True,True,False,False,False,True,False,,,,
c8cf9d0e784754d8fb724b68,STATIC_SELECTIVE_RISK,Module_12_CrossDomain,sklearn_fixture,29993fa5a07111060fb234185b682f6717de16a4d2e1350bc14293597f01621f,rf_digits_parity_v1,digits_parity,digits_parity,42,,,,2026-09-02T20:45:00Z,1.2.0,62e10bc07ec9873f,SAMPLE_PREDICTION_ERROR,prediction_error == 1 when model prediction != true target,model_prediction_versus_ground_truth,False,1,1,True,0,0.12,0.2,0.05,0.15,0.15,0.061282587702834124,,,,,,NORMAL,True,True,True,True,False,False,False,True,False,,,,
b0d45a931a04841d730faadc,STATIC_SELECTIVE_RISK,Module_12_CrossDomain,sklearn_fixture,29993fa5a07111060fb234185b682f6717de16a4d2e1350bc14293597f01621f,rf_digits_parity_v1,digits_parity,digits_parity,42,,,,2026-09-02T20:45:00Z,1.2.0,62e10bc07ec9873f,SAMPLE_PREDICTION_ERROR,prediction_error == 1 when model prediction != true target,model_prediction_versus_ground_truth,False,1,1,True,0,0.12,0.2,0.05,0.15,0.15,0.061282587702834124,,,,,,NORMAL,True,True,True,True,False,False,False,True,False,,,,
f017f6458716c21e06f44da7,STATIC_SELECTIVE_RISK,Module_12_CrossDomain,sklearn_fixture,29993fa5a07111060fb234185b682f6717de16a4d2e1350bc14293597f01621f,rf_digits_parity_v1,digits_parity,digits_parity,42,,,,2026-09-02T20:45:00Z,1.2.0,62e10bc07ec9873f,SAMPLE_PREDICTION_ERROR,prediction_error == 1 when model prediction != true target,model_prediction_versus_ground_truth,False,0,0,True,0,0.12,0.2,0.05,0.15,0.15,0.061282587702834124,,,,,,NORMAL,True,True,True,True,False,False,False,True,False,,,,
6a89c075ffdd05d709c032dd,STATIC_SELECTIVE_RISK,Module_12_CrossDomain,sklearn_fixture,29993fa5a07111060fb234185b682f6717de16a4d2e1350bc14293597f01621f,rf_digits_parity_v1,digits_parity,digits_parity,42,,,,2026-09-02T20:45:00Z,1.2.0,62e10bc07ec9873f,SAMPLE_PREDICTION_ERROR,prediction_error == 1 when model prediction != true target,model_prediction_versus_ground_truth,False,1,1,True,0,0.12,0.2,0.05,0.15,0.15,0.061282587702834124,,,,,,NORMAL,True,True,True,True,False,False,False,True,False,,,,
c147655c84ef03b412de1364,STATIC_SELECTIVE_RISK,Module_12_CrossDomain,sklearn_fixture,29993fa5a07111060fb234185b682f6717de16a4d2e1350bc14293597f01621f,rf_digits_parity_v1,digits_parity,digits_parity,42,,,,2026-09-02T20:45:00Z,1.2.0,62e10bc07ec9873f,SAMPLE_PREDICTION_ERROR,prediction_error == 1 when model prediction != true target,model_prediction_versus_ground_truth,False,1,1,True,0,0.12,0.2,0.05,0.15,0.15,0.061282587702834124,,,,,,NORMAL,True,True,True,True,False,False,False,True,False,,,,
131cbaf733eee497659840fc,STATIC_SELECTIVE_RISK,Module_12_CrossDomain,sklearn_fixture,29993fa5a07111060fb234185b682f6717de16a4d2e1350bc14293597f01621f,rf_digits_parity_v1,digits_parity,digits_parity,42,,,,2026-09-02T20:45:00Z,1.2.0,62e10bc07ec9873f,SAMPLE_PREDICTION_ERROR,prediction_error == 1 when model prediction != true target,model_prediction_versus_ground_truth,False,0,0,True,0,0.12,0.2,0.05,0.15,0.15,0.061282587702834124,,,,,,NORMAL,True,True,True,True,False,False,False,True,False,,,,
bb190ece3c2d4d8501b17483,STATIC_SELECTIVE_RISK,Module_12_CrossDomain,sklearn_fixture,29993fa5a07111060fb234185b682f6717de16a4d2e1350bc14293597f01621f,rf_digits_parity_v1,digits_parity,digits_parity,42,,,,2026-09-02T20:45:00Z,1.2.0,62e10bc07ec9873f,SAMPLE_PREDICTION_ERROR,prediction_error == 1 when model prediction != true target,model_prediction_versus_ground_truth,False,1,1,True,0,0.12,0.2,0.05,0.15,0.15,0.061282587702834124,,,,,,NORMAL,True,True,True,True,False,False,False,True,False,,,,
10a6f001a0adfe198b357fa8,STATIC_SELECTIVE_RISK,Module_12_CrossDomain,sklearn_fixture,29993fa5a07111060fb234185b682f6717de16a4d2e1350bc14293597f01621f,rf_digits_parity_v1,digits_parity,digits_parity,42,,,,2026-09-02T20:45:00Z,1.2.0,62e10bc07ec9873f,SAMPLE_PREDICTION_ERROR,prediction_error == 1 when model prediction != true target,model_prediction_versus_ground_truth,False,1,1,True,0,0.12,0.2,0.05,0.15,0.15,0.061282587702834124,,,,,,NORMAL,True,True,True,True,False,False,False,True,False,,,,
34d75524520317154b91a88b,STATIC_SELECTIVE_RISK,Module_12_CrossDomain,sklearn_fixture,29993fa5a07111060fb234185b682f6717de16a4d2e1350bc14293597f01621f,rf_digits_parity_v1,digits_parity,digits_parity,42,,,,2026-09-02T20:45:00Z,1.2.0,62e10bc07ec9873f,SAMPLE_PREDICTION_ERROR,prediction_error == 1 when model prediction != true target,model_prediction_versus_ground_truth,False,0,0,True,0,0.12,0.2,0.05,0.15,0.15,0.061282587702834124,,,,,,NORMAL,True,True,True,True,False,False,False,True,False,,,,
5f4a9881e116f40b7972f912,STATIC_SELECTIVE_RISK,Module_12_CrossDomain,sklearn_fixture,29993fa5a07111060fb234185b682f6717de16a4d2e1350bc14293597f01621f,rf_digits_parity_v1,digits_parity,digits_parity,42,,,,2026-09-02T20:45:00Z,1.2.0,62e10bc07ec9873f,SAMPLE_PREDICTION_ERROR,prediction_error == 1 when model prediction != true target,model_prediction_versus_ground_truth,False,1,1,True,0,0.12,0.2,0.05,0.15,0.15,0.061282587702834124,,,,,,NORMAL,True,True,True,True,False,False,False,True,False,,,,
9da6044faba74e54b12ec098,STATIC_SELECTIVE_RISK,Module_12_CrossDomain,sklearn_fixture,29993fa5a07111060fb234185b682f6717de16a4d2e1350bc14293597f01621f,rf_digits_parity_v1,digits_parity,digits_parity,42,,,,2026-09-02T20:45:00Z,1.2.0,62e10bc07ec9873f,SAMPLE_PREDICTION_ERROR,prediction_error == 1 when model prediction != true target,model_prediction_versus_ground_truth,False,0,0,True,0,0.12,0.2,0.05,0.15,0.15,0.061282587702834124,,,,,,NORMAL,True,True,True,True,False,False,False,True,False,,,,
5beacecd148d94c67de43d61,STATIC_SELECTIVE_RISK,Module_12_CrossDomain,sklearn_fixture,29993fa5a07111060fb234185b682f6717de16a4d2e1350bc14293597f01621f,rf_digits_parity_v1,digits_parity,digits_parity,42,,,,2026-09-02T20:45:00Z,1.2.0,62e10bc07ec9873f,SAMPLE_PREDICTION_ERROR,prediction_error == 1 when model prediction != true target,model_prediction_versus_ground_truth,False,1,1,True,0,0.12,0.2,0.05,0.15,0.15,0.061282587702834124,,,,,,NORMAL,True,True,True,True,False,False,False,True,False,,,,
1770daa956013c806c67c1dd,STATIC_SELECTIVE_RISK,Module_12_CrossDomain,sklearn_fixture,29993fa5a07111060fb234185b682f6717de16a4d2e1350bc14293597f01621f,rf_digits_parity_v1,digits_parity,digits_parity,42,,,,2026-09-02T20:45:00Z,1.2.0,62e10bc07ec9873f,SAMPLE_PREDICTION_ERROR,prediction_error == 1 when model prediction != true target,model_prediction_versus_ground_truth,False,0,0,True,0,0.12,0.2,0.05,0.15,0.15,0.061282587702834124,,,,,,NORMAL,True,True,True,True,False,False,False,True,False,,,,
26a5bb85fa1c3bb440cb74ac,STATIC_SELECTIVE_RISK,Module_12_CrossDomain,sklearn_fixture,29993fa5a07111060fb234185b682f6717de16a4d2e1350bc14293597f01621f,rf_digits_parity_v1,digits_parity,digits_parity,42,,,,2026-09-02T20:45:00Z,1.2.0,62e10bc07ec9873f,SAMPLE_PREDICTION_ERROR,prediction_error == 1 when model prediction != true target,model_prediction_versus_ground_truth,False,1,1,True,0,0.12,0.2,0.05,0.15,0.15,0.061282587702834124,,,,,,NORMAL,True,True,True,True,False,False,False,True,False,,,,
bc52239ff9286c3c8ad32b18,STATIC_SELECTIVE_RISK,Module_12_CrossDomain,sklearn_fixture,29993fa5a07111060fb234185b682f6717de16a4d2e1350bc14293597f01621f,rf_digits_parity_v1,digits_parity,digits_parity,42,,,,2026-09-02T20:45:00Z,1.2.0,62e10bc07ec9873f,SAMPLE_PREDICTION_ERROR,prediction_error == 1 when model prediction != true target,model_prediction_versus_ground_truth,False,0,0,True,0,0.12,0.2,0.05,0.15,0.15,0.061282587702834124,,,,,,NORMAL,True,True,True,True,False,False,False,True,False,,,,
2f2802189ebe8da3c6cb0f69,STATIC_SELECTIVE_RISK,Module_12_CrossDomain,sklearn_fixture,29993fa5a07111060fb234185b682f6717de16a4d2e1350bc14293597f01621f,rf_digits_parity_v1,digits_parity,digits_parity,42,,,,2026-09-02T20:45:00Z,1.2.0,62e10bc07ec9873f,SAMPLE_PREDICTION_ERROR,prediction_error == 1 when model prediction != true target,model_prediction_versus_ground_truth,False,1,1,True,0,0.12,0.2,0.05,0.15,0.15,0.061282587702834124,,,,,,NORMAL,True,True,True,True,False,False,False,True,False,,,,
9ddb873c05f4b804d65ee95c,STATIC_SELECTIVE_RISK,Module_12_CrossDomain,sklearn_fixture,29993fa5a07111060fb234185b682f6717de16a4d2e1350bc14293597f01621f,rf_digits_parity_v1,digits_parity,digits_parity,42,,,,2026-09-02T20:45:00Z,1.2.0,62e10bc07ec9873f,SAMPLE_PREDICTION_ERROR,prediction_error == 1 when model prediction != true target,model_prediction_versus_ground_truth,False,0,0,True,0,0.12,0.2,0.05,0.15,0.15,0.061282587702834124,,,,,,NORMAL,True,True,True,True,False,False,False,True,False,,,,
8d8c1c749fdd20fa22665aee,STATIC_SELECTIVE_RISK,Module_12_CrossDomain,sklearn_fixture,29993fa5a07111060fb234185b682f6717de16a4d2e1350bc14293597f01621f,rf_digits_parity_v1,digits_parity,digits_parity,42,,,,2026-09-02T20:45:00Z,1.2.0,62e10bc07ec9873f,SAMPLE_PREDICTION_ERROR,prediction_error == 1 when model prediction != true target,model_prediction_versus_ground_truth,False,1,1,True,0,0.12,0.2,0.05,0.15,0.15,0.061282587702834124,,,,,,NORMAL,True,True,True,True,False,False,False,True,False,,,,
b370ad7033fc9f03a3696c44,STATIC_SELECTIVE_RISK,Module_12_CrossDomain,sklearn_fixture,29993fa5a07111060fb234185b682f6717de16a4d2e1350bc14293597f01621f,rf_digits_parity_v1,digits_parity,digits_parity,42,,,,2026-09-02T20:45:00Z,1.2.0,62e10bc07ec9873f,SAMPLE_PREDICTION_ERROR,prediction_error == 1 when model prediction != true target,model_prediction_versus_ground_truth,False,0,0,True,0,0.12,0.2,0.05,0.15,0.15,0.061282587702834124,,,,,,NORMAL,True,True,True,True,False,False,False,True,False,,,,
b2281cb7c13395cb23dea39c,STATIC_SELECTIVE_RISK,Module_12_CrossDomain,sklearn_fixture,29993fa5a07111060fb234185b682f6717de16a4d2e1350bc14293597f01621f,rf_digits_parity_v1,digits_parity,digits_parity,42,,,,2026-09-02T20:45:00Z,1.2.0,62e10bc07ec9873f,SAMPLE_PREDICTION_ERROR,prediction_error == 1 when model prediction != true target,model_prediction_versus_ground_truth,False,1,1,True,0,0.12,0.2,0.05,0.15,0.15,0.061282587702834124,,,,,,NORMAL,True,True,True,True,False,False,False,True,False,,,,
5633852b9d3aee3075cc14d3,STATIC_SELECTIVE_RISK,Module_12_CrossDomain,sklearn_fixture,29993fa5a07111060fb234185b682f6717de16a4d2e1350bc14293597f01621f,rf_digits_parity_v1,digits_parity,digits_parity,42,,,,2026-09-02T20:45:00Z,1.2.0,62e10bc07ec9873f,SAMPLE_PREDICTION_ERROR,prediction_error == 1 when model prediction != true target,model_prediction_versus_ground_truth,False,0,0,True,0,0.12,0.2,0.05,0.15,0.15,0.061282587702834124,,,,,,NORMAL,True,True,True,True,False,False,False,True,False,,,,
02b8a1a74a97ca81fc4bf233,STATIC_SELECTIVE_RISK,Module_12_CrossDomain,sklearn_fixture,29993fa5a07111060fb234185b682f6717de16a4d2e1350bc14293597f01621f,rf_digits_parity_v1,digits_parity,digits_parity,42,,,,2026-09-02T20:45:00Z,1.2.0,62e10bc07ec9873f,SAMPLE_PREDICTION_ERROR,prediction_error == 1 when model prediction != true target,model_prediction_versus_ground_truth,False,1,1,True,0,0.12,0.2,0.05,0.15,0.15,0.061282587702834124,,,,,,NORMAL,True,True,True,True,False,False,False,True,False,,,,
b1a4a376f8d9f7a1e0dda165,STATIC_SELECTIVE_RISK,Module_12_CrossDomain,sklearn_fixture,29993fa5a07111060fb234185b682f6717de16a4d2e1350bc14293597f01621f,rf_digits_parity_v1,digits_parity,digits_parity,42,,,,2026-09-02T20:45:00Z,1.2.0,62e10bc07ec9873f,SAMPLE_PREDICTION_ERROR,prediction_error == 1 when model prediction != true target,model_prediction_versus_ground_truth,False,0,0,True,0,0.12,0.2,0.05,0.15,0.15,0.061282587702834124,,,,,,NORMAL,True,True,True,True,False,False,False,True,False,,,,
05b528fa9141f29a593578cd,STATIC_SELECTIVE_RISK,Module_12_CrossDomain,sklearn_fixture,29993fa5a07111060fb234185b682f6717de16a4d2e1350bc14293597f01621f,rf_digits_parity_v1,digits_parity,digits_parity,42,,,,2026-09-02T20:45:00Z,1.2.0,62e10bc07ec9873f,SAMPLE_PREDICTION_ERROR,prediction_error == 1 when model prediction != true target,model_prediction_versus_ground_truth,False,1,1,True,0,0.12,0.2,0.05,0.15,0.15,0.061282587702834124,,,,,,NORMAL,True,True,True,True,False,False,False,True,False,,,,
b2291b2a0ec08e1d0bc5fd33,STATIC_SELECTIVE_RISK,Module_12_CrossDomain,sklearn_fixture,29993fa5a07111060fb234185b682f6717de16a4d2e1350bc14293597f01621f,rf_digits_parity_v1,digits_parity,digits_parity,42,,,,2026-09-02T20:45:00Z,1.2.0,62e10bc07ec9873f,SAMPLE_PREDICTION_ERROR,prediction_error == 1 when model prediction != true target,model_prediction_versus_ground_truth,False,0,0,True,0,0.12,0.2,0.05,0.15,0.15,0.061282587702834124,,,,,,NORMAL,True,True,True,True,False,False,False,True,False,,,,
34ebf232e90c310e5641142d,STATIC_SELECTIVE_RISK,Module_12_CrossDomain,sklearn_fixture,29993fa5a07111060fb234185b682f6717de16a4d2e1350bc14293597f01621f,rf_digits_parity_v1,digits_parity,digits_parity,42,,,,2026-09-02T20:45:00Z,1.2.0,62e10bc07ec9873f,SAMPLE_PREDICTION_ERROR,prediction_error == 1 when model prediction != true target,model_prediction_versus_ground_truth,False,1,1,True,0,0.12,0.2,0.05,0.15,0.15,0.061282587702834124,,,,,,NORMAL,True,True,True,True,False,False,False,True,False,,,,
af9b5e78555434e46d97f265,STATIC_SELECTIVE_RISK,Module_12_CrossDomain,sklearn_fixture,29993fa5a07111060fb234185b682f6717de16a4d2e1350bc14293597f01621f,rf_digits_parity_v1,digits_parity,digits_parity,42,,,,2026-09-02T20:45:00Z,1.2.0,62e10bc07ec9873f,SAMPLE_PREDICTION_ERROR,prediction_error == 1 when model prediction != true target,model_prediction_versus_ground_truth,False,0,0,True,0,0.12,0.2,0.05,0.15,0.15,0.061282587702834124,,,,,,NORMAL,True,True,True,True,False,False,False,True,False,,,,
7aacdf993412aea323049415,STATIC_SELECTIVE_RISK,Module_12_CrossDomain,sklearn_fixture,29993fa5a07111060fb234185b682f6717de16a4d2e1350bc14293597f01621f,rf_digits_parity_v1,digits_parity,digits_parity,42,,,,2026-09-02T20:45:00Z,1.2.0,62e10bc07ec9873f,SAMPLE_PREDICTION_ERROR,prediction_error == 1 when model prediction != true target,model_prediction_versus_ground_truth,False,1,1,True,0,0.12,0.2,0.05,0.15,0.15,0.061282587702834124,,,,,,NORMAL,True,True,True,True,False,False,False,True,False,,,,
c1322f3a224f5b76e683a5cb,STATIC_SELECTIVE_RISK,Module_12_CrossDomain,sklearn_fixture,29993fa5a07111060fb234185b682f6717de16a4d2e1350bc14293597f01621f,rf_digits_parity_v1,digits_parity,digits_parity,42,,,,2026-09-02T20:45:00Z,1.2.0,62e10bc07ec9873f,SAMPLE_PREDICTION_ERROR,prediction_error == 1 when model prediction != true target,model_prediction_versus_ground_truth,False,0,0,True,0,0.12,0.2,0.05,0.15,0.15,0.061282587702834124,,,,,,NORMAL,True,True,True,True,False,False,False,True,False,,,,
499dd5861796abfd17780027,STATIC_SELECTIVE_RISK,Module_12_CrossDomain,sklearn_fixture,29993fa5a07111060fb234185b682f6717de16a4d2e1350bc14293597f01621f,rf_digits_parity_v1,digits_parity,digits_parity,42,,,,2026-09-02T20:45:00Z,1.2.0,62e10bc07ec9873f,SAMPLE_PREDICTION_ERROR,prediction_error == 1 when model prediction != true target,model_prediction_versus_ground_truth,False,1,1,True,0,0.12,0.2,0.05,0.15,0.15,0.061282587702834124,,,,,,NORMAL,True,True,True,True,False,False,False,True,False,,,,
87901f185cdc760b711ae3e7,STATIC_SELECTIVE_RISK,Module_12_CrossDomain,sklearn_fixture,29993fa5a07111060fb234185b682f6717de16a4d2e1350bc14293597f01621f,rf_digits_parity_v1,digits_parity,digits_parity,42,,,,2026-09-02T20:45:00Z,1.2.0,62e10bc07ec9873f,SAMPLE_PREDICTION_ERROR,prediction_error == 1 when model prediction != true target,model_prediction_versus_ground_truth,False,0,0,True,0,0.12,0.2,0.05,0.15,0.15,0.061282587702834124,,,,,,NORMAL,True,True,True,True,False,False,False,True,False,,,,
d1e986067a3a77f118b61514,STATIC_SELECTIVE_RISK,Module_12_CrossDomain,sklearn_fixture,29993fa5a07111060fb234185b682f6717de16a4d2e1350bc14293597f01621f,rf_digits_parity_v1,digits_parity,digits_parity,42,,,,2026-09-02T20:45:00Z,1.2.0,62e10bc07ec9873f,SAMPLE_PREDICTION_ERROR,prediction_error == 1 when model prediction != true target,model_prediction_versus_ground_truth,False,1,1,True,0,0.12,0.2,0.05,0.15,0.15,0.061282587702834124,,,,,,NORMAL,True,True,True,True,False,False,False,True,False,,,,
8e1bce612e426bcf1c49e8ba,STATIC_SELECTIVE_RISK,Module_12_CrossDomain,sklearn_fixture,29993fa5a07111060fb234185b682f6717de16a4d2e1350bc14293597f01621f,rf_digits_parity_v1,digits_parity,digits_parity,42,,,,2026-09-02T20:45:00Z,1.2.0,62e10bc07ec9873f,SAMPLE_PREDICTION_ERROR,prediction_error == 1 when model prediction != true target,model_prediction_versus_ground_truth,False,0,0,True,0,0.12,0.2,0.05,0.15,0.15,0.061282587702834124,,,,,,NORMAL,True,True,True,True,False,False,False,True,False,,,,
95c5ca250b189e701cdb26c1,STATIC_SELECTIVE_RISK,Module_12_CrossDomain,sklearn_fixture,29993fa5a07111060fb234185b682f6717de16a4d2e1350bc14293597f01621f,rf_digits_parity_v1,digits_parity,digits_parity,42,,,,2026-09-02T20:45:00Z,1.2.0,62e10bc07ec9873f,SAMPLE_PREDICTION_ERROR,prediction_error == 1 when model prediction != true target,model_prediction_versus_ground_truth,False,1,1,True,0,0.12,0.2,0.05,0.15,0.15,0.061282587702834124,,,,,,NORMAL,True,True,True,True,False,False,False,True,False,,,,
bbb9755d632dca9c5638f8e2,STATIC_SELECTIVE_RISK,Module_12_CrossDomain,sklearn_fixture,29993fa5a07111060fb234185b682f6717de16a4d2e1350bc14293597f01621f,rf_digits_parity_v1,digits_parity,digits_parity,42,,,,2026-09-02T20:45:00Z,1.2.0,62e10bc07ec9873f,SAMPLE_PREDICTION_ERROR,prediction_error == 1 when model prediction != true target,model_prediction_versus_ground_truth,False,0,0,True,0,0.12,0.2,0.05,0.15,0.15,0.061282587702834124,,,,,,NORMAL,True,True,True,True,False,False,False,True,False,,,,
7dc9583086403ab5ed0fc7e8,STATIC_SELECTIVE_RISK,Module_12_CrossDomain,sklearn_fixture,29993fa5a07111060fb234185b682f6717de16a4d2e1350bc14293597f01621f,rf_digits_parity_v1,digits_parity,digits_parity,42,,,,2026-09-02T20:45:00Z,1.2.0,62e10bc07ec9873f,SAMPLE_PREDICTION_ERROR,prediction_error == 1 when model prediction != true target,model_prediction_versus_ground_truth,False,1,1,True,0,0.12,0.2,0.05,0.15,0.15,0.061282587702834124,,,,,,NORMAL,True,True,True,True,False,False,False,True,False,,,,
d087ad34db58e24e71a0ad44,STATIC_SELECTIVE_RISK,Module_12_CrossDomain,sklearn_fixture,29993fa5a07111060fb234185b682f6717de16a4d2e1350bc14293597f01621f,rf_digits_parity_v1,digits_parity,digits_parity,42,,,,2026-09-02T20:45:00Z,1.2.0,62e10bc07ec9873f,SAMPLE_PREDICTION_ERROR,prediction_error == 1 when model prediction != true target,model_prediction_versus_ground_truth,False,0,0,True,0,0.12,0.2,0.05,0.15,0.15,0.061282587702834124,,,,,,NORMAL,True,True,True,True,False,False,False,True,False,,,,
55ad9ae64e5bbc81773cf073,STATIC_SELECTIVE_RISK,Module_12_CrossDomain,sklearn_fixture,29993fa5a07111060fb234185b682f6717de16a4d2e1350bc14293597f01621f,rf_digits_parity_v1,digits_parity,digits_parity,42,,,,2026-09-02T20:45:00Z,1.2.0,62e10bc07ec9873f,SAMPLE_PREDICTION_ERROR,prediction_error == 1 when model prediction != true target,model_prediction_versus_ground_truth,False,1,1,True,0,0.12,0.2,0.05,0.15,0.15,0.061282587702834124,,,,,,NORMAL,True,True,True,True,False,False,False,True,False,,,,
c4133440936181323b0601fc,STATIC_SELECTIVE_RISK,Module_12_CrossDomain,sklearn_fixture,29993fa5a07111060fb234185b682f6717de16a4d2e1350bc14293597f01621f,rf_digits_parity_v1,digits_parity,digits_parity,42,,,,2026-09-02T20:45:00Z,1.2.0,62e10bc07ec9873f,SAMPLE_PREDICTION_ERROR,prediction_error == 1 when model prediction != true target,model_prediction_versus_ground_truth,False,0,0,True,0,0.12,0.2,0.05,0.15,0.15,0.061282587702834124,,,,,,NORMAL,True,True,True,True,False,False,False,True,False,,,,
8e1924bb10ea5548e9abebf6,STATIC_SELECTIVE_RISK,Module_12_CrossDomain,sklearn_fixture,29993fa5a07111060fb234185b682f6717de16a4d2e1350bc14293597f01621f,rf_digits_parity_v1,digits_parity,digits_parity,42,,,,2026-09-02T20:45:00Z,1.2.0,62e10bc07ec9873f,SAMPLE_PREDICTION_ERROR,prediction_error == 1 when model prediction != true target,model_prediction_versus_ground_truth,False,0,0,True,0,0.12,0.2,0.05,0.15,0.15,0.061282587702834124,,,,,,NORMAL,True,True,True,True,False,False,False,True,False,,,,
8ba0115db02c05ef194da17b,STATIC_SELECTIVE_RISK,Module_12_CrossDomain,sklearn_fixture,29993fa5a07111060fb234185b682f6717de16a4d2e1350bc14293597f01621f,rf_digits_parity_v1,digits_parity,digits_parity,42,,,,2026-09-02T20:45:00Z,1.2.0,62e10bc07ec9873f,SAMPLE_PREDICTION_ERROR,prediction_error == 1 when model prediction != true target,model_prediction_versus_ground_truth,False,0,0,True,0,0.12,0.2,0.05,0.15,0.15,0.061282587702834124,,,,,,NORMAL,True,True,True,True,False,False,False,True,False,,,,
acf1e6a54bc8ee46ec34fd58,STATIC_SELECTIVE_RISK,Module_12_CrossDomain,sklearn_fixture,29993fa5a07111060fb234185b682f6717de16a4d2e1350bc14293597f01621f,rf_digits_parity_v1,digits_parity,digits_parity,42,,,,2026-09-02T20:45:00Z,1.2.0,62e10bc07ec9873f,SAMPLE_PREDICTION_ERROR,prediction_error == 1 when model prediction != true target,model_prediction_versus_ground_truth,False,1,1,True,0,0.12,0.2,0.05,0.15,0.15,0.061282587702834124,,,,,,NORMAL,True,True,True,True,False,False,False,True,False,,,,
ebeb7c9629def22823d6c9d9,STATIC_SELECTIVE_RISK,Module_12_CrossDomain,sklearn_fixture,29993fa5a07111060fb234185b682f6717de16a4d2e1350bc14293597f01621f,rf_digits_parity_v1,digits_parity,digits_parity,42,,,,2026-09-02T20:45:00Z,1.2.0,62e10bc07ec9873f,SAMPLE_PREDICTION_ERROR,prediction_error == 1 when model prediction != true target,model_prediction_versus_ground_truth,False,0,0,True,0,0.12,0.2,0.05,0.15,0.15,0.061282587702834124,,,,,,NORMAL,True,True,True,True,False,False,False,True,False,,,,
4b5049ffc2dae554c4d60612,STATIC_SELECTIVE_RISK,Module_12_CrossDomain,sklearn_fixture,29993fa5a07111060fb234185b682f6717de16a4d2e1350bc14293597f01621f,rf_digits_parity_v1,digits_parity,digits_parity,42,,,,2026-09-02T20:45:00Z,1.2.0,62e10bc07ec9873f,SAMPLE_PREDICTION_ERROR,prediction_error == 1 when model prediction != true target,model_prediction_versus_ground_truth,False,1,1,True,0,0.12,0.2,0.05,0.15,0.15,0.061282587702834124,,,,,,NORMAL,True,True,True,True,False,False,False,True,False,,,,
5278284bef806d839332ac40,STATIC_SELECTIVE_RISK,Module_12_CrossDomain,sklearn_fixture,29993fa5a07111060fb234185b682f6717de16a4d2e1350bc14293597f01621f,rf_digits_parity_v1,digits_parity,digits_parity,42,,,,2026-09-02T20:45:00Z,1.2.0,62e10bc07ec9873f,SAMPLE_PREDICTION_ERROR,prediction_error == 1 when model prediction != true target,model_prediction_versus_ground_truth,False,0,0,True,0,0.12,0.2,0.05,0.15,0.15,0.061282587702834124,,,,,,NORMAL,True,True,True,True,False,False,False,True,False,,,,
c847b03582b913d1e9969917,STATIC_SELECTIVE_RISK,Module_12_CrossDomain,sklearn_fixture,29993fa5a07111060fb234185b682f6717de16a4d2e1350bc14293597f01621f,rf_digits_parity_v1,digits_parity,digits_parity,42,,,,2026-09-02T20:45:00Z,1.2.0,62e10bc07ec9873f,SAMPLE_PREDICTION_ERROR,prediction_error == 1 when model prediction != true target,model_prediction_versus_ground_truth,False,1,1,True,0,0.12,0.2,0.05,0.15,0.15,0.061282587702834124,,,,,,NORMAL,True,True,True,True,False,False,False,True,False,,,,
83118b0952f8f6bf952049b0,STATIC_SELECTIVE_RISK,Module_12_CrossDomain,sklearn_fixture,29993fa5a07111060fb234185b682f6717de16a4d2e1350bc14293597f01621f,rf_digits_parity_v1,digits_parity,digits_parity,42,,,,2026-09-02T20:45:00Z,1.2.0,62e10bc07ec9873f,SAMPLE_PREDICTION_ERROR,prediction_error == 1 when model prediction != true target,model_prediction_versus_ground_truth,False,0,0,True,0,0.12,0.2,0.05,0.15,0.15,0.061282587702834124,,,,,,NORMAL,True,True,True,True,False,False,False,True,False,,,,
da74f244bf58c995376694f1,STATIC_SELECTIVE_RISK,Module_12_CrossDomain,sklearn_fixture,29993fa5a07111060fb234185b682f6717de16a4d2e1350bc14293597f01621f,rf_digits_parity_v1,digits_parity,digits_parity,42,,,,2026-09-02T20:45:00Z,1.2.0,62e10bc07ec9873f,SAMPLE_PREDICTION_ERROR,prediction_error == 1 when model prediction != true target,model_prediction_versus_ground_truth,False,1,1,True,0,0.12,0.2,0.05,0.15,0.15,0.061282587702834124,,,,,,NORMAL,True,True,True,True,False,False,False,True,False,,,,
229a95000979281de8d5d224,STATIC_SELECTIVE_RISK,Module_12_CrossDomain,sklearn_fixture,29993fa5a07111060fb234185b682f6717de16a4d2e1350bc14293597f01621f,rf_digits_parity_v1,digits_parity,digits_parity,42,,,,2026-09-02T20:45:00Z,1.2.0,62e10bc07ec9873f,SAMPLE_PREDICTION_ERROR,prediction_error == 1 when model prediction != true target,model_prediction_versus_ground_truth,False,1,1,True,0,0.12,0.2,0.05,0.15,0.15,0.061282587702834124,,,,,,NORMAL,True,True,True,True,False,False,False,True,False,,,,
54c5f0af9faa6f4f1891ddac,STATIC_SELECTIVE_RISK,Module_12_CrossDomain,sklearn_fixture,29993fa5a07111060fb234185b682f6717de16a4d2e1350bc14293597f01621f,rf_digits_parity_v1,digits_parity,digits_parity,42,,,,2026-09-02T20:45:00Z,1.2.0,62e10bc07ec9873f,SAMPLE_PREDICTION_ERROR,prediction_error == 1 when model prediction != true target,model_prediction_versus_ground_truth,False,0,0,True,0,0.12,0.2,0.05,0.15,0.15,0.061282587702834124,,,,,,NORMAL,True,True,True,True,False,False,False,True,False,,,,
fdfe6799ae6d9ac2f9041d85,STATIC_SELECTIVE_RISK,Module_12_CrossDomain,sklearn_fixture,29993fa5a07111060fb234185b682f6717de16a4d2e1350bc14293597f01621f,rf_digits_parity_v1,digits_parity,digits_parity,42,,,,2026-09-02T20:45:00Z,1.2.0,62e10bc07ec9873f,SAMPLE_PREDICTION_ERROR,prediction_error == 1 when model prediction != true target,model_prediction_versus_ground_truth,False,0,0,True,0,0.12,0.2,0.05,0.15,0.15,0.061282587702834124,,,,,,NORMAL,True,True,True,True,False,False,False,True,False,,,,
83f1ecbd39d199ae4fc67e94,STATIC_SELECTIVE_RISK,Module_12_CrossDomain,sklearn_fixture,29993fa5a07111060fb234185b682f6717de16a4d2e1350bc14293597f01621f,rf_digits_parity_v1,digits_parity,digits_parity,42,,,,2026-09-02T20:45:00Z,1.2.0,62e10bc07ec9873f,SAMPLE_PREDICTION_ERROR,prediction_error == 1 when model prediction != true target,model_prediction_versus_ground_truth,False,0,0,True,0,0.12,0.2,0.05,0.15,0.15,0.061282587702834124,,,,,,NORMAL,True,True,True,True,False,False,False,True,False,,,,
aa6be4f24b289c872a14a870,STATIC_SELECTIVE_RISK,Module_12_CrossDomain,sklearn_fixture,29993fa5a07111060fb234185b682f6717de16a4d2e1350bc14293597f01621f,rf_digits_parity_v1,digits_parity,digits_parity,42,,,,2026-09-02T20:45:00Z,1.2.0,62e10bc07ec9873f,SAMPLE_PREDICTION_ERROR,prediction_error == 1 when model prediction != true target,model_prediction_versus_ground_truth,False,0,0,True,0,0.12,0.2,0.05,0.15,0.15,0.061282587702834124,,,,,,NORMAL,True,True,True,True,False,False,False,True,False,,,,
539f266344f29f98dc8a3cf3,STATIC_SELECTIVE_RISK,Module_12_CrossDomain,sklearn_fixture,29993fa5a07111060fb234185b682f6717de16a4d2e1350bc14293597f01621f,rf_digits_parity_v1,digits_parity,digits_parity,42,,,,2026-09-02T20:45:00Z,1.2.0,62e10bc07ec9873f,SAMPLE_PREDICTION_ERROR,prediction_error == 1 when model prediction != true target,model_prediction_versus_ground_truth,False,0,0,True,0,0.12,0.2,0.05,0.15,0.15,0.061282587702834124,,,,,,NORMAL,True,True,True,True,False,False,False,True,False,,,,
587ce93b7ca211c6ccd98baa,STATIC_SELECTIVE_RISK,Module_12_CrossDomain,sklearn_fixture,29993fa5a07111060fb234185b682f6717de16a4d2e1350bc14293597f01621f,rf_digits_parity_v1,digits_parity,digits_parity,42,,,,2026-09-02T20:45:00Z,1.2.0,62e10bc07ec9873f,SAMPLE_PREDICTION_ERROR,prediction_error == 1 when model prediction != true target,model_prediction_versus_ground_truth,False,0,0,True,0,0.12,0.2,0.05,0.15,0.15,0.061282587702834124,,,,,,NORMAL,True,True,True,True,False,False,False,True,False,,,,
802c981f8213cd72fe944f05,STATIC_SELECTIVE_RISK,Module_12_CrossDomain,sklearn_fixture,29993fa5a07111060fb234185b682f6717de16a4d2e1350bc14293597f01621f,rf_digits_parity_v1,digits_parity,digits_parity,42,,,,2026-09-02T20:45:00Z,1.2.0,62e10bc07ec9873f,SAMPLE_PREDICTION_ERROR,prediction_error == 1 when model prediction != true target,model_prediction_versus_ground_truth,False,1,1,True,0,0.12,0.2,0.05,0.15,0.15,0.061282587702834124,,,,,,NORMAL,True,True,True,True,False,False,False,True,False,,,,
2561aaf9f4ef823966ed7a58,STATIC_SELECTIVE_RISK,Module_12_CrossDomain,sklearn_fixture,29993fa5a07111060fb234185b682f6717de16a4d2e1350bc14293597f01621f,rf_digits_parity_v1,digits_parity,digits_parity,42,,,,2026-09-02T20:45:00Z,1.2.0,62e10bc07ec9873f,SAMPLE_PREDICTION_ERROR,prediction_error == 1 when model prediction != true target,model_prediction_versus_ground_truth,False,1,1,True,0,0.12,0.2,0.05,0.15,0.15,0.061282587702834124,,,,,,NORMAL,True,True,True,True,False,False,False,True,False,,,,
5924015ac61ee2ccf8b1d32d,STATIC_SELECTIVE_RISK,Module_12_CrossDomain,sklearn_fixture,29993fa5a07111060fb234185b682f6717de16a4d2e1350bc14293597f01621f,rf_digits_parity_v1,digits_parity,digits_parity,42,,,,2026-09-02T20:45:00Z,1.2.0,62e10bc07ec9873f,SAMPLE_PREDICTION_ERROR,prediction_error == 1 when model prediction != true target,model_prediction_versus_ground_truth,False,0,0,True,0,0.12,0.2,0.05,0.15,0.15,0.061282587702834124,,,,,,NORMAL,True,True,True,True,False,False,False,True,False,,,,
c78569975fb03ae0b8669188,STATIC_SELECTIVE_RISK,Module_12_CrossDomain,sklearn_fixture,29993fa5a07111060fb234185b682f6717de16a4d2e1350bc14293597f01621f,rf_digits_parity_v1,digits_parity,digits_parity,42,,,,2026-09-02T20:45:00Z,1.2.0,62e10bc07ec9873f,SAMPLE_PREDICTION_ERROR,prediction_error == 1 when model prediction != true target,model_prediction_versus_ground_truth,False,1,1,True,0,0.12,0.2,0.05,0.15,0.15,0.061282587702834124,,,,,,NORMAL,True,True,True,True,False,False,False,True,False,,,,
344bbec8f6fbdf10d9fee9b5,STATIC_SELECTIVE_RISK,Module_12_CrossDomain,sklearn_fixture,29993fa5a07111060fb234185b682f6717de16a4d2e1350bc14293597f01621f,rf_digits_parity_v1,digits_parity,digits_parity,42,,,,2026-09-02T20:45:00Z,1.2.0,62e10bc07ec9873f,SAMPLE_PREDICTION_ERROR,prediction_error == 1 when model prediction != true target,model_prediction_versus_ground_truth,False,1,1,True,0,0.12,0.2,0.05,0.15,0.15,0.061282587702834124,,,,,,NORMAL,True,True,True,True,False,False,False,True,False,,,,
c4d110a2d8313e72acea568b,STATIC_SELECTIVE_RISK,Module_12_CrossDomain,sklearn_fixture,29993fa5a07111060fb234185b682f6717de16a4d2e1350bc14293597f01621f,rf_digits_parity_v1,digits_parity,digits_parity,42,,,,2026-09-02T20:45:00Z,1.2.0,62e10bc07ec9873f,SAMPLE_PREDICTION_ERROR,prediction_error == 1 when model prediction != true target,model_prediction_versus_ground_truth,False,1,1,True,0,0.12,0.2,0.05,0.15,0.15,0.061282587702834124,,,,,,NORMAL,True,True,True,True,False,False,False,True,False,,,,
2d58c93dc7f8eb0fbd3d79a5,STATIC_SELECTIVE_RISK,Module_12_CrossDomain,sklearn_fixture,29993fa5a07111060fb234185b682f6717de16a4d2e1350bc14293597f01621f,rf_digits_parity_v1,digits_parity,digits_parity,42,,,,2026-09-02T20:45:00Z,1.2.0,62e10bc07ec9873f,SAMPLE_PREDICTION_ERROR,prediction_error == 1 when model prediction != true target,model_prediction_versus_ground_truth,False,0,0,True,0,0.12,0.2,0.05,0.15,0.15,0.061282587702834124,,,,,,NORMAL,True,True,True,True,False,False,False,True,False,,,,
0445a9059fd28ccba1728332,STATIC_SELECTIVE_RISK,Module_12_CrossDomain,sklearn_fixture,29993fa5a07111060fb234185b682f6717de16a4d2e1350bc14293597f01621f,rf_digits_parity_v1,digits_parity,digits_parity,42,,,,2026-09-02T20:45:00Z,1.2.0,62e10bc07ec9873f,SAMPLE_PREDICTION_ERROR,prediction_error == 1 when model prediction != true target,model_prediction_versus_ground_truth,False,1,1,True,0,0.12,0.2,0.05,0.15,0.15,0.061282587702834124,,,,,,NORMAL,True,True,True,True,False,False,False,True,False,,,,
8fc5624ee0add9023a949443,STATIC_SELECTIVE_RISK,Module_12_CrossDomain,sklearn_fixture,29993fa5a07111060fb234185b682f6717de16a4d2e1350bc14293597f01621f,rf_digits_parity_v1,digits_parity,digits_parity,42,,,,2026-09-02T20:45:00Z,1.2.0,62e10bc07ec9873f,SAMPLE_PREDICTION_ERROR,prediction_error == 1 when model prediction != true target,model_prediction_versus_ground_truth,False,1,1,True,0,0.12,0.2,0.05,0.15,0.15,0.061282587702834124,,,,,,NORMAL,True,True,True,True,False,False,False,True,False,,,,
e9d5b3b616904f07389c975f,STATIC_SELECTIVE_RISK,Module_12_CrossDomain,sklearn_fixture,29993fa5a07111060fb234185b682f6717de16a4d2e1350bc14293597f01621f,rf_digits_parity_v1,digits_parity,digits_parity,42,,,,2026-09-02T20:45:00Z,1.2.0,62e10bc07ec9873f,SAMPLE_PREDICTION_ERROR,prediction_error == 1 when model prediction != true target,model_prediction_versus_ground_truth,False,0,0,True,0,0.12,0.2,0.05,0.15,0.15,0.061282587702834124,,,,,,NORMAL,True,True,True,True,False,False,False,True,False,,,,
92a242a6b285982e2301d132,STATIC_SELECTIVE_RISK,Module_12_CrossDomain,sklearn_fixture,29993fa5a07111060fb234185b682f6717de16a4d2e1350bc14293597f01621f,rf_digits_parity_v1,digits_parity,digits_parity,42,,,,2026-09-02T20:45:00Z,1.2.0,62e10bc07ec9873f,SAMPLE_PREDICTION_ERROR,prediction_error == 1 when model prediction != true target,model_prediction_versus_ground_truth,False,0,0,True,0,0.12,0.2,0.05,0.15,0.15,0.061282587702834124,,,,,,NORMAL,True,True,True,True,False,False,False,True,False,,,,
e2c4202627f65e0291f06668,STATIC_SELECTIVE_RISK,Module_12_CrossDomain,sklearn_fixture,29993fa5a07111060fb234185b682f6717de16a4d2e1350bc14293597f01621f,rf_digits_parity_v1,digits_parity,digits_parity,42,,,,2026-09-02T20:45:00Z,1.2.0,62e10bc07ec9873f,SAMPLE_PREDICTION_ERROR,prediction_error == 1 when model prediction != true target,model_prediction_versus_ground_truth,False,0,0,True,0,0.12,0.2,0.05,0.15,0.15,0.061282587702834124,,,,,,NORMAL,True,True,True,True,False,False,False,True,False,,,,
c3dbc6b93fa2230a40407cdc,STATIC_SELECTIVE_RISK,Module_12_CrossDomain,sklearn_fixture,29993fa5a07111060fb234185b682f6717de16a4d2e1350bc14293597f01621f,rf_digits_parity_v1,digits_parity,digits_parity,42,,,,2026-09-02T20:45:00Z,1.2.0,62e10bc07ec9873f,SAMPLE_PREDICTION_ERROR,prediction_error == 1 when model prediction != true target,model_prediction_versus_ground_truth,False,0,0,True,0,0.12,0.2,0.05,0.15,0.15,0.061282587702834124,,,,,,NORMAL,True,True,True,True,False,False,False,True,False,,,,
dfc35f97ac8091faa80a12cc,STATIC_SELECTIVE_RISK,Module_12_CrossDomain,sklearn_fixture,29993fa5a07111060fb234185b682f6717de16a4d2e1350bc14293597f01621f,rf_digits_parity_v1,digits_parity,digits_parity,42,,,,2026-09-02T20:45:00Z,1.2.0,62e10bc07ec9873f,SAMPLE_PREDICTION_ERROR,prediction_error == 1 when model prediction != true target,model_prediction_versus_ground_truth,False,0,0,True,0,0.12,0.2,0.05,0.15,0.15,0.061282587702834124,,,,,,NORMAL,True,True,True,True,False,False,False,True,False,,,,
a4fb80b7d4c9994d35565d11,STATIC_SELECTIVE_RISK,Module_12_CrossDomain,sklearn_fixture,29993fa5a07111060fb234185b682f6717de16a4d2e1350bc14293597f01621f,rf_digits_parity_v1,digits_parity,digits_parity,42,,,,2026-09-02T20:45:00Z,1.2.0,62e10bc07ec9873f,SAMPLE_PREDICTION_ERROR,prediction_error == 1 when model prediction != true target,model_prediction_versus_ground_truth,False,1,1,True,0,0.12,0.2,0.05,0.15,0.15,0.061282587702834124,,,,,,NORMAL,True,True,True,True,False,False,False,True,False,,,,
4063b735b4eb26a356132793,STATIC_SELECTIVE_RISK,Module_12_CrossDomain,sklearn_fixture,29993fa5a07111060fb234185b682f6717de16a4d2e1350bc14293597f01621f,rf_digits_parity_v1,digits_parity,digits_parity,42,,,,2026-09-02T20:45:00Z,1.2.0,62e10bc07ec9873f,SAMPLE_PREDICTION_ERROR,prediction_error == 1 when model prediction != true target,model_prediction_versus_ground_truth,False,1,1,True,0,0.12,0.2,0.05,0.15,0.15,0.061282587702834124,,,,,,NORMAL,True,True,True,True,False,False,False,True,False,,,,
5867f955d7d7123a10b713c7,STATIC_SELECTIVE_RISK,Module_12_CrossDomain,sklearn_fixture,29993fa5a07111060fb234185b682f6717de16a4d2e1350bc14293597f01621f,rf_digits_parity_v1,digits_parity,digits_parity,42,,,,2026-09-02T20:45:00Z,1.2.0,62e10bc07ec9873f,SAMPLE_PREDICTION_ERROR,prediction_error == 1 when model prediction != true target,model_prediction_versus_ground_truth,False,1,1,True,0,0.12,0.2,0.05,0.15,0.15,0.061282587702834124,,,,,,NORMAL,True,True,True,True,False,False,False,True,False,,,,
a9250953777476a488cfc918,STATIC_SELECTIVE_RISK,Module_12_CrossDomain,sklearn_fixture,29993fa5a07111060fb234185b682f6717de16a4d2e1350bc14293597f01621f,rf_digits_parity_v1,digits_parity,digits_parity,42,,,,2026-09-02T20:45:00Z,1.2.0,62e10bc07ec9873f,SAMPLE_PREDICTION_ERROR,prediction_error == 1 when model prediction != true target,model_prediction_versus_ground_truth,False,1,1,True,0,0.12,0.2,0.05,0.15,0.15,0.061282587702834124,,,,,,NORMAL,True,True,True,True,False,False,False,True,False,,,,
b3824cd771f63d0bb1081399,STATIC_SELECTIVE_RISK,Module_12_CrossDomain,sklearn_fixture,29993fa5a07111060fb234185b682f6717de16a4d2e1350bc14293597f01621f,rf_digits_parity_v1,digits_parity,digits_parity,42,,,,2026-09-02T20:45:00Z,1.2.0,62e10bc07ec9873f,SAMPLE_PREDICTION_ERROR,prediction_error == 1 when model prediction != true target,model_prediction_versus_ground_truth,False,1,1,True,0,0.12,0.2,0.05,0.15,0.15,0.061282587702834124,,,,,,NORMAL,True,True,True,True,False,False,False,True,False,,,,
d9d07810b0593ec22b250872,STATIC_SELECTIVE_RISK,Module_12_CrossDomain,sklearn_fixture,29993fa5a07111060fb234185b682f6717de16a4d2e1350bc14293597f01621f,rf_digits_parity_v1,digits_parity,digits_parity,42,,,,2026-09-02T20:45:00Z,1.2.0,62e10bc07ec9873f,SAMPLE_PREDICTION_ERROR,prediction_error == 1 when model prediction != true target,model_prediction_versus_ground_truth,False,0,0,True,0,0.12,0.2,0.05,0.15,0.15,0.061282587702834124,,,,,,NORMAL,True,True,True,True,False,False,False,True,False,,,,
1624789265032d517528329e,STATIC_SELECTIVE_RISK,Module_12_CrossDomain,sklearn_fixture,29993fa5a07111060fb234185b682f6717de16a4d2e1350bc14293597f01621f,rf_digits_parity_v1,digits_parity,digits_parity,42,,,,2026-09-02T20:45:00Z,1.2.0,62e10bc07ec9873f,SAMPLE_PREDICTION_ERROR,prediction_error == 1 when model prediction != true target,model_prediction_versus_ground_truth,False,0,0,True,0,0.12,0.2,0.05,0.15,0.15,0.061282587702834124,,,,,,NORMAL,True,True,True,True,False,False,False,True,False,,,,
015a096af591c65cdd49930d,STATIC_SELECTIVE_RISK,Module_12_CrossDomain,sklearn_fixture,29993fa5a07111060fb234185b682f6717de16a4d2e1350bc14293597f01621f,rf_digits_parity_v1,digits_parity,digits_parity,42,,,,2026-09-02T20:45:00Z,1.2.0,62e10bc07ec9873f,SAMPLE_PREDICTION_ERROR,prediction_error == 1 when model prediction != true target,model_prediction_versus_ground_truth,False,0,0,True,0,0.12,0.2,0.05,0.15,0.15,0.061282587702834124,,,,,,NORMAL,True,True,True,True,False,False,False,True,False,,,,
39171e950166c0dc82db5d03,STATIC_SELECTIVE_RISK,Module_12_CrossDomain,sklearn_fixture,29993fa5a07111060fb234185b682f6717de16a4d2e1350bc14293597f01621f,rf_digits_parity_v1,digits_parity,digits_parity,42,,,,2026-09-02T20:45:00Z,1.2.0,62e10bc07ec9873f,SAMPLE_PREDICTION_ERROR,prediction_error == 1 when model prediction != true target,model_prediction_versus_ground_truth,False,1,1,True,0,0.12,0.2,0.05,0.15,0.15,0.061282587702834124,,,,,,NORMAL,True,True,True,True,False,False,False,True,False,,,,
387f7324312f689097d43215,STATIC_SELECTIVE_RISK,Module_12_CrossDomain,sklearn_fixture,29993fa5a07111060fb234185b682f6717de16a4d2e1350bc14293597f01621f,rf_digits_parity_v1,digits_parity,digits_parity,42,,,,2026-09-02T20:45:00Z,1.2.0,62e10bc07ec9873f,SAMPLE_PREDICTION_ERROR,prediction_error == 1 when model prediction != true target,model_prediction_versus_ground_truth,False,0,0,True,0,0.12,0.2,0.05,0.15,0.15,0.061282587702834124,,,,,,NORMAL,True,True,True,True,False,False,False,True,False,,,,
0054fca93c5993daf2d3b80b,STATIC_SELECTIVE_RISK,Module_12_CrossDomain,sklearn_fixture,29993fa5a07111060fb234185b682f6717de16a4d2e1350bc14293597f01621f,rf_digits_parity_v1,digits_parity,digits_parity,42,,,,2026-09-02T20:45:00Z,1.2.0,62e10bc07ec9873f,SAMPLE_PREDICTION_ERROR,prediction_error == 1 when model prediction != true target,model_prediction_versus_ground_truth,False,0,0,True,0,0.12,0.2,0.05,0.15,0.15,0.061282587702834124,,,,,,NORMAL,True,True,True,True,False,False,False,True,False,,,,
ead36bae518f5abc1be88895,STATIC_SELECTIVE_RISK,Module_12_CrossDomain,sklearn_fixture,29993fa5a07111060fb234185b682f6717de16a4d2e1350bc14293597f01621f,rf_digits_parity_v1,digits_parity,digits_parity,42,,,,2026-09-02T20:45:00Z,1.2.0,62e10bc07ec9873f,SAMPLE_PREDICTION_ERROR,prediction_error == 1 when model prediction != true target,model_prediction_versus_ground_truth,False,1,1,True,0,0.12,0.2,0.05,0.15,0.15,0.061282587702834124,,,,,,NORMAL,True,True,True,True,False,False,False,True,False,,,,
60b80313a0fa99623cf14aba,STATIC_SELECTIVE_RISK,Module_12_CrossDomain,sklearn_fixture,29993fa5a07111060fb234185b682f6717de16a4d2e1350bc14293597f01621f,rf_digits_parity_v1,digits_parity,digits_parity,42,,,,2026-09-02T20:45:00Z,1.2.0,62e10bc07ec9873f,SAMPLE_PREDICTION_ERROR,prediction_error == 1 when model prediction != true target,model_prediction_versus_ground_truth,False,1,1,True,0,0.12,0.2,0.05,0.15,0.15,0.061282587702834124,,,,,,NORMAL,True,True,True,True,False,False,False,True,False,,,,
24af127b7263abd39d310304,STATIC_SELECTIVE_RISK,Module_12_CrossDomain,sklearn_fixture,29993fa5a07111060fb234185b682f6717de16a4d2e1350bc14293597f01621f,rf_digits_parity_v1,digits_parity,digits_parity,42,,,,2026-09-02T20:45:00Z,1.2.0,62e10bc07ec9873f,SAMPLE_PREDICTION_ERROR,prediction_error == 1 when model prediction != true target,model_prediction_versus_ground_truth,False,1,1,True,0,0.12,0.2,0.05,0.15,0.15,0.061282587702834124,,,,,,NORMAL,True,True,True,True,False,False,False,True,False,,,,
7559ccb12fbf8a15afbb59d4,STATIC_SELECTIVE_RISK,Module_12_CrossDomain,sklearn_fixture,29993fa5a07111060fb234185b682f6717de16a4d2e1350bc14293597f01621f,rf_digits_parity_v1,digits_parity,digits_parity,42,,,,2026-09-02T20:45:00Z,1.2.0,62e10bc07ec9873f,SAMPLE_PREDICTION_ERROR,prediction_error == 1 when model prediction != true target,model_prediction_versus_ground_truth,False,1,1,True,0,0.12,0.2,0.05,0.15,0.15,0.061282587702834124,,,,,,NORMAL,True,True,True,True,False,False,False,True,False,,,,
cf7c6418a51495606005e53b,STATIC_SELECTIVE_RISK,Module_12_CrossDomain,sklearn_fixture,29993fa5a07111060fb234185b682f6717de16a4d2e1350bc14293597f01621f,rf_digits_parity_v1,digits_parity,digits_parity,42,,,,2026-09-02T20:45:00Z,1.2.0,62e10bc07ec9873f,SAMPLE_PREDICTION_ERROR,prediction_error == 1 when model prediction != true target,model_prediction_versus_ground_truth,False,1,1,True,0,0.12,0.2,0.05,0.15,0.15,0.061282587702834124,,,,,,NORMAL,True,True,True,True,False,False,False,True,False,,,,
ebfdaa0be22e629ee9d49ecb,STATIC_SELECTIVE_RISK,Module_12_CrossDomain,sklearn_fixture,29993fa5a07111060fb234185b682f6717de16a4d2e1350bc14293597f01621f,rf_digits_parity_v1,digits_parity,digits_parity,42,,,,2026-09-02T20:45:00Z,1.2.0,62e10bc07ec9873f,SAMPLE_PREDICTION_ERROR,prediction_error == 1 when model prediction != true target,model_prediction_versus_ground_truth,False,0,0,True,0,0.12,0.2,0.05,0.15,0.15,0.061282587702834124,,,,,,NORMAL,True,True,True,True,False,False,False,True,False,,,,
2e3d3bd30b6162ad979cc9f3,STATIC_SELECTIVE_RISK,Module_12_CrossDomain,sklearn_fixture,29993fa5a07111060fb234185b682f6717de16a4d2e1350bc14293597f01621f,rf_digits_parity_v1,digits_parity,digits_parity,42,,,,2026-09-02T20:45:00Z,1.2.0,62e10bc07ec9873f,SAMPLE_PREDICTION_ERROR,prediction_error == 1 when model prediction != true target,model_prediction_versus_ground_truth,False,0,0,True,0,0.12,0.2,0.05,0.15,0.15,0.061282587702834124,,,,,,NORMAL,True,True,True,True,False,False,False,True,False,,,,
6d44aaba008624e36a4d87c7,STATIC_SELECTIVE_RISK,Module_12_CrossDomain,sklearn_fixture,29993fa5a07111060fb234185b682f6717de16a4d2e1350bc14293597f01621f,rf_digits_parity_v1,digits_parity,digits_parity,42,,,,2026-09-02T20:45:00Z,1.2.0,62e10bc07ec9873f,SAMPLE_PREDICTION_ERROR,prediction_error == 1 when model prediction != true target,model_prediction_versus_ground_truth,False,1,1,True,0,0.12,0.2,0.05,0.15,0.15,0.061282587702834124,,,,,,NORMAL,True,True,True,True,False,False,False,True,False,,,,
358ae583b60ef2fea7a33878,STATIC_SELECTIVE_RISK,Module_12_CrossDomain,sklearn_fixture,29993fa5a07111060fb234185b682f6717de16a4d2e1350bc14293597f01621f,rf_digits_parity_v1,digits_parity,digits_parity,42,,,,2026-09-02T20:45:00Z,1.2.0,62e10bc07ec9873f,SAMPLE_PREDICTION_ERROR,prediction_error == 1 when model prediction != true target,model_prediction_versus_ground_truth,False,0,0,True,0,0.12,0.2,0.05,0.15,0.15,0.061282587702834124,,,,,,NORMAL,True,True,True,True,False,False,False,True,False,,,,
fc550bb40e5d1497e3850e9c,STATIC_SELECTIVE_RISK,Module_12_CrossDomain,sklearn_fixture,29993fa5a07111060fb234185b682f6717de16a4d2e1350bc14293597f01621f,rf_digits_parity_v1,digits_parity,digits_parity,42,,,,2026-09-02T20:45:00Z,1.2.0,62e10bc07ec9873f,SAMPLE_PREDICTION_ERROR,prediction_error == 1 when model prediction != true target,model_prediction_versus_ground_truth,False,1,1,True,0,0.12,0.2,0.05,0.15,0.15,0.061282587702834124,,,,,,NORMAL,True,True,True,True,False,False,False,True,False,,,,
292423a6d10fd67bb921ddd7,STATIC_SELECTIVE_RISK,Module_12_CrossDomain,sklearn_fixture,29993fa5a07111060fb234185b682f6717de16a4d2e1350bc14293597f01621f,rf_digits_parity_v1,digits_parity,digits_parity,42,,,,2026-09-02T20:45:00Z,1.2.0,62e10bc07ec9873f,SAMPLE_PREDICTION_ERROR,prediction_error == 1 when model prediction != true target,model_prediction_versus_ground_truth,False,0,0,True,0,0.12,0.2,0.05,0.15,0.15,0.061282587702834124,,,,,,NORMAL,True,True,True,True,False,False,False,True,False,,,,
e1059eb82f2467909624fe72,STATIC_SELECTIVE_RISK,Module_12_CrossDomain,sklearn_fixture,29993fa5a07111060fb234185b682f6717de16a4d2e1350bc14293597f01621f,rf_digits_parity_v1,digits_parity,digits_parity,42,,,,2026-09-02T20:45:00Z,1.2.0,62e10bc07ec9873f,SAMPLE_PREDICTION_ERROR,prediction_error == 1 when model prediction != true target,model_prediction_versus_ground_truth,False,0,0,True,0,0.12,0.2,0.05,0.15,0.15,0.061282587702834124,,,,,,NORMAL,True,True,True,True,False,False,False,True,False,,,,
d19b7812bf6304b281ebd401,STATIC_SELECTIVE_RISK,Module_12_CrossDomain,sklearn_fixture,29993fa5a07111060fb234185b682f6717de16a4d2e1350bc14293597f01621f,rf_digits_parity_v1,digits_parity,digits_parity,42,,,,2026-09-02T20:45:00Z,1.2.0,62e10bc07ec9873f,SAMPLE_PREDICTION_ERROR,prediction_error == 1 when model prediction != true target,model_prediction_versus_ground_truth,False,1,1,True,0,0.12,0.2,0.05,0.15,0.15,0.061282587702834124,,,,,,NORMAL,True,True,True,True,False,False,False,True,False,,,,
f2fa26356fc89a6502e7c5f9,STATIC_SELECTIVE_RISK,Module_12_CrossDomain,sklearn_fixture,29993fa5a07111060fb234185b682f6717de16a4d2e1350bc14293597f01621f,rf_digits_parity_v1,digits_parity,digits_parity,42,,,,2026-09-02T20:45:00Z,1.2.0,62e10bc07ec9873f,SAMPLE_PREDICTION_ERROR,prediction_error == 1 when model prediction != true target,model_prediction_versus_ground_truth,False,1,1,True,0,0.12,0.2,0.05,0.15,0.15,0.061282587702834124,,,,,,NORMAL,True,True,True,True,False,False,False,True,False,,,,
84d54bf8513d239347f33a47,STATIC_SELECTIVE_RISK,Module_12_CrossDomain,sklearn_fixture,29993fa5a07111060fb234185b682f6717de16a4d2e1350bc14293597f01621f,rf_digits_parity_v1,digits_parity,digits_parity,42,,,,2026-09-02T20:45:00Z,1.2.0,62e10bc07ec9873f,SAMPLE_PREDICTION_ERROR,prediction_error == 1 when model prediction != true target,model_prediction_versus_ground_truth,False,0,0,True,0,0.12,0.2,0.05,0.15,0.15,0.061282587702834124,,,,,,NORMAL,True,True,True,True,False,False,False,True,False,,,,
6d096441441104d5930bb493,STATIC_SELECTIVE_RISK,Module_12_CrossDomain,sklearn_fixture,29993fa5a07111060fb234185b682f6717de16a4d2e1350bc14293597f01621f,rf_digits_parity_v1,digits_parity,digits_parity,42,,,,2026-09-02T20:45:00Z,1.2.0,62e10bc07ec9873f,SAMPLE_PREDICTION_ERROR,prediction_error == 1 when model prediction != true target,model_prediction_versus_ground_truth,False,0,0,True,0,0.12,0.2,0.05,0.15,0.15,0.061282587702834124,,,,,,NORMAL,True,True,True,True,False,False,False,True,False,,,,
5007e10570710870ddc66eec,STATIC_SELECTIVE_RISK,Module_12_CrossDomain,sklearn_fixture,29993fa5a07111060fb234185b682f6717de16a4d2e1350bc14293597f01621f,rf_digits_parity_v1,digits_parity,digits_parity,42,,,,2026-09-02T20:45:00Z,1.2.0,62e10bc07ec9873f,SAMPLE_PREDICTION_ERROR,prediction_error == 1 when model prediction != true target,model_prediction_versus_ground_truth,False,0,0,True,0,0.12,0.2,0.05,0.15,0.15,0.061282587702834124,,,,,,NORMAL,True,True,True,True,False,False,False,True,False,,,,
66a85a79fa251f95640005a0,STATIC_SELECTIVE_RISK,Module_12_CrossDomain,sklearn_fixture,29993fa5a07111060fb234185b682f6717de16a4d2e1350bc14293597f01621f,rf_digits_parity_v1,digits_parity,digits_parity,42,,,,2026-09-02T20:45:00Z,1.2.0,62e10bc07ec9873f,SAMPLE_PREDICTION_ERROR,prediction_error == 1 when model prediction != true target,model_prediction_versus_ground_truth,False,0,0,True,0,0.12,0.2,0.05,0.15,0.15,0.061282587702834124,,,,,,NORMAL,True,True,True,True,False,False,False,True,False,,,,
9bea801613014c5781f63c96,STATIC_SELECTIVE_RISK,Module_12_CrossDomain,sklearn_fixture,29993fa5a07111060fb234185b682f6717de16a4d2e1350bc14293597f01621f,rf_digits_parity_v1,digits_parity,digits_parity,42,,,,2026-09-02T20:45:00Z,1.2.0,62e10bc07ec9873f,SAMPLE_PREDICTION_ERROR,prediction_error == 1 when model prediction != true target,model_prediction_versus_ground_truth,False,0,0,True,0,0.12,0.2,0.05,0.15,0.15,0.061282587702834124,,,,,,NORMAL,True,True,True,True,False,False,False,True,False,,,,
2afd69985662dcd90b0b1a52,STATIC_SELECTIVE_RISK,Module_12_CrossDomain,sklearn_fixture,29993fa5a07111060fb234185b682f6717de16a4d2e1350bc14293597f01621f,rf_digits_parity_v1,digits_parity,digits_parity,42,,,,2026-09-02T20:45:00Z,1.2.0,62e10bc07ec9873f,SAMPLE_PREDICTION_ERROR,prediction_error == 1 when model prediction != true target,model_prediction_versus_ground_truth,False,0,0,True,0,0.12,0.2,0.05,0.15,0.15,0.061282587702834124,,,,,,NORMAL,True,True,True,True,False,False,False,True,False,,,,
6a8664920361e915d1e6ce10,STATIC_SELECTIVE_RISK,Module_12_CrossDomain,sklearn_fixture,29993fa5a07111060fb234185b682f6717de16a4d2e1350bc14293597f01621f,rf_digits_parity_v1,digits_parity,digits_parity,42,,,,2026-09-02T20:45:00Z,1.2.0,62e10bc07ec9873f,SAMPLE_PREDICTION_ERROR,prediction_error == 1 when model prediction != true target,model_prediction_versus_ground_truth,False,1,1,True,0,0.12,0.2,0.05,0.15,0.15,0.061282587702834124,,,,,,NORMAL,True,True,True,True,False,False,False,True,False,,,,
ed26560824262a8a19906c2a,STATIC_SELECTIVE_RISK,Module_12_CrossDomain,sklearn_fixture,29993fa5a07111060fb234185b682f6717de16a4d2e1350bc14293597f01621f,rf_digits_parity_v1,digits_parity,digits_parity,42,,,,2026-09-02T20:45:00Z,1.2.0,62e10bc07ec9873f,SAMPLE_PREDICTION_ERROR,prediction_error == 1 when model prediction != true target,model_prediction_versus_ground_truth,False,1,1,True,0,0.12,0.2,0.05,0.15,0.15,0.061282587702834124,,,,,,NORMAL,True,True,True,True,False,False,False,True,False,,,,
e981d9a5652a11039a12dfbd,STATIC_SELECTIVE_RISK,Module_12_CrossDomain,sklearn_fixture,29993fa5a07111060fb234185b682f6717de16a4d2e1350bc14293597f01621f,rf_digits_parity_v1,digits_parity,digits_parity,42,,,,2026-09-02T20:45:00Z,1.2.0,62e10bc07ec9873f,SAMPLE_PREDICTION_ERROR,prediction_error == 1 when model prediction != true target,model_prediction_versus_ground_truth,False,1,1,True,0,0.12,0.2,0.05,0.15,0.15,0.061282587702834124,,,,,,NORMAL,True,True,True,True,False,False,False,True,False,,,,
dda85e18e051fbf0528a8026,STATIC_SELECTIVE_RISK,Module_12_CrossDomain,sklearn_fixture,29993fa5a07111060fb234185b682f6717de16a4d2e1350bc14293597f01621f,rf_digits_parity_v1,digits_parity,digits_parity,42,,,,2026-09-02T20:45:00Z,1.2.0,62e10bc07ec9873f,SAMPLE_PREDICTION_ERROR,prediction_error == 1 when model prediction != true target,model_prediction_versus_ground_truth,False,0,0,True,0,0.12,0.2,0.05,0.15,0.15,0.061282587702834124,,,,,,NORMAL,True,True,True,True,False,False,False,True,False,,,,
921748a33bae19d968b11dfb,STATIC_SELECTIVE_RISK,Module_12_CrossDomain,sklearn_fixture,29993fa5a07111060fb234185b682f6717de16a4d2e1350bc14293597f01621f,rf_digits_parity_v1,digits_parity,digits_parity,42,,,,2026-09-02T20:45:00Z,1.2.0,62e10bc07ec9873f,SAMPLE_PREDICTION_ERROR,prediction_error == 1 when model prediction != true target,model_prediction_versus_ground_truth,False,0,0,True,0,0.12,0.2,0.05,0.15,0.15,0.061282587702834124,,,,,,NORMAL,True,True,True,True,False,False,False,True,False,,,,
098edca6fd96ef67d2529787,STATIC_SELECTIVE_RISK,Module_12_CrossDomain,sklearn_fixture,29993fa5a07111060fb234185b682f6717de16a4d2e1350bc14293597f01621f,rf_digits_parity_v1,digits_parity,digits_parity,42,,,,2026-09-02T20:45:00Z,1.2.0,62e10bc07ec9873f,SAMPLE_PREDICTION_ERROR,prediction_error == 1 when model prediction != true target,model_prediction_versus_ground_truth,False,1,1,True,0,0.12,0.2,0.05,0.15,0.15,0.061282587702834124,,,,,,NORMAL,True,True,True,True,False,False,False,True,False,,,,
2ae4b72f194813478b71cd3b,STATIC_SELECTIVE_RISK,Module_12_CrossDomain,sklearn_fixture,29993fa5a07111060fb234185b682f6717de16a4d2e1350bc14293597f01621f,rf_digits_parity_v1,digits_parity,digits_parity,42,,,,2026-09-02T20:45:00Z,1.2.0,62e10bc07ec9873f,SAMPLE_PREDICTION_ERROR,prediction_error == 1 when model prediction != true target,model_prediction_versus_ground_truth,False,1,1,True,0,0.12,0.2,0.05,0.15,0.15,0.061282587702834124,,,,,,NORMAL,True,True,True,True,False,False,False,True,False,,,,
0fec1fa9bbe1683faf0c3bbb,STATIC_SELECTIVE_RISK,Module_12_CrossDomain,sklearn_fixture,29993fa5a07111060fb234185b682f6717de16a4d2e1350bc14293597f01621f,rf_digits_parity_v1,digits_parity,digits_parity,42,,,,2026-09-02T20:45:00Z,1.2.0,62e10bc07ec9873f,SAMPLE_PREDICTION_ERROR,prediction_error == 1 when model prediction != true target,model_prediction_versus_ground_truth,False,0,0,True,0,0.12,0.2,0.05,0.15,0.15,0.061282587702834124,,,,,,NORMAL,True,True,True,True,False,False,False,True,False,,,,
9d19d9a5f8c7b922a62a79a3,STATIC_SELECTIVE_RISK,Module_12_CrossDomain,sklearn_fixture,29993fa5a07111060fb234185b682f6717de16a4d2e1350bc14293597f01621f,rf_digits_parity_v1,digits_parity,digits_parity,42,,,,2026-09-02T20:45:00Z,1.2.0,62e10bc07ec9873f,SAMPLE_PREDICTION_ERROR,prediction_error == 1 when model prediction != true target,model_prediction_versus_ground_truth,False,0,0,True,0,0.12,0.2,0.05,0.15,0.15,0.061282587702834124,,,,,,NORMAL,True,True,True,True,False,False,False,True,False,,,,
b209848c3a838da899ef8e58,STATIC_SELECTIVE_RISK,Module_12_CrossDomain,sklearn_fixture,29993fa5a07111060fb234185b682f6717de16a4d2e1350bc14293597f01621f,rf_digits_parity_v1,digits_parity,digits_parity,42,,,,2026-09-02T20:45:00Z,1.2.0,62e10bc07ec9873f,SAMPLE_PREDICTION_ERROR,prediction_error == 1 when model prediction != true target,model_prediction_versus_ground_truth,False,1,1,True,0,0.12,0.2,0.05,0.15,0.15,0.061282587702834124,,,,,,NORMAL,True,True,True,True,False,False,False,True,False,,,,
d9c5a7b44e8b22dbc80ea49b,STATIC_SELECTIVE_RISK,Module_12_CrossDomain,sklearn_fixture,29993fa5a07111060fb234185b682f6717de16a4d2e1350bc14293597f01621f,rf_digits_parity_v1,digits_parity,digits_parity,42,,,,2026-09-02T20:45:00Z,1.2.0,62e10bc07ec9873f,SAMPLE_PREDICTION_ERROR,prediction_error == 1 when model prediction != true target,model_prediction_versus_ground_truth,False,0,0,True,0,0.12,0.2,0.05,0.15,0.15,0.061282587702834124,,,,,,NORMAL,True,True,True,True,False,False,False,True,False,,,,
f864855b603afdf5a2104afb,STATIC_SELECTIVE_RISK,Module_12_CrossDomain,sklearn_fixture,29993fa5a07111060fb234185b682f6717de16a4d2e1350bc14293597f01621f,rf_digits_parity_v1,digits_parity,digits_parity,42,,,,2026-09-02T20:45:00Z,1.2.0,62e10bc07ec9873f,SAMPLE_PREDICTION_ERROR,prediction_error == 1 when model prediction != true target,model_prediction_versus_ground_truth,False,1,1,True,0,0.12,0.2,0.05,0.15,0.15,0.061282587702834124,,,,,,NORMAL,True,True,True,True,False,False,False,True,False,,,,
decab5ede19521735df06f92,STATIC_SELECTIVE_RISK,Module_12_CrossDomain,sklearn_fixture,29993fa5a07111060fb234185b682f6717de16a4d2e1350bc14293597f01621f,rf_digits_parity_v1,digits_parity,digits_parity,42,,,,2026-09-02T20:45:00Z,1.2.0,62e10bc07ec9873f,SAMPLE_PREDICTION_ERROR,prediction_error == 1 when model prediction != true target,model_prediction_versus_ground_truth,False,0,0,True,0,0.12,0.2,0.05,0.15,0.15,0.061282587702834124,,,,,,NORMAL,True,True,True,True,False,False,False,True,False,,,,
b99067930fa4fe7a910c9c1d,STATIC_SELECTIVE_RISK,Module_12_CrossDomain,sklearn_fixture,29993fa5a07111060fb234185b682f6717de16a4d2e1350bc14293597f01621f,rf_digits_parity_v1,digits_parity,digits_parity,42,,,,2026-09-02T20:45:00Z,1.2.0,62e10bc07ec9873f,SAMPLE_PREDICTION_ERROR,prediction_error == 1 when model prediction != true target,model_prediction_versus_ground_truth,False,0,0,True,0,0.12,0.2,0.05,0.15,0.15,0.061282587702834124,,,,,,NORMAL,True,True,True,True,False,False,False,True,False,,,,
3bdc85738224227d9b4a7465,STATIC_SELECTIVE_RISK,Module_12_CrossDomain,sklearn_fixture,29993fa5a07111060fb234185b682f6717de16a4d2e1350bc14293597f01621f,rf_digits_parity_v1,digits_parity,digits_parity,42,,,,2026-09-02T20:45:00Z,1.2.0,62e10bc07ec9873f,SAMPLE_PREDICTION_ERROR,prediction_error == 1 when model prediction != true target,model_prediction_versus_ground_truth,False,0,0,True,0,0.12,0.2,0.05,0.15,0.15,0.061282587702834124,,,,,,NORMAL,True,True,True,True,False,False,False,True,False,,,,
c4d4520909514e0f86474855,STATIC_SELECTIVE_RISK,Module_12_CrossDomain,sklearn_fixture,29993fa5a07111060fb234185b682f6717de16a4d2e1350bc14293597f01621f,rf_digits_parity_v1,digits_parity,digits_parity,42,,,,2026-09-02T20:45:00Z,1.2.0,62e10bc07ec9873f,SAMPLE_PREDICTION_ERROR,prediction_error == 1 when model prediction != true target,model_prediction_versus_ground_truth,False,1,1,True,0,0.12,0.2,0.05,0.15,0.15,0.061282587702834124,,,,,,NORMAL,True,True,True,True,False,False,False,True,False,,,,
693d881e285d901af5d22910,STATIC_SELECTIVE_RISK,Module_12_CrossDomain,sklearn_fixture,29993fa5a07111060fb234185b682f6717de16a4d2e1350bc14293597f01621f,rf_digits_parity_v1,digits_parity,digits_parity,42,,,,2026-09-02T20:45:00Z,1.2.0,62e10bc07ec9873f,SAMPLE_PREDICTION_ERROR,prediction_error == 1 when model prediction != true target,model_prediction_versus_ground_truth,False,1,1,True,0,0.12,0.2,0.05,0.15,0.15,0.061282587702834124,,,,,,NORMAL,True,True,True,True,False,False,False,True,False,,,,
dfb42243cca1fac64717f683,STATIC_SELECTIVE_RISK,Module_12_CrossDomain,sklearn_fixture,29993fa5a07111060fb234185b682f6717de16a4d2e1350bc14293597f01621f,rf_digits_parity_v1,digits_parity,digits_parity,42,,,,2026-09-02T20:45:00Z,1.2.0,62e10bc07ec9873f,SAMPLE_PREDICTION_ERROR,prediction_error == 1 when model prediction != true target,model_prediction_versus_ground_truth,False,0,0,True,0,0.12,0.2,0.05,0.15,0.15,0.061282587702834124,,,,,,NORMAL,True,True,True,True,False,False,False,True,False,,,,
6b104b137f669f2ed2123f73,STATIC_SELECTIVE_RISK,Module_12_CrossDomain,sklearn_fixture,29993fa5a07111060fb234185b682f6717de16a4d2e1350bc14293597f01621f,rf_digits_parity_v1,digits_parity,digits_parity,42,,,,2026-09-02T20:45:00Z,1.2.0,62e10bc07ec9873f,SAMPLE_PREDICTION_ERROR,prediction_error == 1 when model prediction != true target,model_prediction_versus_ground_truth,False,1,1,True,0,0.12,0.2,0.05,0.15,0.15,0.061282587702834124,,,,,,NORMAL,True,True,True,True,False,False,False,True,False,,,,
7851174fa8b17d513f71860a,STATIC_SELECTIVE_RISK,Module_12_CrossDomain,sklearn_fixture,29993fa5a07111060fb234185b682f6717de16a4d2e1350bc14293597f01621f,rf_digits_parity_v1,digits_parity,digits_parity,42,,,,2026-09-02T20:45:00Z,1.2.0,62e10bc07ec9873f,SAMPLE_PREDICTION_ERROR,prediction_error == 1 when model prediction != true target,model_prediction_versus_ground_truth,False,1,1,True,0,0.12,0.2,0.05,0.15,0.15,0.061282587702834124,,,,,,NORMAL,True,True,True,True,False,False,False,True,False,,,,
59d8a26c6019247451b63eb2,STATIC_SELECTIVE_RISK,Module_12_CrossDomain,sklearn_fixture,29993fa5a07111060fb234185b682f6717de16a4d2e1350bc14293597f01621f,rf_digits_parity_v1,digits_parity,digits_parity,42,,,,2026-09-02T20:45:00Z,1.2.0,62e10bc07ec9873f,SAMPLE_PREDICTION_ERROR,prediction_error == 1 when model prediction != true target,model_prediction_versus_ground_truth,False,1,1,True,0,0.12,0.2,0.05,0.15,0.15,0.061282587702834124,,,,,,NORMAL,True,True,True,True,False,False,False,True,False,,,,
345515996c5c402e97ccde6b,STATIC_SELECTIVE_RISK,Module_12_CrossDomain,sklearn_fixture,29993fa5a07111060fb234185b682f6717de16a4d2e1350bc14293597f01621f,rf_digits_parity_v1,digits_parity,digits_parity,42,,,,2026-09-02T20:45:00Z,1.2.0,62e10bc07ec9873f,SAMPLE_PREDICTION_ERROR,prediction_error == 1 when model prediction != true target,model_prediction_versus_ground_truth,False,1,1,True,0,0.12,0.2,0.05,0.15,0.15,0.061282587702834124,,,,,,NORMAL,True,True,True,True,False,False,False,True,False,,,,
3fa186bb6051a52fb4e84d00,STATIC_SELECTIVE_RISK,Module_12_CrossDomain,sklearn_fixture,29993fa5a07111060fb234185b682f6717de16a4d2e1350bc14293597f01621f,rf_digits_parity_v1,digits_parity,digits_parity,42,,,,2026-09-02T20:45:00Z,1.2.0,62e10bc07ec9873f,SAMPLE_PREDICTION_ERROR,prediction_error == 1 when model prediction != true target,model_prediction_versus_ground_truth,False,0,0,True,0,0.12,0.2,0.05,0.15,0.15,0.061282587702834124,,,,,,NORMAL,True,True,True,True,False,False,False,True,False,,,,
880e19451def2ec0dd570f03,STATIC_SELECTIVE_RISK,Module_12_CrossDomain,sklearn_fixture,29993fa5a07111060fb234185b682f6717de16a4d2e1350bc14293597f01621f,rf_digits_parity_v1,digits_parity,digits_parity,42,,,,2026-09-02T20:45:00Z,1.2.0,62e10bc07ec9873f,SAMPLE_PREDICTION_ERROR,prediction_error == 1 when model prediction != true target,model_prediction_versus_ground_truth,False,0,0,True,0,0.12,0.2,0.05,0.15,0.15,0.061282587702834124,,,,,,NORMAL,True,True,True,True,False,False,False,True,False,,,,
b08c0c391d65b50517d8bf67,STATIC_SELECTIVE_RISK,Module_12_CrossDomain,sklearn_fixture,29993fa5a07111060fb234185b682f6717de16a4d2e1350bc14293597f01621f,rf_digits_parity_v1,digits_parity,digits_parity,42,,,,2026-09-02T20:45:00Z,1.2.0,62e10bc07ec9873f,SAMPLE_PREDICTION_ERROR,prediction_error == 1 when model prediction != true target,model_prediction_versus_ground_truth,False,0,0,True,0,0.12,0.2,0.05,0.15,0.15,0.061282587702834124,,,,,,NORMAL,True,True,True,True,False,False,False,True,False,,,,
1fae5f3856db5d7199d150c8,STATIC_SELECTIVE_RISK,Module_12_CrossDomain,sklearn_fixture,29993fa5a07111060fb234185b682f6717de16a4d2e1350bc14293597f01621f,rf_digits_parity_v1,digits_parity,digits_parity,42,,,,2026-09-02T20:45:00Z,1.2.0,62e10bc07ec9873f,SAMPLE_PREDICTION_ERROR,prediction_error == 1 when model prediction != true target,model_prediction_versus_ground_truth,False,0,0,True,0,0.12,0.2,0.05,0.15,0.15,0.061282587702834124,,,,,,NORMAL,True,True,True,True,False,False,False,True,False,,,,
71d351f67d4e41ae9fc206b8,STATIC_SELECTIVE_RISK,Module_12_CrossDomain,sklearn_fixture,29993fa5a07111060fb234185b682f6717de16a4d2e1350bc14293597f01621f,rf_digits_parity_v1,digits_parity,digits_parity,42,,,,2026-09-02T20:45:00Z,1.2.0,62e10bc07ec9873f,SAMPLE_PREDICTION_ERROR,prediction_error == 1 when model prediction != true target,model_prediction_versus_ground_truth,False,1,1,True,0,0.12,0.2,0.05,0.15,0.15,0.061282587702834124,,,,,,NORMAL,True,True,True,True,False,False,False,True,False,,,,
1d6b6f4ceda4152601f54dad,STATIC_SELECTIVE_RISK,Module_12_CrossDomain,sklearn_fixture,29993fa5a07111060fb234185b682f6717de16a4d2e1350bc14293597f01621f,rf_digits_parity_v1,digits_parity,digits_parity,42,,,,2026-09-02T20:45:00Z,1.2.0,62e10bc07ec9873f,SAMPLE_PREDICTION_ERROR,prediction_error == 1 when model prediction != true target,model_prediction_versus_ground_truth,False,1,1,True,0,0.12,0.2,0.05,0.15,0.15,0.061282587702834124,,,,,,NORMAL,True,True,True,True,False,False,False,True,False,,,,
0af8d7ca906de551055c5f80,STATIC_SELECTIVE_RISK,Module_12_CrossDomain,sklearn_fixture,29993fa5a07111060fb234185b682f6717de16a4d2e1350bc14293597f01621f,rf_digits_parity_v1,digits_parity,digits_parity,42,,,,2026-09-02T20:45:00Z,1.2.0,62e10bc07ec9873f,SAMPLE_PREDICTION_ERROR,prediction_error == 1 when model prediction != true target,model_prediction_versus_ground_truth,False,1,1,True,0,0.12,0.2,0.05,0.15,0.15,0.061282587702834124,,,,,,NORMAL,True,True,True,True,False,False,False,True,False,,,,
14866e248d776bcfc7aa4999,STATIC_SELECTIVE_RISK,Module_12_CrossDomain,sklearn_fixture,29993fa5a07111060fb234185b682f6717de16a4d2e1350bc14293597f01621f,rf_digits_parity_v1,digits_parity,digits_parity,42,,,,2026-09-02T20:45:00Z,1.2.0,62e10bc07ec9873f,SAMPLE_PREDICTION_ERROR,prediction_error == 1 when model prediction != true target,model_prediction_versus_ground_truth,False,1,1,True,0,0.12,0.2,0.05,0.15,0.15,0.061282587702834124,,,,,,NORMAL,True,True,True,True,False,False,False,True,False,,,,
9f21f43ee34291d8331d4e61,STATIC_SELECTIVE_RISK,Module_12_CrossDomain,sklearn_fixture,29993fa5a07111060fb234185b682f6717de16a4d2e1350bc14293597f01621f,rf_digits_parity_v1,digits_parity,digits_parity,42,,,,2026-09-02T20:45:00Z,1.2.0,62e10bc07ec9873f,SAMPLE_PREDICTION_ERROR,prediction_error == 1 when model prediction != true target,model_prediction_versus_ground_truth,False,0,0,True,0,0.12,0.2,0.05,0.15,0.15,0.061282587702834124,,,,,,NORMAL,True,True,True,True,False,False,False,True,False,,,,
f6f7ba7b42db07f7fb99dc48,STATIC_SELECTIVE_RISK,Module_12_CrossDomain,sklearn_fixture,29993fa5a07111060fb234185b682f6717de16a4d2e1350bc14293597f01621f,rf_digits_parity_v1,digits_parity,digits_parity,42,,,,2026-09-02T20:45:00Z,1.2.0,62e10bc07ec9873f,SAMPLE_PREDICTION_ERROR,prediction_error == 1 when model prediction != true target,model_prediction_versus_ground_truth,False,1,1,True,0,0.12,0.2,0.05,0.15,0.15,0.061282587702834124,,,,,,NORMAL,True,True,True,True,False,False,False,True,False,,,,
297a1262871c3c649b052b8e,STATIC_SELECTIVE_RISK,Module_12_CrossDomain,sklearn_fixture,29993fa5a07111060fb234185b682f6717de16a4d2e1350bc14293597f01621f,rf_digits_parity_v1,digits_parity,digits_parity,42,,,,2026-09-02T20:45:00Z,1.2.0,62e10bc07ec9873f,SAMPLE_PREDICTION_ERROR,prediction_error == 1 when model prediction != true target,model_prediction_versus_ground_truth,False,1,1,True,0,0.12,0.2,0.05,0.15,0.15,0.061282587702834124,,,,,,NORMAL,True,True,True,True,False,False,False,True,False,,,,
17e3fc8e435a819f0f87dcff,STATIC_SELECTIVE_RISK,Module_12_CrossDomain,sklearn_fixture,29993fa5a07111060fb234185b682f6717de16a4d2e1350bc14293597f01621f,rf_digits_parity_v1,digits_parity,digits_parity,42,,,,2026-09-02T20:45:00Z,1.2.0,62e10bc07ec9873f,SAMPLE_PREDICTION_ERROR,prediction_error == 1 when model prediction != true target,model_prediction_versus_ground_truth,False,0,0,True,0,0.12,0.2,0.05,0.15,0.15,0.061282587702834124,,,,,,NORMAL,True,True,True,True,False,False,False,True,False,,,,
d254be5fc41cc3c8fd7b27e7,STATIC_SELECTIVE_RISK,Module_12_CrossDomain,sklearn_fixture,29993fa5a07111060fb234185b682f6717de16a4d2e1350bc14293597f01621f,rf_digits_parity_v1,digits_parity,digits_parity,42,,,,2026-09-02T20:45:00Z,1.2.0,62e10bc07ec9873f,SAMPLE_PREDICTION_ERROR,prediction_error == 1 when model prediction != true target,model_prediction_versus_ground_truth,False,1,1,True,0,0.12,0.2,0.05,0.15,0.15,0.061282587702834124,,,,,,NORMAL,True,True,True,True,False,False,False,True,False,,,,
30b2024ff001a0c40b0fd1df,STATIC_SELECTIVE_RISK,Module_12_CrossDomain,sklearn_fixture,29993fa5a07111060fb234185b682f6717de16a4d2e1350bc14293597f01621f,rf_digits_parity_v1,digits_parity,digits_parity,42,,,,2026-09-02T20:45:00Z,1.2.0,62e10bc07ec9873f,SAMPLE_PREDICTION_ERROR,prediction_error == 1 when model prediction != true target,model_prediction_versus_ground_truth,False,1,1,True,0,0.12,0.2,0.05,0.15,0.15,0.061282587702834124,,,,,,NORMAL,True,True,True,True,False,False,False,True,False,,,,
c70ff3a227f4b61e7e893d0b,STATIC_SELECTIVE_RISK,Module_12_CrossDomain,sklearn_fixture,29993fa5a07111060fb234185b682f6717de16a4d2e1350bc14293597f01621f,rf_digits_parity_v1,digits_parity,digits_parity,42,,,,2026-09-02T20:45:00Z,1.2.0,62e10bc07ec9873f,SAMPLE_PREDICTION_ERROR,prediction_error == 1 when model prediction != true target,model_prediction_versus_ground_truth,False,0,0,True,0,0.12,0.2,0.05,0.15,0.15,0.061282587702834124,,,,,,NORMAL,True,True,True,True,False,False,False,True,False,,,,
e0db138717d706d957373d30,STATIC_SELECTIVE_RISK,Module_12_CrossDomain,sklearn_fixture,29993fa5a07111060fb234185b682f6717de16a4d2e1350bc14293597f01621f,rf_digits_parity_v1,digits_parity,digits_parity,42,,,,2026-09-02T20:45:00Z,1.2.0,62e10bc07ec9873f,SAMPLE_PREDICTION_ERROR,prediction_error == 1 when model prediction != true target,model_prediction_versus_ground_truth,False,1,1,True,0,0.12,0.2,0.05,0.15,0.15,0.061282587702834124,,,,,,NORMAL,True,True,True,True,False,False,False,True,False,,,,
7835f9a66bac6e66b155a20c,STATIC_SELECTIVE_RISK,Module_12_CrossDomain,sklearn_fixture,29993fa5a07111060fb234185b682f6717de16a4d2e1350bc14293597f01621f,rf_digits_parity_v1,digits_parity,digits_parity,42,,,,2026-09-02T20:45:00Z,1.2.0,62e10bc07ec9873f,SAMPLE_PREDICTION_ERROR,prediction_error == 1 when model prediction != true target,model_prediction_versus_ground_truth,False,0,0,True,0,0.12,0.2,0.05,0.15,0.15,0.061282587702834124,,,,,,NORMAL,True,True,True,True,False,False,False,True,False,,,,
1d770c4295a9d0639422a4d6,STATIC_SELECTIVE_RISK,Module_12_CrossDomain,sklearn_fixture,29993fa5a07111060fb234185b682f6717de16a4d2e1350bc14293597f01621f,rf_digits_parity_v1,digits_parity,digits_parity,42,,,,2026-09-02T20:45:00Z,1.2.0,62e10bc07ec9873f,SAMPLE_PREDICTION_ERROR,prediction_error == 1 when model prediction != true target,model_prediction_versus_ground_truth,False,1,1,True,0,0.12,0.2,0.05,0.15,0.15,0.061282587702834124,,,,,,NORMAL,True,True,True,True,False,False,False,True,False,,,,
4a6c7a408d6e581fc02c9482,STATIC_SELECTIVE_RISK,Module_12_CrossDomain,sklearn_fixture,29993fa5a07111060fb234185b682f6717de16a4d2e1350bc14293597f01621f,rf_digits_parity_v1,digits_parity,digits_parity,42,,,,2026-09-02T20:45:00Z,1.2.0,62e10bc07ec9873f,SAMPLE_PREDICTION_ERROR,prediction_error == 1 when model prediction != true target,model_prediction_versus_ground_truth,False,0,0,True,0,0.12,0.2,0.05,0.15,0.15,0.061282587702834124,,,,,,NORMAL,True,True,True,True,False,False,False,True,False,,,,
d264c43978215fb2f2d41e79,STATIC_SELECTIVE_RISK,Module_12_CrossDomain,sklearn_fixture,29993fa5a07111060fb234185b682f6717de16a4d2e1350bc14293597f01621f,rf_digits_parity_v1,digits_parity,digits_parity,42,,,,2026-09-02T20:45:00Z,1.2.0,62e10bc07ec9873f,SAMPLE_PREDICTION_ERROR,prediction_error == 1 when model prediction != true target,model_prediction_versus_ground_truth,False,1,1,True,0,0.12,0.2,0.05,0.15,0.15,0.061282587702834124,,,,,,NORMAL,True,True,True,True,False,False,False,True,False,,,,
17793e10fbfe26d15812cdbf,STATIC_SELECTIVE_RISK,Module_12_CrossDomain,sklearn_fixture,29993fa5a07111060fb234185b682f6717de16a4d2e1350bc14293597f01621f,rf_digits_parity_v1,digits_parity,digits_parity,42,,,,2026-09-02T20:45:00Z,1.2.0,62e10bc07ec9873f,SAMPLE_PREDICTION_ERROR,prediction_error == 1 when model prediction != true target,model_prediction_versus_ground_truth,False,0,0,True,0,0.12,0.2,0.05,0.15,0.15,0.061282587702834124,,,,,,NORMAL,True,True,True,True,False,False,False,True,False,,,,
c998d98e13e51cab9535b2b1,STATIC_SELECTIVE_RISK,Module_12_CrossDomain,sklearn_fixture,29993fa5a07111060fb234185b682f6717de16a4d2e1350bc14293597f01621f,rf_digits_parity_v1,digits_parity,digits_parity,42,,,,2026-09-02T20:45:00Z,1.2.0,62e10bc07ec9873f,SAMPLE_PREDICTION_ERROR,prediction_error == 1 when model prediction != true target,model_prediction_versus_ground_truth,False,1,1,True,0,0.12,0.2,0.05,0.15,0.15,0.061282587702834124,,,,,,NORMAL,True,True,True,True,False,False,False,True,False,,,,
5712db10c03c52b03a0b6999,STATIC_SELECTIVE_RISK,Module_12_CrossDomain,sklearn_fixture,29993fa5a07111060fb234185b682f6717de16a4d2e1350bc14293597f01621f,rf_digits_parity_v1,digits_parity,digits_parity,42,,,,2026-09-02T20:45:00Z,1.2.0,62e10bc07ec9873f,SAMPLE_PREDICTION_ERROR,prediction_error == 1 when model prediction != true target,model_prediction_versus_ground_truth,False,0,0,True,0,0.12,0.2,0.05,0.15,0.15,0.061282587702834124,,,,,,NORMAL,True,True,True,True,False,False,False,True,False,,,,
56726b6f46706348063d9f2c,STATIC_SELECTIVE_RISK,Module_12_CrossDomain,sklearn_fixture,29993fa5a07111060fb234185b682f6717de16a4d2e1350bc14293597f01621f,rf_digits_parity_v1,digits_parity,digits_parity,42,,,,2026-09-02T20:45:00Z,1.2.0,62e10bc07ec9873f,SAMPLE_PREDICTION_ERROR,prediction_error == 1 when model prediction != true target,model_prediction_versus_ground_truth,False,1,1,True,0,0.12,0.2,0.05,0.15,0.15,0.061282587702834124,,,,,,NORMAL,True,True,True,True,False,False,False,True,False,,,,
583a4e7e3959539a2074cb99,STATIC_SELECTIVE_RISK,Module_12_CrossDomain,sklearn_fixture,29993fa5a07111060fb234185b682f6717de16a4d2e1350bc14293597f01621f,rf_digits_parity_v1,digits_parity,digits_parity,42,,,,2026-09-02T20:45:00Z,1.2.0,62e10bc07ec9873f,SAMPLE_PREDICTION_ERROR,prediction_error == 1 when model prediction != true target,model_prediction_versus_ground_truth,False,0,0,True,0,0.12,0.2,0.05,0.15,0.15,0.061282587702834124,,,,,,NORMAL,True,True,True,True,False,False,False,True,False,,,,
914091580d8aae2ade4b975d,STATIC_SELECTIVE_RISK,Module_12_CrossDomain,sklearn_fixture,29993fa5a07111060fb234185b682f6717de16a4d2e1350bc14293597f01621f,rf_digits_parity_v1,digits_parity,digits_parity,42,,,,2026-09-02T20:45:00Z,1.2.0,62e10bc07ec9873f,SAMPLE_PREDICTION_ERROR,prediction_error == 1 when model prediction != true target,model_prediction_versus_ground_truth,False,1,1,True,0,0.12,0.2,0.05,0.15,0.15,0.061282587702834124,,,,,,NORMAL,True,True,True,True,False,False,False,True,False,,,,
301dc58ee8603f15d50ad840,STATIC_SELECTIVE_RISK,Module_12_CrossDomain,sklearn_fixture,29993fa5a07111060fb234185b682f6717de16a4d2e1350bc14293597f01621f,rf_digits_parity_v1,digits_parity,digits_parity,42,,,,2026-09-02T20:45:00Z,1.2.0,62e10bc07ec9873f,SAMPLE_PREDICTION_ERROR,prediction_error == 1 when model prediction != true target,model_prediction_versus_ground_truth,False,0,0,True,0,0.12,0.2,0.05,0.15,0.15,0.061282587702834124,,,,,,NORMAL,True,True,True,True,False,False,False,True,False,,,,
e71ca9bf415fcea50290963d,STATIC_SELECTIVE_RISK,Module_12_CrossDomain,sklearn_fixture,29993fa5a07111060fb234185b682f6717de16a4d2e1350bc14293597f01621f,rf_digits_parity_v1,digits_parity,digits_parity,42,,,,2026-09-02T20:45:00Z,1.2.0,62e10bc07ec9873f,SAMPLE_PREDICTION_ERROR,prediction_error == 1 when model prediction != true target,model_prediction_versus_ground_truth,False,1,1,True,0,0.12,0.2,0.05,0.15,0.15,0.061282587702834124,,,,,,NORMAL,True,True,True,True,False,False,False,True,False,,,,
b6caa2c0d8f4339d058fc310,STATIC_SELECTIVE_RISK,Module_12_CrossDomain,sklearn_fixture,29993fa5a07111060fb234185b682f6717de16a4d2e1350bc14293597f01621f,rf_digits_parity_v1,digits_parity,digits_parity,42,,,,2026-09-02T20:45:00Z,1.2.0,62e10bc07ec9873f,SAMPLE_PREDICTION_ERROR,prediction_error == 1 when model prediction != true target,model_prediction_versus_ground_truth,False,0,0,True,0,0.12,0.2,0.05,0.15,0.15,0.061282587702834124,,,,,,NORMAL,True,True,True,True,False,False,False,True,False,,,,
3ea53deffea23d549bbe7e28,STATIC_SELECTIVE_RISK,Module_12_CrossDomain,sklearn_fixture,29993fa5a07111060fb234185b682f6717de16a4d2e1350bc14293597f01621f,rf_digits_parity_v1,digits_parity,digits_parity,42,,,,2026-09-02T20:45:00Z,1.2.0,62e10bc07ec9873f,SAMPLE_PREDICTION_ERROR,prediction_error == 1 when model prediction != true target,model_prediction_versus_ground_truth,False,1,1,True,0,0.12,0.2,0.05,0.15,0.15,0.061282587702834124,,,,,,NORMAL,True,True,True,True,False,False,False,True,False,,,,
d99cd22413f04d32a0b8a187,STATIC_SELECTIVE_RISK,Module_12_CrossDomain,sklearn_fixture,29993fa5a07111060fb234185b682f6717de16a4d2e1350bc14293597f01621f,rf_digits_parity_v1,digits_parity,digits_parity,42,,,,2026-09-02T20:45:00Z,1.2.0,62e10bc07ec9873f,SAMPLE_PREDICTION_ERROR,prediction_error == 1 when model prediction != true target,model_prediction_versus_ground_truth,False,0,0,True,0,0.12,0.2,0.05,0.15,0.15,0.061282587702834124,,,,,,NORMAL,True,True,True,True,False,False,False,True,False,,,,
6f6497cc99090a8e1799e25c,STATIC_SELECTIVE_RISK,Module_12_CrossDomain,sklearn_fixture,29993fa5a07111060fb234185b682f6717de16a4d2e1350bc14293597f01621f,rf_digits_parity_v1,digits_parity,digits_parity,42,,,,2026-09-02T20:45:00Z,1.2.0,62e10bc07ec9873f,SAMPLE_PREDICTION_ERROR,prediction_error == 1 when model prediction != true target,model_prediction_versus_ground_truth,False,1,1,True,0,0.12,0.2,0.05,0.15,0.15,0.061282587702834124,,,,,,NORMAL,True,True,True,True,False,False,False,True,False,,,,
9057b80276e5b2370947186d,STATIC_SELECTIVE_RISK,Module_12_CrossDomain,sklearn_fixture,29993fa5a07111060fb234185b682f6717de16a4d2e1350bc14293597f01621f,rf_digits_parity_v1,digits_parity,digits_parity,42,,,,2026-09-02T20:45:00Z,1.2.0,62e10bc07ec9873f,SAMPLE_PREDICTION_ERROR,prediction_error == 1 when model prediction != true target,model_prediction_versus_ground_truth,False,0,0,True,0,0.12,0.2,0.05,0.15,0.15,0.061282587702834124,,,,,,NORMAL,True,True,True,True,False,False,False,True,False,,,,
c1c9b83a010e62b0637716f3,STATIC_SELECTIVE_RISK,Module_12_CrossDomain,sklearn_fixture,29993fa5a07111060fb234185b682f6717de16a4d2e1350bc14293597f01621f,rf_digits_parity_v1,digits_parity,digits_parity,42,,,,2026-09-02T20:45:00Z,1.2.0,62e10bc07ec9873f,SAMPLE_PREDICTION_ERROR,prediction_error == 1 when model prediction != true target,model_prediction_versus_ground_truth,False,1,1,True,0,0.12,0.2,0.05,0.15,0.15,0.061282587702834124,,,,,,NORMAL,True,True,True,True,False,False,False,True,False,,,,
142f91f14c0d86c5edaf2a78,STATIC_SELECTIVE_RISK,Module_12_CrossDomain,sklearn_fixture,29993fa5a07111060fb234185b682f6717de16a4d2e1350bc14293597f01621f,rf_digits_parity_v1,digits_parity,digits_parity,42,,,,2026-09-02T20:45:00Z,1.2.0,62e10bc07ec9873f,SAMPLE_PREDICTION_ERROR,prediction_error == 1 when model prediction != true target,model_prediction_versus_ground_truth,False,0,0,True,0,0.12,0.2,0.05,0.15,0.15,0.061282587702834124,,,,,,NORMAL,True,True,True,True,False,False,False,True,False,,,,
efd17e30c782fa72ab5cddd2,STATIC_SELECTIVE_RISK,Module_12_CrossDomain,sklearn_fixture,29993fa5a07111060fb234185b682f6717de16a4d2e1350bc14293597f01621f,rf_digits_parity_v1,digits_parity,digits_parity,42,,,,2026-09-02T20:45:00Z,1.2.0,62e10bc07ec9873f,SAMPLE_PREDICTION_ERROR,prediction_error == 1 when model prediction != true target,model_prediction_versus_ground_truth,False,1,1,True,0,0.12,0.2,0.05,0.15,0.15,0.061282587702834124,,,,,,NORMAL,True,True,True,True,False,False,False,True,False,,,,
85cbe17fc50e74f8a3c61bd1,STATIC_SELECTIVE_RISK,Module_12_CrossDomain,sklearn_fixture,29993fa5a07111060fb234185b682f6717de16a4d2e1350bc14293597f01621f,rf_digits_parity_v1,digits_parity,digits_parity,42,,,,2026-09-02T20:45:00Z,1.2.0,62e10bc07ec9873f,SAMPLE_PREDICTION_ERROR,prediction_error == 1 when model prediction != true target,model_prediction_versus_ground_truth,False,0,0,True,0,0.12,0.2,0.05,0.15,0.15,0.061282587702834124,,,,,,NORMAL,True,True,True,True,False,False,False,True,False,,,,
2acee558e4749d8ab81b1561,STATIC_SELECTIVE_RISK,Module_12_CrossDomain,sklearn_fixture,29993fa5a07111060fb234185b682f6717de16a4d2e1350bc14293597f01621f,rf_digits_parity_v1,digits_parity,digits_parity,42,,,,2026-09-02T20:45:00Z,1.2.0,62e10bc07ec9873f,SAMPLE_PREDICTION_ERROR,prediction_error == 1 when model prediction != true target,model_prediction_versus_ground_truth,False,1,1,True,0,0.12,0.2,0.05,0.15,0.15,0.061282587702834124,,,,,,NORMAL,True,True,True,True,False,False,False,True,False,,,,
9e2581ee82e73d1d67b61763,STATIC_SELECTIVE_RISK,Module_12_CrossDomain,sklearn_fixture,29993fa5a07111060fb234185b682f6717de16a4d2e1350bc14293597f01621f,rf_digits_parity_v1,digits_parity,digits_parity,42,,,,2026-09-02T20:45:00Z,1.2.0,62e10bc07ec9873f,SAMPLE_PREDICTION_ERROR,prediction_error == 1 when model prediction != true target,model_prediction_versus_ground_truth,False,0,0,True,0,0.12,0.2,0.05,0.15,0.15,0.061282587702834124,,,,,,NORMAL,True,True,True,True,False,False,False,True,False,,,,
59170e758be3ac0ef080de63,STATIC_SELECTIVE_RISK,Module_12_CrossDomain,sklearn_fixture,29993fa5a07111060fb234185b682f6717de16a4d2e1350bc14293597f01621f,rf_digits_parity_v1,digits_parity,digits_parity,42,,,,2026-09-02T20:45:00Z,1.2.0,62e10bc07ec9873f,SAMPLE_PREDICTION_ERROR,prediction_error == 1 when model prediction != true target,model_prediction_versus_ground_truth,False,1,1,True,0,0.12,0.2,0.05,0.15,0.15,0.061282587702834124,,,,,,NORMAL,True,True,True,True,False,False,False,True,False,,,,
72cb66c5200f6bc62f736a6f,STATIC_SELECTIVE_RISK,Module_12_CrossDomain,sklearn_fixture,29993fa5a07111060fb234185b682f6717de16a4d2e1350bc14293597f01621f,rf_digits_parity_v1,digits_parity,digits_parity,42,,,,2026-09-02T20:45:00Z,1.2.0,62e10bc07ec9873f,SAMPLE_PREDICTION_ERROR,prediction_error == 1 when model prediction != true target,model_prediction_versus_ground_truth,False,0,0,True,0,0.12,0.2,0.05,0.15,0.15,0.061282587702834124,,,,,,NORMAL,True,True,True,True,False,False,False,True,False,,,,
1ba2234fac80460a3d43f794,STATIC_SELECTIVE_RISK,Module_12_CrossDomain,sklearn_fixture,29993fa5a07111060fb234185b682f6717de16a4d2e1350bc14293597f01621f,rf_digits_parity_v1,digits_parity,digits_parity,42,,,,2026-09-02T20:45:00Z,1.2.0,62e10bc07ec9873f,SAMPLE_PREDICTION_ERROR,prediction_error == 1 when model prediction != true target,model_prediction_versus_ground_truth,False,1,1,True,0,0.12,0.2,0.05,0.15,0.15,0.061282587702834124,,,,,,NORMAL,True,True,True,True,False,False,False,True,False,,,,
828259980916f59d4268cb09,STATIC_SELECTIVE_RISK,Module_12_CrossDomain,sklearn_fixture,29993fa5a07111060fb234185b682f6717de16a4d2e1350bc14293597f01621f,rf_digits_parity_v1,digits_parity,digits_parity,42,,,,2026-09-02T20:45:00Z,1.2.0,62e10bc07ec9873f,SAMPLE_PREDICTION_ERROR,prediction_error == 1 when model prediction != true target,model_prediction_versus_ground_truth,False,0,0,True,0,0.12,0.2,0.05,0.15,0.15,0.061282587702834124,,,,,,NORMAL,True,True,True,True,False,False,False,True,False,,,,
f3456123feb2b14a0ef7e9a1,STATIC_SELECTIVE_RISK,Module_12_CrossDomain,sklearn_fixture,29993fa5a07111060fb234185b682f6717de16a4d2e1350bc14293597f01621f,rf_digits_parity_v1,digits_parity,digits_parity,42,,,,2026-09-02T20:45:00Z,1.2.0,62e10bc07ec9873f,SAMPLE_PREDICTION_ERROR,prediction_error == 1 when model prediction != true target,model_prediction_versus_ground_truth,False,1,1,True,0,0.12,0.2,0.05,0.15,0.15,0.061282587702834124,,,,,,NORMAL,True,True,True,True,False,False,False,True,False,,,,
c82f6955cba09aee066c5b02,STATIC_SELECTIVE_RISK,Module_12_CrossDomain,sklearn_fixture,29993fa5a07111060fb234185b682f6717de16a4d2e1350bc14293597f01621f,rf_digits_parity_v1,digits_parity,digits_parity,42,,,,2026-09-02T20:45:00Z,1.2.0,62e10bc07ec9873f,SAMPLE_PREDICTION_ERROR,prediction_error == 1 when model prediction != true target,model_prediction_versus_ground_truth,False,0,0,True,0,0.12,0.2,0.05,0.15,0.15,0.061282587702834124,,,,,,NORMAL,True,True,True,True,False,False,False,True,False,,,,
f2f3ee0656b0e65ae5c5b495,STATIC_SELECTIVE_RISK,Module_12_CrossDomain,sklearn_fixture,29993fa5a07111060fb234185b682f6717de16a4d2e1350bc14293597f01621f,rf_digits_parity_v1,digits_parity,digits_parity,42,,,,2026-09-02T20:45:00Z,1.2.0,62e10bc07ec9873f,SAMPLE_PREDICTION_ERROR,prediction_error == 1 when model prediction != true target,model_prediction_versus_ground_truth,False,0,0,True,0,0.12,0.2,0.05,0.15,0.15,0.061282587702834124,,,,,,NORMAL,True,True,True,True,False,False,False,True,False,,,,
95474cfd97ef195d40b088a0,STATIC_SELECTIVE_RISK,Module_12_CrossDomain,sklearn_fixture,29993fa5a07111060fb234185b682f6717de16a4d2e1350bc14293597f01621f,rf_digits_parity_v1,digits_parity,digits_parity,42,,,,2026-09-02T20:45:00Z,1.2.0,62e10bc07ec9873f,SAMPLE_PREDICTION_ERROR,prediction_error == 1 when model prediction != true target,model_prediction_versus_ground_truth,False,0,0,True,0,0.12,0.2,0.05,0.15,0.15,0.061282587702834124,,,,,,NORMAL,True,True,True,True,False,False,False,True,False,,,,
233df65a51963f6cb51bcf68,STATIC_SELECTIVE_RISK,Module_12_CrossDomain,sklearn_fixture,29993fa5a07111060fb234185b682f6717de16a4d2e1350bc14293597f01621f,rf_digits_parity_v1,digits_parity,digits_parity,42,,,,2026-09-02T20:45:00Z,1.2.0,62e10bc07ec9873f,SAMPLE_PREDICTION_ERROR,prediction_error == 1 when model prediction != true target,model_prediction_versus_ground_truth,False,1,1,True,0,0.12,0.2,0.05,0.15,0.15,0.061282587702834124,,,,,,NORMAL,True,True,True,True,False,False,False,True,False,,,,
84db256733f2f64a35bd6490,STATIC_SELECTIVE_RISK,Module_12_CrossDomain,sklearn_fixture,29993fa5a07111060fb234185b682f6717de16a4d2e1350bc14293597f01621f,rf_digits_parity_v1,digits_parity,digits_parity,42,,,,2026-09-02T20:45:00Z,1.2.0,62e10bc07ec9873f,SAMPLE_PREDICTION_ERROR,prediction_error == 1 when model prediction != true target,model_prediction_versus_ground_truth,False,0,0,True,0,0.12,0.2,0.05,0.15,0.15,0.061282587702834124,,,,,,NORMAL,True,True,True,True,False,False,False,True,False,,,,
6ec1f4fa2b5c5fc72e748f16,STATIC_SELECTIVE_RISK,Module_12_CrossDomain,sklearn_fixture,29993fa5a07111060fb234185b682f6717de16a4d2e1350bc14293597f01621f,rf_digits_parity_v1,digits_parity,digits_parity,42,,,,2026-09-02T20:45:00Z,1.2.0,62e10bc07ec9873f,SAMPLE_PREDICTION_ERROR,prediction_error == 1 when model prediction != true target,model_prediction_versus_ground_truth,False,1,1,True,0,0.12,0.2,0.05,0.15,0.15,0.061282587702834124,,,,,,NORMAL,True,True,True,True,False,False,False,True,False,,,,
2fefae95a43bca87215c9539,STATIC_SELECTIVE_RISK,Module_12_CrossDomain,sklearn_fixture,29993fa5a07111060fb234185b682f6717de16a4d2e1350bc14293597f01621f,rf_digits_parity_v1,digits_parity,digits_parity,42,,,,2026-09-02T20:45:00Z,1.2.0,62e10bc07ec9873f,SAMPLE_PREDICTION_ERROR,prediction_error == 1 when model prediction != true target,model_prediction_versus_ground_truth,False,0,0,True,0,0.12,0.2,0.05,0.15,0.15,0.061282587702834124,,,,,,NORMAL,True,True,True,True,False,False,False,True,False,,,,
d8156ff8492649c1814c88af,STATIC_SELECTIVE_RISK,Module_12_CrossDomain,sklearn_fixture,29993fa5a07111060fb234185b682f6717de16a4d2e1350bc14293597f01621f,rf_digits_parity_v1,digits_parity,digits_parity,42,,,,2026-09-02T20:45:00Z,1.2.0,62e10bc07ec9873f,SAMPLE_PREDICTION_ERROR,prediction_error == 1 when model prediction != true target,model_prediction_versus_ground_truth,False,1,1,True,0,0.12,0.2,0.05,0.15,0.15,0.061282587702834124,,,,,,NORMAL,True,True,True,True,False,False,False,True,False,,,,
949201c432126eec5a37b7c0,STATIC_SELECTIVE_RISK,Module_12_CrossDomain,sklearn_fixture,29993fa5a07111060fb234185b682f6717de16a4d2e1350bc14293597f01621f,rf_digits_parity_v1,digits_parity,digits_parity,42,,,,2026-09-02T20:45:00Z,1.2.0,62e10bc07ec9873f,SAMPLE_PREDICTION_ERROR,prediction_error == 1 when model prediction != true target,model_prediction_versus_ground_truth,False,0,0,True,0,0.12,0.2,0.05,0.15,0.15,0.061282587702834124,,,,,,NORMAL,True,True,True,True,False,False,False,True,False,,,,
61053c65aab1b26d0fa9c4ee,STATIC_SELECTIVE_RISK,Module_12_CrossDomain,sklearn_fixture,29993fa5a07111060fb234185b682f6717de16a4d2e1350bc14293597f01621f,rf_digits_parity_v1,digits_parity,digits_parity,42,,,,2026-09-02T20:45:00Z,1.2.0,62e10bc07ec9873f,SAMPLE_PREDICTION_ERROR,prediction_error == 1 when model prediction != true target,model_prediction_versus_ground_truth,False,1,1,True,0,0.12,0.2,0.05,0.15,0.15,0.061282587702834124,,,,,,NORMAL,True,True,True,True,False,False,False,True,False,,,,
049f5eabcf4574cb78907f29,STATIC_SELECTIVE_RISK,Module_12_CrossDomain,sklearn_fixture,29993fa5a07111060fb234185b682f6717de16a4d2e1350bc14293597f01621f,rf_digits_parity_v1,digits_parity,digits_parity,42,,,,2026-09-02T20:45:00Z,1.2.0,62e10bc07ec9873f,SAMPLE_PREDICTION_ERROR,prediction_error == 1 when model prediction != true target,model_prediction_versus_ground_truth,False,1,1,True,0,0.12,0.2,0.05,0.15,0.15,0.061282587702834124,,,,,,NORMAL,True,True,True,True,False,False,False,True,False,,,,
823a29bd319d0824ed848c47,STATIC_SELECTIVE_RISK,Module_12_CrossDomain,sklearn_fixture,29993fa5a07111060fb234185b682f6717de16a4d2e1350bc14293597f01621f,rf_digits_parity_v1,digits_parity,digits_parity,42,,,,2026-09-02T20:45:00Z,1.2.0,62e10bc07ec9873f,SAMPLE_PREDICTION_ERROR,prediction_error == 1 when model prediction != true target,model_prediction_versus_ground_truth,False,0,0,True,0,0.12,0.2,0.05,0.15,0.15,0.061282587702834124,,,,,,NORMAL,True,True,True,True,False,False,False,True,False,,,,
63c6d6cdc307a63b4f2ab714,STATIC_SELECTIVE_RISK,Module_12_CrossDomain,sklearn_fixture,29993fa5a07111060fb234185b682f6717de16a4d2e1350bc14293597f01621f,rf_digits_parity_v1,digits_parity,digits_parity,42,,,,2026-09-02T20:45:00Z,1.2.0,62e10bc07ec9873f,SAMPLE_PREDICTION_ERROR,prediction_error == 1 when model prediction != true target,model_prediction_versus_ground_truth,False,0,0,True,0,0.12,0.2,0.05,0.15,0.15,0.061282587702834124,,,,,,NORMAL,True,True,True,True,False,False,False,True,False,,,,
b871a90f32c483fe05f3c96a,STATIC_SELECTIVE_RISK,Module_12_CrossDomain,sklearn_fixture,29993fa5a07111060fb234185b682f6717de16a4d2e1350bc14293597f01621f,rf_digits_parity_v1,digits_parity,digits_parity,42,,,,2026-09-02T20:45:00Z,1.2.0,62e10bc07ec9873f,SAMPLE_PREDICTION_ERROR,prediction_error == 1 when model prediction != true target,model_prediction_versus_ground_truth,False,0,0,True,0,0.12,0.2,0.05,0.15,0.15,0.061282587702834124,,,,,,NORMAL,True,True,True,True,False,False,False,True,False,,,,
027eda9c696b5b4fbed41c04,STATIC_SELECTIVE_RISK,Module_12_CrossDomain,sklearn_fixture,29993fa5a07111060fb234185b682f6717de16a4d2e1350bc14293597f01621f,rf_digits_parity_v1,digits_parity,digits_parity,42,,,,2026-09-02T20:45:00Z,1.2.0,62e10bc07ec9873f,SAMPLE_PREDICTION_ERROR,prediction_error == 1 when model prediction != true target,model_prediction_versus_ground_truth,False,0,0,True,0,0.12,0.2,0.05,0.15,0.15,0.061282587702834124,,,,,,NORMAL,True,True,True,True,False,False,False,True,False,,,,
42c1652ad4580ba113f16c21,STATIC_SELECTIVE_RISK,Module_12_CrossDomain,sklearn_fixture,29993fa5a07111060fb234185b682f6717de16a4d2e1350bc14293597f01621f,rf_digits_parity_v1,digits_parity,digits_parity,42,,,,2026-09-02T20:45:00Z,1.2.0,62e10bc07ec9873f,SAMPLE_PREDICTION_ERROR,prediction_error == 1 when model prediction != true target,model_prediction_versus_ground_truth,False,0,0,True,0,0.12,0.2,0.05,0.15,0.15,0.061282587702834124,,,,,,NORMAL,True,True,True,True,False,False,False,True,False,,,,
f82dabcc93ec76599e2612a2,STATIC_SELECTIVE_RISK,Module_12_CrossDomain,sklearn_fixture,29993fa5a07111060fb234185b682f6717de16a4d2e1350bc14293597f01621f,rf_digits_parity_v1,digits_parity,digits_parity,42,,,,2026-09-02T20:45:00Z,1.2.0,62e10bc07ec9873f,SAMPLE_PREDICTION_ERROR,prediction_error == 1 when model prediction != true target,model_prediction_versus_ground_truth,False,0,0,True,0,0.12,0.2,0.05,0.15,0.15,0.061282587702834124,,,,,,NORMAL,True,True,True,True,False,False,False,True,False,,,,
7711af43b28b7dcf386f6517,STATIC_SELECTIVE_RISK,Module_12_CrossDomain,sklearn_fixture,29993fa5a07111060fb234185b682f6717de16a4d2e1350bc14293597f01621f,rf_digits_parity_v1,digits_parity,digits_parity,42,,,,2026-09-02T20:45:00Z,1.2.0,62e10bc07ec9873f,SAMPLE_PREDICTION_ERROR,prediction_error == 1 when model prediction != true target,model_prediction_versus_ground_truth,False,1,1,True,0,0.12,0.2,0.05,0.15,0.15,0.061282587702834124,,,,,,NORMAL,True,True,True,True,False,False,False,True,False,,,,
0ea1ab8b1491616697b2e8b6,STATIC_SELECTIVE_RISK,Module_12_CrossDomain,sklearn_fixture,29993fa5a07111060fb234185b682f6717de16a4d2e1350bc14293597f01621f,rf_digits_parity_v1,digits_parity,digits_parity,42,,,,2026-09-02T20:45:00Z,1.2.0,62e10bc07ec9873f,SAMPLE_PREDICTION_ERROR,prediction_error == 1 when model prediction != true target,model_prediction_versus_ground_truth,False,1,1,True,0,0.12,0.2,0.05,0.15,0.15,0.061282587702834124,,,,,,NORMAL,True,True,True,True,False,False,False,True,False,,,,
2c0a05d7e1441e2dc390b91b,STATIC_SELECTIVE_RISK,Module_12_CrossDomain,sklearn_fixture,29993fa5a07111060fb234185b682f6717de16a4d2e1350bc14293597f01621f,rf_digits_parity_v1,digits_parity,digits_parity,42,,,,2026-09-02T20:45:00Z,1.2.0,62e10bc07ec9873f,SAMPLE_PREDICTION_ERROR,prediction_error == 1 when model prediction != true target,model_prediction_versus_ground_truth,False,1,1,True,0,0.12,0.2,0.05,0.15,0.15,0.061282587702834124,,,,,,NORMAL,True,True,True,True,False,False,False,True,False,,,,
ad274ff42f6dec3fd1458d44,STATIC_SELECTIVE_RISK,Module_12_CrossDomain,sklearn_fixture,29993fa5a07111060fb234185b682f6717de16a4d2e1350bc14293597f01621f,rf_digits_parity_v1,digits_parity,digits_parity,42,,,,2026-09-02T20:45:00Z,1.2.0,62e10bc07ec9873f,SAMPLE_PREDICTION_ERROR,prediction_error == 1 when model prediction != true target,model_prediction_versus_ground_truth,False,1,1,True,0,0.12,0.2,0.05,0.15,0.15,0.061282587702834124,,,,,,NORMAL,True,True,True,True,False,False,False,True,False,,,,
f0a1d7a32292606eca90ad95,STATIC_SELECTIVE_RISK,Module_12_CrossDomain,sklearn_fixture,29993fa5a07111060fb234185b682f6717de16a4d2e1350bc14293597f01621f,rf_digits_parity_v1,digits_parity,digits_parity,42,,,,2026-09-02T20:45:00Z,1.2.0,62e10bc07ec9873f,SAMPLE_PREDICTION_ERROR,prediction_error == 1 when model prediction != true target,model_prediction_versus_ground_truth,False,0,0,True,0,0.12,0.2,0.05,0.15,0.15,0.061282587702834124,,,,,,NORMAL,True,True,True,True,False,False,False,True,False,,,,
9cad939e6102b021d04e58ae,STATIC_SELECTIVE_RISK,Module_12_CrossDomain,sklearn_fixture,29993fa5a07111060fb234185b682f6717de16a4d2e1350bc14293597f01621f,rf_digits_parity_v1,digits_parity,digits_parity,42,,,,2026-09-02T20:45:00Z,1.2.0,62e10bc07ec9873f,SAMPLE_PREDICTION_ERROR,prediction_error == 1 when model prediction != true target,model_prediction_versus_ground_truth,False,1,1,True,0,0.12,0.2,0.05,0.15,0.15,0.061282587702834124,,,,,,NORMAL,True,True,True,True,False,False,False,True,False,,,,
712de837f4226381b8aaca80,STATIC_SELECTIVE_RISK,Module_12_CrossDomain,sklearn_fixture,29993fa5a07111060fb234185b682f6717de16a4d2e1350bc14293597f01621f,rf_digits_parity_v1,digits_parity,digits_parity,42,,,,2026-09-02T20:45:00Z,1.2.0,62e10bc07ec9873f,SAMPLE_PREDICTION_ERROR,prediction_error == 1 when model prediction != true target,model_prediction_versus_ground_truth,False,1,1,True,0,0.12,0.2,0.05,0.15,0.15,0.061282587702834124,,,,,,NORMAL,True,True,True,True,False,False,False,True,False,,,,
2ee7708574c7086b3e58fdc4,STATIC_SELECTIVE_RISK,Module_12_CrossDomain,sklearn_fixture,29993fa5a07111060fb234185b682f6717de16a4d2e1350bc14293597f01621f,rf_digits_parity_v1,digits_parity,digits_parity,42,,,,2026-09-02T20:45:00Z,1.2.0,62e10bc07ec9873f,SAMPLE_PREDICTION_ERROR,prediction_error == 1 when model prediction != true target,model_prediction_versus_ground_truth,False,1,1,True,0,0.12,0.2,0.05,0.15,0.15,0.061282587702834124,,,,,,NORMAL,True,True,True,True,False,False,False,True,False,,,,
7ea8f2defc2f5aa4fbca490d,STATIC_SELECTIVE_RISK,Module_12_CrossDomain,sklearn_fixture,29993fa5a07111060fb234185b682f6717de16a4d2e1350bc14293597f01621f,rf_digits_parity_v1,digits_parity,digits_parity,42,,,,2026-09-02T20:45:00Z,1.2.0,62e10bc07ec9873f,SAMPLE_PREDICTION_ERROR,prediction_error == 1 when model prediction != true target,model_prediction_versus_ground_truth,False,0,0,True,0,0.12,0.2,0.05,0.15,0.15,0.061282587702834124,,,,,,NORMAL,True,True,True,True,False,False,False,True,False,,,,
055ef969975283d17c947a14,STATIC_SELECTIVE_RISK,Module_12_CrossDomain,sklearn_fixture,29993fa5a07111060fb234185b682f6717de16a4d2e1350bc14293597f01621f,rf_digits_parity_v1,digits_parity,digits_parity,42,,,,2026-09-02T20:45:00Z,1.2.0,62e10bc07ec9873f,SAMPLE_PREDICTION_ERROR,prediction_error == 1 when model prediction != true target,model_prediction_versus_ground_truth,False,1,1,True,0,0.12,0.2,0.05,0.15,0.15,0.061282587702834124,,,,,,NORMAL,True,True,True,True,False,False,False,True,False,,,,
a02412cba6f79dde59b7ee0a,STATIC_SELECTIVE_RISK,Module_12_CrossDomain,sklearn_fixture,29993fa5a07111060fb234185b682f6717de16a4d2e1350bc14293597f01621f,rf_digits_parity_v1,digits_parity,digits_parity,42,,,,2026-09-02T20:45:00Z,1.2.0,62e10bc07ec9873f,SAMPLE_PREDICTION_ERROR,prediction_error == 1 when model prediction != true target,model_prediction_versus_ground_truth,False,1,1,True,0,0.12,0.2,0.05,0.15,0.15,0.061282587702834124,,,,,,NORMAL,True,True,True,True,False,False,False,True,False,,,,
5c5f2c679b9b10172a478311,STATIC_SELECTIVE_RISK,Module_12_CrossDomain,sklearn_fixture,29993fa5a07111060fb234185b682f6717de16a4d2e1350bc14293597f01621f,rf_digits_parity_v1,digits_parity,digits_parity,42,,,,2026-09-02T20:45:00Z,1.2.0,62e10bc07ec9873f,SAMPLE_PREDICTION_ERROR,prediction_error == 1 when model prediction != true target,model_prediction_versus_ground_truth,False,0,0,True,0,0.12,0.2,0.05,0.15,0.15,0.061282587702834124,,,,,,NORMAL,True,True,True,True,False,False,False,True,False,,,,
740c0f860df9ccd7ef7dd112,STATIC_SELECTIVE_RISK,Module_12_CrossDomain,sklearn_fixture,29993fa5a07111060fb234185b682f6717de16a4d2e1350bc14293597f01621f,rf_digits_parity_v1,digits_parity,digits_parity,42,,,,2026-09-02T20:45:00Z,1.2.0,62e10bc07ec9873f,SAMPLE_PREDICTION_ERROR,prediction_error == 1 when model prediction != true target,model_prediction_versus_ground_truth,False,0,0,True,0,0.12,0.2,0.05,0.15,0.15,0.061282587702834124,,,,,,NORMAL,True,True,True,True,False,False,False,True,False,,,,
dd7b2005d6f4b018f3b2b507,STATIC_SELECTIVE_RISK,Module_12_CrossDomain,sklearn_fixture,29993fa5a07111060fb234185b682f6717de16a4d2e1350bc14293597f01621f,rf_digits_parity_v1,digits_parity,digits_parity,42,,,,2026-09-02T20:45:00Z,1.2.0,62e10bc07ec9873f,SAMPLE_PREDICTION_ERROR,prediction_error == 1 when model prediction != true target,model_prediction_versus_ground_truth,False,0,0,True,0,0.12,0.2,0.05,0.15,0.15,0.061282587702834124,,,,,,NORMAL,True,True,True,True,False,False,False,True,False,,,,
bd2b5311abe53f932b3f399f,STATIC_SELECTIVE_RISK,Module_12_CrossDomain,sklearn_fixture,29993fa5a07111060fb234185b682f6717de16a4d2e1350bc14293597f01621f,rf_digits_parity_v1,digits_parity,digits_parity,42,,,,2026-09-02T20:45:00Z,1.2.0,62e10bc07ec9873f,SAMPLE_PREDICTION_ERROR,prediction_error == 1 when model prediction != true target,model_prediction_versus_ground_truth,False,0,0,True,0,0.12,0.2,0.05,0.15,0.15,0.061282587702834124,,,,,,NORMAL,True,True,True,True,False,False,False,True,False,,,,
3af1bf3c12e308fa8e935486,STATIC_SELECTIVE_RISK,Module_12_CrossDomain,sklearn_fixture,29993fa5a07111060fb234185b682f6717de16a4d2e1350bc14293597f01621f,rf_digits_parity_v1,digits_parity,digits_parity,42,,,,2026-09-02T20:45:00Z,1.2.0,62e10bc07ec9873f,SAMPLE_PREDICTION_ERROR,prediction_error == 1 when model prediction != true target,model_prediction_versus_ground_truth,False,0,0,True,0,0.12,0.2,0.05,0.15,0.15,0.061282587702834124,,,,,,NORMAL,True,True,True,True,False,False,False,True,False,,,,
63b31344c67b4f751eb30bfc,STATIC_SELECTIVE_RISK,Module_12_CrossDomain,sklearn_fixture,29993fa5a07111060fb234185b682f6717de16a4d2e1350bc14293597f01621f,rf_digits_parity_v1,digits_parity,digits_parity,42,,,,2026-09-02T20:45:00Z,1.2.0,62e10bc07ec9873f,SAMPLE_PREDICTION_ERROR,prediction_error == 1 when model prediction != true target,model_prediction_versus_ground_truth,False,1,1,True,0,0.12,0.2,0.05,0.15,0.15,0.061282587702834124,,,,,,NORMAL,True,True,True,True,False,False,False,True,False,,,,
2ef51581e0363bee10c11ef2,STATIC_SELECTIVE_RISK,Module_12_CrossDomain,sklearn_fixture,29993fa5a07111060fb234185b682f6717de16a4d2e1350bc14293597f01621f,rf_digits_parity_v1,digits_parity,digits_parity,42,,,,2026-09-02T20:45:00Z,1.2.0,62e10bc07ec9873f,SAMPLE_PREDICTION_ERROR,prediction_error == 1 when model prediction != true target,model_prediction_versus_ground_truth,False,1,1,True,0,0.12,0.2,0.05,0.15,0.15,0.061282587702834124,,,,,,NORMAL,True,True,True,True,False,False,False,True,False,,,,
16014b17b87f7afd8ea36782,STATIC_SELECTIVE_RISK,Module_12_CrossDomain,sklearn_fixture,29993fa5a07111060fb234185b682f6717de16a4d2e1350bc14293597f01621f,rf_digits_parity_v1,digits_parity,digits_parity,42,,,,2026-09-02T20:45:00Z,1.2.0,62e10bc07ec9873f,SAMPLE_PREDICTION_ERROR,prediction_error == 1 when model prediction != true target,model_prediction_versus_ground_truth,False,1,1,True,0,0.12,0.2,0.05,0.15,0.15,0.061282587702834124,,,,,,NORMAL,True,True,True,True,False,False,False,True,False,,,,
7e1b74729cb74cf303529575,STATIC_SELECTIVE_RISK,Module_12_CrossDomain,sklearn_fixture,29993fa5a07111060fb234185b682f6717de16a4d2e1350bc14293597f01621f,rf_digits_parity_v1,digits_parity,digits_parity,42,,,,2026-09-02T20:45:00Z,1.2.0,62e10bc07ec9873f,SAMPLE_PREDICTION_ERROR,prediction_error == 1 when model prediction != true target,model_prediction_versus_ground_truth,False,1,1,True,0,0.12,0.2,0.05,0.15,0.15,0.061282587702834124,,,,,,NORMAL,True,True,True,True,False,False,False,True,False,,,,
33209d516781a97662204530,STATIC_SELECTIVE_RISK,Module_12_CrossDomain,sklearn_fixture,29993fa5a07111060fb234185b682f6717de16a4d2e1350bc14293597f01621f,rf_digits_parity_v1,digits_parity,digits_parity,42,,,,2026-09-02T20:45:00Z,1.2.0,62e10bc07ec9873f,SAMPLE_PREDICTION_ERROR,prediction_error == 1 when model prediction != true target,model_prediction_versus_ground_truth,False,1,1,True,0,0.12,0.2,0.05,0.15,0.15,0.061282587702834124,,,,,,NORMAL,True,True,True,True,False,False,False,True,False,,,,
70acaa07451e507e1698a1a0,STATIC_SELECTIVE_RISK,Module_12_CrossDomain,sklearn_fixture,29993fa5a07111060fb234185b682f6717de16a4d2e1350bc14293597f01621f,rf_digits_parity_v1,digits_parity,digits_parity,42,,,,2026-09-02T20:45:00Z,1.2.0,62e10bc07ec9873f,SAMPLE_PREDICTION_ERROR,prediction_error == 1 when model prediction != true target,model_prediction_versus_ground_truth,False,0,0,True,0,0.12,0.2,0.05,0.15,0.15,0.061282587702834124,,,,,,NORMAL,True,True,True,True,False,False,False,True,False,,,,
c523bedbddd163c77bbf765f,STATIC_SELECTIVE_RISK,Module_12_CrossDomain,sklearn_fixture,29993fa5a07111060fb234185b682f6717de16a4d2e1350bc14293597f01621f,rf_digits_parity_v1,digits_parity,digits_parity,42,,,,2026-09-02T20:45:00Z,1.2.0,62e10bc07ec9873f,SAMPLE_PREDICTION_ERROR,prediction_error == 1 when model prediction != true target,model_prediction_versus_ground_truth,False,0,0,True,0,0.12,0.2,0.05,0.15,0.15,0.061282587702834124,,,,,,NORMAL,True,True,True,True,False,False,False,True,False,,,,
93ecc5ee7007792d2e24c103,STATIC_SELECTIVE_RISK,Module_12_CrossDomain,sklearn_fixture,29993fa5a07111060fb234185b682f6717de16a4d2e1350bc14293597f01621f,rf_digits_parity_v1,digits_parity,digits_parity,42,,,,2026-09-02T20:45:00Z,1.2.0,62e10bc07ec9873f,SAMPLE_PREDICTION_ERROR,prediction_error == 1 when model prediction != true target,model_prediction_versus_ground_truth,False,0,0,True,0,0.12,0.2,0.05,0.15,0.15,0.061282587702834124,,,,,,NORMAL,True,True,True,True,False,False,False,True,False,,,,
e8702d402b888e3da567c6ad,STATIC_SELECTIVE_RISK,Module_12_CrossDomain,sklearn_fixture,29993fa5a07111060fb234185b682f6717de16a4d2e1350bc14293597f01621f,rf_digits_parity_v1,digits_parity,digits_parity,42,,,,2026-09-02T20:45:00Z,1.2.0,62e10bc07ec9873f,SAMPLE_PREDICTION_ERROR,prediction_error == 1 when model prediction != true target,model_prediction_versus_ground_truth,False,1,1,True,0,0.12,0.2,0.05,0.15,0.15,0.061282587702834124,,,,,,NORMAL,True,True,True,True,False,False,False,True,False,,,,
c45260934fb283ee52ea6c56,STATIC_SELECTIVE_RISK,Module_12_CrossDomain,sklearn_fixture,29993fa5a07111060fb234185b682f6717de16a4d2e1350bc14293597f01621f,rf_digits_parity_v1,digits_parity,digits_parity,42,,,,2026-09-02T20:45:00Z,1.2.0,62e10bc07ec9873f,SAMPLE_PREDICTION_ERROR,prediction_error == 1 when model prediction != true target,model_prediction_versus_ground_truth,False,0,0,True,0,0.12,0.2,0.05,0.15,0.15,0.061282587702834124,,,,,,NORMAL,True,True,True,True,False,False,False,True,False,,,,
98757936c96492339fbe35b3,STATIC_SELECTIVE_RISK,Module_12_CrossDomain,sklearn_fixture,29993fa5a07111060fb234185b682f6717de16a4d2e1350bc14293597f01621f,rf_digits_parity_v1,digits_parity,digits_parity,42,,,,2026-09-02T20:45:00Z,1.2.0,62e10bc07ec9873f,SAMPLE_PREDICTION_ERROR,prediction_error == 1 when model prediction != true target,model_prediction_versus_ground_truth,False,0,0,True,0,0.12,0.2,0.05,0.15,0.15,0.061282587702834124,,,,,,NORMAL,True,True,True,True,False,False,False,True,False,,,,
0eecb61e986d875c0c3f96d8,STATIC_SELECTIVE_RISK,Module_12_CrossDomain,sklearn_fixture,29993fa5a07111060fb234185b682f6717de16a4d2e1350bc14293597f01621f,rf_digits_parity_v1,digits_parity,digits_parity,42,,,,2026-09-02T20:45:00Z,1.2.0,62e10bc07ec9873f,SAMPLE_PREDICTION_ERROR,prediction_error == 1 when model prediction != true target,model_prediction_versus_ground_truth,False,1,1,True,0,0.12,0.2,0.05,0.15,0.15,0.061282587702834124,,,,,,NORMAL,True,True,True,True,False,False,False,True,False,,,,
3da273c73e38b1885bc3db8f,STATIC_SELECTIVE_RISK,Module_12_CrossDomain,sklearn_fixture,29993fa5a07111060fb234185b682f6717de16a4d2e1350bc14293597f01621f,rf_digits_parity_v1,digits_parity,digits_parity,42,,,,2026-09-02T20:45:00Z,1.2.0,62e10bc07ec9873f,SAMPLE_PREDICTION_ERROR,prediction_error == 1 when model prediction != true target,model_prediction_versus_ground_truth,False,1,1,True,0,0.12,0.2,0.05,0.15,0.15,0.061282587702834124,,,,,,NORMAL,True,True,True,True,False,False,False,True,False,,,,
4a6a12db31059e3261f96db9,STATIC_SELECTIVE_RISK,Module_12_CrossDomain,sklearn_fixture,29993fa5a07111060fb234185b682f6717de16a4d2e1350bc14293597f01621f,rf_digits_parity_v1,digits_parity,digits_parity,42,,,,2026-09-02T20:45:00Z,1.2.0,62e10bc07ec9873f,SAMPLE_PREDICTION_ERROR,prediction_error == 1 when model prediction != true target,model_prediction_versus_ground_truth,False,1,1,True,0,0.12,0.2,0.05,0.15,0.15,0.061282587702834124,,,,,,NORMAL,True,True,True,True,False,False,False,True,False,,,,
134b141c2046fd86589a6aef,STATIC_SELECTIVE_RISK,Module_12_CrossDomain,sklearn_fixture,29993fa5a07111060fb234185b682f6717de16a4d2e1350bc14293597f01621f,rf_digits_parity_v1,digits_parity,digits_parity,42,,,,2026-09-02T20:45:00Z,1.2.0,62e10bc07ec9873f,SAMPLE_PREDICTION_ERROR,prediction_error == 1 when model prediction != true target,model_prediction_versus_ground_truth,False,1,1,True,0,0.12,0.2,0.05,0.15,0.15,0.061282587702834124,,,,,,NORMAL,True,True,True,True,False,False,False,True,False,,,,
ff8822beb4bddccb3e342933,STATIC_SELECTIVE_RISK,Module_12_CrossDomain,sklearn_fixture,29993fa5a07111060fb234185b682f6717de16a4d2e1350bc14293597f01621f,rf_digits_parity_v1,digits_parity,digits_parity,42,,,,2026-09-02T20:45:00Z,1.2.0,62e10bc07ec9873f,SAMPLE_PREDICTION_ERROR,prediction_error == 1 when model prediction != true target,model_prediction_versus_ground_truth,False,1,1,True,0,0.12,0.2,0.05,0.15,0.15,0.061282587702834124,,,,,,NORMAL,True,True,True,True,False,False,False,True,False,,,,
4c842ceaaa38c6c190bead48,STATIC_SELECTIVE_RISK,Module_12_CrossDomain,sklearn_fixture,29993fa5a07111060fb234185b682f6717de16a4d2e1350bc14293597f01621f,rf_digits_parity_v1,digits_parity,digits_parity,42,,,,2026-09-02T20:45:00Z,1.2.0,62e10bc07ec9873f,SAMPLE_PREDICTION_ERROR,prediction_error == 1 when model prediction != true target,model_prediction_versus_ground_truth,False,0,0,True,0,0.12,0.2,0.05,0.15,0.15,0.061282587702834124,,,,,,NORMAL,True,True,True,True,False,False,False,True,False,,,,
c459b441268703db984f3583,STATIC_SELECTIVE_RISK,Module_12_CrossDomain,sklearn_fixture,29993fa5a07111060fb234185b682f6717de16a4d2e1350bc14293597f01621f,rf_digits_parity_v1,digits_parity,digits_parity,42,,,,2026-09-02T20:45:00Z,1.2.0,62e10bc07ec9873f,SAMPLE_PREDICTION_ERROR,prediction_error == 1 when model prediction != true target,model_prediction_versus_ground_truth,False,0,0,True,0,0.12,0.2,0.05,0.15,0.15,0.061282587702834124,,,,,,NORMAL,True,True,True,True,False,False,False,True,False,,,,
b315b2c59fa522a612279ff7,STATIC_SELECTIVE_RISK,Module_12_CrossDomain,sklearn_fixture,29993fa5a07111060fb234185b682f6717de16a4d2e1350bc14293597f01621f,rf_digits_parity_v1,digits_parity,digits_parity,42,,,,2026-09-02T20:45:00Z,1.2.0,62e10bc07ec9873f,SAMPLE_PREDICTION_ERROR,prediction_error == 1 when model prediction != true target,model_prediction_versus_ground_truth,False,1,1,True,0,0.12,0.2,0.05,0.15,0.15,0.061282587702834124,,,,,,NORMAL,True,True,True,True,False,False,False,True,False,,,,
d12d19fa8c5cd40683e9ea3a,STATIC_SELECTIVE_RISK,Module_12_CrossDomain,sklearn_fixture,29993fa5a07111060fb234185b682f6717de16a4d2e1350bc14293597f01621f,rf_digits_parity_v1,digits_parity,digits_parity,42,,,,2026-09-02T20:45:00Z,1.2.0,62e10bc07ec9873f,SAMPLE_PREDICTION_ERROR,prediction_error == 1 when model prediction != true target,model_prediction_versus_ground_truth,False,0,0,True,0,0.12,0.2,0.05,0.15,0.15,0.061282587702834124,,,,,,NORMAL,True,True,True,True,False,False,False,True,False,,,,
fb2b32f2a038293faf6e0601,STATIC_SELECTIVE_RISK,Module_12_CrossDomain,sklearn_fixture,29993fa5a07111060fb234185b682f6717de16a4d2e1350bc14293597f01621f,rf_digits_parity_v1,digits_parity,digits_parity,42,,,,2026-09-02T20:45:00Z,1.2.0,62e10bc07ec9873f,SAMPLE_PREDICTION_ERROR,prediction_error == 1 when model prediction != true target,model_prediction_versus_ground_truth,False,1,1,True,0,0.12,0.2,0.05,0.15,0.15,0.061282587702834124,,,,,,NORMAL,True,True,True,True,False,False,False,True,False,,,,
7d9249b743596133fc640dc5,STATIC_SELECTIVE_RISK,Module_12_CrossDomain,sklearn_fixture,29993fa5a07111060fb234185b682f6717de16a4d2e1350bc14293597f01621f,rf_digits_parity_v1,digits_parity,digits_parity,42,,,,2026-09-02T20:45:00Z,1.2.0,62e10bc07ec9873f,SAMPLE_PREDICTION_ERROR,prediction_error == 1 when model prediction != true target,model_prediction_versus_ground_truth,False,0,0,True,0,0.12,0.2,0.05,0.15,0.15,0.061282587702834124,,,,,,NORMAL,True,True,True,True,False,False,False,True,False,,,,
66d91da154c88787888366af,STATIC_SELECTIVE_RISK,Module_12_CrossDomain,sklearn_fixture,29993fa5a07111060fb234185b682f6717de16a4d2e1350bc14293597f01621f,rf_digits_parity_v1,digits_parity,digits_parity,42,,,,2026-09-02T20:45:00Z,1.2.0,62e10bc07ec9873f,SAMPLE_PREDICTION_ERROR,prediction_error == 1 when model prediction != true target,model_prediction_versus_ground_truth,False,0,0,True,0,0.12,0.2,0.05,0.15,0.15,0.061282587702834124,,,,,,NORMAL,True,True,True,True,False,False,False,True,False,,,,
7a240a24ee86b7fef961ff2e,STATIC_SELECTIVE_RISK,Module_12_CrossDomain,sklearn_fixture,29993fa5a07111060fb234185b682f6717de16a4d2e1350bc14293597f01621f,rf_digits_parity_v1,digits_parity,digits_parity,42,,,,2026-09-02T20:45:00Z,1.2.0,62e10bc07ec9873f,SAMPLE_PREDICTION_ERROR,prediction_error == 1 when model prediction != true target,model_prediction_versus_ground_truth,False,1,1,True,0,0.12,0.2,0.05,0.15,0.15,0.061282587702834124,,,,,,NORMAL,True,True,True,True,False,False,False,True,False,,,,
f3091f70ab1a4feb61b1dd07,STATIC_SELECTIVE_RISK,Module_12_CrossDomain,sklearn_fixture,29993fa5a07111060fb234185b682f6717de16a4d2e1350bc14293597f01621f,rf_digits_parity_v1,digits_parity,digits_parity,42,,,,2026-09-02T20:45:00Z,1.2.0,62e10bc07ec9873f,SAMPLE_PREDICTION_ERROR,prediction_error == 1 when model prediction != true target,model_prediction_versus_ground_truth,False,1,1,True,0,0.12,0.2,0.05,0.15,0.15,0.061282587702834124,,,,,,NORMAL,True,True,True,True,False,False,False,True,False,,,,
052f255a146268d4aff1975e,STATIC_SELECTIVE_RISK,Module_12_CrossDomain,sklearn_fixture,29993fa5a07111060fb234185b682f6717de16a4d2e1350bc14293597f01621f,rf_digits_parity_v1,digits_parity,digits_parity,42,,,,2026-09-02T20:45:00Z,1.2.0,62e10bc07ec9873f,SAMPLE_PREDICTION_ERROR,prediction_error == 1 when model prediction != true target,model_prediction_versus_ground_truth,False,0,0,True,0,0.12,0.2,0.05,0.15,0.15,0.061282587702834124,,,,,,NORMAL,True,True,True,True,False,False,False,True,False,,,,
cbc5e9f805e572db6b13bca4,STATIC_SELECTIVE_RISK,Module_12_CrossDomain,sklearn_fixture,29993fa5a07111060fb234185b682f6717de16a4d2e1350bc14293597f01621f,rf_digits_parity_v1,digits_parity,digits_parity,42,,,,2026-09-02T20:45:00Z,1.2.0,62e10bc07ec9873f,SAMPLE_PREDICTION_ERROR,prediction_error == 1 when model prediction != true target,model_prediction_versus_ground_truth,False,0,0,True,0,0.12,0.2,0.05,0.15,0.15,0.061282587702834124,,,,,,NORMAL,True,True,True,True,False,False,False,True,False,,,,
ed34ee9ee45845aaa89d5c18,STATIC_SELECTIVE_RISK,Module_12_CrossDomain,sklearn_fixture,29993fa5a07111060fb234185b682f6717de16a4d2e1350bc14293597f01621f,rf_digits_parity_v1,digits_parity,digits_parity,42,,,,2026-09-02T20:45:00Z,1.2.0,62e10bc07ec9873f,SAMPLE_PREDICTION_ERROR,prediction_error == 1 when model prediction != true target,model_prediction_versus_ground_truth,False,0,0,True,0,0.12,0.2,0.05,0.15,0.15,0.061282587702834124,,,,,,NORMAL,True,True,True,True,False,False,False,True,False,,,,
d4b92d59fc1d57298066549b,STATIC_SELECTIVE_RISK,Module_12_CrossDomain,sklearn_fixture,29993fa5a07111060fb234185b682f6717de16a4d2e1350bc14293597f01621f,rf_digits_parity_v1,digits_parity,digits_parity,42,,,,2026-09-02T20:45:00Z,1.2.0,62e10bc07ec9873f,SAMPLE_PREDICTION_ERROR,prediction_error == 1 when model prediction != true target,model_prediction_versus_ground_truth,False,0,0,True,0,0.12,0.2,0.05,0.15,0.15,0.061282587702834124,,,,,,NORMAL,True,True,True,True,False,False,False,True,False,,,,
62eb392e4ed4b374e4e55337,STATIC_SELECTIVE_RISK,Module_12_CrossDomain,sklearn_fixture,29993fa5a07111060fb234185b682f6717de16a4d2e1350bc14293597f01621f,rf_digits_parity_v1,digits_parity,digits_parity,42,,,,2026-09-02T20:45:00Z,1.2.0,62e10bc07ec9873f,SAMPLE_PREDICTION_ERROR,prediction_error == 1 when model prediction != true target,model_prediction_versus_ground_truth,False,0,0,True,0,0.12,0.2,0.05,0.15,0.15,0.061282587702834124,,,,,,NORMAL,True,True,True,True,False,False,False,True,False,,,,
d7ba9af761d7eb3f1f4dae9e,STATIC_SELECTIVE_RISK,Module_12_CrossDomain,sklearn_fixture,29993fa5a07111060fb234185b682f6717de16a4d2e1350bc14293597f01621f,rf_digits_parity_v1,digits_parity,digits_parity,42,,,,2026-09-02T20:45:00Z,1.2.0,62e10bc07ec9873f,SAMPLE_PREDICTION_ERROR,prediction_error == 1 when model prediction != true target,model_prediction_versus_ground_truth,False,0,0,True,0,0.12,0.2,0.05,0.15,0.15,0.061282587702834124,,,,,,NORMAL,True,True,True,True,False,False,False,True,False,,,,
dda030f0fd95405cf116deb1,STATIC_SELECTIVE_RISK,Module_12_CrossDomain,sklearn_fixture,29993fa5a07111060fb234185b682f6717de16a4d2e1350bc14293597f01621f,rf_digits_parity_v1,digits_parity,digits_parity,42,,,,2026-09-02T20:45:00Z,1.2.0,62e10bc07ec9873f,SAMPLE_PREDICTION_ERROR,prediction_error == 1 when model prediction != true target,model_prediction_versus_ground_truth,False,1,1,True,0,0.12,0.2,0.05,0.15,0.15,0.061282587702834124,,,,,,NORMAL,True,True,True,True,False,False,False,True,False,,,,
429c0136280a0291952ddf60,STATIC_SELECTIVE_RISK,Module_12_CrossDomain,sklearn_fixture,29993fa5a07111060fb234185b682f6717de16a4d2e1350bc14293597f01621f,rf_digits_parity_v1,digits_parity,digits_parity,42,,,,2026-09-02T20:45:00Z,1.2.0,62e10bc07ec9873f,SAMPLE_PREDICTION_ERROR,prediction_error == 1 when model prediction != true target,model_prediction_versus_ground_truth,False,1,1,True,0,0.12,0.2,0.05,0.15,0.15,0.061282587702834124,,,,,,NORMAL,True,True,True,True,False,False,False,True,False,,,,
50c55d10553cc18a6c3c50c6,STATIC_SELECTIVE_RISK,Module_12_CrossDomain,sklearn_fixture,29993fa5a07111060fb234185b682f6717de16a4d2e1350bc14293597f01621f,rf_digits_parity_v1,digits_parity,digits_parity,42,,,,2026-09-02T20:45:00Z,1.2.0,62e10bc07ec9873f,SAMPLE_PREDICTION_ERROR,prediction_error == 1 when model prediction != true target,model_prediction_versus_ground_truth,False,1,1,True,0,0.12,0.2,0.05,0.15,0.15,0.061282587702834124,,,,,,NORMAL,True,True,True,True,False,False,False,True,False,,,,
44f5e3bff50e28ba567d3aa7,STATIC_SELECTIVE_RISK,Module_12_CrossDomain,sklearn_fixture,29993fa5a07111060fb234185b682f6717de16a4d2e1350bc14293597f01621f,rf_digits_parity_v1,digits_parity,digits_parity,42,,,,2026-09-02T20:45:00Z,1.2.0,62e10bc07ec9873f,SAMPLE_PREDICTION_ERROR,prediction_error == 1 when model prediction != true target,model_prediction_versus_ground_truth,False,0,0,True,0,0.12,0.2,0.05,0.15,0.15,0.061282587702834124,,,,,,NORMAL,True,True,True,True,False,False,False,True,False,,,,
99eee70860494d7263f581e4,STATIC_SELECTIVE_RISK,Module_12_CrossDomain,sklearn_fixture,29993fa5a07111060fb234185b682f6717de16a4d2e1350bc14293597f01621f,rf_digits_parity_v1,digits_parity,digits_parity,42,,,,2026-09-02T20:45:00Z,1.2.0,62e10bc07ec9873f,SAMPLE_PREDICTION_ERROR,prediction_error == 1 when model prediction != true target,model_prediction_versus_ground_truth,False,0,0,True,0,0.12,0.2,0.05,0.15,0.15,0.061282587702834124,,,,,,NORMAL,True,True,True,True,False,False,False,True,False,,,,
78a3cbb7efec83178129df15,STATIC_SELECTIVE_RISK,Module_12_CrossDomain,sklearn_fixture,29993fa5a07111060fb234185b682f6717de16a4d2e1350bc14293597f01621f,rf_digits_parity_v1,digits_parity,digits_parity,42,,,,2026-09-02T20:45:00Z,1.2.0,62e10bc07ec9873f,SAMPLE_PREDICTION_ERROR,prediction_error == 1 when model prediction != true target,model_prediction_versus_ground_truth,False,1,1,True,0,0.12,0.2,0.05,0.15,0.15,0.061282587702834124,,,,,,NORMAL,True,True,True,True,False,False,False,True,False,,,,
5931369c11fc8fde7bdf3af8,STATIC_SELECTIVE_RISK,Module_12_CrossDomain,sklearn_fixture,29993fa5a07111060fb234185b682f6717de16a4d2e1350bc14293597f01621f,rf_digits_parity_v1,digits_parity,digits_parity,42,,,,2026-09-02T20:45:00Z,1.2.0,62e10bc07ec9873f,SAMPLE_PREDICTION_ERROR,prediction_error == 1 when model prediction != true target,model_prediction_versus_ground_truth,False,1,1,True,0,0.12,0.2,0.05,0.15,0.15,0.061282587702834124,,,,,,NORMAL,True,True,True,True,False,False,False,True,False,,,,
3e9f7475f7f753c9a70428d5,STATIC_SELECTIVE_RISK,Module_12_CrossDomain,sklearn_fixture,29993fa5a07111060fb234185b682f6717de16a4d2e1350bc14293597f01621f,rf_digits_parity_v1,digits_parity,digits_parity,42,,,,2026-09-02T20:45:00Z,1.2.0,62e10bc07ec9873f,SAMPLE_PREDICTION_ERROR,prediction_error == 1 when model prediction != true target,model_prediction_versus_ground_truth,False,0,0,True,0,0.12,0.2,0.05,0.15,0.15,0.061282587702834124,,,,,,NORMAL,True,True,True,True,False,False,False,True,False,,,,
e55a8edd3d142ceb050edd26,STATIC_SELECTIVE_RISK,Module_12_CrossDomain,sklearn_fixture,29993fa5a07111060fb234185b682f6717de16a4d2e1350bc14293597f01621f,rf_digits_parity_v1,digits_parity,digits_parity,42,,,,2026-09-02T20:45:00Z,1.2.0,62e10bc07ec9873f,SAMPLE_PREDICTION_ERROR,prediction_error == 1 when model prediction != true target,model_prediction_versus_ground_truth,False,0,0,True,0,0.12,0.2,0.05,0.15,0.15,0.061282587702834124,,,,,,NORMAL,True,True,True,True,False,False,False,True,False,,,,
d72992237947c011c7570966,STATIC_SELECTIVE_RISK,Module_12_CrossDomain,sklearn_fixture,29993fa5a07111060fb234185b682f6717de16a4d2e1350bc14293597f01621f,rf_digits_parity_v1,digits_parity,digits_parity,42,,,,2026-09-02T20:45:00Z,1.2.0,62e10bc07ec9873f,SAMPLE_PREDICTION_ERROR,prediction_error == 1 when model prediction != true target,model_prediction_versus_ground_truth,False,1,1,True,0,0.12,0.2,0.05,0.15,0.15,0.061282587702834124,,,,,,NORMAL,True,True,True,True,False,False,False,True,False,,,,
c72ddee7dd782d39577ac131,STATIC_SELECTIVE_RISK,Module_12_CrossDomain,sklearn_fixture,29993fa5a07111060fb234185b682f6717de16a4d2e1350bc14293597f01621f,rf_digits_parity_v1,digits_parity,digits_parity,42,,,,2026-09-02T20:45:00Z,1.2.0,62e10bc07ec9873f,SAMPLE_PREDICTION_ERROR,prediction_error == 1 when model prediction != true target,model_prediction_versus_ground_truth,False,0,0,True,0,0.12,0.2,0.05,0.15,0.15,0.061282587702834124,,,,,,NORMAL,True,True,True,True,False,False,False,True,False,,,,
58425e31b795eb8ed604289d,STATIC_SELECTIVE_RISK,Module_12_CrossDomain,sklearn_fixture,29993fa5a07111060fb234185b682f6717de16a4d2e1350bc14293597f01621f,rf_digits_parity_v1,digits_parity,digits_parity,42,,,,2026-09-02T20:45:00Z,1.2.0,62e10bc07ec9873f,SAMPLE_PREDICTION_ERROR,prediction_error == 1 when model prediction != true target,model_prediction_versus_ground_truth,False,1,1,True,0,0.12,0.2,0.05,0.15,0.15,0.061282587702834124,,,,,,NORMAL,True,True,True,True,False,False,False,True,False,,,,
0e3f4c95edd30be92e4ea0c6,STATIC_SELECTIVE_RISK,Module_12_CrossDomain,sklearn_fixture,29993fa5a07111060fb234185b682f6717de16a4d2e1350bc14293597f01621f,rf_digits_parity_v1,digits_parity,digits_parity,42,,,,2026-09-02T20:45:00Z,1.2.0,62e10bc07ec9873f,SAMPLE_PREDICTION_ERROR,prediction_error == 1 when model prediction != true target,model_prediction_versus_ground_truth,False,0,0,True,0,0.12,0.2,0.05,0.15,0.15,0.061282587702834124,,,,,,NORMAL,True,True,True,True,False,False,False,True,False,,,,
4e9cd875724a0a38406d72e0,STATIC_SELECTIVE_RISK,Module_12_CrossDomain,sklearn_fixture,29993fa5a07111060fb234185b682f6717de16a4d2e1350bc14293597f01621f,rf_digits_parity_v1,digits_parity,digits_parity,42,,,,2026-09-02T20:45:00Z,1.2.0,62e10bc07ec9873f,SAMPLE_PREDICTION_ERROR,prediction_error == 1 when model prediction != true target,model_prediction_versus_ground_truth,False,0,0,True,0,0.12,0.2,0.05,0.15,0.15,0.061282587702834124,,,,,,NORMAL,True,True,True,True,False,False,False,True,False,,,,
d5907a8736a25d33c82903fc,STATIC_SELECTIVE_RISK,Module_12_CrossDomain,sklearn_fixture,29993fa5a07111060fb234185b682f6717de16a4d2e1350bc14293597f01621f,rf_digits_parity_v1,digits_parity,digits_parity,42,,,,2026-09-02T20:45:00Z,1.2.0,62e10bc07ec9873f,SAMPLE_PREDICTION_ERROR,prediction_error == 1 when model prediction != true target,model_prediction_versus_ground_truth,False,0,0,True,0,0.12,0.2,0.05,0.15,0.15,0.061282587702834124,,,,,,NORMAL,True,True,True,True,False,False,False,True,False,,,,
f00a1da2a7dbe1de9bcadc4d,STATIC_SELECTIVE_RISK,Module_12_CrossDomain,sklearn_fixture,29993fa5a07111060fb234185b682f6717de16a4d2e1350bc14293597f01621f,rf_digits_parity_v1,digits_parity,digits_parity,42,,,,2026-09-02T20:45:00Z,1.2.0,62e10bc07ec9873f,SAMPLE_PREDICTION_ERROR,prediction_error == 1 when model prediction != true target,model_prediction_versus_ground_truth,False,1,1,True,0,0.12,0.2,0.05,0.15,0.15,0.061282587702834124,,,,,,NORMAL,True,True,True,True,False,False,False,True,False,,,,
59eff402bc927b150cdfebce,STATIC_SELECTIVE_RISK,Module_12_CrossDomain,sklearn_fixture,29993fa5a07111060fb234185b682f6717de16a4d2e1350bc14293597f01621f,rf_digits_parity_v1,digits_parity,digits_parity,42,,,,2026-09-02T20:45:00Z,1.2.0,62e10bc07ec9873f,SAMPLE_PREDICTION_ERROR,prediction_error == 1 when model prediction != true target,model_prediction_versus_ground_truth,False,1,1,True,0,0.12,0.2,0.05,0.15,0.15,0.061282587702834124,,,,,,NORMAL,True,True,True,True,False,False,False,True,False,,,,
ab316bd2602ee86870cee0d1,STATIC_SELECTIVE_RISK,Module_12_CrossDomain,sklearn_fixture,29993fa5a07111060fb234185b682f6717de16a4d2e1350bc14293597f01621f,rf_digits_parity_v1,digits_parity,digits_parity,42,,,,2026-09-02T20:45:00Z,1.2.0,62e10bc07ec9873f,SAMPLE_PREDICTION_ERROR,prediction_error == 1 when model prediction != true target,model_prediction_versus_ground_truth,False,0,0,True,0,0.12,0.2,0.05,0.15,0.15,0.061282587702834124,,,,,,NORMAL,True,True,True,True,False,False,False,True,False,,,,
c1ed3fafe18c27ff22bd6371,STATIC_SELECTIVE_RISK,Module_12_CrossDomain,sklearn_fixture,29993fa5a07111060fb234185b682f6717de16a4d2e1350bc14293597f01621f,rf_digits_parity_v1,digits_parity,digits_parity,42,,,,2026-09-02T20:45:00Z,1.2.0,62e10bc07ec9873f,SAMPLE_PREDICTION_ERROR,prediction_error == 1 when model prediction != true target,model_prediction_versus_ground_truth,False,1,1,True,0,0.12,0.2,0.05,0.15,0.15,0.061282587702834124,,,,,,NORMAL,True,True,True,True,False,False,False,True,False,,,,
3bc4326be0b9e9d792fc8e33,STATIC_SELECTIVE_RISK,Module_12_CrossDomain,sklearn_fixture,29993fa5a07111060fb234185b682f6717de16a4d2e1350bc14293597f01621f,rf_digits_parity_v1,digits_parity,digits_parity,42,,,,2026-09-02T20:45:00Z,1.2.0,62e10bc07ec9873f,SAMPLE_PREDICTION_ERROR,prediction_error == 1 when model prediction != true target,model_prediction_versus_ground_truth,False,1,1,True,0,0.12,0.2,0.05,0.15,0.15,0.061282587702834124,,,,,,NORMAL,True,True,True,True,False,False,False,True,False,,,,
57115a064790799d18e23000,STATIC_SELECTIVE_RISK,Module_12_CrossDomain,sklearn_fixture,29993fa5a07111060fb234185b682f6717de16a4d2e1350bc14293597f01621f,rf_digits_parity_v1,digits_parity,digits_parity,42,,,,2026-09-02T20:45:00Z,1.2.0,62e10bc07ec9873f,SAMPLE_PREDICTION_ERROR,prediction_error == 1 when model prediction != true target,model_prediction_versus_ground_truth,False,1,1,True,0,0.12,0.2,0.05,0.15,0.15,0.061282587702834124,,,,,,NORMAL,True,True,True,True,False,False,False,True,False,,,,
c2b54c7846868327578df595,STATIC_SELECTIVE_RISK,Module_12_CrossDomain,sklearn_fixture,29993fa5a07111060fb234185b682f6717de16a4d2e1350bc14293597f01621f,rf_digits_parity_v1,digits_parity,digits_parity,42,,,,2026-09-02T20:45:00Z,1.2.0,62e10bc07ec9873f,SAMPLE_PREDICTION_ERROR,prediction_error == 1 when model prediction != true target,model_prediction_versus_ground_truth,False,1,1,True,0,0.12,0.2,0.05,0.15,0.15,0.061282587702834124,,,,,,NORMAL,True,True,True,True,False,False,False,True,False,,,,
a5a407cab1914c0bfa85978f,STATIC_SELECTIVE_RISK,Module_12_CrossDomain,sklearn_fixture,29993fa5a07111060fb234185b682f6717de16a4d2e1350bc14293597f01621f,rf_digits_parity_v1,digits_parity,digits_parity,42,,,,2026-09-02T20:45:00Z,1.2.0,62e10bc07ec9873f,SAMPLE_PREDICTION_ERROR,prediction_error == 1 when model prediction != true target,model_prediction_versus_ground_truth,False,0,0,True,0,0.12,0.2,0.05,0.15,0.15,0.061282587702834124,,,,,,NORMAL,True,True,True,True,False,False,False,True,False,,,,
5377ae30f6062bb69f813179,STATIC_SELECTIVE_RISK,Module_12_CrossDomain,sklearn_fixture,29993fa5a07111060fb234185b682f6717de16a4d2e1350bc14293597f01621f,rf_digits_parity_v1,digits_parity,digits_parity,42,,,,2026-09-02T20:45:00Z,1.2.0,62e10bc07ec9873f,SAMPLE_PREDICTION_ERROR,prediction_error == 1 when model prediction != true target,model_prediction_versus_ground_truth,False,0,0,True,0,0.12,0.2,0.05,0.15,0.15,0.061282587702834124,,,,,,NORMAL,True,True,True,True,False,False,False,True,False,,,,
bd42442c9d42cee03852cd26,STATIC_SELECTIVE_RISK,Module_12_CrossDomain,sklearn_fixture,29993fa5a07111060fb234185b682f6717de16a4d2e1350bc14293597f01621f,rf_digits_parity_v1,digits_parity,digits_parity,42,,,,2026-09-02T20:45:00Z,1.2.0,62e10bc07ec9873f,SAMPLE_PREDICTION_ERROR,prediction_error == 1 when model prediction != true target,model_prediction_versus_ground_truth,False,0,0,True,0,0.12,0.2,0.05,0.15,0.15,0.061282587702834124,,,,,,NORMAL,True,True,True,True,False,False,False,True,False,,,,
58016565493cec31b0b6aeb5,STATIC_SELECTIVE_RISK,Module_12_CrossDomain,sklearn_fixture,29993fa5a07111060fb234185b682f6717de16a4d2e1350bc14293597f01621f,rf_digits_parity_v1,digits_parity,digits_parity,42,,,,2026-09-02T20:45:00Z,1.2.0,62e10bc07ec9873f,SAMPLE_PREDICTION_ERROR,prediction_error == 1 when model prediction != true target,model_prediction_versus_ground_truth,False,0,0,True,0,0.12,0.2,0.05,0.15,0.15,0.061282587702834124,,,,,,NORMAL,True,True,True,True,False,False,False,True,False,,,,
fa54996fbaaa65850c573f4b,STATIC_SELECTIVE_RISK,Module_12_CrossDomain,sklearn_fixture,29993fa5a07111060fb234185b682f6717de16a4d2e1350bc14293597f01621f,rf_digits_parity_v1,digits_parity,digits_parity,42,,,,2026-09-02T20:45:00Z,1.2.0,62e10bc07ec9873f,SAMPLE_PREDICTION_ERROR,prediction_error == 1 when model prediction != true target,model_prediction_versus_ground_truth,False,1,1,True,0,0.12,0.2,0.05,0.15,0.15,0.061282587702834124,,,,,,NORMAL,True,True,True,True,False,False,False,True,False,,,,
705ad871c222eebcabd96c78,STATIC_SELECTIVE_RISK,Module_12_CrossDomain,sklearn_fixture,29993fa5a07111060fb234185b682f6717de16a4d2e1350bc14293597f01621f,rf_digits_parity_v1,digits_parity,digits_parity,42,,,,2026-09-02T20:45:00Z,1.2.0,62e10bc07ec9873f,SAMPLE_PREDICTION_ERROR,prediction_error == 1 when model prediction != true target,model_prediction_versus_ground_truth,False,1,1,True,0,0.12,0.2,0.05,0.15,0.15,0.061282587702834124,,,,,,NORMAL,True,True,True,True,False,False,False,True,False,,,,
a52b33495110e1fd8eec719f,STATIC_SELECTIVE_RISK,Module_12_CrossDomain,sklearn_fixture,29993fa5a07111060fb234185b682f6717de16a4d2e1350bc14293597f01621f,rf_digits_parity_v1,digits_parity,digits_parity,42,,,,2026-09-02T20:45:00Z,1.2.0,62e10bc07ec9873f,SAMPLE_PREDICTION_ERROR,prediction_error == 1 when model prediction != true target,model_prediction_versus_ground_truth,False,1,1,True,0,0.12,0.2,0.05,0.15,0.15,0.061282587702834124,,,,,,NORMAL,True,True,True,True,False,False,False,True,False,,,,
35b0fa077086fa778dd1e00f,STATIC_SELECTIVE_RISK,Module_12_CrossDomain,sklearn_fixture,29993fa5a07111060fb234185b682f6717de16a4d2e1350bc14293597f01621f,rf_digits_parity_v1,digits_parity,digits_parity,42,,,,2026-09-02T20:45:00Z,1.2.0,62e10bc07ec9873f,SAMPLE_PREDICTION_ERROR,prediction_error == 1 when model prediction != true target,model_prediction_versus_ground_truth,False,1,1,True,0,0.12,0.2,0.05,0.15,0.15,0.061282587702834124,,,,,,NORMAL,True,True,True,True,False,False,False,True,False,,,,
f2a65f612e96f1cf2b19f917,STATIC_SELECTIVE_RISK,Module_12_CrossDomain,sklearn_fixture,29993fa5a07111060fb234185b682f6717de16a4d2e1350bc14293597f01621f,rf_digits_parity_v1,digits_parity,digits_parity,42,,,,2026-09-02T20:45:00Z,1.2.0,62e10bc07ec9873f,SAMPLE_PREDICTION_ERROR,prediction_error == 1 when model prediction != true target,model_prediction_versus_ground_truth,False,0,0,True,0,0.12,0.2,0.05,0.15,0.15,0.061282587702834124,,,,,,NORMAL,True,True,True,True,False,False,False,True,False,,,,
6dbe1201826e127d026fcefe,STATIC_SELECTIVE_RISK,Module_12_CrossDomain,sklearn_fixture,29993fa5a07111060fb234185b682f6717de16a4d2e1350bc14293597f01621f,rf_digits_parity_v1,digits_parity,digits_parity,42,,,,2026-09-02T20:45:00Z,1.2.0,62e10bc07ec9873f,SAMPLE_PREDICTION_ERROR,prediction_error == 1 when model prediction != true target,model_prediction_versus_ground_truth,False,1,1,True,0,0.12,0.2,0.05,0.15,0.15,0.061282587702834124,,,,,,NORMAL,True,True,True,True,False,False,False,True,False,,,,
3bf823c559574253308dcd09,STATIC_SELECTIVE_RISK,Module_12_CrossDomain,sklearn_fixture,29993fa5a07111060fb234185b682f6717de16a4d2e1350bc14293597f01621f,rf_digits_parity_v1,digits_parity,digits_parity,42,,,,2026-09-02T20:45:00Z,1.2.0,62e10bc07ec9873f,SAMPLE_PREDICTION_ERROR,prediction_error == 1 when model prediction != true target,model_prediction_versus_ground_truth,False,1,1,True,0,0.12,0.2,0.05,0.15,0.15,0.061282587702834124,,,,,,NORMAL,True,True,True,True,False,False,False,True,False,,,,
2ca4d19702980a348229cbca,STATIC_SELECTIVE_RISK,Module_12_CrossDomain,sklearn_fixture,29993fa5a07111060fb234185b682f6717de16a4d2e1350bc14293597f01621f,rf_digits_parity_v1,digits_parity,digits_parity,42,,,,2026-09-02T20:45:00Z,1.2.0,62e10bc07ec9873f,SAMPLE_PREDICTION_ERROR,prediction_error == 1 when model prediction != true target,model_prediction_versus_ground_truth,False,0,0,True,0,0.12,0.2,0.05,0.15,0.15,0.061282587702834124,,,,,,NORMAL,True,True,True,True,False,False,False,True,False,,,,
42a288dab8599d0d1ba351a5,STATIC_SELECTIVE_RISK,Module_12_CrossDomain,sklearn_fixture,29993fa5a07111060fb234185b682f6717de16a4d2e1350bc14293597f01621f,rf_digits_parity_v1,digits_parity,digits_parity,42,,,,2026-09-02T20:45:00Z,1.2.0,62e10bc07ec9873f,SAMPLE_PREDICTION_ERROR,prediction_error == 1 when model prediction != true target,model_prediction_versus_ground_truth,False,1,1,True,0,0.12,0.2,0.05,0.15,0.15,0.061282587702834124,,,,,,NORMAL,True,True,True,True,False,False,False,True,False,,,,
03ef4883d6e54a7126689530,STATIC_SELECTIVE_RISK,Module_12_CrossDomain,sklearn_fixture,29993fa5a07111060fb234185b682f6717de16a4d2e1350bc14293597f01621f,rf_digits_parity_v1,digits_parity,digits_parity,42,,,,2026-09-02T20:45:00Z,1.2.0,62e10bc07ec9873f,SAMPLE_PREDICTION_ERROR,prediction_error == 1 when model prediction != true target,model_prediction_versus_ground_truth,False,1,1,True,0,0.12,0.2,0.05,0.15,0.15,0.061282587702834124,,,,,,NORMAL,True,True,True,True,False,False,False,True,False,,,,
e2e4eb8b95c311e1b82e3b59,STATIC_SELECTIVE_RISK,Module_12_CrossDomain,sklearn_fixture,29993fa5a07111060fb234185b682f6717de16a4d2e1350bc14293597f01621f,rf_digits_parity_v1,digits_parity,digits_parity,42,,,,2026-09-02T20:45:00Z,1.2.0,62e10bc07ec9873f,SAMPLE_PREDICTION_ERROR,prediction_error == 1 when model prediction != true target,model_prediction_versus_ground_truth,False,0,0,True,0,0.12,0.2,0.05,0.15,0.15,0.061282587702834124,,,,,,NORMAL,True,True,True,True,False,False,False,True,False,,,,
1e5d57a87d88bcca12bb2a73,STATIC_SELECTIVE_RISK,Module_12_CrossDomain,sklearn_fixture,29993fa5a07111060fb234185b682f6717de16a4d2e1350bc14293597f01621f,rf_digits_parity_v1,digits_parity,digits_parity,42,,,,2026-09-02T20:45:00Z,1.2.0,62e10bc07ec9873f,SAMPLE_PREDICTION_ERROR,prediction_error == 1 when model prediction != true target,model_prediction_versus_ground_truth,False,1,1,True,0,0.12,0.2,0.05,0.15,0.15,0.061282587702834124,,,,,,NORMAL,True,True,True,True,False,False,False,True,False,,,,
01279565034856fa3990f6c0,STATIC_SELECTIVE_RISK,Module_12_CrossDomain,sklearn_fixture,29993fa5a07111060fb234185b682f6717de16a4d2e1350bc14293597f01621f,rf_digits_parity_v1,digits_parity,digits_parity,42,,,,2026-09-02T20:45:00Z,1.2.0,62e10bc07ec9873f,SAMPLE_PREDICTION_ERROR,prediction_error == 1 when model prediction != true target,model_prediction_versus_ground_truth,False,0,0,True,0,0.12,0.2,0.05,0.15,0.15,0.061282587702834124,,,,,,NORMAL,True,True,True,True,False,False,False,True,False,,,,
186d4bcce54fbbfe00668625,STATIC_SELECTIVE_RISK,Module_12_CrossDomain,sklearn_fixture,29993fa5a07111060fb234185b682f6717de16a4d2e1350bc14293597f01621f,rf_digits_parity_v1,digits_parity,digits_parity,42,,,,2026-09-02T20:45:00Z,1.2.0,62e10bc07ec9873f,SAMPLE_PREDICTION_ERROR,prediction_error == 1 when model prediction != true target,model_prediction_versus_ground_truth,False,1,1,True,0,0.12,0.2,0.05,0.15,0.15,0.061282587702834124,,,,,,NORMAL,True,True,True,True,False,False,False,True,False,,,,
68a04a25211efdab3c77a29c,STATIC_SELECTIVE_RISK,Module_12_CrossDomain,sklearn_fixture,29993fa5a07111060fb234185b682f6717de16a4d2e1350bc14293597f01621f,rf_digits_parity_v1,digits_parity,digits_parity,42,,,,2026-09-02T20:45:00Z,1.2.0,62e10bc07ec9873f,SAMPLE_PREDICTION_ERROR,prediction_error == 1 when model prediction != true target,model_prediction_versus_ground_truth,False,0,0,True,0,0.12,0.2,0.05,0.15,0.15,0.061282587702834124,,,,,,NORMAL,True,True,True,True,False,False,False,True,False,,,,
8076f402e01518b63d200d83,STATIC_SELECTIVE_RISK,Module_12_CrossDomain,sklearn_fixture,29993fa5a07111060fb234185b682f6717de16a4d2e1350bc14293597f01621f,rf_digits_parity_v1,digits_parity,digits_parity,42,,,,2026-09-02T20:45:00Z,1.2.0,62e10bc07ec9873f,SAMPLE_PREDICTION_ERROR,prediction_error == 1 when model prediction != true target,model_prediction_versus_ground_truth,False,1,1,True,0,0.12,0.2,0.05,0.15,0.15,0.061282587702834124,,,,,,NORMAL,True,True,True,True,False,False,False,True,False,,,,
6d47b2715fe21ea0eb51fa63,STATIC_SELECTIVE_RISK,Module_12_CrossDomain,sklearn_fixture,29993fa5a07111060fb234185b682f6717de16a4d2e1350bc14293597f01621f,rf_digits_parity_v1,digits_parity,digits_parity,42,,,,2026-09-02T20:45:00Z,1.2.0,62e10bc07ec9873f,SAMPLE_PREDICTION_ERROR,prediction_error == 1 when model prediction != true target,model_prediction_versus_ground_truth,False,0,0,True,0,0.12,0.2,0.05,0.15,0.15,0.061282587702834124,,,,,,NORMAL,True,True,True,True,False,False,False,True,False,,,,
33ca57887d547978cbbe5622,STATIC_SELECTIVE_RISK,Module_12_CrossDomain,sklearn_fixture,29993fa5a07111060fb234185b682f6717de16a4d2e1350bc14293597f01621f,rf_digits_parity_v1,digits_parity,digits_parity,42,,,,2026-09-02T20:45:00Z,1.2.0,62e10bc07ec9873f,SAMPLE_PREDICTION_ERROR,prediction_error == 1 when model prediction != true target,model_prediction_versus_ground_truth,False,1,1,True,0,0.12,0.2,0.05,0.15,0.15,0.061282587702834124,,,,,,NORMAL,True,True,True,True,False,False,False,True,False,,,,
405d57bd953a63ef8877ae2e,STATIC_SELECTIVE_RISK,Module_12_CrossDomain,sklearn_fixture,29993fa5a07111060fb234185b682f6717de16a4d2e1350bc14293597f01621f,rf_digits_parity_v1,digits_parity,digits_parity,42,,,,2026-09-02T20:45:00Z,1.2.0,62e10bc07ec9873f,SAMPLE_PREDICTION_ERROR,prediction_error == 1 when model prediction != true target,model_prediction_versus_ground_truth,False,0,0,True,0,0.12,0.2,0.05,0.15,0.15,0.061282587702834124,,,,,,NORMAL,True,True,True,True,False,False,False,True,False,,,,
2c1844abce78d1fb9fbdcfc0,STATIC_SELECTIVE_RISK,Module_12_CrossDomain,sklearn_fixture,29993fa5a07111060fb234185b682f6717de16a4d2e1350bc14293597f01621f,rf_digits_parity_v1,digits_parity,digits_parity,42,,,,2026-09-02T20:45:00Z,1.2.0,62e10bc07ec9873f,SAMPLE_PREDICTION_ERROR,prediction_error == 1 when model prediction != true target,model_prediction_versus_ground_truth,False,1,1,True,0,0.12,0.2,0.05,0.15,0.15,0.061282587702834124,,,,,,NORMAL,True,True,True,True,False,False,False,True,False,,,,
73df5cb20f61ab912b0f77dd,STATIC_SELECTIVE_RISK,Module_12_CrossDomain,sklearn_fixture,29993fa5a07111060fb234185b682f6717de16a4d2e1350bc14293597f01621f,rf_digits_parity_v1,digits_parity,digits_parity,42,,,,2026-09-02T20:45:00Z,1.2.0,62e10bc07ec9873f,SAMPLE_PREDICTION_ERROR,prediction_error == 1 when model prediction != true target,model_prediction_versus_ground_truth,False,0,0,True,0,0.12,0.2,0.05,0.15,0.15,0.061282587702834124,,,,,,NORMAL,True,True,True,True,False,False,False,True,False,,,,
97d76b2769d95900b134c9dc,STATIC_SELECTIVE_RISK,Module_12_CrossDomain,sklearn_fixture,29993fa5a07111060fb234185b682f6717de16a4d2e1350bc14293597f01621f,rf_digits_parity_v1,digits_parity,digits_parity,42,,,,2026-09-02T20:45:00Z,1.2.0,62e10bc07ec9873f,SAMPLE_PREDICTION_ERROR,prediction_error == 1 when model prediction != true target,model_prediction_versus_ground_truth,False,1,1,True,0,0.12,0.2,0.05,0.15,0.15,0.061282587702834124,,,,,,NORMAL,True,True,True,True,False,False,False,True,False,,,,
c8610e6297a75cee6f4ee86c,STATIC_SELECTIVE_RISK,Module_12_CrossDomain,sklearn_fixture,29993fa5a07111060fb234185b682f6717de16a4d2e1350bc14293597f01621f,rf_digits_parity_v1,digits_parity,digits_parity,42,,,,2026-09-02T20:45:00Z,1.2.0,62e10bc07ec9873f,SAMPLE_PREDICTION_ERROR,prediction_error == 1 when model prediction != true target,model_prediction_versus_ground_truth,False,0,0,True,0,0.12,0.2,0.05,0.15,0.15,0.061282587702834124,,,,,,NORMAL,True,True,True,True,False,False,False,True,False,,,,
94bc4928d0dae5c4c277449d,STATIC_SELECTIVE_RISK,Module_12_CrossDomain,sklearn_fixture,29993fa5a07111060fb234185b682f6717de16a4d2e1350bc14293597f01621f,rf_digits_parity_v1,digits_parity,digits_parity,42,,,,2026-09-02T20:45:00Z,1.2.0,62e10bc07ec9873f,SAMPLE_PREDICTION_ERROR,prediction_error == 1 when model prediction != true target,model_prediction_versus_ground_truth,False,1,1,True,0,0.12,0.2,0.05,0.15,0.15,0.061282587702834124,,,,,,NORMAL,True,True,True,True,False,False,False,True,False,,,,
c1a0e566243d70a90ccc9a78,STATIC_SELECTIVE_RISK,Module_12_CrossDomain,sklearn_fixture,29993fa5a07111060fb234185b682f6717de16a4d2e1350bc14293597f01621f,rf_digits_parity_v1,digits_parity,digits_parity,42,,,,2026-09-02T20:45:00Z,1.2.0,62e10bc07ec9873f,SAMPLE_PREDICTION_ERROR,prediction_error == 1 when model prediction != true target,model_prediction_versus_ground_truth,False,0,0,True,0,0.12,0.2,0.05,0.15,0.15,0.061282587702834124,,,,,,NORMAL,True,True,True,True,False,False,False,True,False,,,,
3e369afcd0ad4aa9dc3512cb,STATIC_SELECTIVE_RISK,Module_12_CrossDomain,sklearn_fixture,29993fa5a07111060fb234185b682f6717de16a4d2e1350bc14293597f01621f,rf_digits_parity_v1,digits_parity,digits_parity,42,,,,2026-09-02T20:45:00Z,1.2.0,62e10bc07ec9873f,SAMPLE_PREDICTION_ERROR,prediction_error == 1 when model prediction != true target,model_prediction_versus_ground_truth,False,1,1,True,0,0.12,0.2,0.05,0.15,0.15,0.061282587702834124,,,,,,NORMAL,True,True,True,True,False,False,False,True,False,,,,
64e6074f02d35371765e776e,STATIC_SELECTIVE_RISK,Module_12_CrossDomain,sklearn_fixture,29993fa5a07111060fb234185b682f6717de16a4d2e1350bc14293597f01621f,rf_digits_parity_v1,digits_parity,digits_parity,42,,,,2026-09-02T20:45:00Z,1.2.0,62e10bc07ec9873f,SAMPLE_PREDICTION_ERROR,prediction_error == 1 when model prediction != true target,model_prediction_versus_ground_truth,False,0,0,True,0,0.12,0.2,0.05,0.15,0.15,0.061282587702834124,,,,,,NORMAL,True,True,True,True,False,False,False,True,False,,,,
e729a9b2a566337d425435ec,STATIC_SELECTIVE_RISK,Module_12_CrossDomain,sklearn_fixture,29993fa5a07111060fb234185b682f6717de16a4d2e1350bc14293597f01621f,rf_digits_parity_v1,digits_parity,digits_parity,42,,,,2026-09-02T20:45:00Z,1.2.0,62e10bc07ec9873f,SAMPLE_PREDICTION_ERROR,prediction_error == 1 when model prediction != true target,model_prediction_versus_ground_truth,False,1,1,True,0,0.12,0.2,0.05,0.15,0.15,0.061282587702834124,,,,,,NORMAL,True,True,True,True,False,False,False,True,False,,,,
b4d0b67bc0fb3696348e6e1a,STATIC_SELECTIVE_RISK,Module_12_CrossDomain,sklearn_fixture,29993fa5a07111060fb234185b682f6717de16a4d2e1350bc14293597f01621f,rf_digits_parity_v1,digits_parity,digits_parity,42,,,,2026-09-02T20:45:00Z,1.2.0,62e10bc07ec9873f,SAMPLE_PREDICTION_ERROR,prediction_error == 1 when model prediction != true target,model_prediction_versus_ground_truth,False,0,0,True,0,0.12,0.2,0.05,0.15,0.15,0.061282587702834124,,,,,,NORMAL,True,True,True,True,False,False,False,True,False,,,,
f052075777fa5441554fae89,STATIC_SELECTIVE_RISK,Module_12_CrossDomain,sklearn_fixture,29993fa5a07111060fb234185b682f6717de16a4d2e1350bc14293597f01621f,rf_digits_parity_v1,digits_parity,digits_parity,42,,,,2026-09-02T20:45:00Z,1.2.0,62e10bc07ec9873f,SAMPLE_PREDICTION_ERROR,prediction_error == 1 when model prediction != true target,model_prediction_versus_ground_truth,False,1,1,True,0,0.12,0.2,0.05,0.15,0.15,0.061282587702834124,,,,,,NORMAL,True,True,True,True,False,False,False,True,False,,,,
180447a6bd2db733adae1f4e,STATIC_SELECTIVE_RISK,Module_12_CrossDomain,sklearn_fixture,29993fa5a07111060fb234185b682f6717de16a4d2e1350bc14293597f01621f,rf_digits_parity_v1,digits_parity,digits_parity,42,,,,2026-09-02T20:45:00Z,1.2.0,62e10bc07ec9873f,SAMPLE_PREDICTION_ERROR,prediction_error == 1 when model prediction != true target,model_prediction_versus_ground_truth,False,0,0,True,0,0.12,0.2,0.05,0.15,0.15,0.061282587702834124,,,,,,NORMAL,True,True,True,True,False,False,False,True,False,,,,
184375cc2664e6084052989f,STATIC_SELECTIVE_RISK,Module_12_CrossDomain,sklearn_fixture,29993fa5a07111060fb234185b682f6717de16a4d2e1350bc14293597f01621f,rf_digits_parity_v1,digits_parity,digits_parity,42,,,,2026-09-02T20:45:00Z,1.2.0,62e10bc07ec9873f,SAMPLE_PREDICTION_ERROR,prediction_error == 1 when model prediction != true target,model_prediction_versus_ground_truth,False,1,1,True,0,0.12,0.2,0.05,0.15,0.15,0.061282587702834124,,,,,,NORMAL,True,True,True,True,False,False,False,True,False,,,,
7d2ecfd5041674c859a0cc1b,STATIC_SELECTIVE_RISK,Module_12_CrossDomain,sklearn_fixture,29993fa5a07111060fb234185b682f6717de16a4d2e1350bc14293597f01621f,rf_digits_parity_v1,digits_parity,digits_parity,42,,,,2026-09-02T20:45:00Z,1.2.0,62e10bc07ec9873f,SAMPLE_PREDICTION_ERROR,prediction_error == 1 when model prediction != true target,model_prediction_versus_ground_truth,False,0,0,True,0,0.12,0.2,0.05,0.15,0.15,0.061282587702834124,,,,,,NORMAL,True,True,True,True,False,False,False,True,False,,,,
5befe21e5198c7b7da958e85,STATIC_SELECTIVE_RISK,Module_12_CrossDomain,sklearn_fixture,29993fa5a07111060fb234185b682f6717de16a4d2e1350bc14293597f01621f,rf_digits_parity_v1,digits_parity,digits_parity,42,,,,2026-09-02T20:45:00Z,1.2.0,62e10bc07ec9873f,SAMPLE_PREDICTION_ERROR,prediction_error == 1 when model prediction != true target,model_prediction_versus_ground_truth,False,1,1,True,0,0.12,0.2,0.05,0.15,0.15,0.061282587702834124,,,,,,NORMAL,True,True,True,True,False,False,False,True,False,,,,
9ef315a5fb4d94cedd73b1d2,STATIC_SELECTIVE_RISK,Module_12_CrossDomain,sklearn_fixture,29993fa5a07111060fb234185b682f6717de16a4d2e1350bc14293597f01621f,rf_digits_parity_v1,digits_parity,digits_parity,42,,,,2026-09-02T20:45:00Z,1.2.0,62e10bc07ec9873f,SAMPLE_PREDICTION_ERROR,prediction_error == 1 when model prediction != true target,model_prediction_versus_ground_truth,False,0,0,True,0,0.12,0.2,0.05,0.15,0.15,0.061282587702834124,,,,,,NORMAL,True,True,True,True,False,False,False,True,False,,,,
2a536ea4910845f4f9624d6c,STATIC_SELECTIVE_RISK,Module_12_CrossDomain,sklearn_fixture,29993fa5a07111060fb234185b682f6717de16a4d2e1350bc14293597f01621f,rf_digits_parity_v1,digits_parity,digits_parity,42,,,,2026-09-02T20:45:00Z,1.2.0,62e10bc07ec9873f,SAMPLE_PREDICTION_ERROR,prediction_error == 1 when model prediction != true target,model_prediction_versus_ground_truth,False,1,1,True,0,0.12,0.2,0.05,0.15,0.15,0.061282587702834124,,,,,,NORMAL,True,True,True,True,False,False,False,True,False,,,,
e488a982f8fac6ff4b951d54,STATIC_SELECTIVE_RISK,Module_12_CrossDomain,sklearn_fixture,29993fa5a07111060fb234185b682f6717de16a4d2e1350bc14293597f01621f,rf_digits_parity_v1,digits_parity,digits_parity,42,,,,2026-09-02T20:45:00Z,1.2.0,62e10bc07ec9873f,SAMPLE_PREDICTION_ERROR,prediction_error == 1 when model prediction != true target,model_prediction_versus_ground_truth,False,0,0,True,0,0.12,0.2,0.05,0.15,0.15,0.061282587702834124,,,,,,NORMAL,True,True,True,True,False,False,False,True,False,,,,
fee0ac93a49d2bf7960a84e3,STATIC_SELECTIVE_RISK,Module_12_CrossDomain,sklearn_fixture,29993fa5a07111060fb234185b682f6717de16a4d2e1350bc14293597f01621f,rf_digits_parity_v1,digits_parity,digits_parity,42,,,,2026-09-02T20:45:00Z,1.2.0,62e10bc07ec9873f,SAMPLE_PREDICTION_ERROR,prediction_error == 1 when model prediction != true target,model_prediction_versus_ground_truth,False,1,1,True,0,0.12,0.2,0.05,0.15,0.15,0.061282587702834124,,,,,,NORMAL,True,True,True,True,False,False,False,True,False,,,,
fae472dec2e1c2c5df049f48,STATIC_SELECTIVE_RISK,Module_12_CrossDomain,sklearn_fixture,29993fa5a07111060fb234185b682f6717de16a4d2e1350bc14293597f01621f,rf_digits_parity_v1,digits_parity,digits_parity,42,,,,2026-09-02T20:45:00Z,1.2.0,62e10bc07ec9873f,SAMPLE_PREDICTION_ERROR,prediction_error == 1 when model prediction != true target,model_prediction_versus_ground_truth,False,0,0,True,0,0.12,0.2,0.05,0.15,0.15,0.061282587702834124,,,,,,NORMAL,True,True,True,True,False,False,False,True,False,,,,
f2f110ceb0acd10f4cefcf90,STATIC_SELECTIVE_RISK,Module_12_CrossDomain,sklearn_fixture,29993fa5a07111060fb234185b682f6717de16a4d2e1350bc14293597f01621f,rf_digits_parity_v1,digits_parity,digits_parity,42,,,,2026-09-02T20:45:00Z,1.2.0,62e10bc07ec9873f,SAMPLE_PREDICTION_ERROR,prediction_error == 1 when model prediction != true target,model_prediction_versus_ground_truth,False,1,1,True,0,0.12,0.2,0.05,0.15,0.15,0.061282587702834124,,,,,,NORMAL,True,True,True,True,False,False,False,True,False,,,,
5f7373ea1b999d56d1b84bc8,STATIC_SELECTIVE_RISK,Module_12_CrossDomain,sklearn_fixture,29993fa5a07111060fb234185b682f6717de16a4d2e1350bc14293597f01621f,rf_digits_parity_v1,digits_parity,digits_parity,42,,,,2026-09-02T20:45:00Z,1.2.0,62e10bc07ec9873f,SAMPLE_PREDICTION_ERROR,prediction_error == 1 when model prediction != true target,model_prediction_versus_ground_truth,False,0,0,True,0,0.12,0.2,0.05,0.15,0.15,0.061282587702834124,,,,,,NORMAL,True,True,True,True,False,False,False,True,False,,,,
c9d9d5de0ee225b79649f7fb,STATIC_SELECTIVE_RISK,Module_12_CrossDomain,sklearn_fixture,29993fa5a07111060fb234185b682f6717de16a4d2e1350bc14293597f01621f,rf_digits_parity_v1,digits_parity,digits_parity,42,,,,2026-09-02T20:45:00Z,1.2.0,62e10bc07ec9873f,SAMPLE_PREDICTION_ERROR,prediction_error == 1 when model prediction != true target,model_prediction_versus_ground_truth,False,0,0,True,0,0.12,0.2,0.05,0.15,0.15,0.061282587702834124,,,,,,NORMAL,True,True,True,True,False,False,False,True,False,,,,
9a1aa27ffdf16312bdfebf72,STATIC_SELECTIVE_RISK,Module_12_CrossDomain,sklearn_fixture,29993fa5a07111060fb234185b682f6717de16a4d2e1350bc14293597f01621f,rf_digits_parity_v1,digits_parity,digits_parity,42,,,,2026-09-02T20:45:00Z,1.2.0,62e10bc07ec9873f,SAMPLE_PREDICTION_ERROR,prediction_error == 1 when model prediction != true target,model_prediction_versus_ground_truth,False,0,0,True,0,0.12,0.2,0.05,0.15,0.15,0.061282587702834124,,,,,,NORMAL,True,True,True,True,False,False,False,True,False,,,,
073d398be0dd8e758a831a1d,STATIC_SELECTIVE_RISK,Module_12_CrossDomain,sklearn_fixture,29993fa5a07111060fb234185b682f6717de16a4d2e1350bc14293597f01621f,rf_digits_parity_v1,digits_parity,digits_parity,42,,,,2026-09-02T20:45:00Z,1.2.0,62e10bc07ec9873f,SAMPLE_PREDICTION_ERROR,prediction_error == 1 when model prediction != true target,model_prediction_versus_ground_truth,False,1,1,True,0,0.12,0.2,0.05,0.15,0.15,0.061282587702834124,,,,,,NORMAL,True,True,True,True,False,False,False,True,False,,,,
33513cdecf3a9eb18d20b381,STATIC_SELECTIVE_RISK,Module_12_CrossDomain,sklearn_fixture,29993fa5a07111060fb234185b682f6717de16a4d2e1350bc14293597f01621f,rf_digits_parity_v1,digits_parity,digits_parity,42,,,,2026-09-02T20:45:00Z,1.2.0,62e10bc07ec9873f,SAMPLE_PREDICTION_ERROR,prediction_error == 1 when model prediction != true target,model_prediction_versus_ground_truth,False,0,0,True,0,0.12,0.2,0.05,0.15,0.15,0.061282587702834124,,,,,,NORMAL,True,True,True,True,False,False,False,True,False,,,,
04886ba7b1f104509131500f,STATIC_SELECTIVE_RISK,Module_12_CrossDomain,sklearn_fixture,29993fa5a07111060fb234185b682f6717de16a4d2e1350bc14293597f01621f,rf_digits_parity_v1,digits_parity,digits_parity,42,,,,2026-09-02T20:45:00Z,1.2.0,62e10bc07ec9873f,SAMPLE_PREDICTION_ERROR,prediction_error == 1 when model prediction != true target,model_prediction_versus_ground_truth,False,1,1,True,0,0.12,0.2,0.05,0.15,0.15,0.061282587702834124,,,,,,NORMAL,True,True,True,True,False,False,False,True,False,,,,
61e63b7c158fc9cf12bf3998,STATIC_SELECTIVE_RISK,Module_12_CrossDomain,sklearn_fixture,29993fa5a07111060fb234185b682f6717de16a4d2e1350bc14293597f01621f,rf_digits_parity_v1,digits_parity,digits_parity,42,,,,2026-09-02T20:45:00Z,1.2.0,62e10bc07ec9873f,SAMPLE_PREDICTION_ERROR,prediction_error == 1 when model prediction != true target,model_prediction_versus_ground_truth,False,0,0,True,0,0.12,0.2,0.05,0.15,0.15,0.061282587702834124,,,,,,NORMAL,True,True,True,True,False,False,False,True,False,,,,
452df276cc04b044a5286d47,STATIC_SELECTIVE_RISK,Module_12_CrossDomain,sklearn_fixture,29993fa5a07111060fb234185b682f6717de16a4d2e1350bc14293597f01621f,rf_digits_parity_v1,digits_parity,digits_parity,42,,,,2026-09-02T20:45:00Z,1.2.0,62e10bc07ec9873f,SAMPLE_PREDICTION_ERROR,prediction_error == 1 when model prediction != true target,model_prediction_versus_ground_truth,False,1,1,True,0,0.12,0.2,0.05,0.15,0.15,0.061282587702834124,,,,,,NORMAL,True,True,True,True,False,False,False,True,False,,,,
1c89307160990f1d7edf12f2,STATIC_SELECTIVE_RISK,Module_12_CrossDomain,sklearn_fixture,29993fa5a07111060fb234185b682f6717de16a4d2e1350bc14293597f01621f,rf_digits_parity_v1,digits_parity,digits_parity,42,,,,2026-09-02T20:45:00Z,1.2.0,62e10bc07ec9873f,SAMPLE_PREDICTION_ERROR,prediction_error == 1 when model prediction != true target,model_prediction_versus_ground_truth,False,0,0,True,0,0.12,0.2,0.05,0.15,0.15,0.061282587702834124,,,,,,NORMAL,True,True,True,True,False,False,False,True,False,,,,
1d3b5cc32a4fc4f382a71440,STATIC_SELECTIVE_RISK,Module_12_CrossDomain,sklearn_fixture,29993fa5a07111060fb234185b682f6717de16a4d2e1350bc14293597f01621f,rf_digits_parity_v1,digits_parity,digits_parity,42,,,,2026-09-02T20:45:00Z,1.2.0,62e10bc07ec9873f,SAMPLE_PREDICTION_ERROR,prediction_error == 1 when model prediction != true target,model_prediction_versus_ground_truth,False,1,1,True,0,0.12,0.2,0.05,0.15,0.15,0.061282587702834124,,,,,,NORMAL,True,True,True,True,False,False,False,True,False,,,,
8ef709619fe68fdc5f1bccb0,STATIC_SELECTIVE_RISK,Module_12_CrossDomain,sklearn_fixture,29993fa5a07111060fb234185b682f6717de16a4d2e1350bc14293597f01621f,rf_digits_parity_v1,digits_parity,digits_parity,42,,,,2026-09-02T20:45:00Z,1.2.0,62e10bc07ec9873f,SAMPLE_PREDICTION_ERROR,prediction_error == 1 when model prediction != true target,model_prediction_versus_ground_truth,False,1,1,True,0,0.12,0.2,0.05,0.15,0.15,0.061282587702834124,,,,,,NORMAL,True,True,True,True,False,False,False,True,False,,,,
4902fed5b983a1ccc2e69026,STATIC_SELECTIVE_RISK,Module_12_CrossDomain,sklearn_fixture,29993fa5a07111060fb234185b682f6717de16a4d2e1350bc14293597f01621f,rf_digits_parity_v1,digits_parity,digits_parity,42,,,,2026-09-02T20:45:00Z,1.2.0,62e10bc07ec9873f,SAMPLE_PREDICTION_ERROR,prediction_error == 1 when model prediction != true target,model_prediction_versus_ground_truth,False,0,0,True,0,0.12,0.2,0.05,0.15,0.15,0.061282587702834124,,,,,,NORMAL,True,True,True,True,False,False,False,True,False,,,,
e5c4b011b8570a6ad20628a4,STATIC_SELECTIVE_RISK,Module_12_CrossDomain,sklearn_fixture,29993fa5a07111060fb234185b682f6717de16a4d2e1350bc14293597f01621f,rf_digits_parity_v1,digits_parity,digits_parity,42,,,,2026-09-02T20:45:00Z,1.2.0,62e10bc07ec9873f,SAMPLE_PREDICTION_ERROR,prediction_error == 1 when model prediction != true target,model_prediction_versus_ground_truth,False,0,0,True,0,0.12,0.2,0.05,0.15,0.15,0.061282587702834124,,,,,,NORMAL,True,True,True,True,False,False,False,True,False,,,,
75766e99584812d160557d9b,STATIC_SELECTIVE_RISK,Module_12_CrossDomain,sklearn_fixture,29993fa5a07111060fb234185b682f6717de16a4d2e1350bc14293597f01621f,rf_digits_parity_v1,digits_parity,digits_parity,42,,,,2026-09-02T20:45:00Z,1.2.0,62e10bc07ec9873f,SAMPLE_PREDICTION_ERROR,prediction_error == 1 when model prediction != true target,model_prediction_versus_ground_truth,False,0,0,True,0,0.12,0.2,0.05,0.15,0.15,0.061282587702834124,,,,,,NORMAL,True,True,True,True,False,False,False,True,False,,,,
7ebbfbd1808f3ea0bbd2eab7,STATIC_SELECTIVE_RISK,Module_12_CrossDomain,sklearn_fixture,29993fa5a07111060fb234185b682f6717de16a4d2e1350bc14293597f01621f,rf_digits_parity_v1,digits_parity,digits_parity,42,,,,2026-09-02T20:45:00Z,1.2.0,62e10bc07ec9873f,SAMPLE_PREDICTION_ERROR,prediction_error == 1 when model prediction != true target,model_prediction_versus_ground_truth,False,0,0,True,0,0.12,0.2,0.05,0.15,0.15,0.061282587702834124,,,,,,NORMAL,True,True,True,True,False,False,False,True,False,,,,
4c65b3977e5e1896f2fd4f11,STATIC_SELECTIVE_RISK,Module_12_CrossDomain,sklearn_fixture,29993fa5a07111060fb234185b682f6717de16a4d2e1350bc14293597f01621f,rf_digits_parity_v1,digits_parity,digits_parity,42,,,,2026-09-02T20:45:00Z,1.2.0,62e10bc07ec9873f,SAMPLE_PREDICTION_ERROR,prediction_error == 1 when model prediction != true target,model_prediction_versus_ground_truth,False,0,0,True,0,0.12,0.2,0.05,0.15,0.15,0.061282587702834124,,,,,,NORMAL,True,True,True,True,False,False,False,True,False,,,,
4079a48b71322c8f80558037,STATIC_SELECTIVE_RISK,Module_12_CrossDomain,sklearn_fixture,29993fa5a07111060fb234185b682f6717de16a4d2e1350bc14293597f01621f,rf_digits_parity_v1,digits_parity,digits_parity,42,,,,2026-09-02T20:45:00Z,1.2.0,62e10bc07ec9873f,SAMPLE_PREDICTION_ERROR,prediction_error == 1 when model prediction != true target,model_prediction_versus_ground_truth,False,0,0,True,0,0.12,0.2,0.05,0.15,0.15,0.061282587702834124,,,,,,NORMAL,True,True,True,True,False,False,False,True,False,,,,
8d3fee5f414c031b00e22ee7,STATIC_SELECTIVE_RISK,Module_12_CrossDomain,sklearn_fixture,29993fa5a07111060fb234185b682f6717de16a4d2e1350bc14293597f01621f,rf_digits_parity_v1,digits_parity,digits_parity,42,,,,2026-09-02T20:45:00Z,1.2.0,62e10bc07ec9873f,SAMPLE_PREDICTION_ERROR,prediction_error == 1 when model prediction != true target,model_prediction_versus_ground_truth,False,1,1,True,0,0.12,0.2,0.05,0.15,0.15,0.061282587702834124,,,,,,NORMAL,True,True,True,True,False,False,False,True,False,,,,
d431129be92b10c67d1319f5,STATIC_SELECTIVE_RISK,Module_12_CrossDomain,sklearn_fixture,29993fa5a07111060fb234185b682f6717de16a4d2e1350bc14293597f01621f,rf_digits_parity_v1,digits_parity,digits_parity,42,,,,2026-09-02T20:45:00Z,1.2.0,62e10bc07ec9873f,SAMPLE_PREDICTION_ERROR,prediction_error == 1 when model prediction != true target,model_prediction_versus_ground_truth,False,1,1,True,0,0.12,0.2,0.05,0.15,0.15,0.061282587702834124,,,,,,NORMAL,True,True,True,True,False,False,False,True,False,,,,
22bbb8ee09178bb1899eccec,STATIC_SELECTIVE_RISK,Module_12_CrossDomain,sklearn_fixture,29993fa5a07111060fb234185b682f6717de16a4d2e1350bc14293597f01621f,rf_digits_parity_v1,digits_parity,digits_parity,42,,,,2026-09-02T20:45:00Z,1.2.0,62e10bc07ec9873f,SAMPLE_PREDICTION_ERROR,prediction_error == 1 when model prediction != true target,model_prediction_versus_ground_truth,False,1,1,True,0,0.12,0.2,0.05,0.15,0.15,0.061282587702834124,,,,,,NORMAL,True,True,True,True,False,False,False,True,False,,,,
fb20e368ae6e9326d1a96e88,STATIC_SELECTIVE_RISK,Module_12_CrossDomain,sklearn_fixture,29993fa5a07111060fb234185b682f6717de16a4d2e1350bc14293597f01621f,rf_digits_parity_v1,digits_parity,digits_parity,42,,,,2026-09-02T20:45:00Z,1.2.0,62e10bc07ec9873f,SAMPLE_PREDICTION_ERROR,prediction_error == 1 when model prediction != true target,model_prediction_versus_ground_truth,False,1,1,True,0,0.12,0.2,0.05,0.15,0.15,0.061282587702834124,,,,,,NORMAL,True,True,True,True,False,False,False,True,False,,,,
7ea1bf7d21fabe060aaeb63e,STATIC_SELECTIVE_RISK,Module_12_CrossDomain,sklearn_fixture,29993fa5a07111060fb234185b682f6717de16a4d2e1350bc14293597f01621f,rf_digits_parity_v1,digits_parity,digits_parity,42,,,,2026-09-02T20:45:00Z,1.2.0,62e10bc07ec9873f,SAMPLE_PREDICTION_ERROR,prediction_error == 1 when model prediction != true target,model_prediction_versus_ground_truth,False,0,0,True,0,0.12,0.2,0.05,0.15,0.15,0.061282587702834124,,,,,,NORMAL,True,True,True,True,False,False,False,True,False,,,,
5fa978b8e17fb6dbe92b741f,STATIC_SELECTIVE_RISK,Module_12_CrossDomain,sklearn_fixture,29993fa5a07111060fb234185b682f6717de16a4d2e1350bc14293597f01621f,rf_digits_parity_v1,digits_parity,digits_parity,42,,,,2026-09-02T20:45:00Z,1.2.0,62e10bc07ec9873f,SAMPLE_PREDICTION_ERROR,prediction_error == 1 when model prediction != true target,model_prediction_versus_ground_truth,False,1,1,True,0,0.12,0.2,0.05,0.15,0.15,0.061282587702834124,,,,,,NORMAL,True,True,True,True,False,False,False,True,False,,,,
4c6367213f65386d4325b3b4,STATIC_SELECTIVE_RISK,Module_12_CrossDomain,sklearn_fixture,29993fa5a07111060fb234185b682f6717de16a4d2e1350bc14293597f01621f,rf_digits_parity_v1,digits_parity,digits_parity,42,,,,2026-09-02T20:45:00Z,1.2.0,62e10bc07ec9873f,SAMPLE_PREDICTION_ERROR,prediction_error == 1 when model prediction != true target,model_prediction_versus_ground_truth,False,1,1,True,0,0.12,0.2,0.05,0.15,0.15,0.061282587702834124,,,,,,NORMAL,True,True,True,True,False,False,False,True,False,,,,
777105e53c2e9f75518b6bf1,STATIC_SELECTIVE_RISK,Module_12_CrossDomain,sklearn_fixture,29993fa5a07111060fb234185b682f6717de16a4d2e1350bc14293597f01621f,rf_digits_parity_v1,digits_parity,digits_parity,42,,,,2026-09-02T20:45:00Z,1.2.0,62e10bc07ec9873f,SAMPLE_PREDICTION_ERROR,prediction_error == 1 when model prediction != true target,model_prediction_versus_ground_truth,False,1,1,True,0,0.12,0.2,0.05,0.15,0.15,0.061282587702834124,,,,,,NORMAL,True,True,True,True,False,False,False,True,False,,,,
fc8692934a9ac72a54cf8f25,STATIC_SELECTIVE_RISK,Module_12_CrossDomain,sklearn_fixture,29993fa5a07111060fb234185b682f6717de16a4d2e1350bc14293597f01621f,rf_digits_parity_v1,digits_parity,digits_parity,42,,,,2026-09-02T20:45:00Z,1.2.0,62e10bc07ec9873f,SAMPLE_PREDICTION_ERROR,prediction_error == 1 when model prediction != true target,model_prediction_versus_ground_truth,False,0,0,True,0,0.12,0.2,0.05,0.15,0.15,0.061282587702834124,,,,,,NORMAL,True,True,True,True,False,False,False,True,False,,,,
c2a2355f4323bbd2b8bc54da,STATIC_SELECTIVE_RISK,Module_12_CrossDomain,sklearn_fixture,29993fa5a07111060fb234185b682f6717de16a4d2e1350bc14293597f01621f,rf_digits_parity_v1,digits_parity,digits_parity,42,,,,2026-09-02T20:45:00Z,1.2.0,62e10bc07ec9873f,SAMPLE_PREDICTION_ERROR,prediction_error == 1 when model prediction != true target,model_prediction_versus_ground_truth,False,1,1,True,0,0.12,0.2,0.05,0.15,0.15,0.061282587702834124,,,,,,NORMAL,True,True,True,True,False,False,False,True,False,,,,
24bd024aedf6f823d745f4d7,STATIC_SELECTIVE_RISK,Module_12_CrossDomain,sklearn_fixture,29993fa5a07111060fb234185b682f6717de16a4d2e1350bc14293597f01621f,rf_digits_parity_v1,digits_parity,digits_parity,42,,,,2026-09-02T20:45:00Z,1.2.0,62e10bc07ec9873f,SAMPLE_PREDICTION_ERROR,prediction_error == 1 when model prediction != true target,model_prediction_versus_ground_truth,False,1,1,True,0,0.12,0.2,0.05,0.15,0.15,0.061282587702834124,,,,,,NORMAL,True,True,True,True,False,False,False,True,False,,,,
b6d5464db3c3e6f5e4d662e1,STATIC_SELECTIVE_RISK,Module_12_CrossDomain,sklearn_fixture,29993fa5a07111060fb234185b682f6717de16a4d2e1350bc14293597f01621f,rf_digits_parity_v1,digits_parity,digits_parity,42,,,,2026-09-02T20:45:00Z,1.2.0,62e10bc07ec9873f,SAMPLE_PREDICTION_ERROR,prediction_error == 1 when model prediction != true target,model_prediction_versus_ground_truth,False,0,0,True,0,0.12,0.2,0.05,0.15,0.15,0.061282587702834124,,,,,,NORMAL,True,True,True,True,False,False,False,True,False,,,,
2770307b40d54d800441d6b4,STATIC_SELECTIVE_RISK,Module_12_CrossDomain,sklearn_fixture,29993fa5a07111060fb234185b682f6717de16a4d2e1350bc14293597f01621f,rf_digits_parity_v1,digits_parity,digits_parity,42,,,,2026-09-02T20:45:00Z,1.2.0,62e10bc07ec9873f,SAMPLE_PREDICTION_ERROR,prediction_error == 1 when model prediction != true target,model_prediction_versus_ground_truth,False,0,0,True,0,0.12,0.2,0.05,0.15,0.15,0.061282587702834124,,,,,,NORMAL,True,True,True,True,False,False,False,True,False,,,,
5a9a961e04b4e8ef05317d25,STATIC_SELECTIVE_RISK,Module_12_CrossDomain,sklearn_fixture,29993fa5a07111060fb234185b682f6717de16a4d2e1350bc14293597f01621f,rf_digits_parity_v1,digits_parity,digits_parity,42,,,,2026-09-02T20:45:00Z,1.2.0,62e10bc07ec9873f,SAMPLE_PREDICTION_ERROR,prediction_error == 1 when model prediction != true target,model_prediction_versus_ground_truth,False,0,0,True,0,0.12,0.2,0.05,0.15,0.15,0.061282587702834124,,,,,,NORMAL,True,True,True,True,False,False,False,True,False,,,,
e8d8c13bc69c66e060dbfeef,STATIC_SELECTIVE_RISK,Module_12_CrossDomain,sklearn_fixture,29993fa5a07111060fb234185b682f6717de16a4d2e1350bc14293597f01621f,rf_digits_parity_v1,digits_parity,digits_parity,42,,,,2026-09-02T20:45:00Z,1.2.0,62e10bc07ec9873f,SAMPLE_PREDICTION_ERROR,prediction_error == 1 when model prediction != true target,model_prediction_versus_ground_truth,False,0,0,True,0,0.12,0.2,0.05,0.15,0.15,0.061282587702834124,,,,,,NORMAL,True,True,True,True,False,False,False,True,False,,,,
a5590aa944a73633962dc131,STATIC_SELECTIVE_RISK,Module_12_CrossDomain,sklearn_fixture,29993fa5a07111060fb234185b682f6717de16a4d2e1350bc14293597f01621f,rf_digits_parity_v1,digits_parity,digits_parity,42,,,,2026-09-02T20:45:00Z,1.2.0,62e10bc07ec9873f,SAMPLE_PREDICTION_ERROR,prediction_error == 1 when model prediction != true target,model_prediction_versus_ground_truth,False,0,0,True,0,0.12,0.2,0.05,0.15,0.15,0.061282587702834124,,,,,,NORMAL,True,True,True,True,False,False,False,True,False,,,,
411616007a116ebd3fe7dea8,STATIC_SELECTIVE_RISK,Module_12_CrossDomain,sklearn_fixture,29993fa5a07111060fb234185b682f6717de16a4d2e1350bc14293597f01621f,rf_digits_parity_v1,digits_parity,digits_parity,42,,,,2026-09-02T20:45:00Z,1.2.0,62e10bc07ec9873f,SAMPLE_PREDICTION_ERROR,prediction_error == 1 when model prediction != true target,model_prediction_versus_ground_truth,False,1,1,True,0,0.12,0.2,0.05,0.15,0.15,0.061282587702834124,,,,,,NORMAL,True,True,True,True,False,False,False,True,False,,,,
7f7a7adcac07d45244961cfd,STATIC_SELECTIVE_RISK,Module_12_CrossDomain,sklearn_fixture,29993fa5a07111060fb234185b682f6717de16a4d2e1350bc14293597f01621f,rf_digits_parity_v1,digits_parity,digits_parity,42,,,,2026-09-02T20:45:00Z,1.2.0,62e10bc07ec9873f,SAMPLE_PREDICTION_ERROR,prediction_error == 1 when model prediction != true target,model_prediction_versus_ground_truth,False,1,1,True,0,0.12,0.2,0.05,0.15,0.15,0.061282587702834124,,,,,,NORMAL,True,True,True,True,False,False,False,True,False,,,,
cf28465ee528cac41feacc2e,STATIC_SELECTIVE_RISK,Module_12_CrossDomain,sklearn_fixture,29993fa5a07111060fb234185b682f6717de16a4d2e1350bc14293597f01621f,rf_digits_parity_v1,digits_parity,digits_parity,42,,,,2026-09-02T20:45:00Z,1.2.0,62e10bc07ec9873f,SAMPLE_PREDICTION_ERROR,prediction_error == 1 when model prediction != true target,model_prediction_versus_ground_truth,False,1,1,True,0,0.12,0.2,0.05,0.15,0.15,0.061282587702834124,,,,,,NORMAL,True,True,True,True,False,False,False,True,False,,,,
c0899e3b3ecf728a2d67d80a,STATIC_SELECTIVE_RISK,Module_12_CrossDomain,sklearn_fixture,29993fa5a07111060fb234185b682f6717de16a4d2e1350bc14293597f01621f,rf_digits_parity_v1,digits_parity,digits_parity,42,,,,2026-09-02T20:45:00Z,1.2.0,62e10bc07ec9873f,SAMPLE_PREDICTION_ERROR,prediction_error == 1 when model prediction != true target,model_prediction_versus_ground_truth,False,1,1,True,0,0.12,0.2,0.05,0.15,0.15,0.061282587702834124,,,,,,NORMAL,True,True,True,True,False,False,False,True,False,,,,
91b0e29dc554b027c91bce3a,STATIC_SELECTIVE_RISK,Module_12_CrossDomain,sklearn_fixture,29993fa5a07111060fb234185b682f6717de16a4d2e1350bc14293597f01621f,rf_digits_parity_v1,digits_parity,digits_parity,42,,,,2026-09-02T20:45:00Z,1.2.0,62e10bc07ec9873f,SAMPLE_PREDICTION_ERROR,prediction_error == 1 when model prediction != true target,model_prediction_versus_ground_truth,False,1,1,True,0,0.12,0.2,0.05,0.15,0.15,0.061282587702834124,,,,,,NORMAL,True,True,True,True,False,False,False,True,False,,,,
7aaffbc114d793fbe6817765,STATIC_SELECTIVE_RISK,Module_12_CrossDomain,sklearn_fixture,29993fa5a07111060fb234185b682f6717de16a4d2e1350bc14293597f01621f,rf_digits_parity_v1,digits_parity,digits_parity,42,,,,2026-09-02T20:45:00Z,1.2.0,62e10bc07ec9873f,SAMPLE_PREDICTION_ERROR,prediction_error == 1 when model prediction != true target,model_prediction_versus_ground_truth,False,0,0,True,0,0.12,0.2,0.05,0.15,0.15,0.061282587702834124,,,,,,NORMAL,True,True,True,True,False,False,False,True,False,,,,
40ba90169e706426ab8cabbd,STATIC_SELECTIVE_RISK,Module_12_CrossDomain,sklearn_fixture,29993fa5a07111060fb234185b682f6717de16a4d2e1350bc14293597f01621f,rf_digits_parity_v1,digits_parity,digits_parity,42,,,,2026-09-02T20:45:00Z,1.2.0,62e10bc07ec9873f,SAMPLE_PREDICTION_ERROR,prediction_error == 1 when model prediction != true target,model_prediction_versus_ground_truth,False,0,0,True,0,0.12,0.2,0.05,0.15,0.15,0.061282587702834124,,,,,,NORMAL,True,True,True,True,False,False,False,True,False,,,,
93546c2d750ae7ed0961c770,STATIC_SELECTIVE_RISK,Module_12_CrossDomain,sklearn_fixture,29993fa5a07111060fb234185b682f6717de16a4d2e1350bc14293597f01621f,rf_digits_parity_v1,digits_parity,digits_parity,42,,,,2026-09-02T20:45:00Z,1.2.0,62e10bc07ec9873f,SAMPLE_PREDICTION_ERROR,prediction_error == 1 when model prediction != true target,model_prediction_versus_ground_truth,False,0,0,True,0,0.12,0.2,0.05,0.15,0.15,0.061282587702834124,,,,,,NORMAL,True,True,True,True,False,False,False,True,False,,,,
1f940f14a1ac1c0aaac69af2,STATIC_SELECTIVE_RISK,Module_12_CrossDomain,sklearn_fixture,29993fa5a07111060fb234185b682f6717de16a4d2e1350bc14293597f01621f,rf_digits_parity_v1,digits_parity,digits_parity,42,,,,2026-09-02T20:45:00Z,1.2.0,62e10bc07ec9873f,SAMPLE_PREDICTION_ERROR,prediction_error == 1 when model prediction != true target,model_prediction_versus_ground_truth,False,1,1,True,0,0.12,0.2,0.05,0.15,0.15,0.061282587702834124,,,,,,NORMAL,True,True,True,True,False,False,False,True,False,,,,
90e148a1cd3550630dd8c262,STATIC_SELECTIVE_RISK,Module_12_CrossDomain,sklearn_fixture,29993fa5a07111060fb234185b682f6717de16a4d2e1350bc14293597f01621f,rf_digits_parity_v1,digits_parity,digits_parity,42,,,,2026-09-02T20:45:00Z,1.2.0,62e10bc07ec9873f,SAMPLE_PREDICTION_ERROR,prediction_error == 1 when model prediction != true target,model_prediction_versus_ground_truth,False,0,0,True,0,0.12,0.2,0.05,0.15,0.15,0.061282587702834124,,,,,,NORMAL,True,True,True,True,False,False,False,True,False,,,,
4bd97f9b94761690478a8fa2,STATIC_SELECTIVE_RISK,Module_12_CrossDomain,sklearn_fixture,29993fa5a07111060fb234185b682f6717de16a4d2e1350bc14293597f01621f,rf_digits_parity_v1,digits_parity,digits_parity,42,,,,2026-09-02T20:45:00Z,1.2.0,62e10bc07ec9873f,SAMPLE_PREDICTION_ERROR,prediction_error == 1 when model prediction != true target,model_prediction_versus_ground_truth,False,0,0,True,0,0.12,0.2,0.05,0.15,0.15,0.061282587702834124,,,,,,NORMAL,True,True,True,True,False,False,False,True,False,,,,
a2c526fbbb6baea37e4fee54,STATIC_SELECTIVE_RISK,Module_12_CrossDomain,sklearn_fixture,29993fa5a07111060fb234185b682f6717de16a4d2e1350bc14293597f01621f,rf_digits_parity_v1,digits_parity,digits_parity,42,,,,2026-09-02T20:45:00Z,1.2.0,62e10bc07ec9873f,SAMPLE_PREDICTION_ERROR,prediction_error == 1 when model prediction != true target,model_prediction_versus_ground_truth,False,1,1,True,0,0.12,0.2,0.05,0.15,0.15,0.061282587702834124,,,,,,NORMAL,True,True,True,True,False,False,False,True,False,,,,
635845ce2957248d916caf45,STATIC_SELECTIVE_RISK,Module_12_CrossDomain,sklearn_fixture,29993fa5a07111060fb234185b682f6717de16a4d2e1350bc14293597f01621f,rf_digits_parity_v1,digits_parity,digits_parity,42,,,,2026-09-02T20:45:00Z,1.2.0,62e10bc07ec9873f,SAMPLE_PREDICTION_ERROR,prediction_error == 1 when model prediction != true target,model_prediction_versus_ground_truth,False,1,1,True,0,0.12,0.2,0.05,0.15,0.15,0.061282587702834124,,,,,,NORMAL,True,True,True,True,False,False,False,True,False,,,,
708898620e8611f9e3ea1075,STATIC_SELECTIVE_RISK,Module_12_CrossDomain,sklearn_fixture,29993fa5a07111060fb234185b682f6717de16a4d2e1350bc14293597f01621f,rf_digits_parity_v1,digits_parity,digits_parity,42,,,,2026-09-02T20:45:00Z,1.2.0,62e10bc07ec9873f,SAMPLE_PREDICTION_ERROR,prediction_error == 1 when model prediction != true target,model_prediction_versus_ground_truth,False,1,1,True,0,0.12,0.2,0.05,0.15,0.15,0.061282587702834124,,,,,,NORMAL,True,True,True,True,False,False,False,True,False,,,,
9085d1d8175d2642c72f26c4,STATIC_SELECTIVE_RISK,Module_12_CrossDomain,sklearn_fixture,29993fa5a07111060fb234185b682f6717de16a4d2e1350bc14293597f01621f,rf_digits_parity_v1,digits_parity,digits_parity,42,,,,2026-09-02T20:45:00Z,1.2.0,62e10bc07ec9873f,SAMPLE_PREDICTION_ERROR,prediction_error == 1 when model prediction != true target,model_prediction_versus_ground_truth,False,1,1,True,0,0.12,0.2,0.05,0.15,0.15,0.061282587702834124,,,,,,NORMAL,True,True,True,True,False,False,False,True,False,,,,
7980762ed1531c9f1e106f45,STATIC_SELECTIVE_RISK,Module_12_CrossDomain,sklearn_fixture,29993fa5a07111060fb234185b682f6717de16a4d2e1350bc14293597f01621f,rf_digits_parity_v1,digits_parity,digits_parity,42,,,,2026-09-02T20:45:00Z,1.2.0,62e10bc07ec9873f,SAMPLE_PREDICTION_ERROR,prediction_error == 1 when model prediction != true target,model_prediction_versus_ground_truth,False,1,1,True,0,0.12,0.2,0.05,0.15,0.15,0.061282587702834124,,,,,,NORMAL,True,True,True,True,False,False,False,True,False,,,,
5d2e127edd954741802e7247,STATIC_SELECTIVE_RISK,Module_12_CrossDomain,sklearn_fixture,29993fa5a07111060fb234185b682f6717de16a4d2e1350bc14293597f01621f,rf_digits_parity_v1,digits_parity,digits_parity,42,,,,2026-09-02T20:45:00Z,1.2.0,62e10bc07ec9873f,SAMPLE_PREDICTION_ERROR,prediction_error == 1 when model prediction != true target,model_prediction_versus_ground_truth,False,0,0,True,0,0.12,0.2,0.05,0.15,0.15,0.061282587702834124,,,,,,NORMAL,True,True,True,True,False,False,False,True,False,,,,
7a71aef35b65b1e1f0edf405,STATIC_SELECTIVE_RISK,Module_12_CrossDomain,sklearn_fixture,29993fa5a07111060fb234185b682f6717de16a4d2e1350bc14293597f01621f,rf_digits_parity_v1,digits_parity,digits_parity,42,,,,2026-09-02T20:45:00Z,1.2.0,62e10bc07ec9873f,SAMPLE_PREDICTION_ERROR,prediction_error == 1 when model prediction != true target,model_prediction_versus_ground_truth,False,0,0,True,0,0.12,0.2,0.05,0.15,0.15,0.061282587702834124,,,,,,NORMAL,True,True,True,True,False,False,False,True,False,,,,
825fc14693e92e2f9e470b65,STATIC_SELECTIVE_RISK,Module_12_CrossDomain,sklearn_fixture,29993fa5a07111060fb234185b682f6717de16a4d2e1350bc14293597f01621f,rf_digits_parity_v1,digits_parity,digits_parity,42,,,,2026-09-02T20:45:00Z,1.2.0,62e10bc07ec9873f,SAMPLE_PREDICTION_ERROR,prediction_error == 1 when model prediction != true target,model_prediction_versus_ground_truth,False,1,1,True,0,0.12,0.2,0.05,0.15,0.15,0.061282587702834124,,,,,,NORMAL,True,True,True,True,False,False,False,True,False,,,,
1c0b3c01fb9e9bf59bf5fa70,STATIC_SELECTIVE_RISK,Module_12_CrossDomain,sklearn_fixture,29993fa5a07111060fb234185b682f6717de16a4d2e1350bc14293597f01621f,rf_digits_parity_v1,digits_parity,digits_parity,42,,,,2026-09-02T20:45:00Z,1.2.0,62e10bc07ec9873f,SAMPLE_PREDICTION_ERROR,prediction_error == 1 when model prediction != true target,model_prediction_versus_ground_truth,False,0,0,True,0,0.12,0.2,0.05,0.15,0.15,0.061282587702834124,,,,,,NORMAL,True,True,True,True,False,False,False,True,False,,,,
0051ab5dfa7f3c9612c0ab46,STATIC_SELECTIVE_RISK,Module_12_CrossDomain,sklearn_fixture,29993fa5a07111060fb234185b682f6717de16a4d2e1350bc14293597f01621f,rf_digits_parity_v1,digits_parity,digits_parity,42,,,,2026-09-02T20:45:00Z,1.2.0,62e10bc07ec9873f,SAMPLE_PREDICTION_ERROR,prediction_error == 1 when model prediction != true target,model_prediction_versus_ground_truth,False,1,1,True,0,0.12,0.2,0.05,0.15,0.15,0.061282587702834124,,,,,,NORMAL,True,True,True,True,False,False,False,True,False,,,,
fc7e464d6246d3244e8690a4,STATIC_SELECTIVE_RISK,Module_12_CrossDomain,sklearn_fixture,29993fa5a07111060fb234185b682f6717de16a4d2e1350bc14293597f01621f,rf_digits_parity_v1,digits_parity,digits_parity,42,,,,2026-09-02T20:45:00Z,1.2.0,62e10bc07ec9873f,SAMPLE_PREDICTION_ERROR,prediction_error == 1 when model prediction != true target,model_prediction_versus_ground_truth,False,0,0,True,0,0.12,0.2,0.05,0.15,0.15,0.061282587702834124,,,,,,NORMAL,True,True,True,True,False,False,False,True,False,,,,
50208c03ae7e89a3d1122f06,STATIC_SELECTIVE_RISK,Module_12_CrossDomain,sklearn_fixture,29993fa5a07111060fb234185b682f6717de16a4d2e1350bc14293597f01621f,rf_digits_parity_v1,digits_parity,digits_parity,42,,,,2026-09-02T20:45:00Z,1.2.0,62e10bc07ec9873f,SAMPLE_PREDICTION_ERROR,prediction_error == 1 when model prediction != true target,model_prediction_versus_ground_truth,False,0,0,True,0,0.12,0.2,0.05,0.15,0.15,0.061282587702834124,,,,,,NORMAL,True,True,True,True,False,False,False,True,False,,,,
f7c3d148fb2022744b432933,STATIC_SELECTIVE_RISK,Module_12_CrossDomain,sklearn_fixture,29993fa5a07111060fb234185b682f6717de16a4d2e1350bc14293597f01621f,rf_digits_parity_v1,digits_parity,digits_parity,42,,,,2026-09-02T20:45:00Z,1.2.0,62e10bc07ec9873f,SAMPLE_PREDICTION_ERROR,prediction_error == 1 when model prediction != true target,model_prediction_versus_ground_truth,False,1,1,True,0,0.12,0.2,0.05,0.15,0.15,0.061282587702834124,,,,,,NORMAL,True,True,True,True,False,False,False,True,False,,,,
11945fec139dff8263280832,STATIC_SELECTIVE_RISK,Module_12_CrossDomain,sklearn_fixture,29993fa5a07111060fb234185b682f6717de16a4d2e1350bc14293597f01621f,rf_digits_parity_v1,digits_parity,digits_parity,42,,,,2026-09-02T20:45:00Z,1.2.0,62e10bc07ec9873f,SAMPLE_PREDICTION_ERROR,prediction_error == 1 when model prediction != true target,model_prediction_versus_ground_truth,False,1,1,True,0,0.12,0.2,0.05,0.15,0.15,0.061282587702834124,,,,,,NORMAL,True,True,True,True,False,False,False,True,False,,,,
bb817404353c9746bc9c022a,STATIC_SELECTIVE_RISK,Module_12_CrossDomain,sklearn_fixture,29993fa5a07111060fb234185b682f6717de16a4d2e1350bc14293597f01621f,rf_digits_parity_v1,digits_parity,digits_parity,42,,,,2026-09-02T20:45:00Z,1.2.0,62e10bc07ec9873f,SAMPLE_PREDICTION_ERROR,prediction_error == 1 when model prediction != true target,model_prediction_versus_ground_truth,False,0,0,True,0,0.12,0.2,0.05,0.15,0.15,0.061282587702834124,,,,,,NORMAL,True,True,True,True,False,False,False,True,False,,,,
2ef1a3d4aeb9c4d09b2b7f25,STATIC_SELECTIVE_RISK,Module_12_CrossDomain,sklearn_fixture,29993fa5a07111060fb234185b682f6717de16a4d2e1350bc14293597f01621f,rf_digits_parity_v1,digits_parity,digits_parity,42,,,,2026-09-02T20:45:00Z,1.2.0,62e10bc07ec9873f,SAMPLE_PREDICTION_ERROR,prediction_error == 1 when model prediction != true target,model_prediction_versus_ground_truth,False,0,0,True,0,0.12,0.2,0.05,0.15,0.15,0.061282587702834124,,,,,,NORMAL,True,True,True,True,False,False,False,True,False,,,,
82b38f6e91a1b6ed1adf7e0e,STATIC_SELECTIVE_RISK,Module_12_CrossDomain,sklearn_fixture,29993fa5a07111060fb234185b682f6717de16a4d2e1350bc14293597f01621f,rf_digits_parity_v1,digits_parity,digits_parity,42,,,,2026-09-02T20:45:00Z,1.2.0,62e10bc07ec9873f,SAMPLE_PREDICTION_ERROR,prediction_error == 1 when model prediction != true target,model_prediction_versus_ground_truth,False,0,0,True,0,0.12,0.2,0.05,0.15,0.15,0.061282587702834124,,,,,,NORMAL,True,True,True,True,False,False,False,True,False,,,,
50e7db398617b4e31cc4353e,STATIC_SELECTIVE_RISK,Module_12_CrossDomain,sklearn_fixture,29993fa5a07111060fb234185b682f6717de16a4d2e1350bc14293597f01621f,rf_digits_parity_v1,digits_parity,digits_parity,42,,,,2026-09-02T20:45:00Z,1.2.0,62e10bc07ec9873f,SAMPLE_PREDICTION_ERROR,prediction_error == 1 when model prediction != true target,model_prediction_versus_ground_truth,False,0,0,True,0,0.12,0.2,0.05,0.15,0.15,0.061282587702834124,,,,,,NORMAL,True,True,True,True,False,False,False,True,False,,,,
1e80222e053426e76e60af99,STATIC_SELECTIVE_RISK,Module_12_CrossDomain,sklearn_fixture,29993fa5a07111060fb234185b682f6717de16a4d2e1350bc14293597f01621f,rf_digits_parity_v1,digits_parity,digits_parity,42,,,,2026-09-02T20:45:00Z,1.2.0,62e10bc07ec9873f,SAMPLE_PREDICTION_ERROR,prediction_error == 1 when model prediction != true target,model_prediction_versus_ground_truth,False,0,0,True,0,0.12,0.2,0.05,0.15,0.15,0.061282587702834124,,,,,,NORMAL,True,True,True,True,False,False,False,True,False,,,,
2c82a3d979bfc11b44443ace,STATIC_SELECTIVE_RISK,Module_12_CrossDomain,sklearn_fixture,29993fa5a07111060fb234185b682f6717de16a4d2e1350bc14293597f01621f,rf_digits_parity_v1,digits_parity,digits_parity,42,,,,2026-09-02T20:45:00Z,1.2.0,62e10bc07ec9873f,SAMPLE_PREDICTION_ERROR,prediction_error == 1 when model prediction != true target,model_prediction_versus_ground_truth,False,0,0,True,0,0.12,0.2,0.05,0.15,0.15,0.061282587702834124,,,,,,NORMAL,True,True,True,True,False,False,False,True,False,,,,
e1b76777702cd19daf7f8a95,STATIC_SELECTIVE_RISK,Module_12_CrossDomain,sklearn_fixture,29993fa5a07111060fb234185b682f6717de16a4d2e1350bc14293597f01621f,rf_digits_parity_v1,digits_parity,digits_parity,42,,,,2026-09-02T20:45:00Z,1.2.0,62e10bc07ec9873f,SAMPLE_PREDICTION_ERROR,prediction_error == 1 when model prediction != true target,model_prediction_versus_ground_truth,False,1,1,True,0,0.12,0.2,0.05,0.15,0.15,0.061282587702834124,,,,,,NORMAL,True,True,True,True,False,False,False,True,False,,,,
0b9917505ef019a42573fa73,STATIC_SELECTIVE_RISK,Module_12_CrossDomain,sklearn_fixture,29993fa5a07111060fb234185b682f6717de16a4d2e1350bc14293597f01621f,rf_digits_parity_v1,digits_parity,digits_parity,42,,,,2026-09-02T20:45:00Z,1.2.0,62e10bc07ec9873f,SAMPLE_PREDICTION_ERROR,prediction_error == 1 when model prediction != true target,model_prediction_versus_ground_truth,False,1,1,True,0,0.12,0.2,0.05,0.15,0.15,0.061282587702834124,,,,,,NORMAL,True,True,True,True,False,False,False,True,False,,,,
578cf026ef52dd76fc2aa913,STATIC_SELECTIVE_RISK,Module_12_CrossDomain,sklearn_fixture,29993fa5a07111060fb234185b682f6717de16a4d2e1350bc14293597f01621f,rf_digits_parity_v1,digits_parity,digits_parity,42,,,,2026-09-02T20:45:00Z,1.2.0,62e10bc07ec9873f,SAMPLE_PREDICTION_ERROR,prediction_error == 1 when model prediction != true target,model_prediction_versus_ground_truth,False,1,1,True,0,0.12,0.2,0.05,0.15,0.15,0.061282587702834124,,,,,,NORMAL,True,True,True,True,False,False,False,True,False,,,,
b65c7249a9aad3436d18a9be,STATIC_SELECTIVE_RISK,Module_12_CrossDomain,sklearn_fixture,29993fa5a07111060fb234185b682f6717de16a4d2e1350bc14293597f01621f,rf_digits_parity_v1,digits_parity,digits_parity,42,,,,2026-09-02T20:45:00Z,1.2.0,62e10bc07ec9873f,SAMPLE_PREDICTION_ERROR,prediction_error == 1 when model prediction != true target,model_prediction_versus_ground_truth,False,0,0,True,0,0.12,0.2,0.05,0.15,0.15,0.061282587702834124,,,,,,NORMAL,True,True,True,True,False,False,False,True,False,,,,
16f8df782ff2e02c2fb0a202,STATIC_SELECTIVE_RISK,Module_12_CrossDomain,sklearn_fixture,29993fa5a07111060fb234185b682f6717de16a4d2e1350bc14293597f01621f,rf_digits_parity_v1,digits_parity,digits_parity,42,,,,2026-09-02T20:45:00Z,1.2.0,62e10bc07ec9873f,SAMPLE_PREDICTION_ERROR,prediction_error == 1 when model prediction != true target,model_prediction_versus_ground_truth,False,0,0,True,0,0.12,0.2,0.05,0.15,0.15,0.061282587702834124,,,,,,NORMAL,True,True,True,True,False,False,False,True,False,,,,
288825aa623db6da976caed7,STATIC_SELECTIVE_RISK,Module_12_CrossDomain,sklearn_fixture,29993fa5a07111060fb234185b682f6717de16a4d2e1350bc14293597f01621f,rf_digits_parity_v1,digits_parity,digits_parity,42,,,,2026-09-02T20:45:00Z,1.2.0,62e10bc07ec9873f,SAMPLE_PREDICTION_ERROR,prediction_error == 1 when model prediction != true target,model_prediction_versus_ground_truth,False,1,1,True,0,0.12,0.2,0.05,0.15,0.15,0.061282587702834124,,,,,,NORMAL,True,True,True,True,False,False,False,True,False,,,,
2080dc0481ee794aaca7992a,STATIC_SELECTIVE_RISK,Module_12_CrossDomain,sklearn_fixture,29993fa5a07111060fb234185b682f6717de16a4d2e1350bc14293597f01621f,rf_digits_parity_v1,digits_parity,digits_parity,42,,,,2026-09-02T20:45:00Z,1.2.0,62e10bc07ec9873f,SAMPLE_PREDICTION_ERROR,prediction_error == 1 when model prediction != true target,model_prediction_versus_ground_truth,False,1,1,True,0,0.12,0.2,0.05,0.15,0.15,0.061282587702834124,,,,,,NORMAL,True,True,True,True,False,False,False,True,False,,,,
2f52cfb5d066bc074703d6be,STATIC_SELECTIVE_RISK,Module_12_CrossDomain,sklearn_fixture,29993fa5a07111060fb234185b682f6717de16a4d2e1350bc14293597f01621f,rf_digits_parity_v1,digits_parity,digits_parity,42,,,,2026-09-02T20:45:00Z,1.2.0,62e10bc07ec9873f,SAMPLE_PREDICTION_ERROR,prediction_error == 1 when model prediction != true target,model_prediction_versus_ground_truth,False,0,0,True,0,0.12,0.2,0.05,0.15,0.15,0.061282587702834124,,,,,,NORMAL,True,True,True,True,False,False,False,True,False,,,,
741b805effa905a9e91dd736,STATIC_SELECTIVE_RISK,Module_12_CrossDomain,sklearn_fixture,29993fa5a07111060fb234185b682f6717de16a4d2e1350bc14293597f01621f,rf_digits_parity_v1,digits_parity,digits_parity,42,,,,2026-09-02T20:45:00Z,1.2.0,62e10bc07ec9873f,SAMPLE_PREDICTION_ERROR,prediction_error == 1 when model prediction != true target,model_prediction_versus_ground_truth,False,0,0,True,0,0.12,0.2,0.05,0.15,0.15,0.061282587702834124,,,,,,NORMAL,True,True,True,True,False,False,False,True,False,,,,
58d4abe5806d2444ce5691f3,STATIC_SELECTIVE_RISK,Module_12_CrossDomain,sklearn_fixture,29993fa5a07111060fb234185b682f6717de16a4d2e1350bc14293597f01621f,rf_digits_parity_v1,digits_parity,digits_parity,42,,,,2026-09-02T20:45:00Z,1.2.0,62e10bc07ec9873f,SAMPLE_PREDICTION_ERROR,prediction_error == 1 when model prediction != true target,model_prediction_versus_ground_truth,False,1,1,True,0,0.12,0.2,0.05,0.15,0.15,0.061282587702834124,,,,,,NORMAL,True,True,True,True,False,False,False,True,False,,,,
60b2fffa4a3d536344cac627,STATIC_SELECTIVE_RISK,Module_12_CrossDomain,sklearn_fixture,29993fa5a07111060fb234185b682f6717de16a4d2e1350bc14293597f01621f,rf_digits_parity_v1,digits_parity,digits_parity,42,,,,2026-09-02T20:45:00Z,1.2.0,62e10bc07ec9873f,SAMPLE_PREDICTION_ERROR,prediction_error == 1 when model prediction != true target,model_prediction_versus_ground_truth,False,0,0,True,0,0.12,0.2,0.05,0.15,0.15,0.061282587702834124,,,,,,NORMAL,True,True,True,True,False,False,False,True,False,,,,
9bce9e0fe8fe16f339e9378b,STATIC_SELECTIVE_RISK,Module_12_CrossDomain,sklearn_fixture,29993fa5a07111060fb234185b682f6717de16a4d2e1350bc14293597f01621f,rf_digits_parity_v1,digits_parity,digits_parity,42,,,,2026-09-02T20:45:00Z,1.2.0,62e10bc07ec9873f,SAMPLE_PREDICTION_ERROR,prediction_error == 1 when model prediction != true target,model_prediction_versus_ground_truth,False,1,1,True,0,0.12,0.2,0.05,0.15,0.15,0.061282587702834124,,,,,,NORMAL,True,True,True,True,False,False,False,True,False,,,,
8952650165412649e030dfea,STATIC_SELECTIVE_RISK,Module_12_CrossDomain,sklearn_fixture,29993fa5a07111060fb234185b682f6717de16a4d2e1350bc14293597f01621f,rf_digits_parity_v1,digits_parity,digits_parity,42,,,,2026-09-02T20:45:00Z,1.2.0,62e10bc07ec9873f,SAMPLE_PREDICTION_ERROR,prediction_error == 1 when model prediction != true target,model_prediction_versus_ground_truth,False,0,0,True,0,0.12,0.2,0.05,0.15,0.15,0.061282587702834124,,,,,,NORMAL,True,True,True,True,False,False,False,True,False,,,,
eff3e53224458040207d6000,STATIC_SELECTIVE_RISK,Module_12_CrossDomain,sklearn_fixture,29993fa5a07111060fb234185b682f6717de16a4d2e1350bc14293597f01621f,rf_digits_parity_v1,digits_parity,digits_parity,42,,,,2026-09-02T20:45:00Z,1.2.0,62e10bc07ec9873f,SAMPLE_PREDICTION_ERROR,prediction_error == 1 when model prediction != true target,model_prediction_versus_ground_truth,False,0,0,True,0,0.12,0.2,0.05,0.15,0.15,0.061282587702834124,,,,,,NORMAL,True,True,True,True,False,False,False,True,False,,,,
a469b153e2538b10c6eb22c6,STATIC_SELECTIVE_RISK,Module_12_CrossDomain,sklearn_fixture,29993fa5a07111060fb234185b682f6717de16a4d2e1350bc14293597f01621f,rf_digits_parity_v1,digits_parity,digits_parity,42,,,,2026-09-02T20:45:00Z,1.2.0,62e10bc07ec9873f,SAMPLE_PREDICTION_ERROR,prediction_error == 1 when model prediction != true target,model_prediction_versus_ground_truth,False,0,0,True,0,0.12,0.2,0.05,0.15,0.15,0.061282587702834124,,,,,,NORMAL,True,True,True,True,False,False,False,True,False,,,,
fd7229d0bff51f5295556a40,STATIC_SELECTIVE_RISK,Module_12_CrossDomain,sklearn_fixture,29993fa5a07111060fb234185b682f6717de16a4d2e1350bc14293597f01621f,rf_digits_parity_v1,digits_parity,digits_parity,42,,,,2026-09-02T20:45:00Z,1.2.0,62e10bc07ec9873f,SAMPLE_PREDICTION_ERROR,prediction_error == 1 when model prediction != true target,model_prediction_versus_ground_truth,False,1,1,True,0,0.12,0.2,0.05,0.15,0.15,0.061282587702834124,,,,,,NORMAL,True,True,True,True,False,False,False,True,False,,,,
df7eacac5631c46b6fe0f245,STATIC_SELECTIVE_RISK,Module_12_CrossDomain,sklearn_fixture,29993fa5a07111060fb234185b682f6717de16a4d2e1350bc14293597f01621f,rf_digits_parity_v1,digits_parity,digits_parity,42,,,,2026-09-02T20:45:00Z,1.2.0,62e10bc07ec9873f,SAMPLE_PREDICTION_ERROR,prediction_error == 1 when model prediction != true target,model_prediction_versus_ground_truth,False,1,1,True,0,0.12,0.2,0.05,0.15,0.15,0.061282587702834124,,,,,,NORMAL,True,True,True,True,False,False,False,True,False,,,,
ee210232f4372193931a9595,STATIC_SELECTIVE_RISK,Module_12_CrossDomain,sklearn_fixture,29993fa5a07111060fb234185b682f6717de16a4d2e1350bc14293597f01621f,rf_digits_parity_v1,digits_parity,digits_parity,42,,,,2026-09-02T20:45:00Z,1.2.0,62e10bc07ec9873f,SAMPLE_PREDICTION_ERROR,prediction_error == 1 when model prediction != true target,model_prediction_versus_ground_truth,False,0,0,True,0,0.12,0.2,0.05,0.15,0.15,0.061282587702834124,,,,,,NORMAL,True,True,True,True,False,False,False,True,False,,,,
552c1d839082a698073a443e,STATIC_SELECTIVE_RISK,Module_12_CrossDomain,sklearn_fixture,29993fa5a07111060fb234185b682f6717de16a4d2e1350bc14293597f01621f,rf_digits_parity_v1,digits_parity,digits_parity,42,,,,2026-09-02T20:45:00Z,1.2.0,62e10bc07ec9873f,SAMPLE_PREDICTION_ERROR,prediction_error == 1 when model prediction != true target,model_prediction_versus_ground_truth,False,1,1,True,0,0.12,0.2,0.05,0.15,0.15,0.061282587702834124,,,,,,NORMAL,True,True,True,True,False,False,False,True,False,,,,
f503ef1e7869ee725476f008,STATIC_SELECTIVE_RISK,Module_12_CrossDomain,sklearn_fixture,29993fa5a07111060fb234185b682f6717de16a4d2e1350bc14293597f01621f,rf_digits_parity_v1,digits_parity,digits_parity,42,,,,2026-09-02T20:45:00Z,1.2.0,62e10bc07ec9873f,SAMPLE_PREDICTION_ERROR,prediction_error == 1 when model prediction != true target,model_prediction_versus_ground_truth,False,1,1,True,0,0.12,0.2,0.05,0.15,0.15,0.061282587702834124,,,,,,NORMAL,True,True,True,True,False,False,False,True,False,,,,
e264c081867fa9cfb7f0eac6,STATIC_SELECTIVE_RISK,Module_12_CrossDomain,sklearn_fixture,29993fa5a07111060fb234185b682f6717de16a4d2e1350bc14293597f01621f,rf_digits_parity_v1,digits_parity,digits_parity,42,,,,2026-09-02T20:45:00Z,1.2.0,62e10bc07ec9873f,SAMPLE_PREDICTION_ERROR,prediction_error == 1 when model prediction != true target,model_prediction_versus_ground_truth,False,1,1,True,0,0.12,0.2,0.05,0.15,0.15,0.061282587702834124,,,,,,NORMAL,True,True,True,True,False,False,False,True,False,,,,
5ad825b121d0bedd85ad5c16,STATIC_SELECTIVE_RISK,Module_12_CrossDomain,sklearn_fixture,29993fa5a07111060fb234185b682f6717de16a4d2e1350bc14293597f01621f,rf_digits_parity_v1,digits_parity,digits_parity,42,,,,2026-09-02T20:45:00Z,1.2.0,62e10bc07ec9873f,SAMPLE_PREDICTION_ERROR,prediction_error == 1 when model prediction != true target,model_prediction_versus_ground_truth,False,1,1,True,0,0.12,0.2,0.05,0.15,0.15,0.061282587702834124,,,,,,NORMAL,True,True,True,True,False,False,False,True,False,,,,
9fa34b1e76c5e16256e15e9f,STATIC_SELECTIVE_RISK,Module_12_CrossDomain,sklearn_fixture,29993fa5a07111060fb234185b682f6717de16a4d2e1350bc14293597f01621f,rf_digits_parity_v1,digits_parity,digits_parity,42,,,,2026-09-02T20:45:00Z,1.2.0,62e10bc07ec9873f,SAMPLE_PREDICTION_ERROR,prediction_error == 1 when model prediction != true target,model_prediction_versus_ground_truth,False,0,0,True,0,0.12,0.2,0.05,0.15,0.15,0.061282587702834124,,,,,,NORMAL,True,True,True,True,False,False,False,True,False,,,,
cdb810b9e804dfaeb94b4478,STATIC_SELECTIVE_RISK,Module_12_CrossDomain,sklearn_fixture,29993fa5a07111060fb234185b682f6717de16a4d2e1350bc14293597f01621f,rf_digits_parity_v1,digits_parity,digits_parity,42,,,,2026-09-02T20:45:00Z,1.2.0,62e10bc07ec9873f,SAMPLE_PREDICTION_ERROR,prediction_error == 1 when model prediction != true target,model_prediction_versus_ground_truth,False,0,0,True,0,0.12,0.2,0.05,0.15,0.15,0.061282587702834124,,,,,,NORMAL,True,True,True,True,False,False,False,True,False,,,,
fd658cdd31b679de0a6e9b48,STATIC_SELECTIVE_RISK,Module_12_CrossDomain,sklearn_fixture,29993fa5a07111060fb234185b682f6717de16a4d2e1350bc14293597f01621f,rf_digits_parity_v1,digits_parity,digits_parity,42,,,,2026-09-02T20:45:00Z,1.2.0,62e10bc07ec9873f,SAMPLE_PREDICTION_ERROR,prediction_error == 1 when model prediction != true target,model_prediction_versus_ground_truth,False,0,0,True,0,0.12,0.2,0.05,0.15,0.15,0.061282587702834124,,,,,,NORMAL,True,True,True,True,False,False,False,True,False,,,,
8ff6f687c41f87c38f327a49,STATIC_SELECTIVE_RISK,Module_12_CrossDomain,sklearn_fixture,29993fa5a07111060fb234185b682f6717de16a4d2e1350bc14293597f01621f,rf_digits_parity_v1,digits_parity,digits_parity,42,,,,2026-09-02T20:45:00Z,1.2.0,62e10bc07ec9873f,SAMPLE_PREDICTION_ERROR,prediction_error == 1 when model prediction != true target,model_prediction_versus_ground_truth,False,0,0,True,0,0.12,0.2,0.05,0.15,0.15,0.061282587702834124,,,,,,NORMAL,True,True,True,True,False,False,False,True,False,,,,
20ca0f7958a363829b6becd3,STATIC_SELECTIVE_RISK,Module_12_CrossDomain,sklearn_fixture,29993fa5a07111060fb234185b682f6717de16a4d2e1350bc14293597f01621f,rf_digits_parity_v1,digits_parity,digits_parity,42,,,,2026-09-02T20:45:00Z,1.2.0,62e10bc07ec9873f,SAMPLE_PREDICTION_ERROR,prediction_error == 1 when model prediction != true target,model_prediction_versus_ground_truth,False,1,1,True,0,0.12,0.2,0.05,0.15,0.15,0.061282587702834124,,,,,,NORMAL,True,True,True,True,False,False,False,True,False,,,,
523d44bb47582e0a8545625c,STATIC_SELECTIVE_RISK,Module_12_CrossDomain,sklearn_fixture,29993fa5a07111060fb234185b682f6717de16a4d2e1350bc14293597f01621f,rf_digits_parity_v1,digits_parity,digits_parity,42,,,,2026-09-02T20:45:00Z,1.2.0,62e10bc07ec9873f,SAMPLE_PREDICTION_ERROR,prediction_error == 1 when model prediction != true target,model_prediction_versus_ground_truth,False,1,1,True,0,0.12,0.2,0.05,0.15,0.15,0.061282587702834124,,,,,,NORMAL,True,True,True,True,False,False,False,True,False,,,,
ca0ebbeec6e3a45c1c7e590f,STATIC_SELECTIVE_RISK,Module_12_CrossDomain,sklearn_fixture,29993fa5a07111060fb234185b682f6717de16a4d2e1350bc14293597f01621f,rf_digits_parity_v1,digits_parity,digits_parity,42,,,,2026-09-02T20:45:00Z,1.2.0,62e10bc07ec9873f,SAMPLE_PREDICTION_ERROR,prediction_error == 1 when model prediction != true target,model_prediction_versus_ground_truth,False,1,1,True,0,0.12,0.2,0.05,0.15,0.15,0.061282587702834124,,,,,,NORMAL,True,True,True,True,False,False,False,True,False,,,,
9fffaed33e83fb55a92cc7ee,STATIC_SELECTIVE_RISK,Module_12_CrossDomain,sklearn_fixture,29993fa5a07111060fb234185b682f6717de16a4d2e1350bc14293597f01621f,rf_digits_parity_v1,digits_parity,digits_parity,42,,,,2026-09-02T20:45:00Z,1.2.0,62e10bc07ec9873f,SAMPLE_PREDICTION_ERROR,prediction_error == 1 when model prediction != true target,model_prediction_versus_ground_truth,False,1,1,True,0,0.12,0.2,0.05,0.15,0.15,0.061282587702834124,,,,,,NORMAL,True,True,True,True,False,False,False,True,False,,,,
fe46792d622f7e1da1ff6130,STATIC_SELECTIVE_RISK,Module_12_CrossDomain,sklearn_fixture,29993fa5a07111060fb234185b682f6717de16a4d2e1350bc14293597f01621f,rf_digits_parity_v1,digits_parity,digits_parity,42,,,,2026-09-02T20:45:00Z,1.2.0,62e10bc07ec9873f,SAMPLE_PREDICTION_ERROR,prediction_error == 1 when model prediction != true target,model_prediction_versus_ground_truth,False,0,0,True,0,0.12,0.2,0.05,0.15,0.15,0.061282587702834124,,,,,,NORMAL,True,True,True,True,False,False,False,True,False,,,,
2c0b6a73f77e2d49f1f97568,STATIC_SELECTIVE_RISK,Module_12_CrossDomain,sklearn_fixture,29993fa5a07111060fb234185b682f6717de16a4d2e1350bc14293597f01621f,rf_digits_parity_v1,digits_parity,digits_parity,42,,,,2026-09-02T20:45:00Z,1.2.0,62e10bc07ec9873f,SAMPLE_PREDICTION_ERROR,prediction_error == 1 when model prediction != true target,model_prediction_versus_ground_truth,False,1,1,True,0,0.12,0.2,0.05,0.15,0.15,0.061282587702834124,,,,,,NORMAL,True,True,True,True,False,False,False,True,False,,,,
6f8d3404f6972c09f2d2edd6,STATIC_SELECTIVE_RISK,Module_12_CrossDomain,sklearn_fixture,29993fa5a07111060fb234185b682f6717de16a4d2e1350bc14293597f01621f,rf_digits_parity_v1,digits_parity,digits_parity,42,,,,2026-09-02T20:45:00Z,1.2.0,62e10bc07ec9873f,SAMPLE_PREDICTION_ERROR,prediction_error == 1 when model prediction != true target,model_prediction_versus_ground_truth,False,1,1,True,0,0.12,0.2,0.05,0.15,0.15,0.061282587702834124,,,,,,NORMAL,True,True,True,True,False,False,False,True,False,,,,
725778236cdb22a6712a9fca,STATIC_SELECTIVE_RISK,Module_12_CrossDomain,sklearn_fixture,29993fa5a07111060fb234185b682f6717de16a4d2e1350bc14293597f01621f,rf_digits_parity_v1,digits_parity,digits_parity,42,,,,2026-09-02T20:45:00Z,1.2.0,62e10bc07ec9873f,SAMPLE_PREDICTION_ERROR,prediction_error == 1 when model prediction != true target,model_prediction_versus_ground_truth,False,1,1,True,0,0.12,0.2,0.05,0.15,0.15,0.061282587702834124,,,,,,NORMAL,True,True,True,True,False,False,False,True,False,,,,
f23d252a8f67b7328d39b9ad,STATIC_SELECTIVE_RISK,Module_12_CrossDomain,sklearn_fixture,29993fa5a07111060fb234185b682f6717de16a4d2e1350bc14293597f01621f,rf_digits_parity_v1,digits_parity,digits_parity,42,,,,2026-09-02T20:45:00Z,1.2.0,62e10bc07ec9873f,SAMPLE_PREDICTION_ERROR,prediction_error == 1 when model prediction != true target,model_prediction_versus_ground_truth,False,0,0,True,0,0.12,0.2,0.05,0.15,0.15,0.061282587702834124,,,,,,NORMAL,True,True,True,True,False,False,False,True,False,,,,
3399046f3a461412cd64330e,STATIC_SELECTIVE_RISK,Module_12_CrossDomain,sklearn_fixture,29993fa5a07111060fb234185b682f6717de16a4d2e1350bc14293597f01621f,rf_digits_parity_v1,digits_parity,digits_parity,42,,,,2026-09-02T20:45:00Z,1.2.0,62e10bc07ec9873f,SAMPLE_PREDICTION_ERROR,prediction_error == 1 when model prediction != true target,model_prediction_versus_ground_truth,False,1,1,True,0,0.12,0.2,0.05,0.15,0.15,0.061282587702834124,,,,,,NORMAL,True,True,True,True,False,False,False,True,False,,,,
87cabe8135156cee737089c0,STATIC_SELECTIVE_RISK,Module_12_CrossDomain,sklearn_fixture,29993fa5a07111060fb234185b682f6717de16a4d2e1350bc14293597f01621f,rf_digits_parity_v1,digits_parity,digits_parity,42,,,,2026-09-02T20:45:00Z,1.2.0,62e10bc07ec9873f,SAMPLE_PREDICTION_ERROR,prediction_error == 1 when model prediction != true target,model_prediction_versus_ground_truth,False,0,0,True,0,0.12,0.2,0.05,0.15,0.15,0.061282587702834124,,,,,,NORMAL,True,True,True,True,False,False,False,True,False,,,,
59bc9c285ecf35014cde12e1,STATIC_SELECTIVE_RISK,Module_12_CrossDomain,sklearn_fixture,29993fa5a07111060fb234185b682f6717de16a4d2e1350bc14293597f01621f,rf_digits_parity_v1,digits_parity,digits_parity,42,,,,2026-09-02T20:45:00Z,1.2.0,62e10bc07ec9873f,SAMPLE_PREDICTION_ERROR,prediction_error == 1 when model prediction != true target,model_prediction_versus_ground_truth,False,1,1,True,0,0.12,0.2,0.05,0.15,0.15,0.061282587702834124,,,,,,NORMAL,True,True,True,True,False,False,False,True,False,,,,
d5b646fc2610b9ba39f4847c,STATIC_SELECTIVE_RISK,Module_12_CrossDomain,sklearn_fixture,29993fa5a07111060fb234185b682f6717de16a4d2e1350bc14293597f01621f,rf_digits_parity_v1,digits_parity,digits_parity,42,,,,2026-09-02T20:45:00Z,1.2.0,62e10bc07ec9873f,SAMPLE_PREDICTION_ERROR,prediction_error == 1 when model prediction != true target,model_prediction_versus_ground_truth,False,0,0,True,0,0.12,0.2,0.05,0.15,0.15,0.061282587702834124,,,,,,NORMAL,True,True,True,True,False,False,False,True,False,,,,
3ef45aaafa462e36c0dba4ea,STATIC_SELECTIVE_RISK,Module_12_CrossDomain,sklearn_fixture,29993fa5a07111060fb234185b682f6717de16a4d2e1350bc14293597f01621f,rf_digits_parity_v1,digits_parity,digits_parity,42,,,,2026-09-02T20:45:00Z,1.2.0,62e10bc07ec9873f,SAMPLE_PREDICTION_ERROR,prediction_error == 1 when model prediction != true target,model_prediction_versus_ground_truth,False,1,1,True,0,0.12,0.2,0.05,0.15,0.15,0.061282587702834124,,,,,,NORMAL,True,True,True,True,False,False,False,True,False,,,,
8dff41a0080e1178a00436ed,STATIC_SELECTIVE_RISK,Module_12_CrossDomain,sklearn_fixture,29993fa5a07111060fb234185b682f6717de16a4d2e1350bc14293597f01621f,rf_digits_parity_v1,digits_parity,digits_parity,42,,,,2026-09-02T20:45:00Z,1.2.0,62e10bc07ec9873f,SAMPLE_PREDICTION_ERROR,prediction_error == 1 when model prediction != true target,model_prediction_versus_ground_truth,False,0,0,True,0,0.12,0.2,0.05,0.15,0.15,0.061282587702834124,,,,,,NORMAL,True,True,True,True,False,False,False,True,False,,,,
4ffec8a62fbfc3efd2539702,STATIC_SELECTIVE_RISK,Module_12_CrossDomain,sklearn_fixture,29993fa5a07111060fb234185b682f6717de16a4d2e1350bc14293597f01621f,rf_digits_parity_v1,digits_parity,digits_parity,42,,,,2026-09-02T20:45:00Z,1.2.0,62e10bc07ec9873f,SAMPLE_PREDICTION_ERROR,prediction_error == 1 when model prediction != true target,model_prediction_versus_ground_truth,False,1,1,True,0,0.12,0.2,0.05,0.15,0.15,0.061282587702834124,,,,,,NORMAL,True,True,True,True,False,False,False,True,False,,,,
e385e510452a44630fd4e1a4,STATIC_SELECTIVE_RISK,Module_12_CrossDomain,sklearn_fixture,29993fa5a07111060fb234185b682f6717de16a4d2e1350bc14293597f01621f,rf_digits_parity_v1,digits_parity,digits_parity,42,,,,2026-09-02T20:45:00Z,1.2.0,62e10bc07ec9873f,SAMPLE_PREDICTION_ERROR,prediction_error == 1 when model prediction != true target,model_prediction_versus_ground_truth,False,0,0,True,0,0.12,0.2,0.05,0.15,0.15,0.061282587702834124,,,,,,NORMAL,True,True,True,True,False,False,False,True,False,,,,
629f740cb516e3d9fb9c8b00,STATIC_SELECTIVE_RISK,Module_12_CrossDomain,sklearn_fixture,29993fa5a07111060fb234185b682f6717de16a4d2e1350bc14293597f01621f,rf_digits_parity_v1,digits_parity,digits_parity,42,,,,2026-09-02T20:45:00Z,1.2.0,62e10bc07ec9873f,SAMPLE_PREDICTION_ERROR,prediction_error == 1 when model prediction != true target,model_prediction_versus_ground_truth,False,1,1,True,0,0.12,0.2,0.05,0.15,0.15,0.061282587702834124,,,,,,NORMAL,True,True,True,True,False,False,False,True,False,,,,
00d5127bd331591ef6d596da,STATIC_SELECTIVE_RISK,Module_12_CrossDomain,sklearn_fixture,29993fa5a07111060fb234185b682f6717de16a4d2e1350bc14293597f01621f,rf_digits_parity_v1,digits_parity,digits_parity,42,,,,2026-09-02T20:45:00Z,1.2.0,62e10bc07ec9873f,SAMPLE_PREDICTION_ERROR,prediction_error == 1 when model prediction != true target,model_prediction_versus_ground_truth,False,0,0,True,0,0.12,0.2,0.05,0.15,0.15,0.061282587702834124,,,,,,NORMAL,True,True,True,True,False,False,False,True,False,,,,
d8a170480993b495d55ffa03,STATIC_SELECTIVE_RISK,Module_12_CrossDomain,sklearn_fixture,29993fa5a07111060fb234185b682f6717de16a4d2e1350bc14293597f01621f,rf_digits_parity_v1,digits_parity,digits_parity,42,,,,2026-09-02T20:45:00Z,1.2.0,62e10bc07ec9873f,SAMPLE_PREDICTION_ERROR,prediction_error == 1 when model prediction != true target,model_prediction_versus_ground_truth,False,1,1,True,0,0.12,0.2,0.05,0.15,0.15,0.061282587702834124,,,,,,NORMAL,True,True,True,True,False,False,False,True,False,,,,
1d1df3ecf2a68a6d94edc3ba,STATIC_SELECTIVE_RISK,Module_12_CrossDomain,sklearn_fixture,29993fa5a07111060fb234185b682f6717de16a4d2e1350bc14293597f01621f,rf_digits_parity_v1,digits_parity,digits_parity,42,,,,2026-09-02T20:45:00Z,1.2.0,62e10bc07ec9873f,SAMPLE_PREDICTION_ERROR,prediction_error == 1 when model prediction != true target,model_prediction_versus_ground_truth,False,0,0,True,0,0.12,0.2,0.05,0.15,0.15,0.061282587702834124,,,,,,NORMAL,True,True,True,True,False,False,False,True,False,,,,
d627be70840816f60a093585,STATIC_SELECTIVE_RISK,Module_12_CrossDomain,sklearn_fixture,29993fa5a07111060fb234185b682f6717de16a4d2e1350bc14293597f01621f,rf_digits_parity_v1,digits_parity,digits_parity,42,,,,2026-09-02T20:45:00Z,1.2.0,62e10bc07ec9873f,SAMPLE_PREDICTION_ERROR,prediction_error == 1 when model prediction != true target,model_prediction_versus_ground_truth,False,1,1,True,0,0.12,0.2,0.05,0.15,0.15,0.061282587702834124,,,,,,NORMAL,True,True,True,True,False,False,False,True,False,,,,
bb1b139c39fe73aaa12f7948,STATIC_SELECTIVE_RISK,Module_12_CrossDomain,sklearn_fixture,29993fa5a07111060fb234185b682f6717de16a4d2e1350bc14293597f01621f,rf_digits_parity_v1,digits_parity,digits_parity,42,,,,2026-09-02T20:45:00Z,1.2.0,62e10bc07ec9873f,SAMPLE_PREDICTION_ERROR,prediction_error == 1 when model prediction != true target,model_prediction_versus_ground_truth,False,0,0,True,0,0.12,0.2,0.05,0.15,0.15,0.061282587702834124,,,,,,NORMAL,True,True,True,True,False,False,False,True,False,,,,
67e6da346ec3a1e6c3709d34,STATIC_SELECTIVE_RISK,Module_12_CrossDomain,sklearn_fixture,29993fa5a07111060fb234185b682f6717de16a4d2e1350bc14293597f01621f,rf_digits_parity_v1,digits_parity,digits_parity,42,,,,2026-09-02T20:45:00Z,1.2.0,62e10bc07ec9873f,SAMPLE_PREDICTION_ERROR,prediction_error == 1 when model prediction != true target,model_prediction_versus_ground_truth,False,1,1,True,0,0.12,0.2,0.05,0.15,0.15,0.061282587702834124,,,,,,NORMAL,True,True,True,True,False,False,False,True,False,,,,
b5afc145ac4b668a193b394c,STATIC_SELECTIVE_RISK,Module_12_CrossDomain,sklearn_fixture,29993fa5a07111060fb234185b682f6717de16a4d2e1350bc14293597f01621f,rf_digits_parity_v1,digits_parity,digits_parity,42,,,,2026-09-02T20:45:00Z,1.2.0,62e10bc07ec9873f,SAMPLE_PREDICTION_ERROR,prediction_error == 1 when model prediction != true target,model_prediction_versus_ground_truth,False,0,0,True,0,0.12,0.2,0.05,0.15,0.15,0.061282587702834124,,,,,,NORMAL,True,True,True,True,False,False,False,True,False,,,,
68db0413ff541d8585c15ab4,STATIC_SELECTIVE_RISK,Module_12_CrossDomain,sklearn_fixture,29993fa5a07111060fb234185b682f6717de16a4d2e1350bc14293597f01621f,rf_digits_parity_v1,digits_parity,digits_parity,42,,,,2026-09-02T20:45:00Z,1.2.0,62e10bc07ec9873f,SAMPLE_PREDICTION_ERROR,prediction_error == 1 when model prediction != true target,model_prediction_versus_ground_truth,False,1,1,True,0,0.12,0.2,0.05,0.15,0.15,0.061282587702834124,,,,,,NORMAL,True,True,True,True,False,False,False,True,False,,,,
71ae3f248b61ae8fb8d26e2c,STATIC_SELECTIVE_RISK,Module_12_CrossDomain,sklearn_fixture,29993fa5a07111060fb234185b682f6717de16a4d2e1350bc14293597f01621f,rf_digits_parity_v1,digits_parity,digits_parity,42,,,,2026-09-02T20:45:00Z,1.2.0,62e10bc07ec9873f,SAMPLE_PREDICTION_ERROR,prediction_error == 1 when model prediction != true target,model_prediction_versus_ground_truth,False,0,0,True,0,0.12,0.2,0.05,0.15,0.15,0.061282587702834124,,,,,,NORMAL,True,True,True,True,False,False,False,True,False,,,,
7b6fb92812fe01fae65d715f,STATIC_SELECTIVE_RISK,Module_12_CrossDomain,sklearn_fixture,29993fa5a07111060fb234185b682f6717de16a4d2e1350bc14293597f01621f,rf_digits_parity_v1,digits_parity,digits_parity,42,,,,2026-09-02T20:45:00Z,1.2.0,62e10bc07ec9873f,SAMPLE_PREDICTION_ERROR,prediction_error == 1 when model prediction != true target,model_prediction_versus_ground_truth,False,1,1,True,0,0.12,0.2,0.05,0.15,0.15,0.061282587702834124,,,,,,NORMAL,True,True,True,True,False,False,False,True,False,,,,
ba87e5ca54c99336ba76b305,STATIC_SELECTIVE_RISK,Module_12_CrossDomain,sklearn_fixture,29993fa5a07111060fb234185b682f6717de16a4d2e1350bc14293597f01621f,rf_digits_parity_v1,digits_parity,digits_parity,42,,,,2026-09-02T20:45:00Z,1.2.0,62e10bc07ec9873f,SAMPLE_PREDICTION_ERROR,prediction_error == 1 when model prediction != true target,model_prediction_versus_ground_truth,False,0,0,True,0,0.12,0.2,0.05,0.15,0.15,0.061282587702834124,,,,,,NORMAL,True,True,True,True,False,False,False,True,False,,,,
5e8b4304601913d7eee37929,STATIC_SELECTIVE_RISK,Module_12_CrossDomain,sklearn_fixture,29993fa5a07111060fb234185b682f6717de16a4d2e1350bc14293597f01621f,rf_digits_parity_v1,digits_parity,digits_parity,42,,,,2026-09-02T20:45:00Z,1.2.0,62e10bc07ec9873f,SAMPLE_PREDICTION_ERROR,prediction_error == 1 when model prediction != true target,model_prediction_versus_ground_truth,False,1,1,True,0,0.12,0.2,0.05,0.15,0.15,0.061282587702834124,,,,,,NORMAL,True,True,True,True,False,False,False,True,False,,,,
f0636886506c21e14b63bb34,STATIC_SELECTIVE_RISK,Module_12_CrossDomain,sklearn_fixture,29993fa5a07111060fb234185b682f6717de16a4d2e1350bc14293597f01621f,rf_digits_parity_v1,digits_parity,digits_parity,42,,,,2026-09-02T20:45:00Z,1.2.0,62e10bc07ec9873f,SAMPLE_PREDICTION_ERROR,prediction_error == 1 when model prediction != true target,model_prediction_versus_ground_truth,False,0,0,True,0,0.12,0.2,0.05,0.15,0.15,0.061282587702834124,,,,,,NORMAL,True,True,True,True,False,False,False,True,False,,,,
48ac8381b31825f3d36e1a89,STATIC_SELECTIVE_RISK,Module_12_CrossDomain,sklearn_fixture,29993fa5a07111060fb234185b682f6717de16a4d2e1350bc14293597f01621f,rf_digits_parity_v1,digits_parity,digits_parity,42,,,,2026-09-02T20:45:00Z,1.2.0,62e10bc07ec9873f,SAMPLE_PREDICTION_ERROR,prediction_error == 1 when model prediction != true target,model_prediction_versus_ground_truth,False,1,1,True,0,0.12,0.2,0.05,0.15,0.15,0.061282587702834124,,,,,,NORMAL,True,True,True,True,False,False,False,True,False,,,,
ae42b4084d720b5274d03409,STATIC_SELECTIVE_RISK,Module_12_CrossDomain,sklearn_fixture,29993fa5a07111060fb234185b682f6717de16a4d2e1350bc14293597f01621f,rf_digits_parity_v1,digits_parity,digits_parity,42,,,,2026-09-02T20:45:00Z,1.2.0,62e10bc07ec9873f,SAMPLE_PREDICTION_ERROR,prediction_error == 1 when model prediction != true target,model_prediction_versus_ground_truth,False,0,0,True,0,0.12,0.2,0.05,0.15,0.15,0.061282587702834124,,,,,,NORMAL,True,True,True,True,False,False,False,True,False,,,,
44ec258101d84719d4025469,STATIC_SELECTIVE_RISK,Module_12_CrossDomain,sklearn_fixture,29993fa5a07111060fb234185b682f6717de16a4d2e1350bc14293597f01621f,rf_digits_parity_v1,digits_parity,digits_parity,42,,,,2026-09-02T20:45:00Z,1.2.0,62e10bc07ec9873f,SAMPLE_PREDICTION_ERROR,prediction_error == 1 when model prediction != true target,model_prediction_versus_ground_truth,False,1,1,True,0,0.12,0.2,0.05,0.15,0.15,0.061282587702834124,,,,,,NORMAL,True,True,True,True,False,False,False,True,False,,,,
4672987dc151bef5a9465b73,STATIC_SELECTIVE_RISK,Module_12_CrossDomain,sklearn_fixture,29993fa5a07111060fb234185b682f6717de16a4d2e1350bc14293597f01621f,rf_digits_parity_v1,digits_parity,digits_parity,42,,,,2026-09-02T20:45:00Z,1.2.0,62e10bc07ec9873f,SAMPLE_PREDICTION_ERROR,prediction_error == 1 when model prediction != true target,model_prediction_versus_ground_truth,False,0,0,True,0,0.12,0.2,0.05,0.15,0.15,0.061282587702834124,,,,,,NORMAL,True,True,True,True,False,False,False,True,False,,,,
d0b84f67448f49777f9bc172,STATIC_SELECTIVE_RISK,Module_12_CrossDomain,sklearn_fixture,29993fa5a07111060fb234185b682f6717de16a4d2e1350bc14293597f01621f,rf_digits_parity_v1,digits_parity,digits_parity,42,,,,2026-09-02T20:45:00Z,1.2.0,62e10bc07ec9873f,SAMPLE_PREDICTION_ERROR,prediction_error == 1 when model prediction != true target,model_prediction_versus_ground_truth,False,1,1,True,0,0.12,0.2,0.05,0.15,0.15,0.061282587702834124,,,,,,NORMAL,True,True,True,True,False,False,False,True,False,,,,
126fb2cb4cd46a0293611bda,STATIC_SELECTIVE_RISK,Module_12_CrossDomain,sklearn_fixture,29993fa5a07111060fb234185b682f6717de16a4d2e1350bc14293597f01621f,rf_digits_parity_v1,digits_parity,digits_parity,42,,,,2026-09-02T20:45:00Z,1.2.0,62e10bc07ec9873f,SAMPLE_PREDICTION_ERROR,prediction_error == 1 when model prediction != true target,model_prediction_versus_ground_truth,False,0,0,True,0,0.12,0.2,0.05,0.15,0.15,0.061282587702834124,,,,,,NORMAL,True,True,True,True,False,False,False,True,False,,,,
391378d70b52135cf710971d,STATIC_SELECTIVE_RISK,Module_12_CrossDomain,sklearn_fixture,29993fa5a07111060fb234185b682f6717de16a4d2e1350bc14293597f01621f,rf_digits_parity_v1,digits_parity,digits_parity,42,,,,2026-09-02T20:45:00Z,1.2.0,62e10bc07ec9873f,SAMPLE_PREDICTION_ERROR,prediction_error == 1 when model prediction != true target,model_prediction_versus_ground_truth,False,1,1,True,0,0.12,0.2,0.05,0.15,0.15,0.061282587702834124,,,,,,NORMAL,True,True,True,True,False,False,False,True,False,,,,
3aa86aee98cfe97b487e8121,STATIC_SELECTIVE_RISK,Module_12_CrossDomain,sklearn_fixture,29993fa5a07111060fb234185b682f6717de16a4d2e1350bc14293597f01621f,rf_digits_parity_v1,digits_parity,digits_parity,42,,,,2026-09-02T20:45:00Z,1.2.0,62e10bc07ec9873f,SAMPLE_PREDICTION_ERROR,prediction_error == 1 when model prediction != true target,model_prediction_versus_ground_truth,False,0,0,True,0,0.12,0.2,0.05,0.15,0.15,0.061282587702834124,,,,,,NORMAL,True,True,True,True,False,False,False,True,False,,,,
d07a1a2e3d4951ab9db7b620,STATIC_SELECTIVE_RISK,Module_12_CrossDomain,sklearn_fixture,29993fa5a07111060fb234185b682f6717de16a4d2e1350bc14293597f01621f,rf_digits_parity_v1,digits_parity,digits_parity,42,,,,2026-09-02T20:45:00Z,1.2.0,62e10bc07ec9873f,SAMPLE_PREDICTION_ERROR,prediction_error == 1 when model prediction != true target,model_prediction_versus_ground_truth,False,0,0,True,0,0.12,0.2,0.05,0.15,0.15,0.061282587702834124,,,,,,NORMAL,True,True,True,True,False,False,False,True,False,,,,
f9a53d63bd78524a4cce6eb5,STATIC_SELECTIVE_RISK,Module_12_CrossDomain,sklearn_fixture,29993fa5a07111060fb234185b682f6717de16a4d2e1350bc14293597f01621f,rf_digits_parity_v1,digits_parity,digits_parity,42,,,,2026-09-02T20:45:00Z,1.2.0,62e10bc07ec9873f,SAMPLE_PREDICTION_ERROR,prediction_error == 1 when model prediction != true target,model_prediction_versus_ground_truth,False,0,0,True,0,0.12,0.2,0.05,0.15,0.15,0.061282587702834124,,,,,,NORMAL,True,True,True,True,False,False,False,True,False,,,,
821c8267c774b5477900db7d,STATIC_SELECTIVE_RISK,Module_12_CrossDomain,sklearn_fixture,29993fa5a07111060fb234185b682f6717de16a4d2e1350bc14293597f01621f,rf_digits_parity_v1,digits_parity,digits_parity,42,,,,2026-09-02T20:45:00Z,1.2.0,62e10bc07ec9873f,SAMPLE_PREDICTION_ERROR,prediction_error == 1 when model prediction != true target,model_prediction_versus_ground_truth,False,1,1,True,0,0.12,0.2,0.05,0.15,0.15,0.061282587702834124,,,,,,NORMAL,True,True,True,True,False,False,False,True,False,,,,
1d5fa361b1af01e52db625ba,STATIC_SELECTIVE_RISK,Module_12_CrossDomain,sklearn_fixture,29993fa5a07111060fb234185b682f6717de16a4d2e1350bc14293597f01621f,rf_digits_parity_v1,digits_parity,digits_parity,42,,,,2026-09-02T20:45:00Z,1.2.0,62e10bc07ec9873f,SAMPLE_PREDICTION_ERROR,prediction_error == 1 when model prediction != true target,model_prediction_versus_ground_truth,False,0,0,True,0,0.12,0.2,0.05,0.15,0.15,0.061282587702834124,,,,,,NORMAL,True,True,True,True,False,False,False,True,False,,,,
1af19a32898960552e5cdd8b,STATIC_SELECTIVE_RISK,Module_12_CrossDomain,sklearn_fixture,29993fa5a07111060fb234185b682f6717de16a4d2e1350bc14293597f01621f,rf_digits_parity_v1,digits_parity,digits_parity,42,,,,2026-09-02T20:45:00Z,1.2.0,62e10bc07ec9873f,SAMPLE_PREDICTION_ERROR,prediction_error == 1 when model prediction != true target,model_prediction_versus_ground_truth,False,1,1,True,0,0.12,0.2,0.05,0.15,0.15,0.061282587702834124,,,,,,NORMAL,True,True,True,True,False,False,False,True,False,,,,
32eb1d07eea6e0e7b9bd0bba,STATIC_SELECTIVE_RISK,Module_12_CrossDomain,sklearn_fixture,29993fa5a07111060fb234185b682f6717de16a4d2e1350bc14293597f01621f,rf_digits_parity_v1,digits_parity,digits_parity,42,,,,2026-09-02T20:45:00Z,1.2.0,62e10bc07ec9873f,SAMPLE_PREDICTION_ERROR,prediction_error == 1 when model prediction != true target,model_prediction_versus_ground_truth,False,0,0,True,0,0.12,0.2,0.05,0.15,0.15,0.061282587702834124,,,,,,NORMAL,True,True,True,True,False,False,False,True,False,,,,
180f2603dacac8095f30256e,STATIC_SELECTIVE_RISK,Module_12_CrossDomain,sklearn_fixture,29993fa5a07111060fb234185b682f6717de16a4d2e1350bc14293597f01621f,rf_digits_parity_v1,digits_parity,digits_parity,42,,,,2026-09-02T20:45:00Z,1.2.0,62e10bc07ec9873f,SAMPLE_PREDICTION_ERROR,prediction_error == 1 when model prediction != true target,model_prediction_versus_ground_truth,False,1,1,True,0,0.12,0.2,0.05,0.15,0.15,0.061282587702834124,,,,,,NORMAL,True,True,True,True,False,False,False,True,False,,,,
5dcd783050a5287d19a97c26,STATIC_SELECTIVE_RISK,Module_12_CrossDomain,sklearn_fixture,29993fa5a07111060fb234185b682f6717de16a4d2e1350bc14293597f01621f,rf_digits_parity_v1,digits_parity,digits_parity,42,,,,2026-09-02T20:45:00Z,1.2.0,62e10bc07ec9873f,SAMPLE_PREDICTION_ERROR,prediction_error == 1 when model prediction != true target,model_prediction_versus_ground_truth,False,0,0,True,0,0.12,0.2,0.05,0.15,0.15,0.061282587702834124,,,,,,NORMAL,True,True,True,True,False,False,False,True,False,,,,
b538c7d68ee44c546258c4c4,STATIC_SELECTIVE_RISK,Module_12_CrossDomain,sklearn_fixture,29993fa5a07111060fb234185b682f6717de16a4d2e1350bc14293597f01621f,rf_digits_parity_v1,digits_parity,digits_parity,42,,,,2026-09-02T20:45:00Z,1.2.0,62e10bc07ec9873f,SAMPLE_PREDICTION_ERROR,prediction_error == 1 when model prediction != true target,model_prediction_versus_ground_truth,False,1,1,True,0,0.12,0.2,0.05,0.15,0.15,0.061282587702834124,,,,,,NORMAL,True,True,True,True,False,False,False,True,False,,,,
8a52364d74c7322492c67ef4,STATIC_SELECTIVE_RISK,Module_12_CrossDomain,sklearn_fixture,29993fa5a07111060fb234185b682f6717de16a4d2e1350bc14293597f01621f,rf_digits_parity_v1,digits_parity,digits_parity,42,,,,2026-09-02T20:45:00Z,1.2.0,62e10bc07ec9873f,SAMPLE_PREDICTION_ERROR,prediction_error == 1 when model prediction != true target,model_prediction_versus_ground_truth,False,1,1,True,0,0.12,0.2,0.05,0.15,0.15,0.061282587702834124,,,,,,NORMAL,True,True,True,True,False,False,False,True,False,,,,
ba364ed97d373d68c018a5e1,STATIC_SELECTIVE_RISK,Module_12_CrossDomain,sklearn_fixture,29993fa5a07111060fb234185b682f6717de16a4d2e1350bc14293597f01621f,rf_digits_parity_v1,digits_parity,digits_parity,42,,,,2026-09-02T20:45:00Z,1.2.0,62e10bc07ec9873f,SAMPLE_PREDICTION_ERROR,prediction_error == 1 when model prediction != true target,model_prediction_versus_ground_truth,False,0,0,True,0,0.12,0.2,0.05,0.15,0.15,0.061282587702834124,,,,,,NORMAL,True,True,True,True,False,False,False,True,False,,,,
23106b1fce110b8936892ea3,STATIC_SELECTIVE_RISK,Module_12_CrossDomain,sklearn_fixture,29993fa5a07111060fb234185b682f6717de16a4d2e1350bc14293597f01621f,rf_digits_parity_v1,digits_parity,digits_parity,42,,,,2026-09-02T20:45:00Z,1.2.0,62e10bc07ec9873f,SAMPLE_PREDICTION_ERROR,prediction_error == 1 when model prediction != true target,model_prediction_versus_ground_truth,False,0,0,True,0,0.12,0.2,0.05,0.15,0.15,0.061282587702834124,,,,,,NORMAL,True,True,True,True,False,False,False,True,False,,,,
b052842a6d8f0f30bf493a80,STATIC_SELECTIVE_RISK,Module_12_CrossDomain,sklearn_fixture,29993fa5a07111060fb234185b682f6717de16a4d2e1350bc14293597f01621f,rf_digits_parity_v1,digits_parity,digits_parity,42,,,,2026-09-02T20:45:00Z,1.2.0,62e10bc07ec9873f,SAMPLE_PREDICTION_ERROR,prediction_error == 1 when model prediction != true target,model_prediction_versus_ground_truth,False,0,0,True,0,0.12,0.2,0.05,0.15,0.15,0.061282587702834124,,,,,,NORMAL,True,True,True,True,False,False,False,True,False,,,,
063f607f1c4f20b2444e9efd,STATIC_SELECTIVE_RISK,Module_12_CrossDomain,sklearn_fixture,29993fa5a07111060fb234185b682f6717de16a4d2e1350bc14293597f01621f,rf_digits_parity_v1,digits_parity,digits_parity,42,,,,2026-09-02T20:45:00Z,1.2.0,62e10bc07ec9873f,SAMPLE_PREDICTION_ERROR,prediction_error == 1 when model prediction != true target,model_prediction_versus_ground_truth,False,0,0,True,0,0.12,0.2,0.05,0.15,0.15,0.061282587702834124,,,,,,NORMAL,True,True,True,True,False,False,False,True,False,,,,
48490f86289efe54ccc1e041,STATIC_SELECTIVE_RISK,Module_12_CrossDomain,sklearn_fixture,29993fa5a07111060fb234185b682f6717de16a4d2e1350bc14293597f01621f,rf_digits_parity_v1,digits_parity,digits_parity,42,,,,2026-09-02T20:45:00Z,1.2.0,62e10bc07ec9873f,SAMPLE_PREDICTION_ERROR,prediction_error == 1 when model prediction != true target,model_prediction_versus_ground_truth,False,0,0,True,0,0.12,0.2,0.05,0.15,0.15,0.061282587702834124,,,,,,NORMAL,True,True,True,True,False,False,False,True,False,,,,
6de1a66ffda61869ee29440f,STATIC_SELECTIVE_RISK,Module_12_CrossDomain,sklearn_fixture,29993fa5a07111060fb234185b682f6717de16a4d2e1350bc14293597f01621f,rf_digits_parity_v1,digits_parity,digits_parity,42,,,,2026-09-02T20:45:00Z,1.2.0,62e10bc07ec9873f,SAMPLE_PREDICTION_ERROR,prediction_error == 1 when model prediction != true target,model_prediction_versus_ground_truth,False,0,0,True,0,0.12,0.2,0.05,0.15,0.15,0.061282587702834124,,,,,,NORMAL,True,True,True,True,False,False,False,True,False,,,,
c787b3a99bc147a8f77fd65c,STATIC_SELECTIVE_RISK,Module_12_CrossDomain,sklearn_fixture,29993fa5a07111060fb234185b682f6717de16a4d2e1350bc14293597f01621f,rf_digits_parity_v1,digits_parity,digits_parity,42,,,,2026-09-02T20:45:00Z,1.2.0,62e10bc07ec9873f,SAMPLE_PREDICTION_ERROR,prediction_error == 1 when model prediction != true target,model_prediction_versus_ground_truth,False,1,1,True,0,0.12,0.2,0.05,0.15,0.15,0.061282587702834124,,,,,,NORMAL,True,True,True,True,False,False,False,True,False,,,,
7e647ca5fae36c4164d8f080,STATIC_SELECTIVE_RISK,Module_12_CrossDomain,sklearn_fixture,29993fa5a07111060fb234185b682f6717de16a4d2e1350bc14293597f01621f,rf_digits_parity_v1,digits_parity,digits_parity,42,,,,2026-09-02T20:45:00Z,1.2.0,62e10bc07ec9873f,SAMPLE_PREDICTION_ERROR,prediction_error == 1 when model prediction != true target,model_prediction_versus_ground_truth,False,1,1,True,0,0.12,0.2,0.05,0.15,0.15,0.061282587702834124,,,,,,NORMAL,True,True,True,True,False,False,False,True,False,,,,
f398442b54493658802a0f85,STATIC_SELECTIVE_RISK,Module_12_CrossDomain,sklearn_fixture,29993fa5a07111060fb234185b682f6717de16a4d2e1350bc14293597f01621f,rf_digits_parity_v1,digits_parity,digits_parity,42,,,,2026-09-02T20:45:00Z,1.2.0,62e10bc07ec9873f,SAMPLE_PREDICTION_ERROR,prediction_error == 1 when model prediction != true target,model_prediction_versus_ground_truth,False,1,1,True,0,0.12,0.2,0.05,0.15,0.15,0.061282587702834124,,,,,,NORMAL,True,True,True,True,False,False,False,True,False,,,,
d91506c480c911447bf9bff0,STATIC_SELECTIVE_RISK,Module_12_CrossDomain,sklearn_fixture,29993fa5a07111060fb234185b682f6717de16a4d2e1350bc14293597f01621f,rf_digits_parity_v1,digits_parity,digits_parity,42,,,,2026-09-02T20:45:00Z,1.2.0,62e10bc07ec9873f,SAMPLE_PREDICTION_ERROR,prediction_error == 1 when model prediction != true target,model_prediction_versus_ground_truth,False,1,1,True,0,0.12,0.2,0.05,0.15,0.15,0.061282587702834124,,,,,,NORMAL,True,True,True,True,False,False,False,True,False,,,,
28fa33b3b3ce4b93c5a3f7c8,STATIC_SELECTIVE_RISK,Module_12_CrossDomain,sklearn_fixture,29993fa5a07111060fb234185b682f6717de16a4d2e1350bc14293597f01621f,rf_digits_parity_v1,digits_parity,digits_parity,42,,,,2026-09-02T20:45:00Z,1.2.0,62e10bc07ec9873f,SAMPLE_PREDICTION_ERROR,prediction_error == 1 when model prediction != true target,model_prediction_versus_ground_truth,False,0,0,True,0,0.12,0.2,0.05,0.15,0.15,0.061282587702834124,,,,,,NORMAL,True,True,True,True,False,False,False,True,False,,,,
9b7b066326e6bc56f3151f96,STATIC_SELECTIVE_RISK,Module_12_CrossDomain,sklearn_fixture,29993fa5a07111060fb234185b682f6717de16a4d2e1350bc14293597f01621f,rf_digits_parity_v1,digits_parity,digits_parity,42,,,,2026-09-02T20:45:00Z,1.2.0,62e10bc07ec9873f,SAMPLE_PREDICTION_ERROR,prediction_error == 1 when model prediction != true target,model_prediction_versus_ground_truth,False,1,1,True,0,0.12,0.2,0.05,0.15,0.15,0.061282587702834124,,,,,,NORMAL,True,True,True,True,False,False,False,True,False,,,,
db5e8cfc32efdc86695f59d7,STATIC_SELECTIVE_RISK,Module_12_CrossDomain,sklearn_fixture,29993fa5a07111060fb234185b682f6717de16a4d2e1350bc14293597f01621f,rf_digits_parity_v1,digits_parity,digits_parity,42,,,,2026-09-02T20:45:00Z,1.2.0,62e10bc07ec9873f,SAMPLE_PREDICTION_ERROR,prediction_error == 1 when model prediction != true target,model_prediction_versus_ground_truth,False,1,1,True,0,0.12,0.2,0.05,0.15,0.15,0.061282587702834124,,,,,,NORMAL,True,True,True,True,False,False,False,True,False,,,,
2d4ffca976d89ac97487770c,STATIC_SELECTIVE_RISK,Module_12_CrossDomain,sklearn_fixture,29993fa5a07111060fb234185b682f6717de16a4d2e1350bc14293597f01621f,rf_digits_parity_v1,digits_parity,digits_parity,42,,,,2026-09-02T20:45:00Z,1.2.0,62e10bc07ec9873f,SAMPLE_PREDICTION_ERROR,prediction_error == 1 when model prediction != true target,model_prediction_versus_ground_truth,False,1,1,True,0,0.12,0.2,0.05,0.15,0.15,0.061282587702834124,,,,,,NORMAL,True,True,True,True,False,False,False,True,False,,,,
0eb0577efe2c02925509cb58,STATIC_SELECTIVE_RISK,Module_12_CrossDomain,sklearn_fixture,29993fa5a07111060fb234185b682f6717de16a4d2e1350bc14293597f01621f,rf_digits_parity_v1,digits_parity,digits_parity,42,,,,2026-09-02T20:45:00Z,1.2.0,62e10bc07ec9873f,SAMPLE_PREDICTION_ERROR,prediction_error == 1 when model prediction != true target,model_prediction_versus_ground_truth,False,0,0,True,0,0.12,0.2,0.05,0.15,0.15,0.061282587702834124,,,,,,NORMAL,True,True,True,True,False,False,False,True,False,,,,
a8bdf92ec1f560e33fbd1415,STATIC_SELECTIVE_RISK,Module_12_CrossDomain,sklearn_fixture,29993fa5a07111060fb234185b682f6717de16a4d2e1350bc14293597f01621f,rf_digits_parity_v1,digits_parity,digits_parity,42,,,,2026-09-02T20:45:00Z,1.2.0,62e10bc07ec9873f,SAMPLE_PREDICTION_ERROR,prediction_error == 1 when model prediction != true target,model_prediction_versus_ground_truth,False,1,1,True,0,0.12,0.2,0.05,0.15,0.15,0.061282587702834124,,,,,,NORMAL,True,True,True,True,False,False,False,True,False,,,,
0c2f6c0e11a603525189dad4,STATIC_SELECTIVE_RISK,Module_12_CrossDomain,sklearn_fixture,29993fa5a07111060fb234185b682f6717de16a4d2e1350bc14293597f01621f,rf_digits_parity_v1,digits_parity,digits_parity,42,,,,2026-09-02T20:45:00Z,1.2.0,62e10bc07ec9873f,SAMPLE_PREDICTION_ERROR,prediction_error == 1 when model prediction != true target,model_prediction_versus_ground_truth,False,1,1,True,0,0.12,0.2,0.05,0.15,0.15,0.061282587702834124,,,,,,NORMAL,True,True,True,True,False,False,False,True,False,,,,
4a3ddc6139db359fc6bb2cda,STATIC_SELECTIVE_RISK,Module_12_CrossDomain,sklearn_fixture,29993fa5a07111060fb234185b682f6717de16a4d2e1350bc14293597f01621f,rf_digits_parity_v1,digits_parity,digits_parity,42,,,,2026-09-02T20:45:00Z,1.2.0,62e10bc07ec9873f,SAMPLE_PREDICTION_ERROR,prediction_error == 1 when model prediction != true target,model_prediction_versus_ground_truth,False,0,0,True,0,0.12,0.2,0.05,0.15,0.15,0.061282587702834124,,,,,,NORMAL,True,True,True,True,False,False,False,True,False,,,,
0b7d96e330228134e10427fc,STATIC_SELECTIVE_RISK,Module_12_CrossDomain,sklearn_fixture,29993fa5a07111060fb234185b682f6717de16a4d2e1350bc14293597f01621f,rf_digits_parity_v1,digits_parity,digits_parity,42,,,,2026-09-02T20:45:00Z,1.2.0,62e10bc07ec9873f,SAMPLE_PREDICTION_ERROR,prediction_error == 1 when model prediction != true target,model_prediction_versus_ground_truth,False,0,0,True,0,0.12,0.2,0.05,0.15,0.15,0.061282587702834124,,,,,,NORMAL,True,True,True,True,False,False,False,True,False,,,,
465debc334302ce9775cbc23,STATIC_SELECTIVE_RISK,Module_12_CrossDomain,sklearn_fixture,29993fa5a07111060fb234185b682f6717de16a4d2e1350bc14293597f01621f,rf_digits_parity_v1,digits_parity,digits_parity,42,,,,2026-09-02T20:45:00Z,1.2.0,62e10bc07ec9873f,SAMPLE_PREDICTION_ERROR,prediction_error == 1 when model prediction != true target,model_prediction_versus_ground_truth,False,0,0,True,0,0.12,0.2,0.05,0.15,0.15,0.061282587702834124,,,,,,NORMAL,True,True,True,True,False,False,False,True,False,,,,
8be21ef5f5a031a9f8cb51b6,STATIC_SELECTIVE_RISK,Module_12_CrossDomain,sklearn_fixture,29993fa5a07111060fb234185b682f6717de16a4d2e1350bc14293597f01621f,rf_digits_parity_v1,digits_parity,digits_parity,42,,,,2026-09-02T20:45:00Z,1.2.0,62e10bc07ec9873f,SAMPLE_PREDICTION_ERROR,prediction_error == 1 when model prediction != true target,model_prediction_versus_ground_truth,False,0,0,True,0,0.12,0.2,0.05,0.15,0.15,0.061282587702834124,,,,,,NORMAL,True,True,True,True,False,False,False,True,False,,,,
8d636bf6e733b78cf75d71b6,STATIC_SELECTIVE_RISK,Module_12_CrossDomain,sklearn_fixture,29993fa5a07111060fb234185b682f6717de16a4d2e1350bc14293597f01621f,rf_digits_parity_v1,digits_parity,digits_parity,42,,,,2026-09-02T20:45:00Z,1.2.0,62e10bc07ec9873f,SAMPLE_PREDICTION_ERROR,prediction_error == 1 when model prediction != true target,model_prediction_versus_ground_truth,False,0,0,True,0,0.12,0.2,0.05,0.15,0.15,0.061282587702834124,,,,,,NORMAL,True,True,True,True,False,False,False,True,False,,,,
96fe82ca84ab48a45d368424,STATIC_SELECTIVE_RISK,Module_12_CrossDomain,sklearn_fixture,29993fa5a07111060fb234185b682f6717de16a4d2e1350bc14293597f01621f,rf_digits_parity_v1,digits_parity,digits_parity,42,,,,2026-09-02T20:45:00Z,1.2.0,62e10bc07ec9873f,SAMPLE_PREDICTION_ERROR,prediction_error == 1 when model prediction != true target,model_prediction_versus_ground_truth,False,1,1,True,0,0.12,0.2,0.05,0.15,0.15,0.061282587702834124,,,,,,NORMAL,True,True,True,True,False,False,False,True,False,,,,
3036d1d744b4da9eb7fb213f,STATIC_SELECTIVE_RISK,Module_12_CrossDomain,sklearn_fixture,29993fa5a07111060fb234185b682f6717de16a4d2e1350bc14293597f01621f,rf_digits_parity_v1,digits_parity,digits_parity,42,,,,2026-09-02T20:45:00Z,1.2.0,62e10bc07ec9873f,SAMPLE_PREDICTION_ERROR,prediction_error == 1 when model prediction != true target,model_prediction_versus_ground_truth,False,1,1,True,0,0.12,0.2,0.05,0.15,0.15,0.061282587702834124,,,,,,NORMAL,True,True,True,True,False,False,False,True,False,,,,
1242b4a860eabdedf8d6de5a,STATIC_SELECTIVE_RISK,Module_12_CrossDomain,sklearn_fixture,29993fa5a07111060fb234185b682f6717de16a4d2e1350bc14293597f01621f,rf_digits_parity_v1,digits_parity,digits_parity,42,,,,2026-09-02T20:45:00Z,1.2.0,62e10bc07ec9873f,SAMPLE_PREDICTION_ERROR,prediction_error == 1 when model prediction != true target,model_prediction_versus_ground_truth,False,1,1,True,0,0.12,0.2,0.05,0.15,0.15,0.061282587702834124,,,,,,NORMAL,True,True,True,True,False,False,False,True,False,,,,
19999675ae298ab69d0f5c8b,STATIC_SELECTIVE_RISK,Module_12_CrossDomain,sklearn_fixture,29993fa5a07111060fb234185b682f6717de16a4d2e1350bc14293597f01621f,rf_digits_parity_v1,digits_parity,digits_parity,42,,,,2026-09-02T20:45:00Z,1.2.0,62e10bc07ec9873f,SAMPLE_PREDICTION_ERROR,prediction_error == 1 when model prediction != true target,model_prediction_versus_ground_truth,False,1,1,True,0,0.12,0.2,0.05,0.15,0.15,0.061282587702834124,,,,,,NORMAL,True,True,True,True,False,False,False,True,False,,,,
5dd497d8c7fb6ba62ed8917f,STATIC_SELECTIVE_RISK,Module_12_CrossDomain,sklearn_fixture,29993fa5a07111060fb234185b682f6717de16a4d2e1350bc14293597f01621f,rf_digits_parity_v1,digits_parity,digits_parity,42,,,,2026-09-02T20:45:00Z,1.2.0,62e10bc07ec9873f,SAMPLE_PREDICTION_ERROR,prediction_error == 1 when model prediction != true target,model_prediction_versus_ground_truth,False,1,1,True,0,0.12,0.2,0.05,0.15,0.15,0.061282587702834124,,,,,,NORMAL,True,True,True,True,False,False,False,True,False,,,,
3105f6c63a4888e6c91e103f,STATIC_SELECTIVE_RISK,Module_12_CrossDomain,sklearn_fixture,29993fa5a07111060fb234185b682f6717de16a4d2e1350bc14293597f01621f,rf_digits_parity_v1,digits_parity,digits_parity,42,,,,2026-09-02T20:45:00Z,1.2.0,62e10bc07ec9873f,SAMPLE_PREDICTION_ERROR,prediction_error == 1 when model prediction != true target,model_prediction_versus_ground_truth,False,0,0,True,0,0.12,0.2,0.05,0.15,0.15,0.061282587702834124,,,,,,NORMAL,True,True,True,True,False,False,False,True,False,,,,
f35cca829222e1f6310bfe31,STATIC_SELECTIVE_RISK,Module_12_CrossDomain,sklearn_fixture,29993fa5a07111060fb234185b682f6717de16a4d2e1350bc14293597f01621f,rf_digits_parity_v1,digits_parity,digits_parity,42,,,,2026-09-02T20:45:00Z,1.2.0,62e10bc07ec9873f,SAMPLE_PREDICTION_ERROR,prediction_error == 1 when model prediction != true target,model_prediction_versus_ground_truth,False,0,0,True,0,0.12,0.2,0.05,0.15,0.15,0.061282587702834124,,,,,,NORMAL,True,True,True,True,False,False,False,True,False,,,,
81cf14310e374e56868db286,STATIC_SELECTIVE_RISK,Module_12_CrossDomain,sklearn_fixture,29993fa5a07111060fb234185b682f6717de16a4d2e1350bc14293597f01621f,rf_digits_parity_v1,digits_parity,digits_parity,42,,,,2026-09-02T20:45:00Z,1.2.0,62e10bc07ec9873f,SAMPLE_PREDICTION_ERROR,prediction_error == 1 when model prediction != true target,model_prediction_versus_ground_truth,False,0,0,True,0,0.12,0.2,0.05,0.15,0.15,0.061282587702834124,,,,,,NORMAL,True,True,True,True,False,False,False,True,False,,,,
54260b6961e1349ec9709dcb,STATIC_SELECTIVE_RISK,Module_12_CrossDomain,sklearn_fixture,29993fa5a07111060fb234185b682f6717de16a4d2e1350bc14293597f01621f,rf_digits_parity_v1,digits_parity,digits_parity,42,,,,2026-09-02T20:45:00Z,1.2.0,62e10bc07ec9873f,SAMPLE_PREDICTION_ERROR,prediction_error == 1 when model prediction != true target,model_prediction_versus_ground_truth,False,1,1,True,0,0.12,0.2,0.05,0.15,0.15,0.061282587702834124,,,,,,NORMAL,True,True,True,True,False,False,False,True,False,,,,
5532292bb82732505c6a88da,STATIC_SELECTIVE_RISK,Module_12_CrossDomain,sklearn_fixture,29993fa5a07111060fb234185b682f6717de16a4d2e1350bc14293597f01621f,rf_digits_parity_v1,digits_parity,digits_parity,42,,,,2026-09-02T20:45:00Z,1.2.0,62e10bc07ec9873f,SAMPLE_PREDICTION_ERROR,prediction_error == 1 when model prediction != true target,model_prediction_versus_ground_truth,False,0,0,True,0,0.12,0.2,0.05,0.15,0.15,0.061282587702834124,,,,,,NORMAL,True,True,True,True,False,False,False,True,False,,,,
770bc7a0f8bdcabec4cead8d,STATIC_SELECTIVE_RISK,Module_12_CrossDomain,sklearn_fixture,29993fa5a07111060fb234185b682f6717de16a4d2e1350bc14293597f01621f,rf_digits_parity_v1,digits_parity,digits_parity,42,,,,2026-09-02T20:45:00Z,1.2.0,62e10bc07ec9873f,SAMPLE_PREDICTION_ERROR,prediction_error == 1 when model prediction != true target,model_prediction_versus_ground_truth,False,0,0,True,0,0.12,0.2,0.05,0.15,0.15,0.061282587702834124,,,,,,NORMAL,True,True,True,True,False,False,False,True,False,,,,
de99a881f2098cb639d248d6,STATIC_SELECTIVE_RISK,Module_12_CrossDomain,sklearn_fixture,29993fa5a07111060fb234185b682f6717de16a4d2e1350bc14293597f01621f,rf_digits_parity_v1,digits_parity,digits_parity,42,,,,2026-09-02T20:45:00Z,1.2.0,62e10bc07ec9873f,SAMPLE_PREDICTION_ERROR,prediction_error == 1 when model prediction != true target,model_prediction_versus_ground_truth,False,1,1,True,0,0.12,0.2,0.05,0.15,0.15,0.061282587702834124,,,,,,NORMAL,True,True,True,True,False,False,False,True,False,,,,
f0dd3a8ea1ef8f372e9e542b,STATIC_SELECTIVE_RISK,Module_12_CrossDomain,sklearn_fixture,29993fa5a07111060fb234185b682f6717de16a4d2e1350bc14293597f01621f,rf_digits_parity_v1,digits_parity,digits_parity,42,,,,2026-09-02T20:45:00Z,1.2.0,62e10bc07ec9873f,SAMPLE_PREDICTION_ERROR,prediction_error == 1 when model prediction != true target,model_prediction_versus_ground_truth,False,1,1,True,0,0.12,0.2,0.05,0.15,0.15,0.061282587702834124,,,,,,NORMAL,True,True,True,True,False,False,False,True,False,,,,
824643bbb5151b201a9cf6d1,STATIC_SELECTIVE_RISK,Module_12_CrossDomain,sklearn_fixture,29993fa5a07111060fb234185b682f6717de16a4d2e1350bc14293597f01621f,rf_digits_parity_v1,digits_parity,digits_parity,42,,,,2026-09-02T20:45:00Z,1.2.0,62e10bc07ec9873f,SAMPLE_PREDICTION_ERROR,prediction_error == 1 when model prediction != true target,model_prediction_versus_ground_truth,False,1,1,True,0,0.12,0.2,0.05,0.15,0.15,0.061282587702834124,,,,,,NORMAL,True,True,True,True,False,False,False,True,False,,,,
7c757ae16b0343be4d8f28eb,STATIC_SELECTIVE_RISK,Module_12_CrossDomain,sklearn_fixture,29993fa5a07111060fb234185b682f6717de16a4d2e1350bc14293597f01621f,rf_digits_parity_v1,digits_parity,digits_parity,42,,,,2026-09-02T20:45:00Z,1.2.0,62e10bc07ec9873f,SAMPLE_PREDICTION_ERROR,prediction_error == 1 when model prediction != true target,model_prediction_versus_ground_truth,False,1,1,True,0,0.12,0.2,0.05,0.15,0.15,0.061282587702834124,,,,,,NORMAL,True,True,True,True,False,False,False,True,False,,,,
87245bd6d50c25584eba9b44,STATIC_SELECTIVE_RISK,Module_12_CrossDomain,sklearn_fixture,29993fa5a07111060fb234185b682f6717de16a4d2e1350bc14293597f01621f,rf_digits_parity_v1,digits_parity,digits_parity,42,,,,2026-09-02T20:45:00Z,1.2.0,62e10bc07ec9873f,SAMPLE_PREDICTION_ERROR,prediction_error == 1 when model prediction != true target,model_prediction_versus_ground_truth,False,1,1,True,0,0.12,0.2,0.05,0.15,0.15,0.061282587702834124,,,,,,NORMAL,True,True,True,True,False,False,False,True,False,,,,
f87ff2a03dcc077d29a6289e,STATIC_SELECTIVE_RISK,Module_12_CrossDomain,sklearn_fixture,29993fa5a07111060fb234185b682f6717de16a4d2e1350bc14293597f01621f,rf_digits_parity_v1,digits_parity,digits_parity,42,,,,2026-09-02T20:45:00Z,1.2.0,62e10bc07ec9873f,SAMPLE_PREDICTION_ERROR,prediction_error == 1 when model prediction != true target,model_prediction_versus_ground_truth,False,0,0,True,0,0.12,0.2,0.05,0.15,0.15,0.061282587702834124,,,,,,NORMAL,True,True,True,True,False,False,False,True,False,,,,
d6f21cc1633660a122f9a6cd,STATIC_SELECTIVE_RISK,Module_12_CrossDomain,sklearn_fixture,29993fa5a07111060fb234185b682f6717de16a4d2e1350bc14293597f01621f,rf_digits_parity_v1,digits_parity,digits_parity,42,,,,2026-09-02T20:45:00Z,1.2.0,62e10bc07ec9873f,SAMPLE_PREDICTION_ERROR,prediction_error == 1 when model prediction != true target,model_prediction_versus_ground_truth,False,0,0,True,0,0.12,0.2,0.05,0.15,0.15,0.061282587702834124,,,,,,NORMAL,True,True,True,True,False,False,False,True,False,,,,
4c13d0bb25bf5dc576bb1d65,STATIC_SELECTIVE_RISK,Module_12_CrossDomain,sklearn_fixture,29993fa5a07111060fb234185b682f6717de16a4d2e1350bc14293597f01621f,rf_digits_parity_v1,digits_parity,digits_parity,42,,,,2026-09-02T20:45:00Z,1.2.0,62e10bc07ec9873f,SAMPLE_PREDICTION_ERROR,prediction_error == 1 when model prediction != true target,model_prediction_versus_ground_truth,False,1,1,True,0,0.12,0.2,0.05,0.15,0.15,0.061282587702834124,,,,,,NORMAL,True,True,True,True,False,False,False,True,False,,,,
18aea1f430f55fa4db4365ba,STATIC_SELECTIVE_RISK,Module_12_CrossDomain,sklearn_fixture,29993fa5a07111060fb234185b682f6717de16a4d2e1350bc14293597f01621f,rf_digits_parity_v1,digits_parity,digits_parity,42,,,,2026-09-02T20:45:00Z,1.2.0,62e10bc07ec9873f,SAMPLE_PREDICTION_ERROR,prediction_error == 1 when model prediction != true target,model_prediction_versus_ground_truth,False,0,0,True,0,0.12,0.2,0.05,0.15,0.15,0.061282587702834124,,,,,,NORMAL,True,True,True,True,False,False,False,True,False,,,,
e2332983c65743c32deb0890,STATIC_SELECTIVE_RISK,Module_12_CrossDomain,sklearn_fixture,29993fa5a07111060fb234185b682f6717de16a4d2e1350bc14293597f01621f,rf_digits_parity_v1,digits_parity,digits_parity,42,,,,2026-09-02T20:45:00Z,1.2.0,62e10bc07ec9873f,SAMPLE_PREDICTION_ERROR,prediction_error == 1 when model prediction != true target,model_prediction_versus_ground_truth,False,1,1,True,0,0.12,0.2,0.05,0.15,0.15,0.061282587702834124,,,,,,NORMAL,True,True,True,True,False,False,False,True,False,,,,
3fc858d4305e6a7d552815a4,STATIC_SELECTIVE_RISK,Module_12_CrossDomain,sklearn_fixture,29993fa5a07111060fb234185b682f6717de16a4d2e1350bc14293597f01621f,rf_digits_parity_v1,digits_parity,digits_parity,42,,,,2026-09-02T20:45:00Z,1.2.0,62e10bc07ec9873f,SAMPLE_PREDICTION_ERROR,prediction_error == 1 when model prediction != true target,model_prediction_versus_ground_truth,False,0,0,True,0,0.12,0.2,0.05,0.15,0.15,0.061282587702834124,,,,,,NORMAL,True,True,True,True,False,False,False,True,False,,,,
e14555dc5bb5826545332301,STATIC_SELECTIVE_RISK,Module_12_CrossDomain,sklearn_fixture,29993fa5a07111060fb234185b682f6717de16a4d2e1350bc14293597f01621f,rf_digits_parity_v1,digits_parity,digits_parity,42,,,,2026-09-02T20:45:00Z,1.2.0,62e10bc07ec9873f,SAMPLE_PREDICTION_ERROR,prediction_error == 1 when model prediction != true target,model_prediction_versus_ground_truth,False,0,0,True,0,0.12,0.2,0.05,0.15,0.15,0.061282587702834124,,,,,,NORMAL,True,True,True,True,False,False,False,True,False,,,,
6a01a670dd20a1d35452849a,STATIC_SELECTIVE_RISK,Module_12_CrossDomain,sklearn_fixture,29993fa5a07111060fb234185b682f6717de16a4d2e1350bc14293597f01621f,rf_digits_parity_v1,digits_parity,digits_parity,42,,,,2026-09-02T20:45:00Z,1.2.0,62e10bc07ec9873f,SAMPLE_PREDICTION_ERROR,prediction_error == 1 when model prediction != true target,model_prediction_versus_ground_truth,False,1,1,True,0,0.12,0.2,0.05,0.15,0.15,0.061282587702834124,,,,,,NORMAL,True,True,True,True,False,False,False,True,False,,,,
bfdef2f9851cea92bf9f7c87,STATIC_SELECTIVE_RISK,Module_12_CrossDomain,sklearn_fixture,29993fa5a07111060fb234185b682f6717de16a4d2e1350bc14293597f01621f,rf_digits_parity_v1,digits_parity,digits_parity,42,,,,2026-09-02T20:45:00Z,1.2.0,62e10bc07ec9873f,SAMPLE_PREDICTION_ERROR,prediction_error == 1 when model prediction != true target,model_prediction_versus_ground_truth,False,1,1,True,0,0.12,0.2,0.05,0.15,0.15,0.061282587702834124,,,,,,NORMAL,True,True,True,True,False,False,False,True,False,,,,
d4d35947dcbfe1f2aae9c087,STATIC_SELECTIVE_RISK,Module_12_CrossDomain,sklearn_fixture,29993fa5a07111060fb234185b682f6717de16a4d2e1350bc14293597f01621f,rf_digits_parity_v1,digits_parity,digits_parity,42,,,,2026-09-02T20:45:00Z,1.2.0,62e10bc07ec9873f,SAMPLE_PREDICTION_ERROR,prediction_error == 1 when model prediction != true target,model_prediction_versus_ground_truth,False,0,0,True,0,0.12,0.2,0.05,0.15,0.15,0.061282587702834124,,,,,,NORMAL,True,True,True,True,False,False,False,True,False,,,,
350229d71b3f0948d8fd722f,STATIC_SELECTIVE_RISK,Module_12_CrossDomain,sklearn_fixture,29993fa5a07111060fb234185b682f6717de16a4d2e1350bc14293597f01621f,rf_digits_parity_v1,digits_parity,digits_parity,42,,,,2026-09-02T20:45:00Z,1.2.0,62e10bc07ec9873f,SAMPLE_PREDICTION_ERROR,prediction_error == 1 when model prediction != true target,model_prediction_versus_ground_truth,False,0,0,True,0,0.12,0.2,0.05,0.15,0.15,0.061282587702834124,,,,,,NORMAL,True,True,True,True,False,False,False,True,False,,,,
97c3066ceb80554d234373ff,STATIC_SELECTIVE_RISK,Module_12_CrossDomain,sklearn_fixture,29993fa5a07111060fb234185b682f6717de16a4d2e1350bc14293597f01621f,rf_digits_parity_v1,digits_parity,digits_parity,42,,,,2026-09-02T20:45:00Z,1.2.0,62e10bc07ec9873f,SAMPLE_PREDICTION_ERROR,prediction_error == 1 when model prediction != true target,model_prediction_versus_ground_truth,False,0,0,True,0,0.12,0.2,0.05,0.15,0.15,0.061282587702834124,,,,,,NORMAL,True,True,True,True,False,False,False,True,False,,,,
8e47bf1f826ad6525789e82b,STATIC_SELECTIVE_RISK,Module_12_CrossDomain,sklearn_fixture,29993fa5a07111060fb234185b682f6717de16a4d2e1350bc14293597f01621f,rf_digits_parity_v1,digits_parity,digits_parity,42,,,,2026-09-02T20:45:00Z,1.2.0,62e10bc07ec9873f,SAMPLE_PREDICTION_ERROR,prediction_error == 1 when model prediction != true target,model_prediction_versus_ground_truth,False,0,0,True,0,0.12,0.2,0.05,0.15,0.15,0.061282587702834124,,,,,,NORMAL,True,True,True,True,False,False,False,True,False,,,,
893fcd243371dcd3efa49840,STATIC_SELECTIVE_RISK,Module_12_CrossDomain,sklearn_fixture,29993fa5a07111060fb234185b682f6717de16a4d2e1350bc14293597f01621f,rf_digits_parity_v1,digits_parity,digits_parity,42,,,,2026-09-02T20:45:00Z,1.2.0,62e10bc07ec9873f,SAMPLE_PREDICTION_ERROR,prediction_error == 1 when model prediction != true target,model_prediction_versus_ground_truth,False,0,0,True,0,0.12,0.2,0.05,0.15,0.15,0.061282587702834124,,,,,,NORMAL,True,True,True,True,False,False,False,True,False,,,,
1a6eed891857fc24d99cef14,STATIC_SELECTIVE_RISK,Module_12_CrossDomain,sklearn_fixture,29993fa5a07111060fb234185b682f6717de16a4d2e1350bc14293597f01621f,rf_digits_parity_v1,digits_parity,digits_parity,42,,,,2026-09-02T20:45:00Z,1.2.0,62e10bc07ec9873f,SAMPLE_PREDICTION_ERROR,prediction_error == 1 when model prediction != true target,model_prediction_versus_ground_truth,False,0,0,True,0,0.12,0.2,0.05,0.15,0.15,0.061282587702834124,,,,,,NORMAL,True,True,True,True,False,False,False,True,False,,,,
0412780c33affcb5286218dc,STATIC_SELECTIVE_RISK,Module_12_CrossDomain,sklearn_fixture,29993fa5a07111060fb234185b682f6717de16a4d2e1350bc14293597f01621f,rf_digits_parity_v1,digits_parity,digits_parity,42,,,,2026-09-02T20:45:00Z,1.2.0,62e10bc07ec9873f,SAMPLE_PREDICTION_ERROR,prediction_error == 1 when model prediction != true target,model_prediction_versus_ground_truth,False,1,1,True,0,0.12,0.2,0.05,0.15,0.15,0.061282587702834124,,,,,,NORMAL,True,True,True,True,False,False,False,True,False,,,,
151504c6252e4c16056ae299,STATIC_SELECTIVE_RISK,Module_12_CrossDomain,sklearn_fixture,29993fa5a07111060fb234185b682f6717de16a4d2e1350bc14293597f01621f,rf_digits_parity_v1,digits_parity,digits_parity,42,,,,2026-09-02T20:45:00Z,1.2.0,62e10bc07ec9873f,SAMPLE_PREDICTION_ERROR,prediction_error == 1 when model prediction != true target,model_prediction_versus_ground_truth,False,1,1,True,0,0.12,0.2,0.05,0.15,0.15,0.061282587702834124,,,,,,NORMAL,True,True,True,True,False,False,False,True,False,,,,
08391ada02b3156646d400e5,STATIC_SELECTIVE_RISK,Module_12_CrossDomain,sklearn_fixture,29993fa5a07111060fb234185b682f6717de16a4d2e1350bc14293597f01621f,rf_digits_parity_v1,digits_parity,digits_parity,42,,,,2026-09-02T20:45:00Z,1.2.0,62e10bc07ec9873f,SAMPLE_PREDICTION_ERROR,prediction_error == 1 when model prediction != true target,model_prediction_versus_ground_truth,False,1,1,True,0,0.12,0.2,0.05,0.15,0.15,0.061282587702834124,,,,,,NORMAL,True,True,True,True,False,False,False,True,False,,,,
8975a2aec67b7e72b04c65eb,STATIC_SELECTIVE_RISK,Module_12_CrossDomain,sklearn_fixture,29993fa5a07111060fb234185b682f6717de16a4d2e1350bc14293597f01621f,rf_digits_parity_v1,digits_parity,digits_parity,42,,,,2026-09-02T20:45:00Z,1.2.0,62e10bc07ec9873f,SAMPLE_PREDICTION_ERROR,prediction_error == 1 when model prediction != true target,model_prediction_versus_ground_truth,False,0,0,True,0,0.12,0.2,0.05,0.15,0.15,0.061282587702834124,,,,,,NORMAL,True,True,True,True,False,False,False,True,False,,,,
64ff201402f5718e5c11bed7,STATIC_SELECTIVE_RISK,Module_12_CrossDomain,sklearn_fixture,29993fa5a07111060fb234185b682f6717de16a4d2e1350bc14293597f01621f,rf_digits_parity_v1,digits_parity,digits_parity,42,,,,2026-09-02T20:45:00Z,1.2.0,62e10bc07ec9873f,SAMPLE_PREDICTION_ERROR,prediction_error == 1 when model prediction != true target,model_prediction_versus_ground_truth,False,0,0,True,0,0.12,0.2,0.05,0.15,0.15,0.061282587702834124,,,,,,NORMAL,True,True,True,True,False,False,False,True,False,,,,
564b5af00ceb6e398246ec29,STATIC_SELECTIVE_RISK,Module_12_CrossDomain,sklearn_fixture,29993fa5a07111060fb234185b682f6717de16a4d2e1350bc14293597f01621f,rf_digits_parity_v1,digits_parity,digits_parity,42,,,,2026-09-02T20:45:00Z,1.2.0,62e10bc07ec9873f,SAMPLE_PREDICTION_ERROR,prediction_error == 1 when model prediction != true target,model_prediction_versus_ground_truth,False,1,1,True,0,0.12,0.2,0.05,0.15,0.15,0.061282587702834124,,,,,,NORMAL,True,True,True,True,False,False,False,True,False,,,,
1a7e0f4fc6931b373af3194c,STATIC_SELECTIVE_RISK,Module_12_CrossDomain,sklearn_fixture,29993fa5a07111060fb234185b682f6717de16a4d2e1350bc14293597f01621f,rf_digits_parity_v1,digits_parity,digits_parity,42,,,,2026-09-02T20:45:00Z,1.2.0,62e10bc07ec9873f,SAMPLE_PREDICTION_ERROR,prediction_error == 1 when model prediction != true target,model_prediction_versus_ground_truth,False,1,1,True,0,0.12,0.2,0.05,0.15,0.15,0.061282587702834124,,,,,,NORMAL,True,True,True,True,False,False,False,True,False,,,,
77a6d7b7d438f875f0e8cb36,STATIC_SELECTIVE_RISK,Module_12_CrossDomain,sklearn_fixture,29993fa5a07111060fb234185b682f6717de16a4d2e1350bc14293597f01621f,rf_digits_parity_v1,digits_parity,digits_parity,42,,,,2026-09-02T20:45:00Z,1.2.0,62e10bc07ec9873f,SAMPLE_PREDICTION_ERROR,prediction_error == 1 when model prediction != true target,model_prediction_versus_ground_truth,False,0,0,True,0,0.12,0.2,0.05,0.15,0.15,0.061282587702834124,,,,,,NORMAL,True,True,True,True,False,False,False,True,False,,,,
eefc9250192f02f5a5db92ef,STATIC_SELECTIVE_RISK,Module_12_CrossDomain,sklearn_fixture,29993fa5a07111060fb234185b682f6717de16a4d2e1350bc14293597f01621f,rf_digits_parity_v1,digits_parity,digits_parity,42,,,,2026-09-02T20:45:00Z,1.2.0,62e10bc07ec9873f,SAMPLE_PREDICTION_ERROR,prediction_error == 1 when model prediction != true target,model_prediction_versus_ground_truth,False,0,0,True,0,0.12,0.2,0.05,0.15,0.15,0.061282587702834124,,,,,,NORMAL,True,True,True,True,False,False,False,True,False,,,,
103492e1c5e783015c951a50,STATIC_SELECTIVE_RISK,Module_12_CrossDomain,sklearn_fixture,29993fa5a07111060fb234185b682f6717de16a4d2e1350bc14293597f01621f,rf_digits_parity_v1,digits_parity,digits_parity,42,,,,2026-09-02T20:45:00Z,1.2.0,62e10bc07ec9873f,SAMPLE_PREDICTION_ERROR,prediction_error == 1 when model prediction != true target,model_prediction_versus_ground_truth,False,1,1,True,0,0.12,0.2,0.05,0.15,0.15,0.061282587702834124,,,,,,NORMAL,True,True,True,True,False,False,False,True,False,,,,
4abdd308f348226455160d0c,STATIC_SELECTIVE_RISK,Module_12_CrossDomain,sklearn_fixture,29993fa5a07111060fb234185b682f6717de16a4d2e1350bc14293597f01621f,rf_digits_parity_v1,digits_parity,digits_parity,42,,,,2026-09-02T20:45:00Z,1.2.0,62e10bc07ec9873f,SAMPLE_PREDICTION_ERROR,prediction_error == 1 when model prediction != true target,model_prediction_versus_ground_truth,False,0,0,True,0,0.12,0.2,0.05,0.15,0.15,0.061282587702834124,,,,,,NORMAL,True,True,True,True,False,False,False,True,False,,,,
3efd41e56ab378e6084dc10d,STATIC_SELECTIVE_RISK,Module_12_CrossDomain,sklearn_fixture,29993fa5a07111060fb234185b682f6717de16a4d2e1350bc14293597f01621f,rf_digits_parity_v1,digits_parity,digits_parity,42,,,,2026-09-02T20:45:00Z,1.2.0,62e10bc07ec9873f,SAMPLE_PREDICTION_ERROR,prediction_error == 1 when model prediction != true target,model_prediction_versus_ground_truth,False,1,1,True,0,0.12,0.2,0.05,0.15,0.15,0.061282587702834124,,,,,,NORMAL,True,True,True,True,False,False,False,True,False,,,,
c00166e9eeb35a9e4188a0c0,STATIC_SELECTIVE_RISK,Module_12_CrossDomain,sklearn_fixture,29993fa5a07111060fb234185b682f6717de16a4d2e1350bc14293597f01621f,rf_digits_parity_v1,digits_parity,digits_parity,42,,,,2026-09-02T20:45:00Z,1.2.0,62e10bc07ec9873f,SAMPLE_PREDICTION_ERROR,prediction_error == 1 when model prediction != true target,model_prediction_versus_ground_truth,False,0,0,True,0,0.12,0.2,0.05,0.15,0.15,0.061282587702834124,,,,,,NORMAL,True,True,True,True,False,False,False,True,False,,,,
5f8ec831dff19520be81e438,STATIC_SELECTIVE_RISK,Module_12_CrossDomain,sklearn_fixture,29993fa5a07111060fb234185b682f6717de16a4d2e1350bc14293597f01621f,rf_digits_parity_v1,digits_parity,digits_parity,42,,,,2026-09-02T20:45:00Z,1.2.0,62e10bc07ec9873f,SAMPLE_PREDICTION_ERROR,prediction_error == 1 when model prediction != true target,model_prediction_versus_ground_truth,False,0,0,True,0,0.12,0.2,0.05,0.15,0.15,0.061282587702834124,,,,,,NORMAL,True,True,True,True,False,False,False,True,False,,,,
ed3ee2abcf292104e1959c2b,STATIC_SELECTIVE_RISK,Module_12_CrossDomain,sklearn_fixture,29993fa5a07111060fb234185b682f6717de16a4d2e1350bc14293597f01621f,rf_digits_parity_v1,digits_parity,digits_parity,42,,,,2026-09-02T20:45:00Z,1.2.0,62e10bc07ec9873f,SAMPLE_PREDICTION_ERROR,prediction_error == 1 when model prediction != true target,model_prediction_versus_ground_truth,False,0,0,True,0,0.12,0.2,0.05,0.15,0.15,0.061282587702834124,,,,,,NORMAL,True,True,True,True,False,False,False,True,False,,,,
78e8b836c93069147918fd4e,STATIC_SELECTIVE_RISK,Module_12_CrossDomain,sklearn_fixture,29993fa5a07111060fb234185b682f6717de16a4d2e1350bc14293597f01621f,rf_digits_parity_v1,digits_parity,digits_parity,42,,,,2026-09-02T20:45:00Z,1.2.0,62e10bc07ec9873f,SAMPLE_PREDICTION_ERROR,prediction_error == 1 when model prediction != true target,model_prediction_versus_ground_truth,False,1,1,True,0,0.12,0.2,0.05,0.15,0.15,0.061282587702834124,,,,,,NORMAL,True,True,True,True,False,False,False,True,False,,,,
8eb9da4b243fce0027c88e12,STATIC_SELECTIVE_RISK,Module_12_CrossDomain,sklearn_fixture,29993fa5a07111060fb234185b682f6717de16a4d2e1350bc14293597f01621f,rf_digits_parity_v1,digits_parity,digits_parity,42,,,,2026-09-02T20:45:00Z,1.2.0,62e10bc07ec9873f,SAMPLE_PREDICTION_ERROR,prediction_error == 1 when model prediction != true target,model_prediction_versus_ground_truth,False,1,1,True,0,0.12,0.2,0.05,0.15,0.15,0.061282587702834124,,,,,,NORMAL,True,True,True,True,False,False,False,True,False,,,,
848157beac9f149b0943d51c,STATIC_SELECTIVE_RISK,Module_12_CrossDomain,sklearn_fixture,29993fa5a07111060fb234185b682f6717de16a4d2e1350bc14293597f01621f,rf_digits_parity_v1,digits_parity,digits_parity,42,,,,2026-09-02T20:45:00Z,1.2.0,62e10bc07ec9873f,SAMPLE_PREDICTION_ERROR,prediction_error == 1 when model prediction != true target,model_prediction_versus_ground_truth,False,0,0,True,0,0.12,0.2,0.05,0.15,0.15,0.061282587702834124,,,,,,NORMAL,True,True,True,True,False,False,False,True,False,,,,
847c4755cc69a7ea53826f33,STATIC_SELECTIVE_RISK,Module_12_CrossDomain,sklearn_fixture,29993fa5a07111060fb234185b682f6717de16a4d2e1350bc14293597f01621f,rf_digits_parity_v1,digits_parity,digits_parity,42,,,,2026-09-02T20:45:00Z,1.2.0,62e10bc07ec9873f,SAMPLE_PREDICTION_ERROR,prediction_error == 1 when model prediction != true target,model_prediction_versus_ground_truth,False,1,1,True,0,0.12,0.2,0.05,0.15,0.15,0.061282587702834124,,,,,,NORMAL,True,True,True,True,False,False,False,True,False,,,,
1f67cabee9931b0a5e17d1ea,STATIC_SELECTIVE_RISK,Module_12_CrossDomain,sklearn_fixture,29993fa5a07111060fb234185b682f6717de16a4d2e1350bc14293597f01621f,rf_digits_parity_v1,digits_parity,digits_parity,42,,,,2026-09-02T20:45:00Z,1.2.0,62e10bc07ec9873f,SAMPLE_PREDICTION_ERROR,prediction_error == 1 when model prediction != true target,model_prediction_versus_ground_truth,False,1,1,True,0,0.12,0.2,0.05,0.15,0.15,0.061282587702834124,,,,,,NORMAL,True,True,True,True,False,False,False,True,False,,,,
d63fc70d55f72d3c2cfba696,STATIC_SELECTIVE_RISK,Module_12_CrossDomain,sklearn_fixture,29993fa5a07111060fb234185b682f6717de16a4d2e1350bc14293597f01621f,rf_digits_parity_v1,digits_parity,digits_parity,42,,,,2026-09-02T20:45:00Z,1.2.0,62e10bc07ec9873f,SAMPLE_PREDICTION_ERROR,prediction_error == 1 when model prediction != true target,model_prediction_versus_ground_truth,False,1,1,True,0,0.12,0.2,0.05,0.15,0.15,0.061282587702834124,,,,,,NORMAL,True,True,True,True,False,False,False,True,False,,,,
7ed9302e9843ca57e2d4cdf0,STATIC_SELECTIVE_RISK,Module_12_CrossDomain,sklearn_fixture,29993fa5a07111060fb234185b682f6717de16a4d2e1350bc14293597f01621f,rf_digits_parity_v1,digits_parity,digits_parity,42,,,,2026-09-02T20:45:00Z,1.2.0,62e10bc07ec9873f,SAMPLE_PREDICTION_ERROR,prediction_error == 1 when model prediction != true target,model_prediction_versus_ground_truth,False,1,1,True,0,0.12,0.2,0.05,0.15,0.15,0.061282587702834124,,,,,,NORMAL,True,True,True,True,False,False,False,True,False,,,,
17b8b78f7bb0f368ed6309a7,STATIC_SELECTIVE_RISK,Module_12_CrossDomain,sklearn_fixture,29993fa5a07111060fb234185b682f6717de16a4d2e1350bc14293597f01621f,rf_digits_parity_v1,digits_parity,digits_parity,42,,,,2026-09-02T20:45:00Z,1.2.0,62e10bc07ec9873f,SAMPLE_PREDICTION_ERROR,prediction_error == 1 when model prediction != true target,model_prediction_versus_ground_truth,False,0,0,True,0,0.12,0.2,0.05,0.15,0.15,0.061282587702834124,,,,,,NORMAL,True,True,True,True,False,False,False,True,False,,,,
6aef1097aec0864bdee82e4e,STATIC_SELECTIVE_RISK,Module_12_CrossDomain,sklearn_fixture,29993fa5a07111060fb234185b682f6717de16a4d2e1350bc14293597f01621f,rf_digits_parity_v1,digits_parity,digits_parity,42,,,,2026-09-02T20:45:00Z,1.2.0,62e10bc07ec9873f,SAMPLE_PREDICTION_ERROR,prediction_error == 1 when model prediction != true target,model_prediction_versus_ground_truth,False,0,0,True,0,0.12,0.2,0.05,0.15,0.15,0.061282587702834124,,,,,,NORMAL,True,True,True,True,False,False,False,True,False,,,,
0f3c92f57fc0dbef78faf7ac,STATIC_SELECTIVE_RISK,Module_12_CrossDomain,sklearn_fixture,29993fa5a07111060fb234185b682f6717de16a4d2e1350bc14293597f01621f,rf_digits_parity_v1,digits_parity,digits_parity,42,,,,2026-09-02T20:45:00Z,1.2.0,62e10bc07ec9873f,SAMPLE_PREDICTION_ERROR,prediction_error == 1 when model prediction != true target,model_prediction_versus_ground_truth,False,0,0,True,0,0.12,0.2,0.05,0.15,0.15,0.061282587702834124,,,,,,NORMAL,True,True,True,True,False,False,False,True,False,,,,
d8b74f3475f0ff95041e0a0f,STATIC_SELECTIVE_RISK,Module_12_CrossDomain,sklearn_fixture,29993fa5a07111060fb234185b682f6717de16a4d2e1350bc14293597f01621f,rf_digits_parity_v1,digits_parity,digits_parity,42,,,,2026-09-02T20:45:00Z,1.2.0,62e10bc07ec9873f,SAMPLE_PREDICTION_ERROR,prediction_error == 1 when model prediction != true target,model_prediction_versus_ground_truth,False,0,0,True,0,0.12,0.2,0.05,0.15,0.15,0.061282587702834124,,,,,,NORMAL,True,True,True,True,False,False,False,True,False,,,,
9372e1fbaf9287729335c238,STATIC_SELECTIVE_RISK,Module_12_CrossDomain,sklearn_fixture,29993fa5a07111060fb234185b682f6717de16a4d2e1350bc14293597f01621f,rf_digits_parity_v1,digits_parity,digits_parity,42,,,,2026-09-02T20:45:00Z,1.2.0,62e10bc07ec9873f,SAMPLE_PREDICTION_ERROR,prediction_error == 1 when model prediction != true target,model_prediction_versus_ground_truth,False,1,1,True,0,0.12,0.2,0.05,0.15,0.15,0.061282587702834124,,,,,,NORMAL,True,True,True,True,False,False,False,True,False,,,,
876329bb201ea617b97df6a2,STATIC_SELECTIVE_RISK,Module_12_CrossDomain,sklearn_fixture,29993fa5a07111060fb234185b682f6717de16a4d2e1350bc14293597f01621f,rf_digits_parity_v1,digits_parity,digits_parity,42,,,,2026-09-02T20:45:00Z,1.2.0,62e10bc07ec9873f,SAMPLE_PREDICTION_ERROR,prediction_error == 1 when model prediction != true target,model_prediction_versus_ground_truth,False,1,1,True,0,0.12,0.2,0.05,0.15,0.15,0.061282587702834124,,,,,,NORMAL,True,True,True,True,False,False,False,True,False,,,,
f7491fa8e7fae8b3c40c9de0,STATIC_SELECTIVE_RISK,Module_12_CrossDomain,sklearn_fixture,29993fa5a07111060fb234185b682f6717de16a4d2e1350bc14293597f01621f,rf_digits_parity_v1,digits_parity,digits_parity,42,,,,2026-09-02T20:45:00Z,1.2.0,62e10bc07ec9873f,SAMPLE_PREDICTION_ERROR,prediction_error == 1 when model prediction != true target,model_prediction_versus_ground_truth,False,1,1,True,0,0.12,0.2,0.05,0.15,0.15,0.061282587702834124,,,,,,NORMAL,True,True,True,True,False,False,False,True,False,,,,
b2f8ab679d838dcea0d2eb20,STATIC_SELECTIVE_RISK,Module_12_CrossDomain,sklearn_fixture,29993fa5a07111060fb234185b682f6717de16a4d2e1350bc14293597f01621f,rf_digits_parity_v1,digits_parity,digits_parity,42,,,,2026-09-02T20:45:00Z,1.2.0,62e10bc07ec9873f,SAMPLE_PREDICTION_ERROR,prediction_error == 1 when model prediction != true target,model_prediction_versus_ground_truth,False,1,1,True,0,0.12,0.2,0.05,0.15,0.15,0.061282587702834124,,,,,,NORMAL,True,True,True,True,False,False,False,True,False,,,,
ce2211efd417ade87ce3b5ae,STATIC_SELECTIVE_RISK,Module_12_CrossDomain,sklearn_fixture,29993fa5a07111060fb234185b682f6717de16a4d2e1350bc14293597f01621f,rf_digits_parity_v1,digits_parity,digits_parity,42,,,,2026-09-02T20:45:00Z,1.2.0,62e10bc07ec9873f,SAMPLE_PREDICTION_ERROR,prediction_error == 1 when model prediction != true target,model_prediction_versus_ground_truth,False,0,0,True,0,0.12,0.2,0.05,0.15,0.15,0.061282587702834124,,,,,,NORMAL,True,True,True,True,False,False,False,True,False,,,,
340746593787def388fa0448,STATIC_SELECTIVE_RISK,Module_12_CrossDomain,sklearn_fixture,29993fa5a07111060fb234185b682f6717de16a4d2e1350bc14293597f01621f,rf_digits_parity_v1,digits_parity,digits_parity,42,,,,2026-09-02T20:45:00Z,1.2.0,62e10bc07ec9873f,SAMPLE_PREDICTION_ERROR,prediction_error == 1 when model prediction != true target,model_prediction_versus_ground_truth,False,1,1,True,0,0.12,0.2,0.05,0.15,0.15,0.061282587702834124,,,,,,NORMAL,True,True,True,True,False,False,False,True,False,,,,
6bc7916555d083a74837bc48,STATIC_SELECTIVE_RISK,Module_12_CrossDomain,sklearn_fixture,29993fa5a07111060fb234185b682f6717de16a4d2e1350bc14293597f01621f,rf_digits_parity_v1,digits_parity,digits_parity,42,,,,2026-09-02T20:45:00Z,1.2.0,62e10bc07ec9873f,SAMPLE_PREDICTION_ERROR,prediction_error == 1 when model prediction != true target,model_prediction_versus_ground_truth,False,1,1,True,0,0.12,0.2,0.05,0.15,0.15,0.061282587702834124,,,,,,NORMAL,True,True,True,True,False,False,False,True,False,,,,
45cf7bb22a41f5b4f125c049,STATIC_SELECTIVE_RISK,Module_12_CrossDomain,sklearn_fixture,29993fa5a07111060fb234185b682f6717de16a4d2e1350bc14293597f01621f,rf_digits_parity_v1,digits_parity,digits_parity,42,,,,2026-09-02T20:45:00Z,1.2.0,62e10bc07ec9873f,SAMPLE_PREDICTION_ERROR,prediction_error == 1 when model prediction != true target,model_prediction_versus_ground_truth,False,0,0,True,0,0.12,0.2,0.05,0.15,0.15,0.061282587702834124,,,,,,NORMAL,True,True,True,True,False,False,False,True,False,,,,
be257167f9f58a7ced7b3181,STATIC_SELECTIVE_RISK,Module_12_CrossDomain,sklearn_fixture,29993fa5a07111060fb234185b682f6717de16a4d2e1350bc14293597f01621f,rf_digits_parity_v1,digits_parity,digits_parity,42,,,,2026-09-02T20:45:00Z,1.2.0,62e10bc07ec9873f,SAMPLE_PREDICTION_ERROR,prediction_error == 1 when model prediction != true target,model_prediction_versus_ground_truth,False,1,1,True,0,0.12,0.2,0.05,0.15,0.15,0.061282587702834124,,,,,,NORMAL,True,True,True,True,False,False,False,True,False,,,,
d90d6fcbbb4d217d3b67a7e7,STATIC_SELECTIVE_RISK,Module_12_CrossDomain,sklearn_fixture,29993fa5a07111060fb234185b682f6717de16a4d2e1350bc14293597f01621f,rf_digits_parity_v1,digits_parity,digits_parity,42,,,,2026-09-02T20:45:00Z,1.2.0,62e10bc07ec9873f,SAMPLE_PREDICTION_ERROR,prediction_error == 1 when model prediction != true target,model_prediction_versus_ground_truth,False,1,1,True,0,0.12,0.2,0.05,0.15,0.15,0.061282587702834124,,,,,,NORMAL,True,True,True,True,False,False,False,True,False,,,,
271221999a4d3a0d0ada9621,STATIC_SELECTIVE_RISK,Module_12_CrossDomain,sklearn_fixture,29993fa5a07111060fb234185b682f6717de16a4d2e1350bc14293597f01621f,rf_digits_parity_v1,digits_parity,digits_parity,42,,,,2026-09-02T20:45:00Z,1.2.0,62e10bc07ec9873f,SAMPLE_PREDICTION_ERROR,prediction_error == 1 when model prediction != true target,model_prediction_versus_ground_truth,False,0,0,True,0,0.12,0.2,0.05,0.15,0.15,0.061282587702834124,,,,,,NORMAL,True,True,True,True,False,False,False,True,False,,,,
da161c2d142ceb2aa7870a18,STATIC_SELECTIVE_RISK,Module_12_CrossDomain,sklearn_fixture,29993fa5a07111060fb234185b682f6717de16a4d2e1350bc14293597f01621f,rf_digits_parity_v1,digits_parity,digits_parity,42,,,,2026-09-02T20:45:00Z,1.2.0,62e10bc07ec9873f,SAMPLE_PREDICTION_ERROR,prediction_error == 1 when model prediction != true target,model_prediction_versus_ground_truth,False,1,1,True,0,0.12,0.2,0.05,0.15,0.15,0.061282587702834124,,,,,,NORMAL,True,True,True,True,False,False,False,True,False,,,,
dfccca34782f2199c46365a8,STATIC_SELECTIVE_RISK,Module_12_CrossDomain,sklearn_fixture,29993fa5a07111060fb234185b682f6717de16a4d2e1350bc14293597f01621f,rf_digits_parity_v1,digits_parity,digits_parity,42,,,,2026-09-02T20:45:00Z,1.2.0,62e10bc07ec9873f,SAMPLE_PREDICTION_ERROR,prediction_error == 1 when model prediction != true target,model_prediction_versus_ground_truth,False,0,0,True,0,0.12,0.2,0.05,0.15,0.15,0.061282587702834124,,,,,,NORMAL,True,True,True,True,False,False,False,True,False,,,,
ed303764a433e9caab5dd7e3,STATIC_SELECTIVE_RISK,Module_12_CrossDomain,sklearn_fixture,29993fa5a07111060fb234185b682f6717de16a4d2e1350bc14293597f01621f,rf_digits_parity_v1,digits_parity,digits_parity,42,,,,2026-09-02T20:45:00Z,1.2.0,62e10bc07ec9873f,SAMPLE_PREDICTION_ERROR,prediction_error == 1 when model prediction != true target,model_prediction_versus_ground_truth,False,1,1,True,0,0.12,0.2,0.05,0.15,0.15,0.061282587702834124,,,,,,NORMAL,True,True,True,True,False,False,False,True,False,,,,
c1386a1fe21674610b6b6903,STATIC_SELECTIVE_RISK,Module_12_CrossDomain,sklearn_fixture,29993fa5a07111060fb234185b682f6717de16a4d2e1350bc14293597f01621f,rf_digits_parity_v1,digits_parity,digits_parity,42,,,,2026-09-02T20:45:00Z,1.2.0,62e10bc07ec9873f,SAMPLE_PREDICTION_ERROR,prediction_error == 1 when model prediction != true target,model_prediction_versus_ground_truth,False,0,0,True,0,0.12,0.2,0.05,0.15,0.15,0.061282587702834124,,,,,,NORMAL,True,True,True,True,False,False,False,True,False,,,,
469ecbf3d63b4e87503d269c,STATIC_SELECTIVE_RISK,Module_12_CrossDomain,sklearn_fixture,29993fa5a07111060fb234185b682f6717de16a4d2e1350bc14293597f01621f,rf_digits_parity_v1,digits_parity,digits_parity,42,,,,2026-09-02T20:45:00Z,1.2.0,62e10bc07ec9873f,SAMPLE_PREDICTION_ERROR,prediction_error == 1 when model prediction != true target,model_prediction_versus_ground_truth,False,1,1,True,0,0.12,0.2,0.05,0.15,0.15,0.061282587702834124,,,,,,NORMAL,True,True,True,True,False,False,False,True,False,,,,
b0bb8e787d57b77b4e08198d,STATIC_SELECTIVE_RISK,Module_12_CrossDomain,sklearn_fixture,29993fa5a07111060fb234185b682f6717de16a4d2e1350bc14293597f01621f,rf_digits_parity_v1,digits_parity,digits_parity,42,,,,2026-09-02T20:45:00Z,1.2.0,62e10bc07ec9873f,SAMPLE_PREDICTION_ERROR,prediction_error == 1 when model prediction != true target,model_prediction_versus_ground_truth,False,0,0,True,0,0.12,0.2,0.05,0.15,0.15,0.061282587702834124,,,,,,NORMAL,True,True,True,True,False,False,False,True,False,,,,
c0448655350270a4ac0cd82a,STATIC_SELECTIVE_RISK,Module_12_CrossDomain,sklearn_fixture,29993fa5a07111060fb234185b682f6717de16a4d2e1350bc14293597f01621f,rf_digits_parity_v1,digits_parity,digits_parity,42,,,,2026-09-02T20:45:00Z,1.2.0,62e10bc07ec9873f,SAMPLE_PREDICTION_ERROR,prediction_error == 1 when model prediction != true target,model_prediction_versus_ground_truth,False,1,1,True,0,0.12,0.2,0.05,0.15,0.15,0.061282587702834124,,,,,,NORMAL,True,True,True,True,False,False,False,True,False,,,,
861ebb5103da7f2abde38d41,STATIC_SELECTIVE_RISK,Module_12_CrossDomain,sklearn_fixture,29993fa5a07111060fb234185b682f6717de16a4d2e1350bc14293597f01621f,rf_digits_parity_v1,digits_parity,digits_parity,42,,,,2026-09-02T20:45:00Z,1.2.0,62e10bc07ec9873f,SAMPLE_PREDICTION_ERROR,prediction_error == 1 when model prediction != true target,model_prediction_versus_ground_truth,False,0,0,True,0,0.12,0.2,0.05,0.15,0.15,0.061282587702834124,,,,,,NORMAL,True,True,True,True,False,False,False,True,False,,,,
e9e0bcbc15f93125024772cd,STATIC_SELECTIVE_RISK,Module_12_CrossDomain,sklearn_fixture,29993fa5a07111060fb234185b682f6717de16a4d2e1350bc14293597f01621f,rf_digits_parity_v1,digits_parity,digits_parity,42,,,,2026-09-02T20:45:00Z,1.2.0,62e10bc07ec9873f,SAMPLE_PREDICTION_ERROR,prediction_error == 1 when model prediction != true target,model_prediction_versus_ground_truth,False,1,1,True,0,0.12,0.2,0.05,0.15,0.15,0.061282587702834124,,,,,,NORMAL,True,True,True,True,False,False,False,True,False,,,,
3cb13947a42a5b6dad4ea884,STATIC_SELECTIVE_RISK,Module_12_CrossDomain,sklearn_fixture,29993fa5a07111060fb234185b682f6717de16a4d2e1350bc14293597f01621f,rf_digits_parity_v1,digits_parity,digits_parity,42,,,,2026-09-02T20:45:00Z,1.2.0,62e10bc07ec9873f,SAMPLE_PREDICTION_ERROR,prediction_error == 1 when model prediction != true target,model_prediction_versus_ground_truth,False,0,0,True,0,0.12,0.2,0.05,0.15,0.15,0.061282587702834124,,,,,,NORMAL,True,True,True,True,False,False,False,True,False,,,,
6b710a1c7c5950b8c201cedb,STATIC_SELECTIVE_RISK,Module_12_CrossDomain,sklearn_fixture,29993fa5a07111060fb234185b682f6717de16a4d2e1350bc14293597f01621f,rf_digits_parity_v1,digits_parity,digits_parity,42,,,,2026-09-02T20:45:00Z,1.2.0,62e10bc07ec9873f,SAMPLE_PREDICTION_ERROR,prediction_error == 1 when model prediction != true target,model_prediction_versus_ground_truth,False,1,1,True,0,0.12,0.2,0.05,0.15,0.15,0.061282587702834124,,,,,,NORMAL,True,True,True,True,False,False,False,True,False,,,,
8352ea50ce6382b31b998570,STATIC_SELECTIVE_RISK,Module_12_CrossDomain,sklearn_fixture,29993fa5a07111060fb234185b682f6717de16a4d2e1350bc14293597f01621f,rf_digits_parity_v1,digits_parity,digits_parity,42,,,,2026-09-02T20:45:00Z,1.2.0,62e10bc07ec9873f,SAMPLE_PREDICTION_ERROR,prediction_error == 1 when model prediction != true target,model_prediction_versus_ground_truth,False,0,0,True,0,0.12,0.2,0.05,0.15,0.15,0.061282587702834124,,,,,,NORMAL,True,True,True,True,False,False,False,True,False,,,,
51cb74c0ad7263fa2bc52549,STATIC_SELECTIVE_RISK,Module_12_CrossDomain,sklearn_fixture,29993fa5a07111060fb234185b682f6717de16a4d2e1350bc14293597f01621f,rf_digits_parity_v1,digits_parity,digits_parity,42,,,,2026-09-02T20:45:00Z,1.2.0,62e10bc07ec9873f,SAMPLE_PREDICTION_ERROR,prediction_error == 1 when model prediction != true target,model_prediction_versus_ground_truth,False,1,1,True,0,0.12,0.2,0.05,0.15,0.15,0.061282587702834124,,,,,,NORMAL,True,True,True,True,False,False,False,True,False,,,,
bfd377597a66dc1025e05c52,STATIC_SELECTIVE_RISK,Module_12_CrossDomain,sklearn_fixture,29993fa5a07111060fb234185b682f6717de16a4d2e1350bc14293597f01621f,rf_digits_parity_v1,digits_parity,digits_parity,42,,,,2026-09-02T20:45:00Z,1.2.0,62e10bc07ec9873f,SAMPLE_PREDICTION_ERROR,prediction_error == 1 when model prediction != true target,model_prediction_versus_ground_truth,False,0,0,True,0,0.12,0.2,0.05,0.15,0.15,0.061282587702834124,,,,,,NORMAL,True,True,True,True,False,False,False,True,False,,,,
faa9cbee93aeba434f9452ee,STATIC_SELECTIVE_RISK,Module_12_CrossDomain,sklearn_fixture,29993fa5a07111060fb234185b682f6717de16a4d2e1350bc14293597f01621f,rf_digits_parity_v1,digits_parity,digits_parity,42,,,,2026-09-02T20:45:00Z,1.2.0,62e10bc07ec9873f,SAMPLE_PREDICTION_ERROR,prediction_error == 1 when model prediction != true target,model_prediction_versus_ground_truth,False,1,1,True,0,0.12,0.2,0.05,0.15,0.15,0.061282587702834124,,,,,,NORMAL,True,True,True,True,False,False,False,True,False,,,,
87619f82e3d11953c19fe59d,STATIC_SELECTIVE_RISK,Module_12_CrossDomain,sklearn_fixture,29993fa5a07111060fb234185b682f6717de16a4d2e1350bc14293597f01621f,rf_digits_parity_v1,digits_parity,digits_parity,42,,,,2026-09-02T20:45:00Z,1.2.0,62e10bc07ec9873f,SAMPLE_PREDICTION_ERROR,prediction_error == 1 when model prediction != true target,model_prediction_versus_ground_truth,False,0,0,True,0,0.12,0.2,0.05,0.15,0.15,0.061282587702834124,,,,,,NORMAL,True,True,True,True,False,False,False,True,False,,,,
a9d2d75de6b69b5f568dfa40,STATIC_SELECTIVE_RISK,Module_12_CrossDomain,sklearn_fixture,29993fa5a07111060fb234185b682f6717de16a4d2e1350bc14293597f01621f,rf_digits_parity_v1,digits_parity,digits_parity,42,,,,2026-09-02T20:45:00Z,1.2.0,62e10bc07ec9873f,SAMPLE_PREDICTION_ERROR,prediction_error == 1 when model prediction != true target,model_prediction_versus_ground_truth,False,1,1,True,0,0.12,0.2,0.05,0.15,0.15,0.061282587702834124,,,,,,NORMAL,True,True,True,True,False,False,False,True,False,,,,
7df67dd5b28d73e1cc394c3d,STATIC_SELECTIVE_RISK,Module_12_CrossDomain,sklearn_fixture,29993fa5a07111060fb234185b682f6717de16a4d2e1350bc14293597f01621f,rf_digits_parity_v1,digits_parity,digits_parity,42,,,,2026-09-02T20:45:00Z,1.2.0,62e10bc07ec9873f,SAMPLE_PREDICTION_ERROR,prediction_error == 1 when model prediction != true target,model_prediction_versus_ground_truth,False,0,0,True,0,0.12,0.2,0.05,0.15,0.15,0.061282587702834124,,,,,,NORMAL,True,True,True,True,False,False,False,True,False,,,,
a1df1781767f3bd2daa75f4d,STATIC_SELECTIVE_RISK,Module_12_CrossDomain,sklearn_fixture,29993fa5a07111060fb234185b682f6717de16a4d2e1350bc14293597f01621f,rf_digits_parity_v1,digits_parity,digits_parity,42,,,,2026-09-02T20:45:00Z,1.2.0,62e10bc07ec9873f,SAMPLE_PREDICTION_ERROR,prediction_error == 1 when model prediction != true target,model_prediction_versus_ground_truth,False,1,1,True,0,0.12,0.2,0.05,0.15,0.15,0.061282587702834124,,,,,,NORMAL,True,True,True,True,False,False,False,True,False,,,,
6f7b520f14fd272313a6c2eb,STATIC_SELECTIVE_RISK,Module_12_CrossDomain,sklearn_fixture,29993fa5a07111060fb234185b682f6717de16a4d2e1350bc14293597f01621f,rf_digits_parity_v1,digits_parity,digits_parity,42,,,,2026-09-02T20:45:00Z,1.2.0,62e10bc07ec9873f,SAMPLE_PREDICTION_ERROR,prediction_error == 1 when model prediction != true target,model_prediction_versus_ground_truth,False,0,0,True,0,0.12,0.2,0.05,0.15,0.15,0.061282587702834124,,,,,,NORMAL,True,True,True,True,False,False,False,True,False,,,,
856dab5c660787582ce6d9e5,STATIC_SELECTIVE_RISK,Module_12_CrossDomain,sklearn_fixture,29993fa5a07111060fb234185b682f6717de16a4d2e1350bc14293597f01621f,rf_digits_parity_v1,digits_parity,digits_parity,42,,,,2026-09-02T20:45:00Z,1.2.0,62e10bc07ec9873f,SAMPLE_PREDICTION_ERROR,prediction_error == 1 when model prediction != true target,model_prediction_versus_ground_truth,False,1,1,True,0,0.12,0.2,0.05,0.15,0.15,0.061282587702834124,,,,,,NORMAL,True,True,True,True,False,False,False,True,False,,,,
61358d2cb1d8362cd8e7878d,STATIC_SELECTIVE_RISK,Module_12_CrossDomain,sklearn_fixture,29993fa5a07111060fb234185b682f6717de16a4d2e1350bc14293597f01621f,rf_digits_parity_v1,digits_parity,digits_parity,42,,,,2026-09-02T20:45:00Z,1.2.0,62e10bc07ec9873f,SAMPLE_PREDICTION_ERROR,prediction_error == 1 when model prediction != true target,model_prediction_versus_ground_truth,False,0,0,True,0,0.12,0.2,0.05,0.15,0.15,0.061282587702834124,,,,,,NORMAL,True,True,True,True,False,False,False,True,False,,,,
77c671af7ddb031612d66186,STATIC_SELECTIVE_RISK,Module_12_CrossDomain,sklearn_fixture,29993fa5a07111060fb234185b682f6717de16a4d2e1350bc14293597f01621f,rf_digits_parity_v1,digits_parity,digits_parity,42,,,,2026-09-02T20:45:00Z,1.2.0,62e10bc07ec9873f,SAMPLE_PREDICTION_ERROR,prediction_error == 1 when model prediction != true target,model_prediction_versus_ground_truth,False,1,1,True,0,0.12,0.2,0.05,0.15,0.15,0.061282587702834124,,,,,,NORMAL,True,True,True,True,False,False,False,True,False,,,,
e1247c51418d9f7108c2942d,STATIC_SELECTIVE_RISK,Module_12_CrossDomain,sklearn_fixture,29993fa5a07111060fb234185b682f6717de16a4d2e1350bc14293597f01621f,rf_digits_parity_v1,digits_parity,digits_parity,42,,,,2026-09-02T20:45:00Z,1.2.0,62e10bc07ec9873f,SAMPLE_PREDICTION_ERROR,prediction_error == 1 when model prediction != true target,model_prediction_versus_ground_truth,False,0,0,True,0,0.12,0.2,0.05,0.15,0.15,0.061282587702834124,,,,,,NORMAL,True,True,True,True,False,False,False,True,False,,,,
115cff938185b8ee3e90e4dd,STATIC_SELECTIVE_RISK,Module_12_CrossDomain,sklearn_fixture,29993fa5a07111060fb234185b682f6717de16a4d2e1350bc14293597f01621f,rf_digits_parity_v1,digits_parity,digits_parity,42,,,,2026-09-02T20:45:00Z,1.2.0,62e10bc07ec9873f,SAMPLE_PREDICTION_ERROR,prediction_error == 1 when model prediction != true target,model_prediction_versus_ground_truth,False,1,1,True,0,0.12,0.2,0.05,0.15,0.15,0.061282587702834124,,,,,,NORMAL,True,True,True,True,False,False,False,True,False,,,,
df2e7655067760dc00e7a2b6,STATIC_SELECTIVE_RISK,Module_12_CrossDomain,sklearn_fixture,29993fa5a07111060fb234185b682f6717de16a4d2e1350bc14293597f01621f,rf_digits_parity_v1,digits_parity,digits_parity,42,,,,2026-09-02T20:45:00Z,1.2.0,62e10bc07ec9873f,SAMPLE_PREDICTION_ERROR,prediction_error == 1 when model prediction != true target,model_prediction_versus_ground_truth,False,0,0,True,0,0.12,0.2,0.05,0.15,0.15,0.061282587702834124,,,,,,NORMAL,True,True,True,True,False,False,False,True,False,,,,
9935da9315f1467464019f39,STATIC_SELECTIVE_RISK,Module_12_CrossDomain,sklearn_fixture,29993fa5a07111060fb234185b682f6717de16a4d2e1350bc14293597f01621f,rf_digits_parity_v1,digits_parity,digits_parity,42,,,,2026-09-02T20:45:00Z,1.2.0,62e10bc07ec9873f,SAMPLE_PREDICTION_ERROR,prediction_error == 1 when model prediction != true target,model_prediction_versus_ground_truth,False,1,1,True,0,0.12,0.2,0.05,0.15,0.15,0.061282587702834124,,,,,,NORMAL,True,True,True,True,False,False,False,True,False,,,,
6fc6eff3c6543403294b717a,STATIC_SELECTIVE_RISK,Module_12_CrossDomain,sklearn_fixture,29993fa5a07111060fb234185b682f6717de16a4d2e1350bc14293597f01621f,rf_digits_parity_v1,digits_parity,digits_parity,42,,,,2026-09-02T20:45:00Z,1.2.0,62e10bc07ec9873f,SAMPLE_PREDICTION_ERROR,prediction_error == 1 when model prediction != true target,model_prediction_versus_ground_truth,False,0,0,True,0,0.12,0.2,0.05,0.15,0.15,0.061282587702834124,,,,,,NORMAL,True,True,True,True,False,False,False,True,False,,,,
dcad984718df1dec583ecfd5,STATIC_SELECTIVE_RISK,Module_12_CrossDomain,sklearn_fixture,29993fa5a07111060fb234185b682f6717de16a4d2e1350bc14293597f01621f,rf_digits_parity_v1,digits_parity,digits_parity,42,,,,2026-09-02T20:45:00Z,1.2.0,62e10bc07ec9873f,SAMPLE_PREDICTION_ERROR,prediction_error == 1 when model prediction != true target,model_prediction_versus_ground_truth,False,0,0,True,0,0.12,0.2,0.05,0.15,0.15,0.061282587702834124,,,,,,NORMAL,True,True,True,True,False,False,False,True,False,,,,
c067b45fcabad760bffd54e6,STATIC_SELECTIVE_RISK,Module_12_CrossDomain,sklearn_fixture,29993fa5a07111060fb234185b682f6717de16a4d2e1350bc14293597f01621f,rf_digits_parity_v1,digits_parity,digits_parity,42,,,,2026-09-02T20:45:00Z,1.2.0,62e10bc07ec9873f,SAMPLE_PREDICTION_ERROR,prediction_error == 1 when model prediction != true target,model_prediction_versus_ground_truth,False,0,0,True,0,0.12,0.2,0.05,0.15,0.15,0.061282587702834124,,,,,,NORMAL,True,True,True,True,False,False,False,True,False,,,,
e103703c982f30f65c8954ec,STATIC_SELECTIVE_RISK,Module_12_CrossDomain,sklearn_fixture,29993fa5a07111060fb234185b682f6717de16a4d2e1350bc14293597f01621f,rf_digits_parity_v1,digits_parity,digits_parity,42,,,,2026-09-02T20:45:00Z,1.2.0,62e10bc07ec9873f,SAMPLE_PREDICTION_ERROR,prediction_error == 1 when model prediction != true target,model_prediction_versus_ground_truth,False,1,1,True,0,0.12,0.2,0.05,0.15,0.15,0.061282587702834124,,,,,,NORMAL,True,True,True,True,False,False,False,True,False,,,,
9a4a8714a49f426dd4de45fa,STATIC_SELECTIVE_RISK,Module_12_CrossDomain,sklearn_fixture,29993fa5a07111060fb234185b682f6717de16a4d2e1350bc14293597f01621f,rf_digits_parity_v1,digits_parity,digits_parity,42,,,,2026-09-02T20:45:00Z,1.2.0,62e10bc07ec9873f,SAMPLE_PREDICTION_ERROR,prediction_error == 1 when model prediction != true target,model_prediction_versus_ground_truth,False,0,0,True,0,0.12,0.2,0.05,0.15,0.15,0.061282587702834124,,,,,,NORMAL,True,True,True,True,False,False,False,True,False,,,,
54d55d43632683281c1779d3,STATIC_SELECTIVE_RISK,Module_12_CrossDomain,sklearn_fixture,29993fa5a07111060fb234185b682f6717de16a4d2e1350bc14293597f01621f,rf_digits_parity_v1,digits_parity,digits_parity,42,,,,2026-09-02T20:45:00Z,1.2.0,62e10bc07ec9873f,SAMPLE_PREDICTION_ERROR,prediction_error == 1 when model prediction != true target,model_prediction_versus_ground_truth,False,1,1,True,0,0.12,0.2,0.05,0.15,0.15,0.061282587702834124,,,,,,NORMAL,True,True,True,True,False,False,False,True,False,,,,
700b240c48c640611449701e,STATIC_SELECTIVE_RISK,Module_12_CrossDomain,sklearn_fixture,29993fa5a07111060fb234185b682f6717de16a4d2e1350bc14293597f01621f,rf_digits_parity_v1,digits_parity,digits_parity,42,,,,2026-09-02T20:45:00Z,1.2.0,62e10bc07ec9873f,SAMPLE_PREDICTION_ERROR,prediction_error == 1 when model prediction != true target,model_prediction_versus_ground_truth,False,0,0,True,0,0.12,0.2,0.05,0.15,0.15,0.061282587702834124,,,,,,NORMAL,True,True,True,True,False,False,False,True,False,,,,
8e864c45ac2ce2a1dcf70aed,STATIC_SELECTIVE_RISK,Module_12_CrossDomain,sklearn_fixture,29993fa5a07111060fb234185b682f6717de16a4d2e1350bc14293597f01621f,rf_digits_parity_v1,digits_parity,digits_parity,42,,,,2026-09-02T20:45:00Z,1.2.0,62e10bc07ec9873f,SAMPLE_PREDICTION_ERROR,prediction_error == 1 when model prediction != true target,model_prediction_versus_ground_truth,False,1,1,True,0,0.12,0.2,0.05,0.15,0.15,0.061282587702834124,,,,,,NORMAL,True,True,True,True,False,False,False,True,False,,,,
199a72f9cc1043eac5a45827,STATIC_SELECTIVE_RISK,Module_12_CrossDomain,sklearn_fixture,29993fa5a07111060fb234185b682f6717de16a4d2e1350bc14293597f01621f,rf_digits_parity_v1,digits_parity,digits_parity,42,,,,2026-09-02T20:45:00Z,1.2.0,62e10bc07ec9873f,SAMPLE_PREDICTION_ERROR,prediction_error == 1 when model prediction != true target,model_prediction_versus_ground_truth,False,0,0,True,0,0.12,0.2,0.05,0.15,0.15,0.061282587702834124,,,,,,NORMAL,True,True,True,True,False,False,False,True,False,,,,
321a0e718c0d850f331836b4,STATIC_SELECTIVE_RISK,Module_12_CrossDomain,sklearn_fixture,29993fa5a07111060fb234185b682f6717de16a4d2e1350bc14293597f01621f,rf_digits_parity_v1,digits_parity,digits_parity,42,,,,2026-09-02T20:45:00Z,1.2.0,62e10bc07ec9873f,SAMPLE_PREDICTION_ERROR,prediction_error == 1 when model prediction != true target,model_prediction_versus_ground_truth,False,1,1,True,0,0.12,0.2,0.05,0.15,0.15,0.061282587702834124,,,,,,NORMAL,True,True,True,True,False,False,False,True,False,,,,
d50df644eb6980bffedf4054,STATIC_SELECTIVE_RISK,Module_12_CrossDomain,sklearn_fixture,29993fa5a07111060fb234185b682f6717de16a4d2e1350bc14293597f01621f,rf_digits_parity_v1,digits_parity,digits_parity,42,,,,2026-09-02T20:45:00Z,1.2.0,62e10bc07ec9873f,SAMPLE_PREDICTION_ERROR,prediction_error == 1 when model prediction != true target,model_prediction_versus_ground_truth,False,1,1,True,0,0.12,0.2,0.05,0.15,0.15,0.061282587702834124,,,,,,NORMAL,True,True,True,True,False,False,False,True,False,,,,
213b574ac115297c15c8589b,STATIC_SELECTIVE_RISK,Module_12_CrossDomain,sklearn_fixture,29993fa5a07111060fb234185b682f6717de16a4d2e1350bc14293597f01621f,rf_digits_parity_v1,digits_parity,digits_parity,42,,,,2026-09-02T20:45:00Z,1.2.0,62e10bc07ec9873f,SAMPLE_PREDICTION_ERROR,prediction_error == 1 when model prediction != true target,model_prediction_versus_ground_truth,False,0,0,True,0,0.12,0.2,0.05,0.15,0.15,0.061282587702834124,,,,,,NORMAL,True,True,True,True,False,False,False,True,False,,,,
2c534a790ec71b605e7f5021,STATIC_SELECTIVE_RISK,Module_12_CrossDomain,sklearn_fixture,29993fa5a07111060fb234185b682f6717de16a4d2e1350bc14293597f01621f,rf_digits_parity_v1,digits_parity,digits_parity,42,,,,2026-09-02T20:45:00Z,1.2.0,62e10bc07ec9873f,SAMPLE_PREDICTION_ERROR,prediction_error == 1 when model prediction != true target,model_prediction_versus_ground_truth,False,0,0,True,0,0.12,0.2,0.05,0.15,0.15,0.061282587702834124,,,,,,NORMAL,True,True,True,True,False,False,False,True,False,,,,
7e17dda56aa020e8bed79e07,STATIC_SELECTIVE_RISK,Module_12_CrossDomain,sklearn_fixture,29993fa5a07111060fb234185b682f6717de16a4d2e1350bc14293597f01621f,rf_digits_parity_v1,digits_parity,digits_parity,42,,,,2026-09-02T20:45:00Z,1.2.0,62e10bc07ec9873f,SAMPLE_PREDICTION_ERROR,prediction_error == 1 when model prediction != true target,model_prediction_versus_ground_truth,False,0,0,True,0,0.12,0.2,0.05,0.15,0.15,0.061282587702834124,,,,,,NORMAL,True,True,True,True,False,False,False,True,False,,,,
e051ae60fc8b507925e98df7,STATIC_SELECTIVE_RISK,Module_12_CrossDomain,sklearn_fixture,29993fa5a07111060fb234185b682f6717de16a4d2e1350bc14293597f01621f,rf_digits_parity_v1,digits_parity,digits_parity,42,,,,2026-09-02T20:45:00Z,1.2.0,62e10bc07ec9873f,SAMPLE_PREDICTION_ERROR,prediction_error == 1 when model prediction != true target,model_prediction_versus_ground_truth,False,0,0,True,0,0.12,0.2,0.05,0.15,0.15,0.061282587702834124,,,,,,NORMAL,True,True,True,True,False,False,False,True,False,,,,
c0fa2758f3eda9513958b30b,STATIC_SELECTIVE_RISK,Module_12_CrossDomain,sklearn_fixture,29993fa5a07111060fb234185b682f6717de16a4d2e1350bc14293597f01621f,rf_digits_parity_v1,digits_parity,digits_parity,42,,,,2026-09-02T20:45:00Z,1.2.0,62e10bc07ec9873f,SAMPLE_PREDICTION_ERROR,prediction_error == 1 when model prediction != true target,model_prediction_versus_ground_truth,False,0,0,True,0,0.12,0.2,0.05,0.15,0.15,0.061282587702834124,,,,,,NORMAL,True,True,True,True,False,False,False,True,False,,,,
2bec873b0db5a93a5004fc87,STATIC_SELECTIVE_RISK,Module_12_CrossDomain,sklearn_fixture,29993fa5a07111060fb234185b682f6717de16a4d2e1350bc14293597f01621f,rf_digits_parity_v1,digits_parity,digits_parity,42,,,,2026-09-02T20:45:00Z,1.2.0,62e10bc07ec9873f,SAMPLE_PREDICTION_ERROR,prediction_error == 1 when model prediction != true target,model_prediction_versus_ground_truth,False,0,0,True,0,0.12,0.2,0.05,0.15,0.15,0.061282587702834124,,,,,,NORMAL,True,True,True,True,False,False,False,True,False,,,,
6d99b4b0bcd14783d6a8d46b,STATIC_SELECTIVE_RISK,Module_12_CrossDomain,sklearn_fixture,29993fa5a07111060fb234185b682f6717de16a4d2e1350bc14293597f01621f,rf_digits_parity_v1,digits_parity,digits_parity,42,,,,2026-09-02T20:45:00Z,1.2.0,62e10bc07ec9873f,SAMPLE_PREDICTION_ERROR,prediction_error == 1 when model prediction != true target,model_prediction_versus_ground_truth,False,1,1,True,0,0.12,0.2,0.05,0.15,0.15,0.061282587702834124,,,,,,NORMAL,True,True,True,True,False,False,False,True,False,,,,
0532aab980dab2a830266326,STATIC_SELECTIVE_RISK,Module_12_CrossDomain,sklearn_fixture,29993fa5a07111060fb234185b682f6717de16a4d2e1350bc14293597f01621f,rf_digits_parity_v1,digits_parity,digits_parity,42,,,,2026-09-02T20:45:00Z,1.2.0,62e10bc07ec9873f,SAMPLE_PREDICTION_ERROR,prediction_error == 1 when model prediction != true target,model_prediction_versus_ground_truth,False,1,1,True,0,0.12,0.2,0.05,0.15,0.15,0.061282587702834124,,,,,,NORMAL,True,True,True,True,False,False,False,True,False,,,,
ac3f49a924b5833d2120f72c,STATIC_SELECTIVE_RISK,Module_12_CrossDomain,sklearn_fixture,29993fa5a07111060fb234185b682f6717de16a4d2e1350bc14293597f01621f,rf_digits_parity_v1,digits_parity,digits_parity,42,,,,2026-09-02T20:45:00Z,1.2.0,62e10bc07ec9873f,SAMPLE_PREDICTION_ERROR,prediction_error == 1 when model prediction != true target,model_prediction_versus_ground_truth,False,1,1,True,0,0.12,0.2,0.05,0.15,0.15,0.061282587702834124,,,,,,NORMAL,True,True,True,True,False,False,False,True,False,,,,
2747310bce8a950ffc538737,STATIC_SELECTIVE_RISK,Module_12_CrossDomain,sklearn_fixture,29993fa5a07111060fb234185b682f6717de16a4d2e1350bc14293597f01621f,rf_digits_parity_v1,digits_parity,digits_parity,42,,,,2026-09-02T20:45:00Z,1.2.0,62e10bc07ec9873f,SAMPLE_PREDICTION_ERROR,prediction_error == 1 when model prediction != true target,model_prediction_versus_ground_truth,False,1,1,True,0,0.12,0.2,0.05,0.15,0.15,0.061282587702834124,,,,,,NORMAL,True,True,True,True,False,False,False,True,False,,,,
55024100cb3a8ba545787314,STATIC_SELECTIVE_RISK,Module_12_CrossDomain,sklearn_fixture,29993fa5a07111060fb234185b682f6717de16a4d2e1350bc14293597f01621f,rf_digits_parity_v1,digits_parity,digits_parity,42,,,,2026-09-02T20:45:00Z,1.2.0,62e10bc07ec9873f,SAMPLE_PREDICTION_ERROR,prediction_error == 1 when model prediction != true target,model_prediction_versus_ground_truth,False,0,0,True,0,0.12,0.2,0.05,0.15,0.15,0.061282587702834124,,,,,,NORMAL,True,True,True,True,False,False,False,True,False,,,,
877f5261a9a0a27ecd49b564,STATIC_SELECTIVE_RISK,Module_12_CrossDomain,sklearn_fixture,29993fa5a07111060fb234185b682f6717de16a4d2e1350bc14293597f01621f,rf_digits_parity_v1,digits_parity,digits_parity,42,,,,2026-09-02T20:45:00Z,1.2.0,62e10bc07ec9873f,SAMPLE_PREDICTION_ERROR,prediction_error == 1 when model prediction != true target,model_prediction_versus_ground_truth,False,1,1,True,0,0.12,0.2,0.05,0.15,0.15,0.061282587702834124,,,,,,NORMAL,True,True,True,True,False,False,False,True,False,,,,
b9d07dc2a7fc517de15a6b29,STATIC_SELECTIVE_RISK,Module_12_CrossDomain,sklearn_fixture,29993fa5a07111060fb234185b682f6717de16a4d2e1350bc14293597f01621f,rf_digits_parity_v1,digits_parity,digits_parity,42,,,,2026-09-02T20:45:00Z,1.2.0,62e10bc07ec9873f,SAMPLE_PREDICTION_ERROR,prediction_error == 1 when model prediction != true target,model_prediction_versus_ground_truth,False,1,1,True,0,0.12,0.2,0.05,0.15,0.15,0.061282587702834124,,,,,,NORMAL,True,True,True,True,False,False,False,True,False,,,,
8132196b8a9f61b7b9e22643,STATIC_SELECTIVE_RISK,Module_12_CrossDomain,sklearn_fixture,29993fa5a07111060fb234185b682f6717de16a4d2e1350bc14293597f01621f,rf_digits_parity_v1,digits_parity,digits_parity,42,,,,2026-09-02T20:45:00Z,1.2.0,62e10bc07ec9873f,SAMPLE_PREDICTION_ERROR,prediction_error == 1 when model prediction != true target,model_prediction_versus_ground_truth,False,1,1,True,0,0.12,0.2,0.05,0.15,0.15,0.061282587702834124,,,,,,NORMAL,True,True,True,True,False,False,False,True,False,,,,
4dab204faf8e08ed6e939f2b,STATIC_SELECTIVE_RISK,Module_12_CrossDomain,sklearn_fixture,29993fa5a07111060fb234185b682f6717de16a4d2e1350bc14293597f01621f,rf_digits_parity_v1,digits_parity,digits_parity,42,,,,2026-09-02T20:45:00Z,1.2.0,62e10bc07ec9873f,SAMPLE_PREDICTION_ERROR,prediction_error == 1 when model prediction != true target,model_prediction_versus_ground_truth,False,0,0,True,0,0.12,0.2,0.05,0.15,0.15,0.061282587702834124,,,,,,NORMAL,True,True,True,True,False,False,False,True,False,,,,
08f28316add471050164d6cf,STATIC_SELECTIVE_RISK,Module_12_CrossDomain,sklearn_fixture,29993fa5a07111060fb234185b682f6717de16a4d2e1350bc14293597f01621f,rf_digits_parity_v1,digits_parity,digits_parity,42,,,,2026-09-02T20:45:00Z,1.2.0,62e10bc07ec9873f,SAMPLE_PREDICTION_ERROR,prediction_error == 1 when model prediction != true target,model_prediction_versus_ground_truth,False,1,1,True,0,0.12,0.2,0.05,0.15,0.15,0.061282587702834124,,,,,,NORMAL,True,True,True,True,False,False,False,True,False,,,,
039c5f5123983fcf306b90c7,STATIC_SELECTIVE_RISK,Module_12_CrossDomain,sklearn_fixture,29993fa5a07111060fb234185b682f6717de16a4d2e1350bc14293597f01621f,rf_digits_parity_v1,digits_parity,digits_parity,42,,,,2026-09-02T20:45:00Z,1.2.0,62e10bc07ec9873f,SAMPLE_PREDICTION_ERROR,prediction_error == 1 when model prediction != true target,model_prediction_versus_ground_truth,False,1,1,True,0,0.12,0.2,0.05,0.15,0.15,0.061282587702834124,,,,,,NORMAL,True,True,True,True,False,False,False,True,False,,,,
5beccf7b1e5ba066ad9f269b,STATIC_SELECTIVE_RISK,Module_12_CrossDomain,sklearn_fixture,29993fa5a07111060fb234185b682f6717de16a4d2e1350bc14293597f01621f,rf_digits_parity_v1,digits_parity,digits_parity,42,,,,2026-09-02T20:45:00Z,1.2.0,62e10bc07ec9873f,SAMPLE_PREDICTION_ERROR,prediction_error == 1 when model prediction != true target,model_prediction_versus_ground_truth,False,0,0,True,0,0.12,0.2,0.05,0.15,0.15,0.061282587702834124,,,,,,NORMAL,True,True,True,True,False,False,False,True,False,,,,
7e97252f5ac08483754ff6f1,STATIC_SELECTIVE_RISK,Module_12_CrossDomain,sklearn_fixture,29993fa5a07111060fb234185b682f6717de16a4d2e1350bc14293597f01621f,rf_digits_parity_v1,digits_parity,digits_parity,42,,,,2026-09-02T20:45:00Z,1.2.0,62e10bc07ec9873f,SAMPLE_PREDICTION_ERROR,prediction_error == 1 when model prediction != true target,model_prediction_versus_ground_truth,False,0,0,True,0,0.12,0.2,0.05,0.15,0.15,0.061282587702834124,,,,,,NORMAL,True,True,True,True,False,False,False,True,False,,,,
128afc5d6c0d5f8d9db59cb6,STATIC_SELECTIVE_RISK,Module_12_CrossDomain,sklearn_fixture,29993fa5a07111060fb234185b682f6717de16a4d2e1350bc14293597f01621f,rf_digits_parity_v1,digits_parity,digits_parity,42,,,,2026-09-02T20:45:00Z,1.2.0,62e10bc07ec9873f,SAMPLE_PREDICTION_ERROR,prediction_error == 1 when model prediction != true target,model_prediction_versus_ground_truth,False,0,0,True,0,0.12,0.2,0.05,0.15,0.15,0.061282587702834124,,,,,,NORMAL,True,True,True,True,False,False,False,True,False,,,,
91d77401d9f120c6d143a8a9,STATIC_SELECTIVE_RISK,Module_12_CrossDomain,sklearn_fixture,29993fa5a07111060fb234185b682f6717de16a4d2e1350bc14293597f01621f,rf_digits_parity_v1,digits_parity,digits_parity,42,,,,2026-09-02T20:45:00Z,1.2.0,62e10bc07ec9873f,SAMPLE_PREDICTION_ERROR,prediction_error == 1 when model prediction != true target,model_prediction_versus_ground_truth,False,0,0,True,0,0.12,0.2,0.05,0.15,0.15,0.061282587702834124,,,,,,NORMAL,True,True,True,True,False,False,False,True,False,,,,
faaf76831221fdc3a9e3cd9c,STATIC_SELECTIVE_RISK,Module_12_CrossDomain,sklearn_fixture,29993fa5a07111060fb234185b682f6717de16a4d2e1350bc14293597f01621f,rf_digits_parity_v1,digits_parity,digits_parity,42,,,,2026-09-02T20:45:00Z,1.2.0,62e10bc07ec9873f,SAMPLE_PREDICTION_ERROR,prediction_error == 1 when model prediction != true target,model_prediction_versus_ground_truth,False,0,0,True,0,0.12,0.2,0.05,0.15,0.15,0.061282587702834124,,,,,,NORMAL,True,True,True,True,False,False,False,True,False,,,,
8089b736137dc14353026540,STATIC_SELECTIVE_RISK,Module_12_CrossDomain,sklearn_fixture,29993fa5a07111060fb234185b682f6717de16a4d2e1350bc14293597f01621f,rf_digits_parity_v1,digits_parity,digits_parity,42,,,,2026-09-02T20:45:00Z,1.2.0,62e10bc07ec9873f,SAMPLE_PREDICTION_ERROR,prediction_error == 1 when model prediction != true target,model_prediction_versus_ground_truth,False,1,1,True,0,0.12,0.2,0.05,0.15,0.15,0.061282587702834124,,,,,,NORMAL,True,True,True,True,False,False,False,True,False,,,,
8ac5ecd1089ba346f8de29e7,STATIC_SELECTIVE_RISK,Module_12_CrossDomain,sklearn_fixture,29993fa5a07111060fb234185b682f6717de16a4d2e1350bc14293597f01621f,rf_digits_parity_v1,digits_parity,digits_parity,42,,,,2026-09-02T20:45:00Z,1.2.0,62e10bc07ec9873f,SAMPLE_PREDICTION_ERROR,prediction_error == 1 when model prediction != true target,model_prediction_versus_ground_truth,False,1,1,True,0,0.12,0.2,0.05,0.15,0.15,0.061282587702834124,,,,,,NORMAL,True,True,True,True,False,False,False,True,False,,,,
6d5422d671c904ce27167564,STATIC_SELECTIVE_RISK,Module_12_CrossDomain,sklearn_fixture,29993fa5a07111060fb234185b682f6717de16a4d2e1350bc14293597f01621f,rf_digits_parity_v1,digits_parity,digits_parity,42,,,,2026-09-02T20:45:00Z,1.2.0,62e10bc07ec9873f,SAMPLE_PREDICTION_ERROR,prediction_error == 1 when model prediction != true target,model_prediction_versus_ground_truth,False,1,1,True,0,0.12,0.2,0.05,0.15,0.15,0.061282587702834124,,,,,,NORMAL,True,True,True,True,False,False,False,True,False,,,,
9c6482cfc59dd98835d52642,STATIC_SELECTIVE_RISK,Module_12_CrossDomain,sklearn_fixture,29993fa5a07111060fb234185b682f6717de16a4d2e1350bc14293597f01621f,rf_digits_parity_v1,digits_parity,digits_parity,42,,,,2026-09-02T20:45:00Z,1.2.0,62e10bc07ec9873f,SAMPLE_PREDICTION_ERROR,prediction_error == 1 when model prediction != true target,model_prediction_versus_ground_truth,False,1,1,True,0,0.12,0.2,0.05,0.15,0.15,0.061282587702834124,,,,,,NORMAL,True,True,True,True,False,False,False,True,False,,,,
3b32bede7199a959f734e0ec,STATIC_SELECTIVE_RISK,Module_12_CrossDomain,sklearn_fixture,29993fa5a07111060fb234185b682f6717de16a4d2e1350bc14293597f01621f,rf_digits_parity_v1,digits_parity,digits_parity,42,,,,2026-09-02T20:45:00Z,1.2.0,62e10bc07ec9873f,SAMPLE_PREDICTION_ERROR,prediction_error == 1 when model prediction != true target,model_prediction_versus_ground_truth,False,1,1,True,0,0.12,0.2,0.05,0.15,0.15,0.061282587702834124,,,,,,NORMAL,True,True,True,True,False,False,False,True,False,,,,
0f46fa99d2ef1427b600dff2,STATIC_SELECTIVE_RISK,Module_12_CrossDomain,sklearn_fixture,29993fa5a07111060fb234185b682f6717de16a4d2e1350bc14293597f01621f,rf_digits_parity_v1,digits_parity,digits_parity,42,,,,2026-09-02T20:45:00Z,1.2.0,62e10bc07ec9873f,SAMPLE_PREDICTION_ERROR,prediction_error == 1 when model prediction != true target,model_prediction_versus_ground_truth,False,0,0,True,0,0.12,0.2,0.05,0.15,0.15,0.061282587702834124,,,,,,NORMAL,True,True,True,True,False,False,False,True,False,,,,
4d7a0c675b170de9f11996c2,STATIC_SELECTIVE_RISK,Module_12_CrossDomain,sklearn_fixture,29993fa5a07111060fb234185b682f6717de16a4d2e1350bc14293597f01621f,rf_digits_parity_v1,digits_parity,digits_parity,42,,,,2026-09-02T20:45:00Z,1.2.0,62e10bc07ec9873f,SAMPLE_PREDICTION_ERROR,prediction_error == 1 when model prediction != true target,model_prediction_versus_ground_truth,False,0,0,True,0,0.12,0.2,0.05,0.15,0.15,0.061282587702834124,,,,,,NORMAL,True,True,True,True,False,False,False,True,False,,,,
679e299190132c99527f722e,STATIC_SELECTIVE_RISK,Module_12_CrossDomain,sklearn_fixture,29993fa5a07111060fb234185b682f6717de16a4d2e1350bc14293597f01621f,rf_digits_parity_v1,digits_parity,digits_parity,42,,,,2026-09-02T20:45:00Z,1.2.0,62e10bc07ec9873f,SAMPLE_PREDICTION_ERROR,prediction_error == 1 when model prediction != true target,model_prediction_versus_ground_truth,False,0,0,True,0,0.12,0.2,0.05,0.15,0.15,0.061282587702834124,,,,,,NORMAL,True,True,True,True,False,False,False,True,False,,,,
c8b3cc4c94764bef1bdb049f,STATIC_SELECTIVE_RISK,Module_12_CrossDomain,sklearn_fixture,29993fa5a07111060fb234185b682f6717de16a4d2e1350bc14293597f01621f,rf_digits_parity_v1,digits_parity,digits_parity,42,,,,2026-09-02T20:45:00Z,1.2.0,62e10bc07ec9873f,SAMPLE_PREDICTION_ERROR,prediction_error == 1 when model prediction != true target,model_prediction_versus_ground_truth,False,1,1,True,0,0.12,0.2,0.05,0.15,0.15,0.061282587702834124,,,,,,NORMAL,True,True,True,True,False,False,False,True,False,,,,
0b529172d97472ad70275115,STATIC_SELECTIVE_RISK,Module_12_CrossDomain,sklearn_fixture,29993fa5a07111060fb234185b682f6717de16a4d2e1350bc14293597f01621f,rf_digits_parity_v1,digits_parity,digits_parity,42,,,,2026-09-02T20:45:00Z,1.2.0,62e10bc07ec9873f,SAMPLE_PREDICTION_ERROR,prediction_error == 1 when model prediction != true target,model_prediction_versus_ground_truth,False,0,0,True,0,0.12,0.2,0.05,0.15,0.15,0.061282587702834124,,,,,,NORMAL,True,True,True,True,False,False,False,True,False,,,,
9fd66271d5f630dba8889c53,STATIC_SELECTIVE_RISK,Module_12_CrossDomain,sklearn_fixture,29993fa5a07111060fb234185b682f6717de16a4d2e1350bc14293597f01621f,rf_digits_parity_v1,digits_parity,digits_parity,42,,,,2026-09-02T20:45:00Z,1.2.0,62e10bc07ec9873f,SAMPLE_PREDICTION_ERROR,prediction_error == 1 when model prediction != true target,model_prediction_versus_ground_truth,False,0,0,True,0,0.12,0.2,0.05,0.15,0.15,0.061282587702834124,,,,,,NORMAL,True,True,True,True,False,False,False,True,False,,,,
d8c6fe5ba7461b7fe61b0fda,STATIC_SELECTIVE_RISK,Module_12_CrossDomain,sklearn_fixture,29993fa5a07111060fb234185b682f6717de16a4d2e1350bc14293597f01621f,rf_digits_parity_v1,digits_parity,digits_parity,42,,,,2026-09-02T20:45:00Z,1.2.0,62e10bc07ec9873f,SAMPLE_PREDICTION_ERROR,prediction_error == 1 when model prediction != true target,model_prediction_versus_ground_truth,False,1,1,True,0,0.12,0.2,0.05,0.15,0.15,0.061282587702834124,,,,,,NORMAL,True,True,True,True,False,False,False,True,False,,,,
513131e16d0363c7227c067c,STATIC_SELECTIVE_RISK,Module_12_CrossDomain,sklearn_fixture,29993fa5a07111060fb234185b682f6717de16a4d2e1350bc14293597f01621f,rf_digits_parity_v1,digits_parity,digits_parity,42,,,,2026-09-02T20:45:00Z,1.2.0,62e10bc07ec9873f,SAMPLE_PREDICTION_ERROR,prediction_error == 1 when model prediction != true target,model_prediction_versus_ground_truth,False,1,1,True,0,0.12,0.2,0.05,0.15,0.15,0.061282587702834124,,,,,,NORMAL,True,True,True,True,False,False,False,True,False,,,,
4dc938b0ba0fd8ca3c7652bc,STATIC_SELECTIVE_RISK,Module_12_CrossDomain,sklearn_fixture,29993fa5a07111060fb234185b682f6717de16a4d2e1350bc14293597f01621f,rf_digits_parity_v1,digits_parity,digits_parity,42,,,,2026-09-02T20:45:00Z,1.2.0,62e10bc07ec9873f,SAMPLE_PREDICTION_ERROR,prediction_error == 1 when model prediction != true target,model_prediction_versus_ground_truth,False,1,1,True,0,0.12,0.2,0.05,0.15,0.15,0.061282587702834124,,,,,,NORMAL,True,True,True,True,False,False,False,True,False,,,,
b2e2406f2e5c64ba92056c8e,STATIC_SELECTIVE_RISK,Module_12_CrossDomain,sklearn_fixture,29993fa5a07111060fb234185b682f6717de16a4d2e1350bc14293597f01621f,rf_digits_parity_v1,digits_parity,digits_parity,42,,,,2026-09-02T20:45:00Z,1.2.0,62e10bc07ec9873f,SAMPLE_PREDICTION_ERROR,prediction_error == 1 when model prediction != true target,model_prediction_versus_ground_truth,False,0,0,True,0,0.12,0.2,0.05,0.15,0.15,0.061282587702834124,,,,,,NORMAL,True,True,True,True,False,False,False,True,False,,,,
d512586691fbe49ddc5eb11f,STATIC_SELECTIVE_RISK,Module_12_CrossDomain,sklearn_fixture,29993fa5a07111060fb234185b682f6717de16a4d2e1350bc14293597f01621f,rf_digits_parity_v1,digits_parity,digits_parity,42,,,,2026-09-02T20:45:00Z,1.2.0,62e10bc07ec9873f,SAMPLE_PREDICTION_ERROR,prediction_error == 1 when model prediction != true target,model_prediction_versus_ground_truth,False,0,0,True,0,0.12,0.2,0.05,0.15,0.15,0.061282587702834124,,,,,,NORMAL,True,True,True,True,False,False,False,True,False,,,,
fb86f9393b896cff796a4965,STATIC_SELECTIVE_RISK,Module_12_CrossDomain,sklearn_fixture,29993fa5a07111060fb234185b682f6717de16a4d2e1350bc14293597f01621f,rf_digits_parity_v1,digits_parity,digits_parity,42,,,,2026-09-02T20:45:00Z,1.2.0,62e10bc07ec9873f,SAMPLE_PREDICTION_ERROR,prediction_error == 1 when model prediction != true target,model_prediction_versus_ground_truth,False,1,1,True,0,0.12,0.2,0.05,0.15,0.15,0.061282587702834124,,,,,,NORMAL,True,True,True,True,False,False,False,True,False,,,,
23becae88bf1f6f4bb8cbcf4,STATIC_SELECTIVE_RISK,Module_12_CrossDomain,sklearn_fixture,29993fa5a07111060fb234185b682f6717de16a4d2e1350bc14293597f01621f,rf_digits_parity_v1,digits_parity,digits_parity,42,,,,2026-09-02T20:45:00Z,1.2.0,62e10bc07ec9873f,SAMPLE_PREDICTION_ERROR,prediction_error == 1 when model prediction != true target,model_prediction_versus_ground_truth,False,0,0,True,0,0.12,0.2,0.05,0.15,0.15,0.061282587702834124,,,,,,NORMAL,True,True,True,True,False,False,False,True,False,,,,
aeb7d6e3db56305c47d7a851,STATIC_SELECTIVE_RISK,Module_12_CrossDomain,sklearn_fixture,29993fa5a07111060fb234185b682f6717de16a4d2e1350bc14293597f01621f,rf_digits_parity_v1,digits_parity,digits_parity,42,,,,2026-09-02T20:45:00Z,1.2.0,62e10bc07ec9873f,SAMPLE_PREDICTION_ERROR,prediction_error == 1 when model prediction != true target,model_prediction_versus_ground_truth,False,1,1,True,0,0.12,0.2,0.05,0.15,0.15,0.061282587702834124,,,,,,NORMAL,True,True,True,True,False,False,False,True,False,,,,
13b48ba39a47ac74a8fde648,STATIC_SELECTIVE_RISK,Module_12_CrossDomain,sklearn_fixture,29993fa5a07111060fb234185b682f6717de16a4d2e1350bc14293597f01621f,rf_digits_parity_v1,digits_parity,digits_parity,42,,,,2026-09-02T20:45:00Z,1.2.0,62e10bc07ec9873f,SAMPLE_PREDICTION_ERROR,prediction_error == 1 when model prediction != true target,model_prediction_versus_ground_truth,False,0,0,True,0,0.12,0.2,0.05,0.15,0.15,0.061282587702834124,,,,,,NORMAL,True,True,True,True,False,False,False,True,False,,,,
967304ed131512771e51abd7,STATIC_SELECTIVE_RISK,Module_12_CrossDomain,sklearn_fixture,29993fa5a07111060fb234185b682f6717de16a4d2e1350bc14293597f01621f,rf_digits_parity_v1,digits_parity,digits_parity,42,,,,2026-09-02T20:45:00Z,1.2.0,62e10bc07ec9873f,SAMPLE_PREDICTION_ERROR,prediction_error == 1 when model prediction != true target,model_prediction_versus_ground_truth,False,0,0,True,0,0.12,0.2,0.05,0.15,0.15,0.061282587702834124,,,,,,NORMAL,True,True,True,True,False,False,False,True,False,,,,
3fcbd64d65805f4067f20ca3,STATIC_SELECTIVE_RISK,Module_12_CrossDomain,sklearn_fixture,29993fa5a07111060fb234185b682f6717de16a4d2e1350bc14293597f01621f,rf_digits_parity_v1,digits_parity,digits_parity,42,,,,2026-09-02T20:45:00Z,1.2.0,62e10bc07ec9873f,SAMPLE_PREDICTION_ERROR,prediction_error == 1 when model prediction != true target,model_prediction_versus_ground_truth,False,1,1,True,0,0.12,0.2,0.05,0.15,0.15,0.061282587702834124,,,,,,NORMAL,True,True,True,True,False,False,False,True,False,,,,
dbf6939ac0406d26b0ce12e7,STATIC_SELECTIVE_RISK,Module_12_CrossDomain,sklearn_fixture,29993fa5a07111060fb234185b682f6717de16a4d2e1350bc14293597f01621f,rf_digits_parity_v1,digits_parity,digits_parity,42,,,,2026-09-02T20:45:00Z,1.2.0,62e10bc07ec9873f,SAMPLE_PREDICTION_ERROR,prediction_error == 1 when model prediction != true target,model_prediction_versus_ground_truth,False,1,1,True,0,0.12,0.2,0.05,0.15,0.15,0.061282587702834124,,,,,,NORMAL,True,True,True,True,False,False,False,True,False,,,,
44386508221913771a21d3c3,STATIC_SELECTIVE_RISK,Module_12_CrossDomain,sklearn_fixture,29993fa5a07111060fb234185b682f6717de16a4d2e1350bc14293597f01621f,rf_digits_parity_v1,digits_parity,digits_parity,42,,,,2026-09-02T20:45:00Z,1.2.0,62e10bc07ec9873f,SAMPLE_PREDICTION_ERROR,prediction_error == 1 when model prediction != true target,model_prediction_versus_ground_truth,False,0,0,True,0,0.12,0.2,0.05,0.15,0.15,0.061282587702834124,,,,,,NORMAL,True,True,True,True,False,False,False,True,False,,,,
0eb2c7203cc7fc56a64b198e,STATIC_SELECTIVE_RISK,Module_12_CrossDomain,sklearn_fixture,29993fa5a07111060fb234185b682f6717de16a4d2e1350bc14293597f01621f,rf_digits_parity_v1,digits_parity,digits_parity,42,,,,2026-09-02T20:45:00Z,1.2.0,62e10bc07ec9873f,SAMPLE_PREDICTION_ERROR,prediction_error == 1 when model prediction != true target,model_prediction_versus_ground_truth,False,0,0,True,0,0.12,0.2,0.05,0.15,0.15,0.061282587702834124,,,,,,NORMAL,True,True,True,True,False,False,False,True,False,,,,
89e4c37d9e76fe7e1b5536b1,STATIC_SELECTIVE_RISK,Module_12_CrossDomain,sklearn_fixture,29993fa5a07111060fb234185b682f6717de16a4d2e1350bc14293597f01621f,rf_digits_parity_v1,digits_parity,digits_parity,42,,,,2026-09-02T20:45:00Z,1.2.0,62e10bc07ec9873f,SAMPLE_PREDICTION_ERROR,prediction_error == 1 when model prediction != true target,model_prediction_versus_ground_truth,False,0,0,True,0,0.12,0.2,0.05,0.15,0.15,0.061282587702834124,,,,,,NORMAL,True,True,True,True,False,False,False,True,False,,,,
e7e734414833150b0fb52eda,STATIC_SELECTIVE_RISK,Module_12_CrossDomain,sklearn_fixture,29993fa5a07111060fb234185b682f6717de16a4d2e1350bc14293597f01621f,rf_digits_parity_v1,digits_parity,digits_parity,42,,,,2026-09-02T20:45:00Z,1.2.0,62e10bc07ec9873f,SAMPLE_PREDICTION_ERROR,prediction_error == 1 when model prediction != true target,model_prediction_versus_ground_truth,False,0,0,True,0,0.12,0.2,0.05,0.15,0.15,0.061282587702834124,,,,,,NORMAL,True,True,True,True,False,False,False,True,False,,,,
760d080140af10d30cee055c,STATIC_SELECTIVE_RISK,Module_12_CrossDomain,sklearn_fixture,29993fa5a07111060fb234185b682f6717de16a4d2e1350bc14293597f01621f,rf_digits_parity_v1,digits_parity,digits_parity,42,,,,2026-09-02T20:45:00Z,1.2.0,62e10bc07ec9873f,SAMPLE_PREDICTION_ERROR,prediction_error == 1 when model prediction != true target,model_prediction_versus_ground_truth,False,0,0,True,0,0.12,0.2,0.05,0.15,0.15,0.061282587702834124,,,,,,NORMAL,True,True,True,True,False,False,False,True,False,,,,
9e613f32b7a4c5cabe9fdea7,STATIC_SELECTIVE_RISK,Module_12_CrossDomain,sklearn_fixture,29993fa5a07111060fb234185b682f6717de16a4d2e1350bc14293597f01621f,rf_digits_parity_v1,digits_parity,digits_parity,42,,,,2026-09-02T20:45:00Z,1.2.0,62e10bc07ec9873f,SAMPLE_PREDICTION_ERROR,prediction_error == 1 when model prediction != true target,model_prediction_versus_ground_truth,False,0,0,True,0,0.12,0.2,0.05,0.15,0.15,0.061282587702834124,,,,,,NORMAL,True,True,True,True,False,False,False,True,False,,,,
f0dbe92eb8c50c037fb6a0c9,STATIC_SELECTIVE_RISK,Module_12_CrossDomain,sklearn_fixture,29993fa5a07111060fb234185b682f6717de16a4d2e1350bc14293597f01621f,rf_digits_parity_v1,digits_parity,digits_parity,42,,,,2026-09-02T20:45:00Z,1.2.0,62e10bc07ec9873f,SAMPLE_PREDICTION_ERROR,prediction_error == 1 when model prediction != true target,model_prediction_versus_ground_truth,False,1,1,True,0,0.12,0.2,0.05,0.15,0.15,0.061282587702834124,,,,,,NORMAL,True,True,True,True,False,False,False,True,False,,,,
8756af122bf3f348b2e2f808,STATIC_SELECTIVE_RISK,Module_12_CrossDomain,sklearn_fixture,29993fa5a07111060fb234185b682f6717de16a4d2e1350bc14293597f01621f,rf_digits_parity_v1,digits_parity,digits_parity,42,,,,2026-09-02T20:45:00Z,1.2.0,62e10bc07ec9873f,SAMPLE_PREDICTION_ERROR,prediction_error == 1 when model prediction != true target,model_prediction_versus_ground_truth,False,1,1,True,0,0.12,0.2,0.05,0.15,0.15,0.061282587702834124,,,,,,NORMAL,True,True,True,True,False,False,False,True,False,,,,
c61ced9721cfe5bcca559ec6,STATIC_SELECTIVE_RISK,Module_12_CrossDomain,sklearn_fixture,29993fa5a07111060fb234185b682f6717de16a4d2e1350bc14293597f01621f,rf_digits_parity_v1,digits_parity,digits_parity,42,,,,2026-09-02T20:45:00Z,1.2.0,62e10bc07ec9873f,SAMPLE_PREDICTION_ERROR,prediction_error == 1 when model prediction != true target,model_prediction_versus_ground_truth,False,1,1,True,0,0.12,0.2,0.05,0.15,0.15,0.061282587702834124,,,,,,NORMAL,True,True,True,True,False,False,False,True,False,,,,
b7381925a81dd0e249e33c52,STATIC_SELECTIVE_RISK,Module_12_CrossDomain,sklearn_fixture,29993fa5a07111060fb234185b682f6717de16a4d2e1350bc14293597f01621f,rf_digits_parity_v1,digits_parity,digits_parity,42,,,,2026-09-02T20:45:00Z,1.2.0,62e10bc07ec9873f,SAMPLE_PREDICTION_ERROR,prediction_error == 1 when model prediction != true target,model_prediction_versus_ground_truth,False,0,0,True,0,0.12,0.2,0.05,0.15,0.15,0.061282587702834124,,,,,,NORMAL,True,True,True,True,False,False,False,True,False,,,,
87a48959932ad94ecb18b4bd,STATIC_SELECTIVE_RISK,Module_12_CrossDomain,sklearn_fixture,29993fa5a07111060fb234185b682f6717de16a4d2e1350bc14293597f01621f,rf_digits_parity_v1,digits_parity,digits_parity,42,,,,2026-09-02T20:45:00Z,1.2.0,62e10bc07ec9873f,SAMPLE_PREDICTION_ERROR,prediction_error == 1 when model prediction != true target,model_prediction_versus_ground_truth,False,0,0,True,0,0.12,0.2,0.05,0.15,0.15,0.061282587702834124,,,,,,NORMAL,True,True,True,True,False,False,False,True,False,,,,
028a21383e21c33acf203f73,STATIC_SELECTIVE_RISK,Module_12_CrossDomain,sklearn_fixture,29993fa5a07111060fb234185b682f6717de16a4d2e1350bc14293597f01621f,rf_digits_parity_v1,digits_parity,digits_parity,42,,,,2026-09-02T20:45:00Z,1.2.0,62e10bc07ec9873f,SAMPLE_PREDICTION_ERROR,prediction_error == 1 when model prediction != true target,model_prediction_versus_ground_truth,False,1,1,True,0,0.12,0.2,0.05,0.15,0.15,0.061282587702834124,,,,,,NORMAL,True,True,True,True,False,False,False,True,False,,,,
f54b37f7de7b596c3fdc853d,STATIC_SELECTIVE_RISK,Module_12_CrossDomain,sklearn_fixture,29993fa5a07111060fb234185b682f6717de16a4d2e1350bc14293597f01621f,rf_digits_parity_v1,digits_parity,digits_parity,42,,,,2026-09-02T20:45:00Z,1.2.0,62e10bc07ec9873f,SAMPLE_PREDICTION_ERROR,prediction_error == 1 when model prediction != true target,model_prediction_versus_ground_truth,False,1,1,True,0,0.12,0.2,0.05,0.15,0.15,0.061282587702834124,,,,,,NORMAL,True,True,True,True,False,False,False,True,False,,,,
e5ee10e6df5243638d671174,STATIC_SELECTIVE_RISK,Module_12_CrossDomain,sklearn_fixture,29993fa5a07111060fb234185b682f6717de16a4d2e1350bc14293597f01621f,rf_digits_parity_v1,digits_parity,digits_parity,42,,,,2026-09-02T20:45:00Z,1.2.0,62e10bc07ec9873f,SAMPLE_PREDICTION_ERROR,prediction_error == 1 when model prediction != true target,model_prediction_versus_ground_truth,False,0,0,True,0,0.12,0.2,0.05,0.15,0.15,0.061282587702834124,,,,,,NORMAL,True,True,True,True,False,False,False,True,False,,,,
ed10648c7d3f2a866ab697d5,STATIC_SELECTIVE_RISK,Module_12_CrossDomain,sklearn_fixture,29993fa5a07111060fb234185b682f6717de16a4d2e1350bc14293597f01621f,rf_digits_parity_v1,digits_parity,digits_parity,42,,,,2026-09-02T20:45:00Z,1.2.0,62e10bc07ec9873f,SAMPLE_PREDICTION_ERROR,prediction_error == 1 when model prediction != true target,model_prediction_versus_ground_truth,False,0,0,True,0,0.12,0.2,0.05,0.15,0.15,0.061282587702834124,,,,,,NORMAL,True,True,True,True,False,False,False,True,False,,,,
86ee7aa891ac72eb1fcb41a4,STATIC_SELECTIVE_RISK,Module_12_CrossDomain,sklearn_fixture,29993fa5a07111060fb234185b682f6717de16a4d2e1350bc14293597f01621f,rf_digits_parity_v1,digits_parity,digits_parity,42,,,,2026-09-02T20:45:00Z,1.2.0,62e10bc07ec9873f,SAMPLE_PREDICTION_ERROR,prediction_error == 1 when model prediction != true target,model_prediction_versus_ground_truth,False,1,1,True,0,0.12,0.2,0.05,0.15,0.15,0.061282587702834124,,,,,,NORMAL,True,True,True,True,False,False,False,True,False,,,,
5cfded5bab37c9606a780990,STATIC_SELECTIVE_RISK,Module_12_CrossDomain,sklearn_fixture,29993fa5a07111060fb234185b682f6717de16a4d2e1350bc14293597f01621f,rf_digits_parity_v1,digits_parity,digits_parity,42,,,,2026-09-02T20:45:00Z,1.2.0,62e10bc07ec9873f,SAMPLE_PREDICTION_ERROR,prediction_error == 1 when model prediction != true target,model_prediction_versus_ground_truth,False,0,0,True,0,0.12,0.2,0.05,0.15,0.15,0.061282587702834124,,,,,,NORMAL,True,True,True,True,False,False,False,True,False,,,,
539b59a6938e86681919abcf,STATIC_SELECTIVE_RISK,Module_12_CrossDomain,sklearn_fixture,29993fa5a07111060fb234185b682f6717de16a4d2e1350bc14293597f01621f,rf_digits_parity_v1,digits_parity,digits_parity,42,,,,2026-09-02T20:45:00Z,1.2.0,62e10bc07ec9873f,SAMPLE_PREDICTION_ERROR,prediction_error == 1 when model prediction != true target,model_prediction_versus_ground_truth,False,1,1,True,0,0.12,0.2,0.05,0.15,0.15,0.061282587702834124,,,,,,NORMAL,True,True,True,True,False,False,False,True,False,,,,
c41adf0e3e78f9dfb44d48d4,STATIC_SELECTIVE_RISK,Module_12_CrossDomain,sklearn_fixture,29993fa5a07111060fb234185b682f6717de16a4d2e1350bc14293597f01621f,rf_digits_parity_v1,digits_parity,digits_parity,42,,,,2026-09-02T20:45:00Z,1.2.0,62e10bc07ec9873f,SAMPLE_PREDICTION_ERROR,prediction_error == 1 when model prediction != true target,model_prediction_versus_ground_truth,False,0,0,True,0,0.12,0.2,0.05,0.15,0.15,0.061282587702834124,,,,,,NORMAL,True,True,True,True,False,False,False,True,False,,,,
c90a39f6b2b2e849231d7919,STATIC_SELECTIVE_RISK,Module_12_CrossDomain,sklearn_fixture,29993fa5a07111060fb234185b682f6717de16a4d2e1350bc14293597f01621f,rf_digits_parity_v1,digits_parity,digits_parity,42,,,,2026-09-02T20:45:00Z,1.2.0,62e10bc07ec9873f,SAMPLE_PREDICTION_ERROR,prediction_error == 1 when model prediction != true target,model_prediction_versus_ground_truth,False,0,0,True,0,0.12,0.2,0.05,0.15,0.15,0.061282587702834124,,,,,,NORMAL,True,True,True,True,False,False,False,True,False,,,,
da1b6d39708f7ea9c4f97aa3,STATIC_SELECTIVE_RISK,Module_12_CrossDomain,sklearn_fixture,29993fa5a07111060fb234185b682f6717de16a4d2e1350bc14293597f01621f,rf_digits_parity_v1,digits_parity,digits_parity,42,,,,2026-09-02T20:45:00Z,1.2.0,62e10bc07ec9873f,SAMPLE_PREDICTION_ERROR,prediction_error == 1 when model prediction != true target,model_prediction_versus_ground_truth,False,0,0,True,0,0.12,0.2,0.05,0.15,0.15,0.061282587702834124,,,,,,NORMAL,True,True,True,True,False,False,False,True,False,,,,
86d5a75a6cebd38f6106957e,STATIC_SELECTIVE_RISK,Module_12_CrossDomain,sklearn_fixture,29993fa5a07111060fb234185b682f6717de16a4d2e1350bc14293597f01621f,rf_digits_parity_v1,digits_parity,digits_parity,42,,,,2026-09-02T20:45:00Z,1.2.0,62e10bc07ec9873f,SAMPLE_PREDICTION_ERROR,prediction_error == 1 when model prediction != true target,model_prediction_versus_ground_truth,False,1,1,True,0,0.12,0.2,0.05,0.15,0.15,0.061282587702834124,,,,,,NORMAL,True,True,True,True,False,False,False,True,False,,,,
9651d339475243c35794d7d5,STATIC_SELECTIVE_RISK,Module_12_CrossDomain,sklearn_fixture,29993fa5a07111060fb234185b682f6717de16a4d2e1350bc14293597f01621f,rf_digits_parity_v1,digits_parity,digits_parity,42,,,,2026-09-02T20:45:00Z,1.2.0,62e10bc07ec9873f,SAMPLE_PREDICTION_ERROR,prediction_error == 1 when model prediction != true target,model_prediction_versus_ground_truth,False,1,1,True,0,0.12,0.2,0.05,0.15,0.15,0.061282587702834124,,,,,,NORMAL,True,True,True,True,False,False,False,True,False,,,,
5d5ad41d1ab34f8d5f50ce44,STATIC_SELECTIVE_RISK,Module_12_CrossDomain,sklearn_fixture,29993fa5a07111060fb234185b682f6717de16a4d2e1350bc14293597f01621f,rf_digits_parity_v1,digits_parity,digits_parity,42,,,,2026-09-02T20:45:00Z,1.2.0,62e10bc07ec9873f,SAMPLE_PREDICTION_ERROR,prediction_error == 1 when model prediction != true target,model_prediction_versus_ground_truth,False,0,0,True,0,0.12,0.2,0.05,0.15,0.15,0.061282587702834124,,,,,,NORMAL,True,True,True,True,False,False,False,True,False,,,,
1458d6214bde1dfcf0a6e9b6,STATIC_SELECTIVE_RISK,Module_12_CrossDomain,sklearn_fixture,29993fa5a07111060fb234185b682f6717de16a4d2e1350bc14293597f01621f,rf_digits_parity_v1,digits_parity,digits_parity,42,,,,2026-09-02T20:45:00Z,1.2.0,62e10bc07ec9873f,SAMPLE_PREDICTION_ERROR,prediction_error == 1 when model prediction != true target,model_prediction_versus_ground_truth,False,1,1,True,0,0.12,0.2,0.05,0.15,0.15,0.061282587702834124,,,,,,NORMAL,True,True,True,True,False,False,False,True,False,,,,
f1c705fa56275a0930fdf193,STATIC_SELECTIVE_RISK,Module_12_CrossDomain,sklearn_fixture,29993fa5a07111060fb234185b682f6717de16a4d2e1350bc14293597f01621f,rf_digits_parity_v1,digits_parity,digits_parity,42,,,,2026-09-02T20:45:00Z,1.2.0,62e10bc07ec9873f,SAMPLE_PREDICTION_ERROR,prediction_error == 1 when model prediction != true target,model_prediction_versus_ground_truth,False,1,1,True,0,0.12,0.2,0.05,0.15,0.15,0.061282587702834124,,,,,,NORMAL,True,True,True,True,False,False,False,True,False,,,,
1a61d36e263e7fb980db2194,STATIC_SELECTIVE_RISK,Module_12_CrossDomain,sklearn_fixture,29993fa5a07111060fb234185b682f6717de16a4d2e1350bc14293597f01621f,rf_digits_parity_v1,digits_parity,digits_parity,42,,,,2026-09-02T20:45:00Z,1.2.0,62e10bc07ec9873f,SAMPLE_PREDICTION_ERROR,prediction_error == 1 when model prediction != true target,model_prediction_versus_ground_truth,False,0,0,True,0,0.12,0.2,0.05,0.15,0.15,0.061282587702834124,,,,,,NORMAL,True,True,True,True,False,False,False,True,False,,,,
b454a61d129a1b550cbf42ea,STATIC_SELECTIVE_RISK,Module_12_CrossDomain,sklearn_fixture,29993fa5a07111060fb234185b682f6717de16a4d2e1350bc14293597f01621f,rf_digits_parity_v1,digits_parity,digits_parity,42,,,,2026-09-02T20:45:00Z,1.2.0,62e10bc07ec9873f,SAMPLE_PREDICTION_ERROR,prediction_error == 1 when model prediction != true target,model_prediction_versus_ground_truth,False,0,0,True,0,0.12,0.2,0.05,0.15,0.15,0.061282587702834124,,,,,,NORMAL,True,True,True,True,False,False,False,True,False,,,,
edcfd24c19f4aa5065e6dbb1,STATIC_SELECTIVE_RISK,Module_12_CrossDomain,sklearn_fixture,29993fa5a07111060fb234185b682f6717de16a4d2e1350bc14293597f01621f,rf_digits_parity_v1,digits_parity,digits_parity,42,,,,2026-09-02T20:45:00Z,1.2.0,62e10bc07ec9873f,SAMPLE_PREDICTION_ERROR,prediction_error == 1 when model prediction != true target,model_prediction_versus_ground_truth,False,0,0,True,0,0.12,0.2,0.05,0.15,0.15,0.061282587702834124,,,,,,NORMAL,True,True,True,True,False,False,False,True,False,,,,
c967f25f826e22e487eeb626,STATIC_SELECTIVE_RISK,Module_12_CrossDomain,sklearn_fixture,29993fa5a07111060fb234185b682f6717de16a4d2e1350bc14293597f01621f,rf_digits_parity_v1,digits_parity,digits_parity,42,,,,2026-09-02T20:45:00Z,1.2.0,62e10bc07ec9873f,SAMPLE_PREDICTION_ERROR,prediction_error == 1 when model prediction != true target,model_prediction_versus_ground_truth,False,0,0,True,0,0.12,0.2,0.05,0.15,0.15,0.061282587702834124,,,,,,NORMAL,True,True,True,True,False,False,False,True,False,,,,
247b47a35649b02ce178495d,STATIC_SELECTIVE_RISK,Module_12_CrossDomain,sklearn_fixture,29993fa5a07111060fb234185b682f6717de16a4d2e1350bc14293597f01621f,rf_digits_parity_v1,digits_parity,digits_parity,42,,,,2026-09-02T20:45:00Z,1.2.0,62e10bc07ec9873f,SAMPLE_PREDICTION_ERROR,prediction_error == 1 when model prediction != true target,model_prediction_versus_ground_truth,False,1,1,True,0,0.12,0.2,0.05,0.15,0.15,0.061282587702834124,,,,,,NORMAL,True,True,True,True,False,False,False,True,False,,,,
97016e7c7a536fd39b1e5cf5,STATIC_SELECTIVE_RISK,Module_12_CrossDomain,sklearn_fixture,29993fa5a07111060fb234185b682f6717de16a4d2e1350bc14293597f01621f,rf_digits_parity_v1,digits_parity,digits_parity,42,,,,2026-09-02T20:45:00Z,1.2.0,62e10bc07ec9873f,SAMPLE_PREDICTION_ERROR,prediction_error == 1 when model prediction != true target,model_prediction_versus_ground_truth,False,1,1,True,0,0.12,0.2,0.05,0.15,0.15,0.061282587702834124,,,,,,NORMAL,True,True,True,True,False,False,False,True,False,,,,
d04bf7d779a90caff165a903,STATIC_SELECTIVE_RISK,Module_12_CrossDomain,sklearn_fixture,29993fa5a07111060fb234185b682f6717de16a4d2e1350bc14293597f01621f,rf_digits_parity_v1,digits_parity,digits_parity,42,,,,2026-09-02T20:45:00Z,1.2.0,62e10bc07ec9873f,SAMPLE_PREDICTION_ERROR,prediction_error == 1 when model prediction != true target,model_prediction_versus_ground_truth,False,0,0,True,0,0.12,0.2,0.05,0.15,0.15,0.061282587702834124,,,,,,NORMAL,True,True,True,True,False,False,False,True,False,,,,
8b313497dab47118f9e17472,STATIC_SELECTIVE_RISK,Module_12_CrossDomain,sklearn_fixture,29993fa5a07111060fb234185b682f6717de16a4d2e1350bc14293597f01621f,rf_digits_parity_v1,digits_parity,digits_parity,42,,,,2026-09-02T20:45:00Z,1.2.0,62e10bc07ec9873f,SAMPLE_PREDICTION_ERROR,prediction_error == 1 when model prediction != true target,model_prediction_versus_ground_truth,False,1,1,True,0,0.12,0.2,0.05,0.15,0.15,0.061282587702834124,,,,,,NORMAL,True,True,True,True,False,False,False,True,False,,,,
9b9821ff3ee23edf5aa63338,STATIC_SELECTIVE_RISK,Module_12_CrossDomain,sklearn_fixture,29993fa5a07111060fb234185b682f6717de16a4d2e1350bc14293597f01621f,rf_digits_parity_v1,digits_parity,digits_parity,42,,,,2026-09-02T20:45:00Z,1.2.0,62e10bc07ec9873f,SAMPLE_PREDICTION_ERROR,prediction_error == 1 when model prediction != true target,model_prediction_versus_ground_truth,False,1,1,True,0,0.12,0.2,0.05,0.15,0.15,0.061282587702834124,,,,,,NORMAL,True,True,True,True,False,False,False,True,False,,,,
5646e1f425a0cd2def728034,STATIC_SELECTIVE_RISK,Module_12_CrossDomain,sklearn_fixture,29993fa5a07111060fb234185b682f6717de16a4d2e1350bc14293597f01621f,rf_digits_parity_v1,digits_parity,digits_parity,42,,,,2026-09-02T20:45:00Z,1.2.0,62e10bc07ec9873f,SAMPLE_PREDICTION_ERROR,prediction_error == 1 when model prediction != true target,model_prediction_versus_ground_truth,False,0,0,True,0,0.12,0.2,0.05,0.15,0.15,0.061282587702834124,,,,,,NORMAL,True,True,True,True,False,False,False,True,False,,,,
4598bb9ac15cb485875e1164,STATIC_SELECTIVE_RISK,Module_12_CrossDomain,sklearn_fixture,29993fa5a07111060fb234185b682f6717de16a4d2e1350bc14293597f01621f,rf_digits_parity_v1,digits_parity,digits_parity,42,,,,2026-09-02T20:45:00Z,1.2.0,62e10bc07ec9873f,SAMPLE_PREDICTION_ERROR,prediction_error == 1 when model prediction != true target,model_prediction_versus_ground_truth,False,1,1,True,0,0.12,0.2,0.05,0.15,0.15,0.061282587702834124,,,,,,NORMAL,True,True,True,True,False,False,False,True,False,,,,
984524abd2b85d60c117a783,STATIC_SELECTIVE_RISK,Module_12_CrossDomain,sklearn_fixture,29993fa5a07111060fb234185b682f6717de16a4d2e1350bc14293597f01621f,rf_digits_parity_v1,digits_parity,digits_parity,42,,,,2026-09-02T20:45:00Z,1.2.0,62e10bc07ec9873f,SAMPLE_PREDICTION_ERROR,prediction_error == 1 when model prediction != true target,model_prediction_versus_ground_truth,False,1,1,True,0,0.12,0.2,0.05,0.15,0.15,0.061282587702834124,,,,,,NORMAL,True,True,True,True,False,False,False,True,False,,,,
0d0f7c99cbc2ba33f20c2afc,STATIC_SELECTIVE_RISK,Module_12_CrossDomain,sklearn_fixture,29993fa5a07111060fb234185b682f6717de16a4d2e1350bc14293597f01621f,rf_digits_parity_v1,digits_parity,digits_parity,42,,,,2026-09-02T20:45:00Z,1.2.0,62e10bc07ec9873f,SAMPLE_PREDICTION_ERROR,prediction_error == 1 when model prediction != true target,model_prediction_versus_ground_truth,False,0,0,True,0,0.12,0.2,0.05,0.15,0.15,0.061282587702834124,,,,,,NORMAL,True,True,True,True,False,False,False,True,False,,,,
079c0fa19b592896428d570c,STATIC_SELECTIVE_RISK,Module_12_CrossDomain,sklearn_fixture,29993fa5a07111060fb234185b682f6717de16a4d2e1350bc14293597f01621f,rf_digits_parity_v1,digits_parity,digits_parity,42,,,,2026-09-02T20:45:00Z,1.2.0,62e10bc07ec9873f,SAMPLE_PREDICTION_ERROR,prediction_error == 1 when model prediction != true target,model_prediction_versus_ground_truth,False,1,1,True,0,0.12,0.2,0.05,0.15,0.15,0.061282587702834124,,,,,,NORMAL,True,True,True,True,False,False,False,True,False,,,,
a10cfd7ff0d4585d9c899c8a,STATIC_SELECTIVE_RISK,Module_12_CrossDomain,sklearn_fixture,29993fa5a07111060fb234185b682f6717de16a4d2e1350bc14293597f01621f,rf_digits_parity_v1,digits_parity,digits_parity,42,,,,2026-09-02T20:45:00Z,1.2.0,62e10bc07ec9873f,SAMPLE_PREDICTION_ERROR,prediction_error == 1 when model prediction != true target,model_prediction_versus_ground_truth,False,0,0,True,0,0.12,0.2,0.05,0.15,0.15,0.061282587702834124,,,,,,NORMAL,True,True,True,True,False,False,False,True,False,,,,
f4a01c53185d6fbdf677a5a8,STATIC_SELECTIVE_RISK,Module_12_CrossDomain,sklearn_fixture,29993fa5a07111060fb234185b682f6717de16a4d2e1350bc14293597f01621f,rf_digits_parity_v1,digits_parity,digits_parity,42,,,,2026-09-02T20:45:00Z,1.2.0,62e10bc07ec9873f,SAMPLE_PREDICTION_ERROR,prediction_error == 1 when model prediction != true target,model_prediction_versus_ground_truth,False,1,1,True,0,0.12,0.2,0.05,0.15,0.15,0.061282587702834124,,,,,,NORMAL,True,True,True,True,False,False,False,True,False,,,,
99c61ee935e918c05d519113,STATIC_SELECTIVE_RISK,Module_12_CrossDomain,sklearn_fixture,29993fa5a07111060fb234185b682f6717de16a4d2e1350bc14293597f01621f,rf_digits_parity_v1,digits_parity,digits_parity,42,,,,2026-09-02T20:45:00Z,1.2.0,62e10bc07ec9873f,SAMPLE_PREDICTION_ERROR,prediction_error == 1 when model prediction != true target,model_prediction_versus_ground_truth,False,0,0,True,0,0.12,0.2,0.05,0.15,0.15,0.061282587702834124,,,,,,NORMAL,True,True,True,True,False,False,False,True,False,,,,
cd6de0a49c0dba276a45ee30,STATIC_SELECTIVE_RISK,Module_12_CrossDomain,sklearn_fixture,29993fa5a07111060fb234185b682f6717de16a4d2e1350bc14293597f01621f,rf_digits_parity_v1,digits_parity,digits_parity,42,,,,2026-09-02T20:45:00Z,1.2.0,62e10bc07ec9873f,SAMPLE_PREDICTION_ERROR,prediction_error == 1 when model prediction != true target,model_prediction_versus_ground_truth,False,1,1,True,0,0.12,0.2,0.05,0.15,0.15,0.061282587702834124,,,,,,NORMAL,True,True,True,True,False,False,False,True,False,,,,
64e7ae5561b3595a1440a4ad,STATIC_SELECTIVE_RISK,Module_12_CrossDomain,sklearn_fixture,29993fa5a07111060fb234185b682f6717de16a4d2e1350bc14293597f01621f,rf_digits_parity_v1,digits_parity,digits_parity,42,,,,2026-09-02T20:45:00Z,1.2.0,62e10bc07ec9873f,SAMPLE_PREDICTION_ERROR,prediction_error == 1 when model prediction != true target,model_prediction_versus_ground_truth,False,0,0,True,0,0.12,0.2,0.05,0.15,0.15,0.061282587702834124,,,,,,NORMAL,True,True,True,True,False,False,False,True,False,,,,
e95bc008ee03b2fa6285e0bb,STATIC_SELECTIVE_RISK,Module_12_CrossDomain,sklearn_fixture,29993fa5a07111060fb234185b682f6717de16a4d2e1350bc14293597f01621f,rf_digits_parity_v1,digits_parity,digits_parity,42,,,,2026-09-02T20:45:00Z,1.2.0,62e10bc07ec9873f,SAMPLE_PREDICTION_ERROR,prediction_error == 1 when model prediction != true target,model_prediction_versus_ground_truth,False,1,1,True,0,0.12,0.2,0.05,0.15,0.15,0.061282587702834124,,,,,,NORMAL,True,True,True,True,False,False,False,True,False,,,,
0790c986ca019fc27553e79e,STATIC_SELECTIVE_RISK,Module_12_CrossDomain,sklearn_fixture,29993fa5a07111060fb234185b682f6717de16a4d2e1350bc14293597f01621f,rf_digits_parity_v1,digits_parity,digits_parity,42,,,,2026-09-02T20:45:00Z,1.2.0,62e10bc07ec9873f,SAMPLE_PREDICTION_ERROR,prediction_error == 1 when model prediction != true target,model_prediction_versus_ground_truth,False,0,0,True,0,0.12,0.2,0.05,0.15,0.15,0.061282587702834124,,,,,,NORMAL,True,True,True,True,False,False,False,True,False,,,,
b5a372ce3a87f4f25ef391e6,STATIC_SELECTIVE_RISK,Module_12_CrossDomain,sklearn_fixture,29993fa5a07111060fb234185b682f6717de16a4d2e1350bc14293597f01621f,rf_digits_parity_v1,digits_parity,digits_parity,42,,,,2026-09-02T20:45:00Z,1.2.0,62e10bc07ec9873f,SAMPLE_PREDICTION_ERROR,prediction_error == 1 when model prediction != true target,model_prediction_versus_ground_truth,False,1,1,True,0,0.12,0.2,0.05,0.15,0.15,0.061282587702834124,,,,,,NORMAL,True,True,True,True,False,False,False,True,False,,,,
9be3626128e9e6f81a4234dc,STATIC_SELECTIVE_RISK,Module_12_CrossDomain,sklearn_fixture,29993fa5a07111060fb234185b682f6717de16a4d2e1350bc14293597f01621f,rf_digits_parity_v1,digits_parity,digits_parity,42,,,,2026-09-02T20:45:00Z,1.2.0,62e10bc07ec9873f,SAMPLE_PREDICTION_ERROR,prediction_error == 1 when model prediction != true target,model_prediction_versus_ground_truth,False,0,0,True,0,0.12,0.2,0.05,0.15,0.15,0.061282587702834124,,,,,,NORMAL,True,True,True,True,False,False,False,True,False,,,,
49beb3270fd16c1a78cf6a1c,STATIC_SELECTIVE_RISK,Module_12_CrossDomain,sklearn_fixture,29993fa5a07111060fb234185b682f6717de16a4d2e1350bc14293597f01621f,rf_digits_parity_v1,digits_parity,digits_parity,42,,,,2026-09-02T20:45:00Z,1.2.0,62e10bc07ec9873f,SAMPLE_PREDICTION_ERROR,prediction_error == 1 when model prediction != true target,model_prediction_versus_ground_truth,False,1,1,True,0,0.12,0.2,0.05,0.15,0.15,0.061282587702834124,,,,,,NORMAL,True,True,True,True,False,False,False,True,False,,,,
774af1e4c9b104b8f2abcef2,STATIC_SELECTIVE_RISK,Module_12_CrossDomain,sklearn_fixture,29993fa5a07111060fb234185b682f6717de16a4d2e1350bc14293597f01621f,rf_digits_parity_v1,digits_parity,digits_parity,42,,,,2026-09-02T20:45:00Z,1.2.0,62e10bc07ec9873f,SAMPLE_PREDICTION_ERROR,prediction_error == 1 when model prediction != true target,model_prediction_versus_ground_truth,False,0,0,True,0,0.12,0.2,0.05,0.15,0.15,0.061282587702834124,,,,,,NORMAL,True,True,True,True,False,False,False,True,False,,,,
20f0d0798e38b11fa65bb1ee,STATIC_SELECTIVE_RISK,Module_12_CrossDomain,sklearn_fixture,29993fa5a07111060fb234185b682f6717de16a4d2e1350bc14293597f01621f,rf_digits_parity_v1,digits_parity,digits_parity,42,,,,2026-09-02T20:45:00Z,1.2.0,62e10bc07ec9873f,SAMPLE_PREDICTION_ERROR,prediction_error == 1 when model prediction != true target,model_prediction_versus_ground_truth,False,1,1,True,0,0.12,0.2,0.05,0.15,0.15,0.061282587702834124,,,,,,NORMAL,True,True,True,True,False,False,False,True,False,,,,
ca9a20ec0f687f95795cbc4d,STATIC_SELECTIVE_RISK,Module_12_CrossDomain,sklearn_fixture,29993fa5a07111060fb234185b682f6717de16a4d2e1350bc14293597f01621f,rf_digits_parity_v1,digits_parity,digits_parity,42,,,,2026-09-02T20:45:00Z,1.2.0,62e10bc07ec9873f,SAMPLE_PREDICTION_ERROR,prediction_error == 1 when model prediction != true target,model_prediction_versus_ground_truth,False,0,0,True,0,0.12,0.2,0.05,0.15,0.15,0.061282587702834124,,,,,,NORMAL,True,True,True,True,False,False,False,True,False,,,,
ac1b17e1a96beed89c45d74a,STATIC_SELECTIVE_RISK,Module_12_CrossDomain,sklearn_fixture,29993fa5a07111060fb234185b682f6717de16a4d2e1350bc14293597f01621f,rf_digits_parity_v1,digits_parity,digits_parity,42,,,,2026-09-02T20:45:00Z,1.2.0,62e10bc07ec9873f,SAMPLE_PREDICTION_ERROR,prediction_error == 1 when model prediction != true target,model_prediction_versus_ground_truth,False,1,1,True,0,0.12,0.2,0.05,0.15,0.15,0.061282587702834124,,,,,,NORMAL,True,True,True,True,False,False,False,True,False,,,,
c069acedcf07dc731b8eb235,STATIC_SELECTIVE_RISK,Module_12_CrossDomain,sklearn_fixture,29993fa5a07111060fb234185b682f6717de16a4d2e1350bc14293597f01621f,rf_digits_parity_v1,digits_parity,digits_parity,42,,,,2026-09-02T20:45:00Z,1.2.0,62e10bc07ec9873f,SAMPLE_PREDICTION_ERROR,prediction_error == 1 when model prediction != true target,model_prediction_versus_ground_truth,False,0,0,True,0,0.12,0.2,0.05,0.15,0.15,0.061282587702834124,,,,,,NORMAL,True,True,True,True,False,False,False,True,False,,,,
d45e3131c86feb4a0412295c,STATIC_SELECTIVE_RISK,Module_12_CrossDomain,sklearn_fixture,29993fa5a07111060fb234185b682f6717de16a4d2e1350bc14293597f01621f,rf_digits_parity_v1,digits_parity,digits_parity,42,,,,2026-09-02T20:45:00Z,1.2.0,62e10bc07ec9873f,SAMPLE_PREDICTION_ERROR,prediction_error == 1 when model prediction != true target,model_prediction_versus_ground_truth,False,1,1,True,0,0.12,0.2,0.05,0.15,0.15,0.061282587702834124,,,,,,NORMAL,True,True,True,True,False,False,False,True,False,,,,
b0c6d5836a02f7b52597692b,STATIC_SELECTIVE_RISK,Module_12_CrossDomain,sklearn_fixture,29993fa5a07111060fb234185b682f6717de16a4d2e1350bc14293597f01621f,rf_digits_parity_v1,digits_parity,digits_parity,42,,,,2026-09-02T20:45:00Z,1.2.0,62e10bc07ec9873f,SAMPLE_PREDICTION_ERROR,prediction_error == 1 when model prediction != true target,model_prediction_versus_ground_truth,False,0,0,True,0,0.12,0.2,0.05,0.15,0.15,0.061282587702834124,,,,,,NORMAL,True,True,True,True,False,False,False,True,False,,,,
f38967e9efb4902d5d47e2c3,STATIC_SELECTIVE_RISK,Module_12_CrossDomain,sklearn_fixture,29993fa5a07111060fb234185b682f6717de16a4d2e1350bc14293597f01621f,rf_digits_parity_v1,digits_parity,digits_parity,42,,,,2026-09-02T20:45:00Z,1.2.0,62e10bc07ec9873f,SAMPLE_PREDICTION_ERROR,prediction_error == 1 when model prediction != true target,model_prediction_versus_ground_truth,False,1,1,True,0,0.12,0.2,0.05,0.15,0.15,0.061282587702834124,,,,,,NORMAL,True,True,True,True,False,False,False,True,False,,,,
9f5dc8be9b7f8aebca0adcfc,STATIC_SELECTIVE_RISK,Module_12_CrossDomain,sklearn_fixture,29993fa5a07111060fb234185b682f6717de16a4d2e1350bc14293597f01621f,rf_digits_parity_v1,digits_parity,digits_parity,42,,,,2026-09-02T20:45:00Z,1.2.0,62e10bc07ec9873f,SAMPLE_PREDICTION_ERROR,prediction_error == 1 when model prediction != true target,model_prediction_versus_ground_truth,False,0,0,True,0,0.12,0.2,0.05,0.15,0.15,0.061282587702834124,,,,,,NORMAL,True,True,True,True,False,False,False,True,False,,,,
8e7b7ff60227ae783a6a8d33,STATIC_SELECTIVE_RISK,Module_12_CrossDomain,sklearn_fixture,29993fa5a07111060fb234185b682f6717de16a4d2e1350bc14293597f01621f,rf_digits_parity_v1,digits_parity,digits_parity,42,,,,2026-09-02T20:45:00Z,1.2.0,62e10bc07ec9873f,SAMPLE_PREDICTION_ERROR,prediction_error == 1 when model prediction != true target,model_prediction_versus_ground_truth,False,1,1,True,0,0.12,0.2,0.05,0.15,0.15,0.061282587702834124,,,,,,NORMAL,True,True,True,True,False,False,False,True,False,,,,
4172c5b46dbcb8db803860a8,STATIC_SELECTIVE_RISK,Module_12_CrossDomain,sklearn_fixture,29993fa5a07111060fb234185b682f6717de16a4d2e1350bc14293597f01621f,rf_digits_parity_v1,digits_parity,digits_parity,42,,,,2026-09-02T20:45:00Z,1.2.0,62e10bc07ec9873f,SAMPLE_PREDICTION_ERROR,prediction_error == 1 when model prediction != true target,model_prediction_versus_ground_truth,False,0,0,True,0,0.12,0.2,0.05,0.15,0.15,0.061282587702834124,,,,,,NORMAL,True,True,True,True,False,False,False,True,False,,,,
b8a548b9b064b9863824f2f6,STATIC_SELECTIVE_RISK,Module_12_CrossDomain,sklearn_fixture,29993fa5a07111060fb234185b682f6717de16a4d2e1350bc14293597f01621f,rf_digits_parity_v1,digits_parity,digits_parity,42,,,,2026-09-02T20:45:00Z,1.2.0,62e10bc07ec9873f,SAMPLE_PREDICTION_ERROR,prediction_error == 1 when model prediction != true target,model_prediction_versus_ground_truth,False,1,1,True,0,0.12,0.2,0.05,0.15,0.15,0.061282587702834124,,,,,,NORMAL,True,True,True,True,False,False,False,True,False,,,,
1d7d7b105cb6aa24027276cf,STATIC_SELECTIVE_RISK,Module_12_CrossDomain,sklearn_fixture,29993fa5a07111060fb234185b682f6717de16a4d2e1350bc14293597f01621f,rf_digits_parity_v1,digits_parity,digits_parity,42,,,,2026-09-02T20:45:00Z,1.2.0,62e10bc07ec9873f,SAMPLE_PREDICTION_ERROR,prediction_error == 1 when model prediction != true target,model_prediction_versus_ground_truth,False,0,0,True,0,0.12,0.2,0.05,0.15,0.15,0.061282587702834124,,,,,,NORMAL,True,True,True,True,False,False,False,True,False,,,,
a6fd721d037ccd66038f9bbf,STATIC_SELECTIVE_RISK,Module_12_CrossDomain,sklearn_fixture,29993fa5a07111060fb234185b682f6717de16a4d2e1350bc14293597f01621f,rf_digits_parity_v1,digits_parity,digits_parity,42,,,,2026-09-02T20:45:00Z,1.2.0,62e10bc07ec9873f,SAMPLE_PREDICTION_ERROR,prediction_error == 1 when model prediction != true target,model_prediction_versus_ground_truth,False,1,1,True,0,0.12,0.2,0.05,0.15,0.15,0.061282587702834124,,,,,,NORMAL,True,True,True,True,False,False,False,True,False,,,,
b6f655626fe7e6f0acd85360,STATIC_SELECTIVE_RISK,Module_12_CrossDomain,sklearn_fixture,29993fa5a07111060fb234185b682f6717de16a4d2e1350bc14293597f01621f,rf_digits_parity_v1,digits_parity,digits_parity,42,,,,2026-09-02T20:45:00Z,1.2.0,62e10bc07ec9873f,SAMPLE_PREDICTION_ERROR,prediction_error == 1 when model prediction != true target,model_prediction_versus_ground_truth,False,0,0,True,0,0.12,0.2,0.05,0.15,0.15,0.061282587702834124,,,,,,NORMAL,True,True,True,True,False,False,False,True,False,,,,
05d28d32b024bd3ac6ddb4f7,STATIC_SELECTIVE_RISK,Module_12_CrossDomain,sklearn_fixture,29993fa5a07111060fb234185b682f6717de16a4d2e1350bc14293597f01621f,rf_digits_parity_v1,digits_parity,digits_parity,42,,,,2026-09-02T20:45:00Z,1.2.0,62e10bc07ec9873f,SAMPLE_PREDICTION_ERROR,prediction_error == 1 when model prediction != true target,model_prediction_versus_ground_truth,False,1,1,True,0,0.12,0.2,0.05,0.15,0.15,0.061282587702834124,,,,,,NORMAL,True,True,True,True,False,False,False,True,False,,,,
45d41a402bdd3e34faaa840c,STATIC_SELECTIVE_RISK,Module_12_CrossDomain,sklearn_fixture,29993fa5a07111060fb234185b682f6717de16a4d2e1350bc14293597f01621f,rf_digits_parity_v1,digits_parity,digits_parity,42,,,,2026-09-02T20:45:00Z,1.2.0,62e10bc07ec9873f,SAMPLE_PREDICTION_ERROR,prediction_error == 1 when model prediction != true target,model_prediction_versus_ground_truth,False,0,0,True,0,0.12,0.2,0.05,0.15,0.15,0.061282587702834124,,,,,,NORMAL,True,True,True,True,False,False,False,True,False,,,,
a43e1c25af144ec71a8ac3f2,STATIC_SELECTIVE_RISK,Module_12_CrossDomain,sklearn_fixture,29993fa5a07111060fb234185b682f6717de16a4d2e1350bc14293597f01621f,rf_digits_parity_v1,digits_parity,digits_parity,42,,,,2026-09-02T20:45:00Z,1.2.0,62e10bc07ec9873f,SAMPLE_PREDICTION_ERROR,prediction_error == 1 when model prediction != true target,model_prediction_versus_ground_truth,False,1,1,True,0,0.12,0.2,0.05,0.15,0.15,0.061282587702834124,,,,,,NORMAL,True,True,True,True,False,False,False,True,False,,,,
13452fa63e0369ae30a069dd,STATIC_SELECTIVE_RISK,Module_12_CrossDomain,sklearn_fixture,29993fa5a07111060fb234185b682f6717de16a4d2e1350bc14293597f01621f,rf_digits_parity_v1,digits_parity,digits_parity,42,,,,2026-09-02T20:45:00Z,1.2.0,62e10bc07ec9873f,SAMPLE_PREDICTION_ERROR,prediction_error == 1 when model prediction != true target,model_prediction_versus_ground_truth,False,0,0,True,0,0.12,0.2,0.05,0.15,0.15,0.061282587702834124,,,,,,NORMAL,True,True,True,True,False,False,False,True,False,,,,
102c434a672d5b838d711720,STATIC_SELECTIVE_RISK,Module_12_CrossDomain,sklearn_fixture,29993fa5a07111060fb234185b682f6717de16a4d2e1350bc14293597f01621f,rf_digits_parity_v1,digits_parity,digits_parity,42,,,,2026-09-02T20:45:00Z,1.2.0,62e10bc07ec9873f,SAMPLE_PREDICTION_ERROR,prediction_error == 1 when model prediction != true target,model_prediction_versus_ground_truth,False,0,0,True,0,0.12,0.2,0.05,0.15,0.15,0.061282587702834124,,,,,,NORMAL,True,True,True,True,False,False,False,True,False,,,,
bc290b5dd93578862c584e20,STATIC_SELECTIVE_RISK,Module_12_CrossDomain,sklearn_fixture,29993fa5a07111060fb234185b682f6717de16a4d2e1350bc14293597f01621f,rf_digits_parity_v1,digits_parity,digits_parity,42,,,,2026-09-02T20:45:00Z,1.2.0,62e10bc07ec9873f,SAMPLE_PREDICTION_ERROR,prediction_error == 1 when model prediction != true target,model_prediction_versus_ground_truth,False,0,0,True,0,0.12,0.2,0.05,0.15,0.15,0.061282587702834124,,,,,,NORMAL,True,True,True,True,False,False,False,True,False,,,,
8f5a704fbedd7149ff30eba7,STATIC_SELECTIVE_RISK,Module_12_CrossDomain,sklearn_fixture,29993fa5a07111060fb234185b682f6717de16a4d2e1350bc14293597f01621f,rf_digits_parity_v1,digits_parity,digits_parity,42,,,,2026-09-02T20:45:00Z,1.2.0,62e10bc07ec9873f,SAMPLE_PREDICTION_ERROR,prediction_error == 1 when model prediction != true target,model_prediction_versus_ground_truth,False,1,1,True,0,0.12,0.2,0.05,0.15,0.15,0.061282587702834124,,,,,,NORMAL,True,True,True,True,False,False,False,True,False,,,,
ef84efe0ebf787d25cb356a7,STATIC_SELECTIVE_RISK,Module_12_CrossDomain,sklearn_fixture,29993fa5a07111060fb234185b682f6717de16a4d2e1350bc14293597f01621f,rf_digits_parity_v1,digits_parity,digits_parity,42,,,,2026-09-02T20:45:00Z,1.2.0,62e10bc07ec9873f,SAMPLE_PREDICTION_ERROR,prediction_error == 1 when model prediction != true target,model_prediction_versus_ground_truth,False,0,0,True,0,0.12,0.2,0.05,0.15,0.15,0.061282587702834124,,,,,,NORMAL,True,True,True,True,False,False,False,True,False,,,,
5900e8a02ce467972b20b28f,STATIC_SELECTIVE_RISK,Module_12_CrossDomain,sklearn_fixture,29993fa5a07111060fb234185b682f6717de16a4d2e1350bc14293597f01621f,rf_digits_parity_v1,digits_parity,digits_parity,42,,,,2026-09-02T20:45:00Z,1.2.0,62e10bc07ec9873f,SAMPLE_PREDICTION_ERROR,prediction_error == 1 when model prediction != true target,model_prediction_versus_ground_truth,False,1,1,True,0,0.12,0.2,0.05,0.15,0.15,0.061282587702834124,,,,,,NORMAL,True,True,True,True,False,False,False,True,False,,,,
226b63fb87d0db7620dcf2cc,STATIC_SELECTIVE_RISK,Module_12_CrossDomain,sklearn_fixture,29993fa5a07111060fb234185b682f6717de16a4d2e1350bc14293597f01621f,rf_digits_parity_v1,digits_parity,digits_parity,42,,,,2026-09-02T20:45:00Z,1.2.0,62e10bc07ec9873f,SAMPLE_PREDICTION_ERROR,prediction_error == 1 when model prediction != true target,model_prediction_versus_ground_truth,False,0,0,True,0,0.12,0.2,0.05,0.15,0.15,0.061282587702834124,,,,,,NORMAL,True,True,True,True,False,False,False,True,False,,,,
22b7e9552fb6dc93f6e65cdb,STATIC_SELECTIVE_RISK,Module_12_CrossDomain,sklearn_fixture,29993fa5a07111060fb234185b682f6717de16a4d2e1350bc14293597f01621f,rf_digits_parity_v1,digits_parity,digits_parity,42,,,,2026-09-02T20:45:00Z,1.2.0,62e10bc07ec9873f,SAMPLE_PREDICTION_ERROR,prediction_error == 1 when model prediction != true target,model_prediction_versus_ground_truth,False,1,1,True,0,0.12,0.2,0.05,0.15,0.15,0.061282587702834124,,,,,,NORMAL,True,True,True,True,False,False,False,True,False,,,,
688b21bf03ad210c9729c23f,STATIC_SELECTIVE_RISK,Module_12_CrossDomain,sklearn_fixture,29993fa5a07111060fb234185b682f6717de16a4d2e1350bc14293597f01621f,rf_digits_parity_v1,digits_parity,digits_parity,42,,,,2026-09-02T20:45:00Z,1.2.0,62e10bc07ec9873f,SAMPLE_PREDICTION_ERROR,prediction_error == 1 when model prediction != true target,model_prediction_versus_ground_truth,False,0,0,True,0,0.12,0.2,0.05,0.15,0.15,0.061282587702834124,,,,,,NORMAL,True,True,True,True,False,False,False,True,False,,,,
78cea62be0aab8e4afa32f92,STATIC_SELECTIVE_RISK,Module_12_CrossDomain,sklearn_fixture,29993fa5a07111060fb234185b682f6717de16a4d2e1350bc14293597f01621f,rf_digits_parity_v1,digits_parity,digits_parity,42,,,,2026-09-02T20:45:00Z,1.2.0,62e10bc07ec9873f,SAMPLE_PREDICTION_ERROR,prediction_error == 1 when model prediction != true target,model_prediction_versus_ground_truth,False,1,1,True,0,0.12,0.2,0.05,0.15,0.15,0.061282587702834124,,,,,,NORMAL,True,True,True,True,False,False,False,True,False,,,,
6648f7e1346ad71cd620a35a,STATIC_SELECTIVE_RISK,Module_12_CrossDomain,sklearn_fixture,29993fa5a07111060fb234185b682f6717de16a4d2e1350bc14293597f01621f,rf_digits_parity_v1,digits_parity,digits_parity,42,,,,2026-09-02T20:45:00Z,1.2.0,62e10bc07ec9873f,SAMPLE_PREDICTION_ERROR,prediction_error == 1 when model prediction != true target,model_prediction_versus_ground_truth,False,1,1,True,0,0.12,0.2,0.05,0.15,0.15,0.061282587702834124,,,,,,NORMAL,True,True,True,True,False,False,False,True,False,,,,
18fefff286b31e4ff0c716b8,STATIC_SELECTIVE_RISK,Module_12_CrossDomain,sklearn_fixture,29993fa5a07111060fb234185b682f6717de16a4d2e1350bc14293597f01621f,rf_digits_parity_v1,digits_parity,digits_parity,42,,,,2026-09-02T20:45:00Z,1.2.0,62e10bc07ec9873f,SAMPLE_PREDICTION_ERROR,prediction_error == 1 when model prediction != true target,model_prediction_versus_ground_truth,False,0,0,True,0,0.12,0.2,0.05,0.15,0.15,0.061282587702834124,,,,,,NORMAL,True,True,True,True,False,False,False,True,False,,,,
23d21168800fb6f6df6378e3,STATIC_SELECTIVE_RISK,Module_12_CrossDomain,sklearn_fixture,29993fa5a07111060fb234185b682f6717de16a4d2e1350bc14293597f01621f,rf_digits_parity_v1,digits_parity,digits_parity,42,,,,2026-09-02T20:45:00Z,1.2.0,62e10bc07ec9873f,SAMPLE_PREDICTION_ERROR,prediction_error == 1 when model prediction != true target,model_prediction_versus_ground_truth,False,0,0,True,0,0.12,0.2,0.05,0.15,0.15,0.061282587702834124,,,,,,NORMAL,True,True,True,True,False,False,False,True,False,,,,
90eec64eda2a2e91d09e6f9e,STATIC_SELECTIVE_RISK,Module_12_CrossDomain,sklearn_fixture,29993fa5a07111060fb234185b682f6717de16a4d2e1350bc14293597f01621f,rf_digits_parity_v1,digits_parity,digits_parity,42,,,,2026-09-02T20:45:00Z,1.2.0,62e10bc07ec9873f,SAMPLE_PREDICTION_ERROR,prediction_error == 1 when model prediction != true target,model_prediction_versus_ground_truth,False,0,0,True,0,0.12,0.2,0.05,0.15,0.15,0.061282587702834124,,,,,,NORMAL,True,True,True,True,False,False,False,True,False,,,,
5bdfd8c5755dcb264fad8d6b,STATIC_SELECTIVE_RISK,Module_12_CrossDomain,sklearn_fixture,29993fa5a07111060fb234185b682f6717de16a4d2e1350bc14293597f01621f,rf_digits_parity_v1,digits_parity,digits_parity,42,,,,2026-09-02T20:45:00Z,1.2.0,62e10bc07ec9873f,SAMPLE_PREDICTION_ERROR,prediction_error == 1 when model prediction != true target,model_prediction_versus_ground_truth,False,0,0,True,0,0.12,0.2,0.05,0.15,0.15,0.061282587702834124,,,,,,NORMAL,True,True,True,True,False,False,False,True,False,,,,
a39f90ad91ae4ee4b601418d,STATIC_SELECTIVE_RISK,Module_12_CrossDomain,sklearn_fixture,29993fa5a07111060fb234185b682f6717de16a4d2e1350bc14293597f01621f,rf_digits_parity_v1,digits_parity,digits_parity,42,,,,2026-09-02T20:45:00Z,1.2.0,62e10bc07ec9873f,SAMPLE_PREDICTION_ERROR,prediction_error == 1 when model prediction != true target,model_prediction_versus_ground_truth,False,0,0,True,0,0.12,0.2,0.05,0.15,0.15,0.061282587702834124,,,,,,NORMAL,True,True,True,True,False,False,False,True,False,,,,
ff389f8008ed1e92f783115a,STATIC_SELECTIVE_RISK,Module_12_CrossDomain,sklearn_fixture,29993fa5a07111060fb234185b682f6717de16a4d2e1350bc14293597f01621f,rf_digits_parity_v1,digits_parity,digits_parity,42,,,,2026-09-02T20:45:00Z,1.2.0,62e10bc07ec9873f,SAMPLE_PREDICTION_ERROR,prediction_error == 1 when model prediction != true target,model_prediction_versus_ground_truth,False,0,0,True,0,0.12,0.2,0.05,0.15,0.15,0.061282587702834124,,,,,,NORMAL,True,True,True,True,False,False,False,True,False,,,,
6ffe8dcf1295c081243fd2af,STATIC_SELECTIVE_RISK,Module_12_CrossDomain,sklearn_fixture,29993fa5a07111060fb234185b682f6717de16a4d2e1350bc14293597f01621f,rf_digits_parity_v1,digits_parity,digits_parity,42,,,,2026-09-02T20:45:00Z,1.2.0,62e10bc07ec9873f,SAMPLE_PREDICTION_ERROR,prediction_error == 1 when model prediction != true target,model_prediction_versus_ground_truth,False,1,1,True,0,0.12,0.2,0.05,0.15,0.15,0.061282587702834124,,,,,,NORMAL,True,True,True,True,False,False,False,True,False,,,,
5d645ec8e8254c0a075ce9f9,STATIC_SELECTIVE_RISK,Module_12_CrossDomain,sklearn_fixture,29993fa5a07111060fb234185b682f6717de16a4d2e1350bc14293597f01621f,rf_digits_parity_v1,digits_parity,digits_parity,42,,,,2026-09-02T20:45:00Z,1.2.0,62e10bc07ec9873f,SAMPLE_PREDICTION_ERROR,prediction_error == 1 when model prediction != true target,model_prediction_versus_ground_truth,False,1,1,True,0,0.12,0.2,0.05,0.15,0.15,0.061282587702834124,,,,,,NORMAL,True,True,True,True,False,False,False,True,False,,,,
91ce42b3ff3fe15aeef48d0b,STATIC_SELECTIVE_RISK,Module_12_CrossDomain,sklearn_fixture,29993fa5a07111060fb234185b682f6717de16a4d2e1350bc14293597f01621f,rf_digits_parity_v1,digits_parity,digits_parity,42,,,,2026-09-02T20:45:00Z,1.2.0,62e10bc07ec9873f,SAMPLE_PREDICTION_ERROR,prediction_error == 1 when model prediction != true target,model_prediction_versus_ground_truth,False,1,1,True,0,0.12,0.2,0.05,0.15,0.15,0.061282587702834124,,,,,,NORMAL,True,True,True,True,False,False,False,True,False,,,,
3e735a25c744b2afdfe25f82,STATIC_SELECTIVE_RISK,Module_12_CrossDomain,sklearn_fixture,29993fa5a07111060fb234185b682f6717de16a4d2e1350bc14293597f01621f,rf_digits_parity_v1,digits_parity,digits_parity,42,,,,2026-09-02T20:45:00Z,1.2.0,62e10bc07ec9873f,SAMPLE_PREDICTION_ERROR,prediction_error == 1 when model prediction != true target,model_prediction_versus_ground_truth,False,1,1,True,0,0.12,0.2,0.05,0.15,0.15,0.061282587702834124,,,,,,NORMAL,True,True,True,True,False,False,False,True,False,,,,
7cedf91ec9e8872062727b71,STATIC_SELECTIVE_RISK,Module_12_CrossDomain,sklearn_fixture,29993fa5a07111060fb234185b682f6717de16a4d2e1350bc14293597f01621f,rf_digits_parity_v1,digits_parity,digits_parity,42,,,,2026-09-02T20:45:00Z,1.2.0,62e10bc07ec9873f,SAMPLE_PREDICTION_ERROR,prediction_error == 1 when model prediction != true target,model_prediction_versus_ground_truth,False,0,0,True,0,0.12,0.2,0.05,0.15,0.15,0.061282587702834124,,,,,,NORMAL,True,True,True,True,False,False,False,True,False,,,,
8a3a59434a2521e6a5dfc18c,STATIC_SELECTIVE_RISK,Module_12_CrossDomain,sklearn_fixture,29993fa5a07111060fb234185b682f6717de16a4d2e1350bc14293597f01621f,rf_digits_parity_v1,digits_parity,digits_parity,42,,,,2026-09-02T20:45:00Z,1.2.0,62e10bc07ec9873f,SAMPLE_PREDICTION_ERROR,prediction_error == 1 when model prediction != true target,model_prediction_versus_ground_truth,False,1,1,True,0,0.12,0.2,0.05,0.15,0.15,0.061282587702834124,,,,,,NORMAL,True,True,True,True,False,False,False,True,False,,,,
b13e5877744cf5d3faad9f20,STATIC_SELECTIVE_RISK,Module_12_CrossDomain,sklearn_fixture,29993fa5a07111060fb234185b682f6717de16a4d2e1350bc14293597f01621f,rf_digits_parity_v1,digits_parity,digits_parity,42,,,,2026-09-02T20:45:00Z,1.2.0,62e10bc07ec9873f,SAMPLE_PREDICTION_ERROR,prediction_error == 1 when model prediction != true target,model_prediction_versus_ground_truth,False,1,1,True,0,0.12,0.2,0.05,0.15,0.15,0.061282587702834124,,,,,,NORMAL,True,True,True,True,False,False,False,True,False,,,,
3ef75145e06512969816e33f,STATIC_SELECTIVE_RISK,Module_12_CrossDomain,sklearn_fixture,29993fa5a07111060fb234185b682f6717de16a4d2e1350bc14293597f01621f,rf_digits_parity_v1,digits_parity,digits_parity,42,,,,2026-09-02T20:45:00Z,1.2.0,62e10bc07ec9873f,SAMPLE_PREDICTION_ERROR,prediction_error == 1 when model prediction != true target,model_prediction_versus_ground_truth,False,1,1,True,0,0.12,0.2,0.05,0.15,0.15,0.061282587702834124,,,,,,NORMAL,True,True,True,True,False,False,False,True,False,,,,
a99c7421fae0097fda52545f,STATIC_SELECTIVE_RISK,Module_12_CrossDomain,sklearn_fixture,29993fa5a07111060fb234185b682f6717de16a4d2e1350bc14293597f01621f,rf_digits_parity_v1,digits_parity,digits_parity,42,,,,2026-09-02T20:45:00Z,1.2.0,62e10bc07ec9873f,SAMPLE_PREDICTION_ERROR,prediction_error == 1 when model prediction != true target,model_prediction_versus_ground_truth,False,0,0,True,0,0.12,0.2,0.05,0.15,0.15,0.061282587702834124,,,,,,NORMAL,True,True,True,True,False,False,False,True,False,,,,
459328c6bb316bfbcd69aead,STATIC_SELECTIVE_RISK,Module_12_CrossDomain,sklearn_fixture,29993fa5a07111060fb234185b682f6717de16a4d2e1350bc14293597f01621f,rf_digits_parity_v1,digits_parity,digits_parity,42,,,,2026-09-02T20:45:00Z,1.2.0,62e10bc07ec9873f,SAMPLE_PREDICTION_ERROR,prediction_error == 1 when model prediction != true target,model_prediction_versus_ground_truth,False,1,1,True,0,0.12,0.2,0.05,0.15,0.15,0.061282587702834124,,,,,,NORMAL,True,True,True,True,False,False,False,True,False,,,,
438a8de985e4ba759b28dbef,STATIC_SELECTIVE_RISK,Module_12_CrossDomain,sklearn_fixture,29993fa5a07111060fb234185b682f6717de16a4d2e1350bc14293597f01621f,rf_digits_parity_v1,digits_parity,digits_parity,42,,,,2026-09-02T20:45:00Z,1.2.0,62e10bc07ec9873f,SAMPLE_PREDICTION_ERROR,prediction_error == 1 when model prediction != true target,model_prediction_versus_ground_truth,False,1,1,True,0,0.12,0.2,0.05,0.15,0.15,0.061282587702834124,,,,,,NORMAL,True,True,True,True,False,False,False,True,False,,,,
40f34a3a23367d11f0508fae,STATIC_SELECTIVE_RISK,Module_12_CrossDomain,sklearn_fixture,29993fa5a07111060fb234185b682f6717de16a4d2e1350bc14293597f01621f,rf_digits_parity_v1,digits_parity,digits_parity,42,,,,2026-09-02T20:45:00Z,1.2.0,62e10bc07ec9873f,SAMPLE_PREDICTION_ERROR,prediction_error == 1 when model prediction != true target,model_prediction_versus_ground_truth,False,0,0,True,0,0.12,0.2,0.05,0.15,0.15,0.061282587702834124,,,,,,NORMAL,True,True,True,True,False,False,False,True,False,,,,
1618773d98b3aa9b58584539,STATIC_SELECTIVE_RISK,Module_12_CrossDomain,sklearn_fixture,29993fa5a07111060fb234185b682f6717de16a4d2e1350bc14293597f01621f,rf_digits_parity_v1,digits_parity,digits_parity,42,,,,2026-09-02T20:45:00Z,1.2.0,62e10bc07ec9873f,SAMPLE_PREDICTION_ERROR,prediction_error == 1 when model prediction != true target,model_prediction_versus_ground_truth,False,0,0,True,0,0.12,0.2,0.05,0.15,0.15,0.061282587702834124,,,,,,NORMAL,True,True,True,True,False,False,False,True,False,,,,
fdfed1e0e9b3988a2c378224,STATIC_SELECTIVE_RISK,Module_12_CrossDomain,sklearn_fixture,29993fa5a07111060fb234185b682f6717de16a4d2e1350bc14293597f01621f,rf_digits_parity_v1,digits_parity,digits_parity,42,,,,2026-09-02T20:45:00Z,1.2.0,62e10bc07ec9873f,SAMPLE_PREDICTION_ERROR,prediction_error == 1 when model prediction != true target,model_prediction_versus_ground_truth,False,0,0,True,0,0.12,0.2,0.05,0.15,0.15,0.061282587702834124,,,,,,NORMAL,True,True,True,True,False,False,False,True,False,,,,
f9b090eec513805b4ebed5e7,STATIC_SELECTIVE_RISK,Module_12_CrossDomain,sklearn_fixture,29993fa5a07111060fb234185b682f6717de16a4d2e1350bc14293597f01621f,rf_digits_parity_v1,digits_parity,digits_parity,42,,,,2026-09-02T20:45:00Z,1.2.0,62e10bc07ec9873f,SAMPLE_PREDICTION_ERROR,prediction_error == 1 when model prediction != true target,model_prediction_versus_ground_truth,False,0,0,True,0,0.12,0.2,0.05,0.15,0.15,0.061282587702834124,,,,,,NORMAL,True,True,True,True,False,False,False,True,False,,,,
f32dd4e8e876933217308586,STATIC_SELECTIVE_RISK,Module_12_CrossDomain,sklearn_fixture,29993fa5a07111060fb234185b682f6717de16a4d2e1350bc14293597f01621f,rf_digits_parity_v1,digits_parity,digits_parity,42,,,,2026-09-02T20:45:00Z,1.2.0,62e10bc07ec9873f,SAMPLE_PREDICTION_ERROR,prediction_error == 1 when model prediction != true target,model_prediction_versus_ground_truth,False,0,0,True,0,0.12,0.2,0.05,0.15,0.15,0.061282587702834124,,,,,,NORMAL,True,True,True,True,False,False,False,True,False,,,,
8ac6bbb54133567d0a0104a6,STATIC_SELECTIVE_RISK,Module_12_CrossDomain,sklearn_fixture,29993fa5a07111060fb234185b682f6717de16a4d2e1350bc14293597f01621f,rf_digits_parity_v1,digits_parity,digits_parity,42,,,,2026-09-02T20:45:00Z,1.2.0,62e10bc07ec9873f,SAMPLE_PREDICTION_ERROR,prediction_error == 1 when model prediction != true target,model_prediction_versus_ground_truth,False,1,1,True,0,0.12,0.2,0.05,0.15,0.15,0.061282587702834124,,,,,,NORMAL,True,True,True,True,False,False,False,True,False,,,,
82860ff9ccedcac8e84f63a1,STATIC_SELECTIVE_RISK,Module_12_CrossDomain,sklearn_fixture,29993fa5a07111060fb234185b682f6717de16a4d2e1350bc14293597f01621f,rf_digits_parity_v1,digits_parity,digits_parity,42,,,,2026-09-02T20:45:00Z,1.2.0,62e10bc07ec9873f,SAMPLE_PREDICTION_ERROR,prediction_error == 1 when model prediction != true target,model_prediction_versus_ground_truth,False,1,1,True,0,0.12,0.2,0.05,0.15,0.15,0.061282587702834124,,,,,,NORMAL,True,True,True,True,False,False,False,True,False,,,,
f4300bc79c96498d381c2021,STATIC_SELECTIVE_RISK,Module_12_CrossDomain,sklearn_fixture,29993fa5a07111060fb234185b682f6717de16a4d2e1350bc14293597f01621f,rf_digits_parity_v1,digits_parity,digits_parity,42,,,,2026-09-02T20:45:00Z,1.2.0,62e10bc07ec9873f,SAMPLE_PREDICTION_ERROR,prediction_error == 1 when model prediction != true target,model_prediction_versus_ground_truth,False,1,1,True,0,0.12,0.2,0.05,0.15,0.15,0.061282587702834124,,,,,,NORMAL,True,True,True,True,False,False,False,True,False,,,,
edf76d88bfad5bb845bac547,STATIC_SELECTIVE_RISK,Module_12_CrossDomain,sklearn_fixture,29993fa5a07111060fb234185b682f6717de16a4d2e1350bc14293597f01621f,rf_digits_parity_v1,digits_parity,digits_parity,42,,,,2026-09-02T20:45:00Z,1.2.0,62e10bc07ec9873f,SAMPLE_PREDICTION_ERROR,prediction_error == 1 when model prediction != true target,model_prediction_versus_ground_truth,False,1,1,True,0,0.12,0.2,0.05,0.15,0.15,0.061282587702834124,,,,,,NORMAL,True,True,True,True,False,False,False,True,False,,,,
4c2ec80c569d3d8b7670b43c,STATIC_SELECTIVE_RISK,Module_12_CrossDomain,sklearn_fixture,29993fa5a07111060fb234185b682f6717de16a4d2e1350bc14293597f01621f,rf_digits_parity_v1,digits_parity,digits_parity,42,,,,2026-09-02T20:45:00Z,1.2.0,62e10bc07ec9873f,SAMPLE_PREDICTION_ERROR,prediction_error == 1 when model prediction != true target,model_prediction_versus_ground_truth,False,1,1,True,0,0.12,0.2,0.05,0.15,0.15,0.061282587702834124,,,,,,NORMAL,True,True,True,True,False,False,False,True,False,,,,
e25928d71542f284c8a50434,STATIC_SELECTIVE_RISK,Module_12_CrossDomain,sklearn_fixture,29993fa5a07111060fb234185b682f6717de16a4d2e1350bc14293597f01621f,rf_digits_parity_v1,digits_parity,digits_parity,42,,,,2026-09-02T20:45:00Z,1.2.0,62e10bc07ec9873f,SAMPLE_PREDICTION_ERROR,prediction_error == 1 when model prediction != true target,model_prediction_versus_ground_truth,False,0,0,True,0,0.12,0.2,0.05,0.15,0.15,0.061282587702834124,,,,,,NORMAL,True,True,True,True,False,False,False,True,False,,,,
cd7310b69e5ca7e9cf05eeed,STATIC_SELECTIVE_RISK,Module_12_CrossDomain,sklearn_fixture,29993fa5a07111060fb234185b682f6717de16a4d2e1350bc14293597f01621f,rf_digits_parity_v1,digits_parity,digits_parity,42,,,,2026-09-02T20:45:00Z,1.2.0,62e10bc07ec9873f,SAMPLE_PREDICTION_ERROR,prediction_error == 1 when model prediction != true target,model_prediction_versus_ground_truth,False,0,0,True,0,0.12,0.2,0.05,0.15,0.15,0.061282587702834124,,,,,,NORMAL,True,True,True,True,False,False,False,True,False,,,,
ac6a92bc7cb819b32c42907a,STATIC_SELECTIVE_RISK,Module_12_CrossDomain,sklearn_fixture,29993fa5a07111060fb234185b682f6717de16a4d2e1350bc14293597f01621f,rf_digits_parity_v1,digits_parity,digits_parity,42,,,,2026-09-02T20:45:00Z,1.2.0,62e10bc07ec9873f,SAMPLE_PREDICTION_ERROR,prediction_error == 1 when model prediction != true target,model_prediction_versus_ground_truth,False,0,0,True,0,0.12,0.2,0.05,0.15,0.15,0.061282587702834124,,,,,,NORMAL,True,True,True,True,False,False,False,True,False,,,,
e9092006893dd5e68d863dd8,STATIC_SELECTIVE_RISK,Module_12_CrossDomain,sklearn_fixture,29993fa5a07111060fb234185b682f6717de16a4d2e1350bc14293597f01621f,rf_digits_parity_v1,digits_parity,digits_parity,42,,,,2026-09-02T20:45:00Z,1.2.0,62e10bc07ec9873f,SAMPLE_PREDICTION_ERROR,prediction_error == 1 when model prediction != true target,model_prediction_versus_ground_truth,False,1,1,True,0,0.12,0.2,0.05,0.15,0.15,0.061282587702834124,,,,,,NORMAL,True,True,True,True,False,False,False,True,False,,,,
f63a4c7de2ad1e1e7570d816,STATIC_SELECTIVE_RISK,Module_12_CrossDomain,sklearn_fixture,29993fa5a07111060fb234185b682f6717de16a4d2e1350bc14293597f01621f,rf_digits_parity_v1,digits_parity,digits_parity,42,,,,2026-09-02T20:45:00Z,1.2.0,62e10bc07ec9873f,SAMPLE_PREDICTION_ERROR,prediction_error == 1 when model prediction != true target,model_prediction_versus_ground_truth,False,0,0,True,0,0.12,0.2,0.05,0.15,0.15,0.061282587702834124,,,,,,NORMAL,True,True,True,True,False,False,False,True,False,,,,
a30c777a8c41affe5013bd1c,STATIC_SELECTIVE_RISK,Module_12_CrossDomain,sklearn_fixture,29993fa5a07111060fb234185b682f6717de16a4d2e1350bc14293597f01621f,rf_digits_parity_v1,digits_parity,digits_parity,42,,,,2026-09-02T20:45:00Z,1.2.0,62e10bc07ec9873f,SAMPLE_PREDICTION_ERROR,prediction_error == 1 when model prediction != true target,model_prediction_versus_ground_truth,False,0,0,True,0,0.12,0.2,0.05,0.15,0.15,0.061282587702834124,,,,,,NORMAL,True,True,True,True,False,False,False,True,False,,,,
2ad1744ba25bc70d66569ea9,STATIC_SELECTIVE_RISK,Module_12_CrossDomain,sklearn_fixture,29993fa5a07111060fb234185b682f6717de16a4d2e1350bc14293597f01621f,rf_digits_parity_v1,digits_parity,digits_parity,42,,,,2026-09-02T20:45:00Z,1.2.0,62e10bc07ec9873f,SAMPLE_PREDICTION_ERROR,prediction_error == 1 when model prediction != true target,model_prediction_versus_ground_truth,False,1,1,True,0,0.12,0.2,0.05,0.15,0.15,0.061282587702834124,,,,,,NORMAL,True,True,True,True,False,False,False,True,False,,,,
93bbe10b545e1f15b3bce36f,STATIC_SELECTIVE_RISK,Module_12_CrossDomain,sklearn_fixture,29993fa5a07111060fb234185b682f6717de16a4d2e1350bc14293597f01621f,rf_digits_parity_v1,digits_parity,digits_parity,42,,,,2026-09-02T20:45:00Z,1.2.0,62e10bc07ec9873f,SAMPLE_PREDICTION_ERROR,prediction_error == 1 when model prediction != true target,model_prediction_versus_ground_truth,False,1,1,True,0,0.12,0.2,0.05,0.15,0.15,0.061282587702834124,,,,,,NORMAL,True,True,True,True,False,False,False,True,False,,,,
63825ceeb6b2c12591888d3b,STATIC_SELECTIVE_RISK,Module_12_CrossDomain,sklearn_fixture,29993fa5a07111060fb234185b682f6717de16a4d2e1350bc14293597f01621f,rf_digits_parity_v1,digits_parity,digits_parity,42,,,,2026-09-02T20:45:00Z,1.2.0,62e10bc07ec9873f,SAMPLE_PREDICTION_ERROR,prediction_error == 1 when model prediction != true target,model_prediction_versus_ground_truth,False,1,1,True,0,0.12,0.2,0.05,0.15,0.15,0.061282587702834124,,,,,,NORMAL,True,True,True,True,False,False,False,True,False,,,,
ffd34a542ea2bb29167b222b,STATIC_SELECTIVE_RISK,Module_12_CrossDomain,sklearn_fixture,29993fa5a07111060fb234185b682f6717de16a4d2e1350bc14293597f01621f,rf_digits_parity_v1,digits_parity,digits_parity,42,,,,2026-09-02T20:45:00Z,1.2.0,62e10bc07ec9873f,SAMPLE_PREDICTION_ERROR,prediction_error == 1 when model prediction != true target,model_prediction_versus_ground_truth,False,1,1,True,0,0.12,0.2,0.05,0.15,0.15,0.061282587702834124,,,,,,NORMAL,True,True,True,True,False,False,False,True,False,,,,
7ed034c8d601d19c71b5dca2,STATIC_SELECTIVE_RISK,Module_12_CrossDomain,sklearn_fixture,29993fa5a07111060fb234185b682f6717de16a4d2e1350bc14293597f01621f,rf_digits_parity_v1,digits_parity,digits_parity,42,,,,2026-09-02T20:45:00Z,1.2.0,62e10bc07ec9873f,SAMPLE_PREDICTION_ERROR,prediction_error == 1 when model prediction != true target,model_prediction_versus_ground_truth,False,1,1,True,0,0.12,0.2,0.05,0.15,0.15,0.061282587702834124,,,,,,NORMAL,True,True,True,True,False,False,False,True,False,,,,
c43d2b9facbc7c6c617cf524,STATIC_SELECTIVE_RISK,Module_12_CrossDomain,sklearn_fixture,29993fa5a07111060fb234185b682f6717de16a4d2e1350bc14293597f01621f,rf_digits_parity_v1,digits_parity,digits_parity,42,,,,2026-09-02T20:45:00Z,1.2.0,62e10bc07ec9873f,SAMPLE_PREDICTION_ERROR,prediction_error == 1 when model prediction != true target,model_prediction_versus_ground_truth,False,0,0,True,0,0.12,0.2,0.05,0.15,0.15,0.061282587702834124,,,,,,NORMAL,True,True,True,True,False,False,False,True,False,,,,
deeb9d7752d28bc0139a7ce2,STATIC_SELECTIVE_RISK,Module_12_CrossDomain,sklearn_fixture,29993fa5a07111060fb234185b682f6717de16a4d2e1350bc14293597f01621f,rf_digits_parity_v1,digits_parity,digits_parity,42,,,,2026-09-02T20:45:00Z,1.2.0,62e10bc07ec9873f,SAMPLE_PREDICTION_ERROR,prediction_error == 1 when model prediction != true target,model_prediction_versus_ground_truth,False,0,0,True,0,0.12,0.2,0.05,0.15,0.15,0.061282587702834124,,,,,,NORMAL,True,True,True,True,False,False,False,True,False,,,,
cd201b2c8461ee5e11e846c2,STATIC_SELECTIVE_RISK,Module_12_CrossDomain,sklearn_fixture,29993fa5a07111060fb234185b682f6717de16a4d2e1350bc14293597f01621f,rf_digits_parity_v1,digits_parity,digits_parity,42,,,,2026-09-02T20:45:00Z,1.2.0,62e10bc07ec9873f,SAMPLE_PREDICTION_ERROR,prediction_error == 1 when model prediction != true target,model_prediction_versus_ground_truth,False,1,1,True,0,0.12,0.2,0.05,0.15,0.15,0.061282587702834124,,,,,,NORMAL,True,True,True,True,False,False,False,True,False,,,,
1f1ef85eb93c55ca19791956,STATIC_SELECTIVE_RISK,Module_12_CrossDomain,sklearn_fixture,29993fa5a07111060fb234185b682f6717de16a4d2e1350bc14293597f01621f,rf_digits_parity_v1,digits_parity,digits_parity,42,,,,2026-09-02T20:45:00Z,1.2.0,62e10bc07ec9873f,SAMPLE_PREDICTION_ERROR,prediction_error == 1 when model prediction != true target,model_prediction_versus_ground_truth,False,0,0,True,0,0.12,0.2,0.05,0.15,0.15,0.061282587702834124,,,,,,NORMAL,True,True,True,True,False,False,False,True,False,,,,
80f40e04ff422a92832139ef,STATIC_SELECTIVE_RISK,Module_12_CrossDomain,sklearn_fixture,29993fa5a07111060fb234185b682f6717de16a4d2e1350bc14293597f01621f,rf_digits_parity_v1,digits_parity,digits_parity,42,,,,2026-09-02T20:45:00Z,1.2.0,62e10bc07ec9873f,SAMPLE_PREDICTION_ERROR,prediction_error == 1 when model prediction != true target,model_prediction_versus_ground_truth,False,1,1,True,0,0.12,0.2,0.05,0.15,0.15,0.061282587702834124,,,,,,NORMAL,True,True,True,True,False,False,False,True,False,,,,
369e726d58fd74885b757b4e,STATIC_SELECTIVE_RISK,Module_12_CrossDomain,sklearn_fixture,29993fa5a07111060fb234185b682f6717de16a4d2e1350bc14293597f01621f,rf_digits_parity_v1,digits_parity,digits_parity,42,,,,2026-09-02T20:45:00Z,1.2.0,62e10bc07ec9873f,SAMPLE_PREDICTION_ERROR,prediction_error == 1 when model prediction != true target,model_prediction_versus_ground_truth,False,0,0,True,0,0.12,0.2,0.05,0.15,0.15,0.061282587702834124,,,,,,NORMAL,True,True,True,True,False,False,False,True,False,,,,
59a06f7240a2111c5f066af3,STATIC_SELECTIVE_RISK,Module_12_CrossDomain,sklearn_fixture,29993fa5a07111060fb234185b682f6717de16a4d2e1350bc14293597f01621f,rf_digits_parity_v1,digits_parity,digits_parity,42,,,,2026-09-02T20:45:00Z,1.2.0,62e10bc07ec9873f,SAMPLE_PREDICTION_ERROR,prediction_error == 1 when model prediction != true target,model_prediction_versus_ground_truth,False,0,0,True,0,0.12,0.2,0.05,0.15,0.15,0.061282587702834124,,,,,,NORMAL,True,True,True,True,False,False,False,True,False,,,,
5275afbbc1da112c5c42f20e,STATIC_SELECTIVE_RISK,Module_12_CrossDomain,sklearn_fixture,29993fa5a07111060fb234185b682f6717de16a4d2e1350bc14293597f01621f,rf_digits_parity_v1,digits_parity,digits_parity,42,,,,2026-09-02T20:45:00Z,1.2.0,62e10bc07ec9873f,SAMPLE_PREDICTION_ERROR,prediction_error == 1 when model prediction != true target,model_prediction_versus_ground_truth,False,1,1,True,0,0.12,0.2,0.05,0.15,0.15,0.061282587702834124,,,,,,NORMAL,True,True,True,True,False,False,False,True,False,,,,
ba259b727a17e3078dac9f8e,STATIC_SELECTIVE_RISK,Module_12_CrossDomain,sklearn_fixture,29993fa5a07111060fb234185b682f6717de16a4d2e1350bc14293597f01621f,rf_digits_parity_v1,digits_parity,digits_parity,42,,,,2026-09-02T20:45:00Z,1.2.0,62e10bc07ec9873f,SAMPLE_PREDICTION_ERROR,prediction_error == 1 when model prediction != true target,model_prediction_versus_ground_truth,False,1,1,True,0,0.12,0.2,0.05,0.15,0.15,0.061282587702834124,,,,,,NORMAL,True,True,True,True,False,False,False,True,False,,,,
d2dfc0a458d96cc681005cd8,STATIC_SELECTIVE_RISK,Module_12_CrossDomain,sklearn_fixture,29993fa5a07111060fb234185b682f6717de16a4d2e1350bc14293597f01621f,rf_digits_parity_v1,digits_parity,digits_parity,42,,,,2026-09-02T20:45:00Z,1.2.0,62e10bc07ec9873f,SAMPLE_PREDICTION_ERROR,prediction_error == 1 when model prediction != true target,model_prediction_versus_ground_truth,False,0,0,True,0,0.12,0.2,0.05,0.15,0.15,0.061282587702834124,,,,,,NORMAL,True,True,True,True,False,False,False,True,False,,,,
3507635f818d07ee59ffe9ec,STATIC_SELECTIVE_RISK,Module_12_CrossDomain,sklearn_fixture,29993fa5a07111060fb234185b682f6717de16a4d2e1350bc14293597f01621f,rf_digits_parity_v1,digits_parity,digits_parity,42,,,,2026-09-02T20:45:00Z,1.2.0,62e10bc07ec9873f,SAMPLE_PREDICTION_ERROR,prediction_error == 1 when model prediction != true target,model_prediction_versus_ground_truth,False,0,0,True,0,0.12,0.2,0.05,0.15,0.15,0.061282587702834124,,,,,,NORMAL,True,True,True,True,False,False,False,True,False,,,,
fae1987095fdf31503dc1377,STATIC_SELECTIVE_RISK,Module_12_CrossDomain,sklearn_fixture,29993fa5a07111060fb234185b682f6717de16a4d2e1350bc14293597f01621f,rf_digits_parity_v1,digits_parity,digits_parity,42,,,,2026-09-02T20:45:00Z,1.2.0,62e10bc07ec9873f,SAMPLE_PREDICTION_ERROR,prediction_error == 1 when model prediction != true target,model_prediction_versus_ground_truth,False,0,0,True,0,0.12,0.2,0.05,0.15,0.15,0.061282587702834124,,,,,,NORMAL,True,True,True,True,False,False,False,True,False,,,,
591675d097474a087559b7e0,STATIC_SELECTIVE_RISK,Module_12_CrossDomain,sklearn_fixture,29993fa5a07111060fb234185b682f6717de16a4d2e1350bc14293597f01621f,rf_digits_parity_v1,digits_parity,digits_parity,42,,,,2026-09-02T20:45:00Z,1.2.0,62e10bc07ec9873f,SAMPLE_PREDICTION_ERROR,prediction_error == 1 when model prediction != true target,model_prediction_versus_ground_truth,False,0,0,True,0,0.12,0.2,0.05,0.15,0.15,0.061282587702834124,,,,,,NORMAL,True,True,True,True,False,False,False,True,False,,,,
2bdd4224a55438aa28524ac6,STATIC_SELECTIVE_RISK,Module_12_CrossDomain,sklearn_fixture,29993fa5a07111060fb234185b682f6717de16a4d2e1350bc14293597f01621f,rf_digits_parity_v1,digits_parity,digits_parity,42,,,,2026-09-02T20:45:00Z,1.2.0,62e10bc07ec9873f,SAMPLE_PREDICTION_ERROR,prediction_error == 1 when model prediction != true target,model_prediction_versus_ground_truth,False,0,0,True,0,0.12,0.2,0.05,0.15,0.15,0.061282587702834124,,,,,,NORMAL,True,True,True,True,False,False,False,True,False,,,,
1f508bb794789f1465e67e38,STATIC_SELECTIVE_RISK,Module_12_CrossDomain,sklearn_fixture,29993fa5a07111060fb234185b682f6717de16a4d2e1350bc14293597f01621f,rf_digits_parity_v1,digits_parity,digits_parity,42,,,,2026-09-02T20:45:00Z,1.2.0,62e10bc07ec9873f,SAMPLE_PREDICTION_ERROR,prediction_error == 1 when model prediction != true target,model_prediction_versus_ground_truth,False,0,0,True,0,0.12,0.2,0.05,0.15,0.15,0.061282587702834124,,,,,,NORMAL,True,True,True,True,False,False,False,True,False,,,,
0e7f786e9fda58db0f96e5de,STATIC_SELECTIVE_RISK,Module_12_CrossDomain,sklearn_fixture,29993fa5a07111060fb234185b682f6717de16a4d2e1350bc14293597f01621f,rf_digits_parity_v1,digits_parity,digits_parity,42,,,,2026-09-02T20:45:00Z,1.2.0,62e10bc07ec9873f,SAMPLE_PREDICTION_ERROR,prediction_error == 1 when model prediction != true target,model_prediction_versus_ground_truth,False,1,1,True,0,0.12,0.2,0.05,0.15,0.15,0.061282587702834124,,,,,,NORMAL,True,True,True,True,False,False,False,True,False,,,,
139bda4cf5e7188518baf9a1,STATIC_SELECTIVE_RISK,Module_12_CrossDomain,sklearn_fixture,29993fa5a07111060fb234185b682f6717de16a4d2e1350bc14293597f01621f,rf_digits_parity_v1,digits_parity,digits_parity,42,,,,2026-09-02T20:45:00Z,1.2.0,62e10bc07ec9873f,SAMPLE_PREDICTION_ERROR,prediction_error == 1 when model prediction != true target,model_prediction_versus_ground_truth,False,1,1,True,0,0.12,0.2,0.05,0.15,0.15,0.061282587702834124,,,,,,NORMAL,True,True,True,True,False,False,False,True,False,,,,
a7936894ad74bc59b4d83495,STATIC_SELECTIVE_RISK,Module_12_CrossDomain,sklearn_fixture,29993fa5a07111060fb234185b682f6717de16a4d2e1350bc14293597f01621f,rf_digits_parity_v1,digits_parity,digits_parity,42,,,,2026-09-02T20:45:00Z,1.2.0,62e10bc07ec9873f,SAMPLE_PREDICTION_ERROR,prediction_error == 1 when model prediction != true target,model_prediction_versus_ground_truth,False,1,1,True,0,0.12,0.2,0.05,0.15,0.15,0.061282587702834124,,,,,,NORMAL,True,True,True,True,False,False,False,True,False,,,,
6899440ac1aae34405bf382e,STATIC_SELECTIVE_RISK,Module_12_CrossDomain,sklearn_fixture,29993fa5a07111060fb234185b682f6717de16a4d2e1350bc14293597f01621f,rf_digits_parity_v1,digits_parity,digits_parity,42,,,,2026-09-02T20:45:00Z,1.2.0,62e10bc07ec9873f,SAMPLE_PREDICTION_ERROR,prediction_error == 1 when model prediction != true target,model_prediction_versus_ground_truth,False,0,0,True,0,0.12,0.2,0.05,0.15,0.15,0.061282587702834124,,,,,,NORMAL,True,True,True,True,False,False,False,True,False,,,,
4eccc9ddf2f005e968e26ed8,STATIC_SELECTIVE_RISK,Module_12_CrossDomain,sklearn_fixture,29993fa5a07111060fb234185b682f6717de16a4d2e1350bc14293597f01621f,rf_digits_parity_v1,digits_parity,digits_parity,42,,,,2026-09-02T20:45:00Z,1.2.0,62e10bc07ec9873f,SAMPLE_PREDICTION_ERROR,prediction_error == 1 when model prediction != true target,model_prediction_versus_ground_truth,False,0,0,True,0,0.12,0.2,0.05,0.15,0.15,0.061282587702834124,,,,,,NORMAL,True,True,True,True,False,False,False,True,False,,,,
29c437d1a9894ee29618d3ee,STATIC_SELECTIVE_RISK,Module_12_CrossDomain,sklearn_fixture,29993fa5a07111060fb234185b682f6717de16a4d2e1350bc14293597f01621f,rf_digits_parity_v1,digits_parity,digits_parity,42,,,,2026-09-02T20:45:00Z,1.2.0,62e10bc07ec9873f,SAMPLE_PREDICTION_ERROR,prediction_error == 1 when model prediction != true target,model_prediction_versus_ground_truth,False,1,1,True,0,0.12,0.2,0.05,0.15,0.15,0.061282587702834124,,,,,,NORMAL,True,True,True,True,False,False,False,True,False,,,,
19fcf403846908ee5f0a37de,STATIC_SELECTIVE_RISK,Module_12_CrossDomain,sklearn_fixture,29993fa5a07111060fb234185b682f6717de16a4d2e1350bc14293597f01621f,rf_digits_parity_v1,digits_parity,digits_parity,42,,,,2026-09-02T20:45:00Z,1.2.0,62e10bc07ec9873f,SAMPLE_PREDICTION_ERROR,prediction_error == 1 when model prediction != true target,model_prediction_versus_ground_truth,False,1,1,True,0,0.12,0.2,0.05,0.15,0.15,0.061282587702834124,,,,,,NORMAL,True,True,True,True,False,False,False,True,False,,,,
35855d8e7977275f51ba73b3,STATIC_SELECTIVE_RISK,Module_12_CrossDomain,sklearn_fixture,29993fa5a07111060fb234185b682f6717de16a4d2e1350bc14293597f01621f,rf_digits_parity_v1,digits_parity,digits_parity,42,,,,2026-09-02T20:45:00Z,1.2.0,62e10bc07ec9873f,SAMPLE_PREDICTION_ERROR,prediction_error == 1 when model prediction != true target,model_prediction_versus_ground_truth,False,0,0,True,0,0.12,0.2,0.05,0.15,0.15,0.061282587702834124,,,,,,NORMAL,True,True,True,True,False,False,False,True,False,,,,
13005c89035e2333f998632c,STATIC_SELECTIVE_RISK,Module_12_CrossDomain,sklearn_fixture,29993fa5a07111060fb234185b682f6717de16a4d2e1350bc14293597f01621f,rf_digits_parity_v1,digits_parity,digits_parity,42,,,,2026-09-02T20:45:00Z,1.2.0,62e10bc07ec9873f,SAMPLE_PREDICTION_ERROR,prediction_error == 1 when model prediction != true target,model_prediction_versus_ground_truth,False,0,0,True,0,0.12,0.2,0.05,0.15,0.15,0.061282587702834124,,,,,,NORMAL,True,True,True,True,False,False,False,True,False,,,,
6b7c9b5b331c17ab7860d910,STATIC_SELECTIVE_RISK,Module_12_CrossDomain,sklearn_fixture,29993fa5a07111060fb234185b682f6717de16a4d2e1350bc14293597f01621f,rf_digits_parity_v1,digits_parity,digits_parity,42,,,,2026-09-02T20:45:00Z,1.2.0,62e10bc07ec9873f,SAMPLE_PREDICTION_ERROR,prediction_error == 1 when model prediction != true target,model_prediction_versus_ground_truth,False,1,1,True,0,0.12,0.2,0.05,0.15,0.15,0.061282587702834124,,,,,,NORMAL,True,True,True,True,False,False,False,True,False,,,,
d3c7bc337ce961d4b277fe28,STATIC_SELECTIVE_RISK,Module_12_CrossDomain,sklearn_fixture,29993fa5a07111060fb234185b682f6717de16a4d2e1350bc14293597f01621f,rf_digits_parity_v1,digits_parity,digits_parity,42,,,,2026-09-02T20:45:00Z,1.2.0,62e10bc07ec9873f,SAMPLE_PREDICTION_ERROR,prediction_error == 1 when model prediction != true target,model_prediction_versus_ground_truth,False,0,0,True,0,0.12,0.2,0.05,0.15,0.15,0.061282587702834124,,,,,,NORMAL,True,True,True,True,False,False,False,True,False,,,,
3d73da9c8c397c953bf50d2d,STATIC_SELECTIVE_RISK,Module_12_CrossDomain,sklearn_fixture,29993fa5a07111060fb234185b682f6717de16a4d2e1350bc14293597f01621f,rf_digits_parity_v1,digits_parity,digits_parity,42,,,,2026-09-02T20:45:00Z,1.2.0,62e10bc07ec9873f,SAMPLE_PREDICTION_ERROR,prediction_error == 1 when model prediction != true target,model_prediction_versus_ground_truth,False,1,1,True,0,0.12,0.2,0.05,0.15,0.15,0.061282587702834124,,,,,,NORMAL,True,True,True,True,False,False,False,True,False,,,,
cbee8fed4ef61522b5357fd8,STATIC_SELECTIVE_RISK,Module_12_CrossDomain,sklearn_fixture,29993fa5a07111060fb234185b682f6717de16a4d2e1350bc14293597f01621f,rf_digits_parity_v1,digits_parity,digits_parity,42,,,,2026-09-02T20:45:00Z,1.2.0,62e10bc07ec9873f,SAMPLE_PREDICTION_ERROR,prediction_error == 1 when model prediction != true target,model_prediction_versus_ground_truth,False,0,0,True,0,0.12,0.2,0.05,0.15,0.15,0.061282587702834124,,,,,,NORMAL,True,True,True,True,False,False,False,True,False,,,,
7fdcbc2be6b4d91e4a91c837,STATIC_SELECTIVE_RISK,Module_12_CrossDomain,sklearn_fixture,29993fa5a07111060fb234185b682f6717de16a4d2e1350bc14293597f01621f,rf_digits_parity_v1,digits_parity,digits_parity,42,,,,2026-09-02T20:45:00Z,1.2.0,62e10bc07ec9873f,SAMPLE_PREDICTION_ERROR,prediction_error == 1 when model prediction != true target,model_prediction_versus_ground_truth,False,0,0,True,0,0.12,0.2,0.05,0.15,0.15,0.061282587702834124,,,,,,NORMAL,True,True,True,True,False,False,False,True,False,,,,
60273620ad073c0c078a0271,STATIC_SELECTIVE_RISK,Module_12_CrossDomain,sklearn_fixture,29993fa5a07111060fb234185b682f6717de16a4d2e1350bc14293597f01621f,rf_digits_parity_v1,digits_parity,digits_parity,42,,,,2026-09-02T20:45:00Z,1.2.0,62e10bc07ec9873f,SAMPLE_PREDICTION_ERROR,prediction_error == 1 when model prediction != true target,model_prediction_versus_ground_truth,False,0,0,True,0,0.12,0.2,0.05,0.15,0.15,0.061282587702834124,,,,,,NORMAL,True,True,True,True,False,False,False,True,False,,,,
37a127fbc4957d735070466d,STATIC_SELECTIVE_RISK,Module_12_CrossDomain,sklearn_fixture,29993fa5a07111060fb234185b682f6717de16a4d2e1350bc14293597f01621f,rf_digits_parity_v1,digits_parity,digits_parity,42,,,,2026-09-02T20:45:00Z,1.2.0,62e10bc07ec9873f,SAMPLE_PREDICTION_ERROR,prediction_error == 1 when model prediction != true target,model_prediction_versus_ground_truth,False,1,1,True,0,0.12,0.2,0.05,0.15,0.15,0.061282587702834124,,,,,,NORMAL,True,True,True,True,False,False,False,True,False,,,,
c35dcb065797fe5605a64f5a,STATIC_SELECTIVE_RISK,Module_12_CrossDomain,sklearn_fixture,29993fa5a07111060fb234185b682f6717de16a4d2e1350bc14293597f01621f,rf_digits_parity_v1,digits_parity,digits_parity,42,,,,2026-09-02T20:45:00Z,1.2.0,62e10bc07ec9873f,SAMPLE_PREDICTION_ERROR,prediction_error == 1 when model prediction != true target,model_prediction_versus_ground_truth,False,1,1,True,0,0.12,0.2,0.05,0.15,0.15,0.061282587702834124,,,,,,NORMAL,True,True,True,True,False,False,False,True,False,,,,
e57cb685ee2724f62a89cab8,STATIC_SELECTIVE_RISK,Module_12_CrossDomain,sklearn_fixture,29993fa5a07111060fb234185b682f6717de16a4d2e1350bc14293597f01621f,rf_digits_parity_v1,digits_parity,digits_parity,42,,,,2026-09-02T20:45:00Z,1.2.0,62e10bc07ec9873f,SAMPLE_PREDICTION_ERROR,prediction_error == 1 when model prediction != true target,model_prediction_versus_ground_truth,False,0,0,True,0,0.12,0.2,0.05,0.15,0.15,0.061282587702834124,,,,,,NORMAL,True,True,True,True,False,False,False,True,False,,,,
03486f3fc4bada6c25271c38,STATIC_SELECTIVE_RISK,Module_12_CrossDomain,sklearn_fixture,29993fa5a07111060fb234185b682f6717de16a4d2e1350bc14293597f01621f,rf_digits_parity_v1,digits_parity,digits_parity,42,,,,2026-09-02T20:45:00Z,1.2.0,62e10bc07ec9873f,SAMPLE_PREDICTION_ERROR,prediction_error == 1 when model prediction != true target,model_prediction_versus_ground_truth,False,1,1,True,0,0.12,0.2,0.05,0.15,0.15,0.061282587702834124,,,,,,NORMAL,True,True,True,True,False,False,False,True,False,,,,
2e17f50d3906248813a105cf,STATIC_SELECTIVE_RISK,Module_12_CrossDomain,sklearn_fixture,29993fa5a07111060fb234185b682f6717de16a4d2e1350bc14293597f01621f,rf_digits_parity_v1,digits_parity,digits_parity,42,,,,2026-09-02T20:45:00Z,1.2.0,62e10bc07ec9873f,SAMPLE_PREDICTION_ERROR,prediction_error == 1 when model prediction != true target,model_prediction_versus_ground_truth,False,1,1,True,0,0.12,0.2,0.05,0.15,0.15,0.061282587702834124,,,,,,NORMAL,True,True,True,True,False,False,False,True,False,,,,
88c609559ec225f63de9c107,STATIC_SELECTIVE_RISK,Module_12_CrossDomain,sklearn_fixture,29993fa5a07111060fb234185b682f6717de16a4d2e1350bc14293597f01621f,rf_digits_parity_v1,digits_parity,digits_parity,42,,,,2026-09-02T20:45:00Z,1.2.0,62e10bc07ec9873f,SAMPLE_PREDICTION_ERROR,prediction_error == 1 when model prediction != true target,model_prediction_versus_ground_truth,False,1,1,True,0,0.12,0.2,0.05,0.15,0.15,0.061282587702834124,,,,,,NORMAL,True,True,True,True,False,False,False,True,False,,,,
dd2102564efb7debc62fd5dc,STATIC_SELECTIVE_RISK,Module_12_CrossDomain,sklearn_fixture,29993fa5a07111060fb234185b682f6717de16a4d2e1350bc14293597f01621f,rf_digits_parity_v1,digits_parity,digits_parity,42,,,,2026-09-02T20:45:00Z,1.2.0,62e10bc07ec9873f,SAMPLE_PREDICTION_ERROR,prediction_error == 1 when model prediction != true target,model_prediction_versus_ground_truth,False,1,1,True,0,0.12,0.2,0.05,0.15,0.15,0.061282587702834124,,,,,,NORMAL,True,True,True,True,False,False,False,True,False,,,,
c4e88e8c23b074cf1f65f662,STATIC_SELECTIVE_RISK,Module_12_CrossDomain,sklearn_fixture,29993fa5a07111060fb234185b682f6717de16a4d2e1350bc14293597f01621f,rf_digits_parity_v1,digits_parity,digits_parity,42,,,,2026-09-02T20:45:00Z,1.2.0,62e10bc07ec9873f,SAMPLE_PREDICTION_ERROR,prediction_error == 1 when model prediction != true target,model_prediction_versus_ground_truth,False,0,0,True,0,0.12,0.2,0.05,0.15,0.15,0.061282587702834124,,,,,,NORMAL,True,True,True,True,False,False,False,True,False,,,,
906fa12d90eb51c4fcf02bcc,STATIC_SELECTIVE_RISK,Module_12_CrossDomain,sklearn_fixture,29993fa5a07111060fb234185b682f6717de16a4d2e1350bc14293597f01621f,rf_digits_parity_v1,digits_parity,digits_parity,42,,,,2026-09-02T20:45:00Z,1.2.0,62e10bc07ec9873f,SAMPLE_PREDICTION_ERROR,prediction_error == 1 when model prediction != true target,model_prediction_versus_ground_truth,False,0,0,True,0,0.12,0.2,0.05,0.15,0.15,0.061282587702834124,,,,,,NORMAL,True,True,True,True,False,False,False,True,False,,,,
1419254121094464a23fab1a,STATIC_SELECTIVE_RISK,Module_12_CrossDomain,sklearn_fixture,29993fa5a07111060fb234185b682f6717de16a4d2e1350bc14293597f01621f,rf_digits_parity_v1,digits_parity,digits_parity,42,,,,2026-09-02T20:45:00Z,1.2.0,62e10bc07ec9873f,SAMPLE_PREDICTION_ERROR,prediction_error == 1 when model prediction != true target,model_prediction_versus_ground_truth,False,0,0,True,0,0.12,0.2,0.05,0.15,0.15,0.061282587702834124,,,,,,NORMAL,True,True,True,True,False,False,False,True,False,,,,
ed5ac48e2f8c1ab8f1878bc2,STATIC_SELECTIVE_RISK,Module_12_CrossDomain,sklearn_fixture,29993fa5a07111060fb234185b682f6717de16a4d2e1350bc14293597f01621f,rf_digits_parity_v1,digits_parity,digits_parity,42,,,,2026-09-02T20:45:00Z,1.2.0,62e10bc07ec9873f,SAMPLE_PREDICTION_ERROR,prediction_error == 1 when model prediction != true target,model_prediction_versus_ground_truth,False,0,0,True,0,0.12,0.2,0.05,0.15,0.15,0.061282587702834124,,,,,,NORMAL,True,True,True,True,False,False,False,True,False,,,,
ea733ba84f511a0d016cd4fd,STATIC_SELECTIVE_RISK,Module_12_CrossDomain,sklearn_fixture,29993fa5a07111060fb234185b682f6717de16a4d2e1350bc14293597f01621f,rf_digits_parity_v1,digits_parity,digits_parity,42,,,,2026-09-02T20:45:00Z,1.2.0,62e10bc07ec9873f,SAMPLE_PREDICTION_ERROR,prediction_error == 1 when model prediction != true target,model_prediction_versus_ground_truth,False,1,1,True,0,0.12,0.2,0.05,0.15,0.15,0.061282587702834124,,,,,,NORMAL,True,True,True,True,False,False,False,True,False,,,,
1f4b6f8b5d6e086127751756,STATIC_SELECTIVE_RISK,Module_12_CrossDomain,sklearn_fixture,29993fa5a07111060fb234185b682f6717de16a4d2e1350bc14293597f01621f,rf_digits_parity_v1,digits_parity,digits_parity,42,,,,2026-09-02T20:45:00Z,1.2.0,62e10bc07ec9873f,SAMPLE_PREDICTION_ERROR,prediction_error == 1 when model prediction != true target,model_prediction_versus_ground_truth,False,1,1,True,0,0.12,0.2,0.05,0.15,0.15,0.061282587702834124,,,,,,NORMAL,True,True,True,True,False,False,False,True,False,,,,
4f39c2869654260e179c1f29,STATIC_SELECTIVE_RISK,Module_12_CrossDomain,sklearn_fixture,29993fa5a07111060fb234185b682f6717de16a4d2e1350bc14293597f01621f,rf_digits_parity_v1,digits_parity,digits_parity,42,,,,2026-09-02T20:45:00Z,1.2.0,62e10bc07ec9873f,SAMPLE_PREDICTION_ERROR,prediction_error == 1 when model prediction != true target,model_prediction_versus_ground_truth,False,1,1,True,0,0.12,0.2,0.05,0.15,0.15,0.061282587702834124,,,,,,NORMAL,True,True,True,True,False,False,False,True,False,,,,
c2273c3db0d5f24f0c2d86b8,STATIC_SELECTIVE_RISK,Module_12_CrossDomain,sklearn_fixture,29993fa5a07111060fb234185b682f6717de16a4d2e1350bc14293597f01621f,rf_digits_parity_v1,digits_parity,digits_parity,42,,,,2026-09-02T20:45:00Z,1.2.0,62e10bc07ec9873f,SAMPLE_PREDICTION_ERROR,prediction_error == 1 when model prediction != true target,model_prediction_versus_ground_truth,False,1,1,True,0,0.12,0.2,0.05,0.15,0.15,0.061282587702834124,,,,,,NORMAL,True,True,True,True,False,False,False,True,False,,,,
866972416139f1556714e04c,STATIC_SELECTIVE_RISK,Module_12_CrossDomain,sklearn_fixture,29993fa5a07111060fb234185b682f6717de16a4d2e1350bc14293597f01621f,rf_digits_parity_v1,digits_parity,digits_parity,42,,,,2026-09-02T20:45:00Z,1.2.0,62e10bc07ec9873f,SAMPLE_PREDICTION_ERROR,prediction_error == 1 when model prediction != true target,model_prediction_versus_ground_truth,False,0,0,True,0,0.12,0.2,0.05,0.15,0.15,0.061282587702834124,,,,,,NORMAL,True,True,True,True,False,False,False,True,False,,,,
b4e16eee3ec3bdab48537c4a,STATIC_SELECTIVE_RISK,Module_12_CrossDomain,sklearn_fixture,29993fa5a07111060fb234185b682f6717de16a4d2e1350bc14293597f01621f,rf_digits_parity_v1,digits_parity,digits_parity,42,,,,2026-09-02T20:45:00Z,1.2.0,62e10bc07ec9873f,SAMPLE_PREDICTION_ERROR,prediction_error == 1 when model prediction != true target,model_prediction_versus_ground_truth,False,1,1,True,0,0.12,0.2,0.05,0.15,0.15,0.061282587702834124,,,,,,NORMAL,True,True,True,True,False,False,False,True,False,,,,
de0fa241b9d4f47d2898808b,STATIC_SELECTIVE_RISK,Module_12_CrossDomain,sklearn_fixture,29993fa5a07111060fb234185b682f6717de16a4d2e1350bc14293597f01621f,rf_digits_parity_v1,digits_parity,digits_parity,42,,,,2026-09-02T20:45:00Z,1.2.0,62e10bc07ec9873f,SAMPLE_PREDICTION_ERROR,prediction_error == 1 when model prediction != true target,model_prediction_versus_ground_truth,False,1,1,True,0,0.12,0.2,0.05,0.15,0.15,0.061282587702834124,,,,,,NORMAL,True,True,True,True,False,False,False,True,False,,,,
e9991f7f9abc7aa723e98de2,STATIC_SELECTIVE_RISK,Module_12_CrossDomain,sklearn_fixture,29993fa5a07111060fb234185b682f6717de16a4d2e1350bc14293597f01621f,rf_digits_parity_v1,digits_parity,digits_parity,42,,,,2026-09-02T20:45:00Z,1.2.0,62e10bc07ec9873f,SAMPLE_PREDICTION_ERROR,prediction_error == 1 when model prediction != true target,model_prediction_versus_ground_truth,False,0,0,True,0,0.12,0.2,0.05,0.15,0.15,0.061282587702834124,,,,,,NORMAL,True,True,True,True,False,False,False,True,False,,,,
7e6c4670abb12a9dd8b73863,STATIC_SELECTIVE_RISK,Module_12_CrossDomain,sklearn_fixture,29993fa5a07111060fb234185b682f6717de16a4d2e1350bc14293597f01621f,rf_digits_parity_v1,digits_parity,digits_parity,42,,,,2026-09-02T20:45:00Z,1.2.0,62e10bc07ec9873f,SAMPLE_PREDICTION_ERROR,prediction_error == 1 when model prediction != true target,model_prediction_versus_ground_truth,False,1,1,True,0,0.12,0.2,0.05,0.15,0.15,0.061282587702834124,,,,,,NORMAL,True,True,True,True,False,False,False,True,False,,,,
